method,grouping,village,speaker,pair,first_vowel,second_vowel,geo_x,geo_y,anchor_pair_length,first_endpoint,second_endpoint,midpoint,observed_separation,separation_change
pca,speaker,ankarsrum,ym_1,uː->oː,uː,oː,149.0,456.0,7.573081840041759,3.3700005055443705,-9.3303254791811,-2.9801624868183643,-5.127244144683711,-12.70032598472547
pca,speaker,ankarsrum,ym_1,oː->ɑː,oː,ɑː,149.0,456.0,27.262853415824775,-5.028915474740253,-0.011712036672468305,-2.5203137557063604,32.28005685389257,5.017203438067792
pca,speaker,ankarsrum,ym_1,ɑː->æː,ɑː,æː,149.0,456.0,47.12769533944659,9.477062702978538,20.5020652885959,14.989563995787222,58.152697925063954,11.025002585617365
pca,speaker,ankarsrum,ym_1,æː->eː,æː,eː,149.0,456.0,24.183879714413216,-5.98714235732977,-3.0451392216515907,-4.516140789490682,27.125882850091394,2.9420031356781777
pca,speaker,ankarsrum,ym_1,yː->ʉ̟ː,yː,ʉ̟ː,149.0,456.0,10.203868683987409,-22.359766322898523,-18.157815366715212,-20.258790844806867,14.405819640170721,4.201950956183312
pca,speaker,ankarsrum,ym_1,ʉ̟ː->øː,ʉ̟ː,øː,149.0,456.0,23.65566518158654,1.699282939282507,7.297526089802441,4.498404514542475,29.253908332106477,5.598243150519938
pca,speaker,ankarsrum,ym_2,uː->oː,uː,oː,149.0,456.0,7.573081840041759,14.535757781986288,-0.6975795198203232,6.919089131082982,-7.6602554617648515,-15.23333730180661
pca,speaker,ankarsrum,ym_2,oː->ɑː,oː,ɑː,149.0,456.0,27.262853415824775,-5.017469187468474,1.9071302751501724,-1.55516945615915,34.18745287844342,6.924599462618648
pca,speaker,ankarsrum,ym_2,ɑː->æː,ɑː,æː,149.0,456.0,47.12769533944659,-5.538641617213372,5.598017512471314,0.02968794762897079,58.26435446913128,11.136659129684688
pca,speaker,ankarsrum,ym_2,æː->eː,æː,eː,149.0,456.0,24.183879714413216,-4.563824925068149,-2.516139723217401,-3.5399823241427755,26.231564916263963,2.047685201850747
pca,speaker,ankarsrum,ym_2,yː->ʉ̟ː,yː,ʉ̟ː,149.0,456.0,10.203868683987409,-8.488074711214542,-4.932404640173403,-6.710239675693971,13.759538755028546,3.5556700710411366
pca,speaker,ankarsrum,ym_2,ʉ̟ː->øː,ʉ̟ː,øː,149.0,456.0,23.65566518158654,8.159966008322481,14.989382880247573,11.574674444285028,30.485082053511633,6.829416871925094
pca,speaker,ankarsrum,ym_3,uː->oː,uː,oː,149.0,456.0,7.573081840041759,11.5599449049681,6.247376865801182,8.90366088538464,2.26051380087484,-5.312568039166919
pca,speaker,ankarsrum,ym_3,oː->ɑː,oː,ɑː,149.0,456.0,27.262853415824775,10.361635790274985,14.480858014122562,12.421246902198773,31.382075639672355,4.119222223847579
pca,speaker,ankarsrum,ym_3,ɑː->æː,ɑː,æː,149.0,456.0,47.12769533944659,15.292740664891376,10.033890486253927,12.663315575572652,41.86884516080914,-5.258850178637452
pca,speaker,ankarsrum,ym_3,æː->eː,æː,eː,149.0,456.0,24.183879714413216,-13.819264207465165,-13.574872618476766,-13.697068412970966,24.428271303401612,0.24439158898839608
pca,speaker,ankarsrum,ym_3,yː->ʉ̟ː,yː,ʉ̟ː,149.0,456.0,10.203868683987409,-9.795212197211429,-13.600167401059695,-11.697689799135562,6.398913480139145,-3.804955203848264
pca,speaker,ankarsrum,ym_3,ʉ̟ː->øː,ʉ̟ː,øː,149.0,456.0,23.65566518158654,25.521075033683623,20.495616803271453,23.008345918477538,18.630206951174372,-5.025458230412166
pca,speaker,anundsjo,ym_1,uː->oː,uː,oː,182.0,230.0,7.573081840041759,-5.994451036505331,-12.045669016585306,-9.020060026545318,1.521863859961783,-6.051217980079976
pca,speaker,anundsjo,ym_1,oː->ɑː,oː,ɑː,182.0,230.0,27.262853415824775,2.4129309643603625,-4.93566549002324,-1.26136726283144,19.914256961441176,-7.3485964543836
pca,speaker,anundsjo,ym_1,ɑː->æː,ɑː,æː,182.0,230.0,47.12769533944659,1.9207075498245858,14.290331047494726,8.105519298659656,59.49731883711673,12.36962349767014
pca,speaker,anundsjo,ym_1,æː->eː,æː,eː,182.0,230.0,24.183879714413216,-1.8294763043171067,-15.011487198923481,-8.420481751620295,11.001868819806841,-13.182010894606375
pca,speaker,anundsjo,ym_1,yː->ʉ̟ː,yː,ʉ̟ː,182.0,230.0,10.203868683987409,-7.726833795651114,-10.43550095609307,-9.081167375872095,7.495201523545453,-2.708667160441956
pca,speaker,anundsjo,ym_1,ʉ̟ː->øː,ʉ̟ː,øː,182.0,230.0,23.65566518158654,4.699769124594433,-1.861876128559844,1.4189464980172952,17.094019928432264,-6.561645253154275
pca,speaker,anundsjo,ym_2,uː->oː,uː,oː,182.0,230.0,7.573081840041759,-6.482729087258157,2.6177216769631753,-1.9325037051474907,16.67353260426309,9.100450764221332
pca,speaker,anundsjo,ym_2,oː->ɑː,oː,ɑː,182.0,230.0,27.262853415824775,6.264205040367607,-1.461028567298902,2.401588236534352,19.53761980815827,-7.725233607666507
pca,speaker,anundsjo,ym_2,ɑː->æː,ɑː,æː,182.0,230.0,47.12769533944659,-1.1357827351073329,-3.491888132840488,-2.3138354339739107,44.77158994171344,-2.3561053977331525
pca,speaker,anundsjo,ym_2,æː->eː,æː,eː,182.0,230.0,24.183879714413216,1.7069742922516746,-0.5595127831660708,0.573730754542802,21.91739263899547,-2.2664870754177464
pca,speaker,anundsjo,ym_2,yː->ʉ̟ː,yː,ʉ̟ː,182.0,230.0,10.203868683987409,-2.1320782020148825,-8.568013385440295,-5.350045793727588,3.7679335005619956,-6.435935183425413
pca,speaker,anundsjo,ym_2,ʉ̟ː->øː,ʉ̟ː,øː,182.0,230.0,23.65566518158654,2.0373580812279015,0.7305370278209243,1.3839475545244126,22.34884412817956,-1.3068210534069777
pca,speaker,anundsjo,ym_3,uː->oː,uː,oː,182.0,230.0,7.573081840041759,-14.598649527486034,-7.215674677343468,-10.90716210241475,14.956056690184324,7.382974850142565
pca,speaker,anundsjo,ym_3,oː->ɑː,oː,ɑː,182.0,230.0,27.262853415824775,2.8926311339261854,-13.390131116925556,-5.248749991499683,10.980091164973036,-16.28276225085174
pca,speaker,anundsjo,ym_3,ɑː->æː,ɑː,æː,182.0,230.0,47.12769533944659,-0.9108257944092866,15.218935441716114,7.154054823653413,63.257456575571986,16.129761236125397
pca,speaker,anundsjo,ym_3,æː->eː,æː,eː,182.0,230.0,24.183879714413216,1.3796371681892865,-2.9988199957646993,-0.8095914137877068,19.80542255045923,-4.3784571639539855
pca,speaker,anundsjo,ym_3,yː->ʉ̟ː,yː,ʉ̟ː,182.0,230.0,10.203868683987409,-16.584736832156047,-20.593326430769316,-18.58903163146268,6.195279085374139,-4.00858959861327
pca,speaker,anundsjo,ym_3,ʉ̟ː->øː,ʉ̟ː,øː,182.0,230.0,23.65566518158654,5.103269323443902,-5.388956428570251,-0.14284355256317352,13.163439429572389,-10.49222575201415
pca,speaker,are,ym_1,uː->oː,uː,oː,89.0,227.0,7.573081840041759,-10.302335175180719,0.5545629565248544,-4.873886109327931,18.429979971747333,10.856898131705574
pca,speaker,are,ym_1,oː->ɑː,oː,ɑː,89.0,227.0,27.262853415824775,1.0428257852552862,-4.36014291721874,-1.6586585659817266,21.85988471335075,-5.402968702474027
pca,speaker,are,ym_1,ɑː->æː,ɑː,æː,89.0,227.0,47.12769533944659,-6.972615285169549,2.542223766357845,-2.215195759405852,56.64253439097398,9.514839051527389
pca,speaker,are,ym_1,æː->eː,æː,eː,89.0,227.0,24.183879714413216,3.0861435400160677,-16.636111339285332,-6.774983899634632,4.461624835111815,-19.722254879301403
pca,speaker,are,ym_1,yː->ʉ̟ː,yː,ʉ̟ː,89.0,227.0,10.203868683987409,-7.350183127088928,-4.422198177194276,-5.8861906521416,13.131853633882061,2.927984949894652
pca,speaker,are,ym_1,ʉ̟ː->øː,ʉ̟ː,øː,89.0,227.0,23.65566518158654,-14.230754862654845,4.2521934298083375,-4.989280716423254,42.13861347404973,18.48294829246319
pca,speaker,are,ym_2,uː->oː,uː,oː,89.0,227.0,7.573081840041759,-11.785969735164185,-8.383148602577485,-10.084559168870836,10.97590297262846,3.4028211325867
pca,speaker,are,ym_2,oː->ɑː,oː,ɑː,89.0,227.0,27.262853415824775,-9.565429779266632,-7.385765539467645,-8.475597659367137,29.442517655623764,2.1796642397989885
pca,speaker,are,ym_2,ɑː->æː,ɑː,æː,89.0,227.0,47.12769533944659,8.993031560202208,0.9382329753913387,4.965632267796773,39.07289675463572,-8.054798584810868
pca,speaker,are,ym_2,æː->eː,æː,eː,89.0,227.0,24.183879714413216,20.089449277719353,-6.920095580791895,6.584676848463731,-2.8256651440980347,-27.00954485851125
pca,speaker,are,ym_2,yː->ʉ̟ː,yː,ʉ̟ː,89.0,227.0,10.203868683987409,-2.8496210680032323,-2.534739469126354,-2.692180268564792,10.518750282864286,0.3148815988768767
pca,speaker,are,ym_2,ʉ̟ː->øː,ʉ̟ː,øː,89.0,227.0,23.65566518158654,-9.984907997059059,8.854421048226941,-0.5652434744160596,42.49499422687254,18.839329045286004
pca,speaker,are,ym_3,uː->oː,uː,oː,89.0,227.0,7.573081840041759,-5.964281222577912,-9.185067906740372,-7.574674564659142,4.3522951558792995,-3.2207866841624595
pca,speaker,are,ym_3,oː->ɑː,oː,ɑː,89.0,227.0,27.262853415824775,3.6724278839080955,2.567306692276868,3.1198672880924816,26.157732224193552,-1.1051211916312234
pca,speaker,are,ym_3,ɑː->æː,ɑː,æː,89.0,227.0,47.12769533944659,7.663738325781657,6.583590035631527,7.123664180706593,46.04754704929646,-1.0801482901501274
pca,speaker,are,ym_3,æː->eː,æː,eː,89.0,227.0,24.183879714413216,-4.395008311487294,-8.771076473803953,-6.583042392645623,19.807811552096556,-4.37606816231666
pca,speaker,are,ym_3,yː->ʉ̟ː,yː,ʉ̟ː,89.0,227.0,10.203868683987409,-2.1829823734537843,-11.754126575500429,-6.968554474477105,0.6327244819407661,-9.571144202046643
pca,speaker,are,ym_3,ʉ̟ː->øː,ʉ̟ː,øː,89.0,227.0,23.65566518158654,-16.460929343400093,-6.456812693746572,-11.458871018573332,33.65978183124006,10.004116649653522
pca,speaker,arjeplog,ym_1,uː->oː,uː,oː,171.0,122.0,7.573081840041759,2.3734414705802354,0.7057707625542771,1.5396061165672565,5.905411132015801,-1.667670708025958
pca,speaker,arjeplog,ym_1,oː->ɑː,oː,ɑː,171.0,122.0,27.262853415824775,13.768889993302533,5.987547474340431,9.878218733821482,19.481510896862677,-7.781342518962099
pca,speaker,arjeplog,ym_1,ɑː->æː,ɑː,æː,171.0,122.0,47.12769533944659,15.811991189571415,6.239097025921436,11.025544107746425,37.55480117579661,-9.572894163649977
pca,speaker,arjeplog,ym_1,æː->eː,æː,eː,171.0,122.0,24.183879714413216,1.6200448890821533,-6.507074743164374,-2.4435149270411105,16.056760082166686,-8.12711963224653
pca,speaker,arjeplog,ym_1,yː->ʉ̟ː,yː,ʉ̟ː,171.0,122.0,10.203868683987409,-7.22480771182203,-6.367738738895604,-6.796273225358816,11.060937656913834,0.8570689729264256
pca,speaker,arjeplog,ym_1,ʉ̟ː->øː,ʉ̟ː,øː,171.0,122.0,23.65566518158654,-3.653918914147438,-3.079981808677011,-3.3669503614122247,24.229602287056967,0.5739371054704279
pca,speaker,arjeplog,ym_2,uː->oː,uː,oː,171.0,122.0,7.573081840041759,-7.775739664676058,2.4974315214136187,-2.6391540716312196,17.846253026131436,10.273171186089677
pca,speaker,arjeplog,ym_2,oː->ɑː,oː,ɑː,171.0,122.0,27.262853415824775,6.204792200981547,-2.0441151725784024,2.0803385142015745,19.013946042264827,-8.248907373559948
pca,speaker,arjeplog,ym_2,ɑː->æː,ɑː,æː,171.0,122.0,47.12769533944659,-0.21901957435756605,-1.4126150751457593,-0.8158173247516627,45.9340998386584,-1.1935955007881915
pca,speaker,arjeplog,ym_2,æː->eː,æː,eː,171.0,122.0,24.183879714413216,-4.2507851028762635,-2.0074809676030054,-3.1291330352396343,26.42718384968647,2.243304135273256
pca,speaker,arjeplog,ym_2,yː->ʉ̟ː,yː,ʉ̟ː,171.0,122.0,10.203868683987409,2.8626347271569843,0.7039159338183175,1.7832753304876519,8.04514989064874,-2.158718793338668
pca,speaker,arjeplog,ym_2,ʉ̟ː->øː,ʉ̟ː,øː,171.0,122.0,23.65566518158654,-14.833954985658487,-9.165183144228148,-11.999569064943318,29.32443702301688,5.668771841430342
pca,speaker,arjeplog,ym_3,uː->oː,uː,oː,171.0,122.0,7.573081840041759,-7.810448214664776,4.117002351033176,-1.8467229318157994,19.50053240573971,11.92745056569795
pca,speaker,arjeplog,ym_3,oː->ɑː,oː,ɑː,171.0,122.0,27.262853415824775,12.324253676804558,6.6239347153253085,9.474094196064932,21.56253445434553,-5.700318961479244
pca,speaker,arjeplog,ym_3,ɑː->æː,ɑː,æː,171.0,122.0,47.12769533944659,4.244089874453136,0.5826182004123234,2.4133540374327302,43.46622366540577,-3.6614716740408184
pca,speaker,arjeplog,ym_3,æː->eː,æː,eː,171.0,122.0,24.183879714413216,-5.849010746457041,-4.394765223695207,-5.121887985076126,25.638125237175046,1.4542455227618305
pca,speaker,arjeplog,ym_3,yː->ʉ̟ː,yː,ʉ̟ː,171.0,122.0,10.203868683987409,0.8965859430054107,2.06187286011684,1.4792294015611263,11.369155601098837,1.1652869171114286
pca,speaker,arjeplog,ym_3,ʉ̟ː->øː,ʉ̟ː,øː,171.0,122.0,23.65566518158654,-10.797372104242797,-8.07760108636495,-9.437486595303872,26.37543619946439,2.71977101787785
pca,speaker,arstad,ym_1,uː->oː,uː,oː,70.0,485.0,7.573081840041759,3.2362232549153402,-11.940595322216769,-4.352186033650714,-7.603736737090352,-15.17681857713211
pca,speaker,arstad,ym_1,oː->ɑː,oː,ɑː,70.0,485.0,27.262853415824775,-10.992502374354434,-19.916114891699078,-15.454308633026754,18.339240898480135,-8.92361251734464
pca,speaker,arstad,ym_1,ɑː->æː,ɑː,æː,70.0,485.0,47.12769533944659,-19.852543960004034,-3.1723011847479192,-11.512422572375977,63.8079381147027,16.68024277525611
pca,speaker,arstad,ym_1,æː->eː,æː,eː,70.0,485.0,24.183879714413216,0.967041895458419,0.18630648258335078,0.576674189020885,23.40314430153815,-0.7807354128750674
pca,speaker,arstad,ym_1,yː->ʉ̟ː,yː,ʉ̟ː,70.0,485.0,10.203868683987409,6.794618769508624,3.348857672195376,5.0717382208520005,6.75810758667416,-3.445761097313249
pca,speaker,arstad,ym_1,ʉ̟ː->øː,ʉ̟ː,øː,70.0,485.0,23.65566518158654,8.20655585886539,-14.746341972210233,-3.2698930566724216,0.7027673505109178,-22.95289783107562
pca,speaker,arstad,ym_2,uː->oː,uː,oː,70.0,485.0,7.573081840041759,11.785216666392474,19.354431920761456,15.569824293576962,15.142297094410742,7.569215254368983
pca,speaker,arstad,ym_2,oː->ɑː,oː,ɑː,70.0,485.0,27.262853415824775,32.67757052604199,0.7771703705162067,16.7273704482791,-4.637546739701005,-31.90040015552578
pca,speaker,arstad,ym_2,ɑː->æː,ɑː,æː,70.0,485.0,47.12769533944659,-10.797531318742326,10.664189783769181,-0.06667076748657144,68.5894164419581,21.461721102511504
pca,speaker,arstad,ym_2,æː->eː,æː,eː,70.0,485.0,24.183879714413216,-13.04067593062217,-8.565158535958027,-10.8029172332901,28.659397109077357,4.475517394664141
pca,speaker,arstad,ym_2,yː->ʉ̟ː,yː,ʉ̟ː,70.0,485.0,10.203868683987409,-5.70311862621865,-5.428968595747407,-5.5660436109830265,10.478018714458653,0.27415003047124387
pca,speaker,arstad,ym_2,ʉ̟ː->øː,ʉ̟ː,øː,70.0,485.0,23.65566518158654,22.821442359373613,12.050227882971235,17.435835121172428,12.884450705184161,-10.771214476402378
pca,speaker,arstad,ym_3,uː->oː,uː,oː,70.0,485.0,7.573081840041759,6.381855449297074,-5.6368619940172735,0.3724967276399005,-4.4456356032725886,-12.018717443314348
pca,speaker,arstad,ym_3,oː->ɑː,oː,ɑː,70.0,485.0,27.262853415824775,-17.024954775137036,-27.181436897340916,-22.103195836238974,17.1063712936209,-10.156482122203876
pca,speaker,arstad,ym_3,ɑː->æː,ɑː,æː,70.0,485.0,47.12769533944659,-29.00204818093427,-19.062047598468382,-24.032047889701325,57.06769592191248,9.940000582465892
pca,speaker,arstad,ym_3,æː->eː,æː,eː,70.0,485.0,24.183879714413216,10.055239919511175,0.9567869619653335,5.506013440738254,15.085426756867374,-9.098452957545842
pca,speaker,arstad,ym_3,yː->ʉ̟ː,yː,ʉ̟ː,70.0,485.0,10.203868683987409,13.343651121378043,26.534920763858953,19.939285942618497,23.395138326468317,13.191269642480908
pca,speaker,arstad,ym_3,ʉ̟ː->øː,ʉ̟ː,øː,70.0,485.0,23.65566518158654,1.1138468801883312,-9.408232713527328,-4.147192916669498,13.133585587870881,-10.522079593715658
pca,speaker,arsunda,ym_1,uː->oː,uː,oː,156.0,343.0,7.573081840041759,-12.767291963471166,-6.8763417702102405,-9.821816866840704,13.464032033302685,5.890950193260926
pca,speaker,arsunda,ym_1,oː->ɑː,oː,ɑː,156.0,343.0,27.262853415824775,1.4934679356607097,-10.318593134597666,-4.41256259946848,15.450792345566402,-11.812061070258373
pca,speaker,arsunda,ym_1,ɑː->æː,ɑː,æː,156.0,343.0,47.12769533944659,-3.4136131784569064,-6.331282069555256,-4.872447624006082,44.21002644834824,-2.9176688910983515
pca,speaker,arsunda,ym_1,æː->eː,æː,eː,156.0,343.0,24.183879714413216,-2.7023383257655866,-1.6047431517554898,-2.1535407387605376,25.28147488842331,1.0975951740100953
pca,speaker,arsunda,ym_1,yː->ʉ̟ː,yː,ʉ̟ː,156.0,343.0,10.203868683987409,-3.525224165045,-0.9155434043521604,-2.2203837846985808,12.813549444680248,2.6096807606928394
pca,speaker,arsunda,ym_1,ʉ̟ː->øː,ʉ̟ː,øː,156.0,343.0,23.65566518158654,-15.58488550842118,5.9593254924981,-4.81278000796154,45.19987618250582,21.54421100091928
pca,speaker,arsunda,ym_2,uː->oː,uː,oː,156.0,343.0,7.573081840041759,8.517036677235566,8.783963647365216,8.650500162300391,7.840008810171408,0.2669269701296493
pca,speaker,arsunda,ym_2,oː->ɑː,oː,ɑː,156.0,343.0,27.262853415824775,10.489009048272962,-1.9292377703615664,4.2798856389556965,14.84460659719025,-12.418246818634525
pca,speaker,arsunda,ym_2,ɑː->æː,ɑː,æː,156.0,343.0,47.12769533944659,-3.253163872162279,-1.3289411401773714,-2.2910525061698257,49.0519180714315,1.9242227319849121
pca,speaker,arsunda,ym_2,æː->eː,æː,eː,156.0,343.0,24.183879714413216,-8.759610303360855,-14.478845762114673,-11.619228032737762,18.464644255659397,-5.719235458753818
pca,speaker,arsunda,ym_2,yː->ʉ̟ː,yː,ʉ̟ː,156.0,343.0,10.203868683987409,-0.5510893730558618,-0.9166282171734814,-0.7338587951146711,9.838329839869788,-0.36553884411762105
pca,speaker,arsunda,ym_2,ʉ̟ː->øː,ʉ̟ː,øː,156.0,343.0,23.65566518158654,18.309406158115774,11.0921914835529,14.700798820834336,16.43845050702367,-7.217214674562868
pca,speaker,arsunda,ym_3,uː->oː,uː,oː,156.0,343.0,7.573081840041759,1.6768241319055381,6.230710593840961,3.9537673628732493,12.126968301977179,4.55388646193542
pca,speaker,arsunda,ym_3,oː->ɑː,oː,ɑː,156.0,343.0,27.262853415824775,-0.9489507734304852,3.108936718436735,1.0799929725031236,31.320740907692,4.057887491867223
pca,speaker,arsunda,ym_3,ɑː->æː,ɑː,æː,156.0,343.0,47.12769533944659,-4.303930338820021,-5.386365304978079,-4.845147821899051,46.045260373288535,-1.0824349661580541
pca,speaker,arsunda,ym_3,æː->eː,æː,eː,156.0,343.0,24.183879714413216,-2.371890685480448,-4.0249170002240495,-3.1984038428522488,22.530853399669613,-1.6530263147436024
pca,speaker,arsunda,ym_3,yː->ʉ̟ː,yː,ʉ̟ː,156.0,343.0,10.203868683987409,4.658999848790415,6.785197794123883,5.722098821457151,12.330066629320875,2.126197945333466
pca,speaker,arsunda,ym_3,ʉ̟ː->øː,ʉ̟ː,øː,156.0,343.0,23.65566518158654,-14.148007010366593,4.119667615520115,-5.01416969742324,41.92333980747325,18.26767462588671
pca,speaker,asby,ym_1,uː->oː,uː,oː,125.0,446.0,7.573081840041759,18.220788302501735,3.7401797695319066,10.980484036016819,-6.907526692928067,-14.480608532969825
pca,speaker,asby,ym_1,oː->ɑː,oː,ɑː,125.0,446.0,27.262853415824775,10.349217139900198,1.3943030244316774,5.871760082165939,18.307939300356256,-8.954914115468519
pca,speaker,asby,ym_1,ɑː->æː,ɑː,æː,125.0,446.0,47.12769533944659,-9.071629965198621,11.934376040571642,1.4313730376865115,68.13370134521685,21.00600600577026
pca,speaker,asby,ym_1,æː->eː,æː,eː,125.0,446.0,24.183879714413216,-8.230979424333803,-14.692145210277083,-11.461562317305443,17.722713928469936,-6.46116578594328
pca,speaker,asby,ym_1,yː->ʉ̟ː,yː,ʉ̟ː,125.0,446.0,10.203868683987409,-4.148931299470526,-5.572596501650013,-4.8607639005602685,8.780203481807925,-1.4236652021794836
pca,speaker,asby,ym_1,ʉ̟ː->øː,ʉ̟ː,øː,125.0,446.0,23.65566518158654,20.45079359422492,15.339769542274976,17.895281568249946,18.544641129636595,-5.1110240519499435
pca,speaker,asby,ym_2,uː->oː,uː,oː,125.0,446.0,7.573081840041759,12.61939618109066,-6.920457623704615,2.849469278693023,-11.966771964753518,-19.53985380479528
pca,speaker,asby,ym_2,oː->ɑː,oː,ɑː,125.0,446.0,27.262853415824775,-15.510213237300404,-2.161151412916847,-8.835682325108623,40.61191524020833,13.349061824383558
pca,speaker,asby,ym_2,ɑː->æː,ɑː,æː,125.0,446.0,47.12769533944659,-6.890988613555442,-3.3251845832909104,-5.108086598423176,50.69349936971112,3.5658040302645304
pca,speaker,asby,ym_2,æː->eː,æː,eː,125.0,446.0,24.183879714413216,-6.415244410990138,3.1892158208495913,-1.6130142950702733,33.78833994625295,9.604460231839731
pca,speaker,asby,ym_2,yː->ʉ̟ː,yː,ʉ̟ː,125.0,446.0,10.203868683987409,8.123535155632181,0.49674262107375594,4.310138888352968,2.5770761494289824,-7.626792534558426
pca,speaker,asby,ym_2,ʉ̟ː->øː,ʉ̟ː,øː,125.0,446.0,23.65566518158654,20.855470575784235,13.11618952384763,16.985830049815934,15.916384129649938,-7.739281051936601
pca,speaker,asby,ym_3,uː->oː,uː,oː,125.0,446.0,7.573081840041759,13.508069951037793,3.09347714895273,8.300773549995261,-2.8415109620433037,-10.414592802085062
pca,speaker,asby,ym_3,oː->ɑː,oː,ɑː,125.0,446.0,27.262853415824775,-1.4112300309416224,-14.159911791267703,-7.785570911104664,14.514171655498696,-12.748681760326079
pca,speaker,asby,ym_3,ɑː->æː,ɑː,æː,125.0,446.0,47.12769533944659,-11.61596544370605,3.8727773592436163,-3.8715940422312167,62.616438142396255,15.488742802949666
pca,speaker,asby,ym_3,æː->eː,æː,eː,125.0,446.0,24.183879714413216,11.399396430107153,-3.1869983075798136,4.106199061263671,9.59748497672625,-14.586394737686966
pca,speaker,asby,ym_3,yː->ʉ̟ː,yː,ʉ̟ː,125.0,446.0,10.203868683987409,7.440177722145464,-11.430496205540209,-1.9951592416973718,-8.666805243698263,-18.870673927685672
pca,speaker,asby,ym_3,ʉ̟ː->øː,ʉ̟ː,øː,125.0,446.0,23.65566518158654,6.972000412364743,-8.72729069177587,-0.8776451397055643,7.956374077445927,-15.699291104140611
pca,speaker,aspas,ym_2,uː->oː,uː,oː,112.0,229.0,7.573081840041759,-5.817665223903011,-0.858499588761928,-3.338082406332469,12.53224747518284,4.9591656351410816
pca,speaker,aspas,ym_2,oː->ɑː,oː,ɑː,112.0,229.0,27.262853415824775,-2.4311615699841695,-4.7318404582211215,-3.5815010141026455,24.962174527587827,-2.3006788882369484
pca,speaker,aspas,ym_2,ɑː->æː,ɑː,æː,112.0,229.0,47.12769533944659,-1.5541430195168253,-1.073627316489494,-1.3138851680031596,47.60821104247392,0.48051570302732927
pca,speaker,aspas,ym_2,æː->eː,æː,eː,112.0,229.0,24.183879714413216,-8.5542722561775,-14.233539861012881,-11.39390605859519,18.504612109577835,-5.679267604835381
pca,speaker,aspas,ym_2,yː->ʉ̟ː,yː,ʉ̟ː,112.0,229.0,10.203868683987409,-1.3548632594361438,-2.523038846004654,-1.9389510527203984,9.035693097418898,-1.1681755865685108
pca,speaker,aspas,ym_2,ʉ̟ː->øː,ʉ̟ː,øː,112.0,229.0,23.65566518158654,-8.495402741368876,-0.7403765180911168,-4.617889629729997,31.4106914048643,7.75502622327776
pca,speaker,aspas,ym_3,uː->oː,uː,oː,112.0,229.0,7.573081840041759,-12.87430524558718,-11.95890056385082,-12.416602904719001,8.48848652177812,0.9154046817363604
pca,speaker,aspas,ym_3,oː->ɑː,oː,ɑː,112.0,229.0,27.262853415824775,-13.280118622257012,-15.53657109158741,-14.408344856922215,25.006400946494377,-2.256452469330398
pca,speaker,aspas,ym_3,ɑː->æː,ɑː,æː,112.0,229.0,47.12769533944659,-9.683348953016907,1.2156329228570797,-4.233858015079913,58.02667721532058,10.898981875873993
pca,speaker,aspas,ym_3,æː->eː,æː,eː,112.0,229.0,24.183879714413216,-10.505871282610336,-3.144512677166501,-6.825191979888418,31.54523831985705,7.361358605443833
pca,speaker,aspas,ym_3,yː->ʉ̟ː,yː,ʉ̟ː,112.0,229.0,10.203868683987409,-10.544425505187,-4.230721361365324,-7.387573433276162,16.517572827809087,6.313704143821678
pca,speaker,aspas,ym_3,ʉ̟ː->øː,ʉ̟ː,øː,112.0,229.0,23.65566518158654,-6.142999002222275,-3.2119601588825017,-4.677479580552388,26.586704024926313,2.931038843339774
pca,speaker,bara,ym_1,uː->oː,uː,oː,79.0,539.0,7.573081840041759,5.425216108839903,10.182219553963058,7.803717831401481,12.330085285164914,4.757003445123155
pca,speaker,bara,ym_1,oː->ɑː,oː,ɑː,79.0,539.0,27.262853415824775,25.75091667677848,-8.3609657113161,8.69497548273119,-6.8490289722697995,-34.11188238809457
pca,speaker,bara,ym_1,ɑː->æː,ɑː,æː,79.0,539.0,47.12769533944659,-1.208454268514829,-7.743392954098012,-4.47592361130642,40.592756653863404,-6.534938685583185
pca,speaker,bara,ym_1,æː->eː,æː,eː,79.0,539.0,24.183879714413216,-7.6457624727725975,-22.145931320750634,-14.895846896761615,9.68371086643518,-14.500168847978037
pca,speaker,bara,ym_1,yː->ʉ̟ː,yː,ʉ̟ː,79.0,539.0,10.203868683987409,-3.8231743410531496,5.716705841972817,0.9467657504598344,19.743748867013377,9.539880183025968
pca,speaker,bara,ym_1,ʉ̟ː->øː,ʉ̟ː,øː,79.0,539.0,23.65566518158654,7.146732334059864,-0.7634811857401897,3.191625574159837,15.745451661786486,-7.9102135198000525
pca,speaker,bara,ym_2,uː->oː,uː,oː,79.0,539.0,7.573081840041759,-11.550355999328133,1.1200975976194727,-5.215129200854331,20.243535436989365,12.670453596947606
pca,speaker,bara,ym_2,oː->ɑː,oː,ɑː,79.0,539.0,27.262853415824775,36.05179475705563,3.353636417980132,19.702715587517883,-5.435304923250722,-32.6981583390755
pca,speaker,bara,ym_2,ɑː->æː,ɑː,æː,79.0,539.0,47.12769533944659,9.640522222362664,-10.180621173839096,-0.270049475738215,27.30655194324483,-19.82114339620176
pca,speaker,bara,ym_2,æː->eː,æː,eː,79.0,539.0,24.183879714413216,-1.6326308438441453,-4.505833920923338,-3.0692323823837415,21.310676637334023,-2.873203077079193
pca,speaker,bara,ym_2,yː->ʉ̟ː,yː,ʉ̟ː,79.0,539.0,10.203868683987409,-13.93011698000303,18.11349061382317,2.0916868169100717,42.24747627781361,32.0436075938262
pca,speaker,bara,ym_2,ʉ̟ː->øː,ʉ̟ː,øː,79.0,539.0,23.65566518158654,2.539488514158199,4.2326788664295005,3.3860836902938494,25.348855533857844,1.693190352271305
pca,speaker,bara,ym_3,uː->oː,uː,oː,79.0,539.0,7.573081840041759,6.285823099553067,11.775533563242698,9.030678331397882,13.06279230373139,5.489710463689631
pca,speaker,bara,ym_3,oː->ɑː,oː,ɑː,79.0,539.0,27.262853415824775,28.08129612546319,-9.987911118511038,9.046692503476073,-10.80635382814945,-38.069207243974226
pca,speaker,bara,ym_3,ɑː->æː,ɑː,æː,79.0,539.0,47.12769533944659,-5.360154989575978,-3.023054789671631,-4.191604889623805,49.464795539350945,2.3371001999043557
pca,speaker,bara,ym_3,æː->eː,æː,eː,79.0,539.0,24.183879714413216,-6.216344026196586,-12.304477232979574,-9.26041062958808,18.095746507630224,-6.088133206782992
pca,speaker,bara,ym_3,yː->ʉ̟ː,yː,ʉ̟ː,79.0,539.0,10.203868683987409,0.11932987372793327,1.0482988612322226,0.5838143674800766,11.132837671491698,0.9289689875042892
pca,speaker,bara,ym_3,ʉ̟ː->øː,ʉ̟ː,øː,79.0,539.0,23.65566518158654,11.726214979081336,10.64259961133566,11.184407295208498,22.572049813840863,-1.0836153677456757
pca,speaker,bengtsf,ym_1,uː->oː,uː,oː,62.0,401.0,7.573081840041759,-2.4317422434768075,5.789336473758003,1.678797115140598,15.79416055727657,8.22107871723481
pca,speaker,bengtsf,ym_1,oː->ɑː,oː,ɑː,62.0,401.0,27.262853415824775,7.882327541533161,-7.3686140073525115,0.2568567670903237,12.011911866939107,-15.250941548885669
pca,speaker,bengtsf,ym_1,ɑː->æː,ɑː,æː,62.0,401.0,47.12769533944659,-10.56529013600066,9.491789891728395,-0.536750122136132,67.18477536717565,20.057080027729057
pca,speaker,bengtsf,ym_1,æː->eː,æː,eː,62.0,401.0,24.183879714413216,3.0410829402961506,2.263930540504866,2.6525067404005083,23.40672731462193,-0.7771523997912873
pca,speaker,bengtsf,ym_1,yː->ʉ̟ː,yː,ʉ̟ː,62.0,401.0,10.203868683987409,-7.608206219423985,-8.248393957544003,-7.928300088483991,9.56368094586739,-0.6401877381200194
pca,speaker,bengtsf,ym_1,ʉ̟ː->øː,ʉ̟ː,øː,62.0,401.0,23.65566518158654,5.595521430780274,-2.65349959585668,1.4710109174617958,15.406644154949587,-8.249021026636951
pca,speaker,bengtsf,ym_2,uː->oː,uː,oː,62.0,401.0,7.573081840041759,-3.5511255869421046,-3.6366231939663907,-3.593874390454247,7.487584233017473,-0.0854976070242861
pca,speaker,bengtsf,ym_2,oː->ɑː,oː,ɑː,62.0,401.0,27.262853415824775,-11.353986719990864,-14.534598464959558,-12.944292592475211,24.08224167085608,-3.1806117449686937
pca,speaker,bengtsf,ym_2,ɑː->æː,ɑː,æː,62.0,401.0,47.12769533944659,-17.12448539832009,-8.910827675895309,-13.017656537107698,55.341353061871374,8.213657722424784
pca,speaker,bengtsf,ym_2,æː->eː,æː,eː,62.0,401.0,24.183879714413216,21.461150247544417,19.2048644618878,20.333007354716106,21.9275939287566,-2.2562857856566154
pca,speaker,bengtsf,ym_2,yː->ʉ̟ː,yː,ʉ̟ː,62.0,401.0,10.203868683987409,14.557711949835365,11.844968629450308,13.201340289642836,7.491125363602353,-2.712743320385056
pca,speaker,bengtsf,ym_2,ʉ̟ː->øː,ʉ̟ː,øː,62.0,401.0,23.65566518158654,-8.076688464370793,-14.9317688872726,-11.504228675821697,16.800584758684735,-6.855080422901803
pca,speaker,bengtsf,ym_3,uː->oː,uː,oː,62.0,401.0,7.573081840041759,-6.584382213783453,-10.420130337980481,-8.502256275881967,3.7373337158447297,-3.8357481241970293
pca,speaker,bengtsf,ym_3,oː->ɑː,oː,ɑː,62.0,401.0,27.262853415824775,-13.102045845637772,-20.18880406882772,-16.64542495723275,20.176095192634826,-7.08675822318995
pca,speaker,bengtsf,ym_3,ɑː->æː,ɑː,æː,62.0,401.0,47.12769533944659,-11.364546228793259,8.818167117224961,-1.2731895557841493,67.31040868546481,20.182713346018218
pca,speaker,bengtsf,ym_3,æː->eː,æː,eː,62.0,401.0,24.183879714413216,6.127049469476983,20.314120275033556,13.22058487225527,38.37095051996979,14.187070805556573
pca,speaker,bengtsf,ym_3,yː->ʉ̟ː,yː,ʉ̟ː,62.0,401.0,10.203868683987409,-5.9542285249936375,0.6995822551983081,-2.627323134897664,16.857679464179352,6.653810780191943
pca,speaker,bengtsf,ym_3,ʉ̟ː->øː,ʉ̟ː,øː,62.0,401.0,23.65566518158654,-6.634894595823256,-11.47989684943282,-9.057395722628037,18.810662927976978,-4.845002253609561
pca,speaker,berg,ym_1,uː->oː,uː,oː,112.0,252.0,7.573081840041759,-2.33989853469698,0.07041218517806737,-1.1347431747594559,9.983392559916805,2.4103107198750457
pca,speaker,berg,ym_1,oː->ɑː,oː,ɑː,112.0,252.0,27.262853415824775,16.24071351054424,10.932970700649191,13.586842105596714,21.955110605929733,-5.307742809895043
pca,speaker,berg,ym_1,ɑː->æː,ɑː,æː,112.0,252.0,47.12769533944659,10.736528345362677,18.19117589010183,14.463852117732252,54.58234288418575,7.45464754473916
pca,speaker,berg,ym_1,æː->eː,æː,eː,112.0,252.0,24.183879714413216,-15.967765236320924,-30.43712510971198,-23.202445173016454,9.714519841022152,-14.469359873391063
pca,speaker,berg,ym_1,yː->ʉ̟ː,yː,ʉ̟ː,112.0,252.0,10.203868683987409,-20.030618419412207,-24.438285282093428,-22.23445185075282,5.796201821306187,-4.407666862681221
pca,speaker,berg,ym_1,ʉ̟ː->øː,ʉ̟ː,øː,112.0,252.0,23.65566518158654,22.853100133326524,18.015293107961817,20.43419662064417,18.81785815622184,-4.8378070253647
pca,speaker,berg,ym_2,uː->oː,uː,oː,112.0,252.0,7.573081840041759,-7.0201250560190225,11.24768659797357,2.1137807709772733,25.84089349403435,18.26781165399259
pca,speaker,berg,ym_2,oː->ɑː,oː,ɑː,112.0,252.0,27.262853415824775,9.53474495821958,1.4784639450784511,5.506604451649015,19.20657240268365,-8.056281013141124
pca,speaker,berg,ym_2,ɑː->æː,ɑː,æː,112.0,252.0,47.12769533944659,-0.8213526334602295,-7.463441198175057,-4.142396915817643,40.48560677473176,-6.642088564714832
pca,speaker,berg,ym_2,æː->eː,æː,eː,112.0,252.0,24.183879714413216,-3.0209528050245424,-17.280806468681288,-10.150879636852915,9.924026050756469,-14.259853663656747
pca,speaker,berg,ym_2,yː->ʉ̟ː,yː,ʉ̟ː,112.0,252.0,10.203868683987409,2.7089219231972708,7.360216909091151,5.034569416144211,14.855163669881287,4.651294985893879
pca,speaker,berg,ym_2,ʉ̟ː->øː,ʉ̟ː,øː,112.0,252.0,23.65566518158654,2.432909334019819,4.192816574495163,3.312862954257491,25.415572422061885,1.7599072404753464
pca,speaker,berg,ym_3,uː->oː,uː,oː,112.0,252.0,7.573081840041759,-9.607993560767266,-7.168467353571728,-8.388230457169497,10.012608047237299,2.4395262071955397
pca,speaker,berg,ym_3,oː->ɑː,oː,ɑː,112.0,252.0,27.262853415824775,-0.8282139899589155,-3.188582283275231,-2.0083981366170724,24.902485122508462,-2.360368293316313
pca,speaker,berg,ym_3,ɑː->æː,ɑː,æː,112.0,252.0,47.12769533944659,-4.370610501051908,9.860772769132264,2.7450811340401784,61.35907860963076,14.231383270184168
pca,speaker,berg,ym_3,æː->eː,æː,eː,112.0,252.0,24.183879714413216,-13.168879864724545,0.11515015983553734,-6.526864852444504,37.4679097389733,13.284030024560082
pca,speaker,berg,ym_3,yː->ʉ̟ː,yː,ʉ̟ː,112.0,252.0,10.203868683987409,-5.709530044923094,-14.775590777340769,-10.242560411131933,1.137807951569732,-9.066060732417677
pca,speaker,berg,ym_3,ʉ̟ː->øː,ʉ̟ː,øː,112.0,252.0,23.65566518158654,3.895982283939616,-5.708036026160178,-0.9060268711102812,14.051646871486746,-9.604018310099793
pca,speaker,bjurholm,ym_1,uː->oː,uː,oː,197.0,211.0,7.573081840041759,2.6968754844167755,6.517924964074317,4.607400224245547,11.3941313196993,3.8210494796575407
pca,speaker,bjurholm,ym_1,oː->ɑː,oː,ɑː,197.0,211.0,27.262853415824775,12.407017543099562,2.6657250186386445,7.536371280869106,17.521560891363862,-9.741292524460913
pca,speaker,bjurholm,ym_1,ɑː->æː,ɑː,æː,197.0,211.0,47.12769533944659,-1.0358732652808553,3.114452205687658,1.0392894702034012,51.27802081041511,4.150325470968518
pca,speaker,bjurholm,ym_1,æː->eː,æː,eː,197.0,211.0,24.183879714413216,-5.127342306963283,-3.0343336874407227,-4.080837997202003,26.276888333935773,2.093008619522557
pca,speaker,bjurholm,ym_1,yː->ʉ̟ː,yː,ʉ̟ː,197.0,211.0,10.203868683987409,-14.055730102700862,-8.244154397154396,-11.149942249927626,16.015444389533872,5.811575705546463
pca,speaker,bjurholm,ym_1,ʉ̟ː->øː,ʉ̟ː,øː,197.0,211.0,23.65566518158654,11.513843210575036,-3.63092830523023,3.941457452672402,8.510893665781275,-15.144771515805264
pca,speaker,bjurholm,ym_2,uː->oː,uː,oː,197.0,211.0,7.573081840041759,3.0610435200685817,1.701842015601378,2.38144276783498,6.213880335574555,-1.3592015044672037
pca,speaker,bjurholm,ym_2,oː->ɑː,oː,ɑː,197.0,211.0,27.262853415824775,9.874551922364056,4.112614248099002,6.9935830852315295,21.500915741559723,-5.761937674265052
pca,speaker,bjurholm,ym_2,ɑː->æː,ɑː,æː,197.0,211.0,47.12769533944659,0.672635909384812,-0.40010345620182924,0.13626622659149162,46.05495597385995,-1.0727393655866422
pca,speaker,bjurholm,ym_2,æː->eː,æː,eː,197.0,211.0,24.183879714413216,-1.1070037305307876,-9.989345212649068,-5.5481744715899275,15.301538232294934,-8.882341482118282
pca,speaker,bjurholm,ym_2,yː->ʉ̟ː,yː,ʉ̟ː,197.0,211.0,10.203868683987409,5.7489793757071945,-3.1691572506538845,1.2899110625266557,1.28573205762633,-8.918136626361079
pca,speaker,bjurholm,ym_2,ʉ̟ː->øː,ʉ̟ː,øː,197.0,211.0,23.65566518158654,-9.275986679257876,-1.6896637136218136,-5.482825196439844,31.241988147222603,7.5863229656360645
pca,speaker,bjurholm,ym_3,uː->oː,uː,oː,197.0,211.0,7.573081840041759,-1.2183948027399085,-1.4972294401465323,-1.3578121214432204,7.294247202635135,-0.2788346374066242
pca,speaker,bjurholm,ym_3,oː->ɑː,oː,ɑː,197.0,211.0,27.262853415824775,-9.7378670904134,0.12964782599653368,-4.804109632208433,37.13036833223472,9.867514916409942
pca,speaker,bjurholm,ym_3,ɑː->æː,ɑː,æː,197.0,211.0,47.12769533944659,-1.3770608378014113,0.8629968338353795,-0.2570320019830158,49.36775301108338,2.240057671636791
pca,speaker,bjurholm,ym_3,æː->eː,æː,eː,197.0,211.0,24.183879714413216,1.2272842024218795,8.237903604385233,4.732593903403556,31.19449911637657,7.010619401963353
pca,speaker,bjurholm,ym_3,yː->ʉ̟ː,yː,ʉ̟ː,197.0,211.0,10.203868683987409,-8.811307832192053,-2.7294333794291536,-5.770370605810603,16.28574313675031,6.0818744527629
pca,speaker,bjurholm,ym_3,ʉ̟ː->øː,ʉ̟ː,øː,197.0,211.0,23.65566518158654,-12.881787470140232,-17.169285202535615,-15.025536336337922,19.36816744919116,-4.28749773239538
pca,speaker,boda,ym_2,uː->oː,uː,oː,163.0,475.0,7.573081840041759,7.003949059909018,1.4848208844838455,4.244384972196432,2.053953664616587,-5.5191281754251715
pca,speaker,boda,ym_2,oː->ɑː,oː,ɑː,163.0,475.0,27.262853415824775,3.2688128202278612,11.135763165379572,7.202287992803718,35.12980376097649,7.866950345151718
pca,speaker,boda,ym_2,ɑː->æː,ɑː,æː,163.0,475.0,47.12769533944659,10.45315471880253,8.644781905257894,9.54896831203021,45.31932252590195,-1.8083728135446364
pca,speaker,boda,ym_2,æː->eː,æː,eː,163.0,475.0,24.183879714413216,-15.51304360780537,-4.901466233060882,-10.207254920433126,34.7954570891577,10.611577374744485
pca,speaker,boda,ym_2,yː->ʉ̟ː,yː,ʉ̟ː,163.0,475.0,10.203868683987409,5.151378892635522,0.282182119387042,2.716780506011284,5.334671910738928,-4.869196773248481
pca,speaker,boda,ym_2,ʉ̟ː->øː,ʉ̟ː,øː,163.0,475.0,23.65566518158654,12.424846920672715,5.350180640598435,8.887513780635576,16.58099890151226,-7.074666280074279
pca,speaker,borga,ym_2,uː->oː,uː,oː,337.0,331.0,7.573081840041759,3.9285640228724263,5.455535529319626,4.692049776096026,9.100053346488957,1.5269715064471985
pca,speaker,borga,ym_2,oː->ɑː,oː,ɑː,337.0,331.0,27.262853415824775,-1.2939914367166525,14.731112202940508,6.718560383111927,43.28795705548194,16.025103639657164
pca,speaker,borga,ym_2,ɑː->æː,ɑː,æː,337.0,331.0,47.12769533944659,16.47432433582917,-4.907503434367531,5.78341045073082,25.74586756924989,-21.3818277701967
pca,speaker,borga,ym_2,æː->eː,æː,eː,337.0,331.0,24.183879714413216,13.450764084430968,4.189745249745186,8.820254667088077,14.922860879727432,-9.261018834685784
pca,speaker,borga,ym_2,yː->ʉ̟ː,yː,ʉ̟ː,337.0,331.0,10.203868683987409,3.2099084033599077,36.45521525057868,19.832561826969297,43.44917553120619,33.24530684721878
pca,speaker,borga,ym_2,ʉ̟ː->øː,ʉ̟ː,øː,337.0,331.0,23.65566518158654,-13.68190356997131,-8.619443593917637,-11.150673581944472,28.718125157640216,5.0624599760536775
pca,speaker,brando,ym_1,uː->oː,uː,oː,237.0,337.0,7.573081840041759,-5.461746988319925,6.813408093635276,0.6758305526576756,19.84823692199696,12.275155081955202
pca,speaker,brando,ym_1,oː->ɑː,oː,ɑː,237.0,337.0,27.262853415824775,3.237762279721441,10.156154564418072,6.696958422069759,34.18124570052141,6.918392284696633
pca,speaker,brando,ym_1,ɑː->æː,ɑː,æː,237.0,337.0,47.12769533944659,5.794991821584577,-13.434552449807109,-3.819780314111266,27.898151068054904,-19.229544271391685
pca,speaker,brando,ym_1,æː->eː,æː,eː,237.0,337.0,24.183879714413216,7.982485544746704,-6.312220118196103,0.8351327132753014,9.889174051470407,-14.294705662942809
pca,speaker,brando,ym_1,yː->ʉ̟ː,yː,ʉ̟ː,237.0,337.0,10.203868683987409,11.094894917107565,26.929027628589253,19.01196127284841,26.038001395469102,15.834132711481693
pca,speaker,brando,ym_1,ʉ̟ː->øː,ʉ̟ː,øː,237.0,337.0,23.65566518158654,-9.15925700520477,7.412706067027731,-0.8732754690885202,40.22762825381904,16.571963072232503
pca,speaker,brando,ym_2,uː->oː,uː,oː,237.0,337.0,7.573081840041759,-3.3641044043114485,8.440980642282659,2.538438118985605,19.378166886635864,11.805085046594105
pca,speaker,brando,ym_2,oː->ɑː,oː,ɑː,237.0,337.0,27.262853415824775,0.7612417689500394,-2.765072618592009,-1.001915424820986,23.736539028282728,-3.5263143875420475
pca,speaker,brando,ym_2,ɑː->æː,ɑː,æː,237.0,337.0,47.12769533944659,-8.898733811851308,-7.297618755911814,-8.09817628388156,48.728810395386084,1.6011150559394949
pca,speaker,brando,ym_2,æː->eː,æː,eː,237.0,337.0,24.183879714413216,-0.5227807241502497,-10.052580325164032,-5.287680524657141,14.654080113399433,-9.529799601013783
pca,speaker,brando,ym_2,yː->ʉ̟ː,yː,ʉ̟ː,237.0,337.0,10.203868683987409,12.879099354225673,22.76354882235081,17.821324088288243,20.08831815211255,9.88444946812514
pca,speaker,brando,ym_2,ʉ̟ː->øː,ʉ̟ː,øː,237.0,337.0,23.65566518158654,1.3334127977271977,10.735755154108054,6.034583975917626,33.0580075379674,9.40234235638086
pca,speaker,brando,ym_3,uː->oː,uː,oː,237.0,337.0,7.573081840041759,-0.9384720221413173,-4.412787953724252,-2.6756299879327843,4.098765908458824,-3.474315931582935
pca,speaker,brando,ym_3,oː->ɑː,oː,ɑː,237.0,337.0,27.262853415824775,-1.3465998307883627,2.4709908795700404,0.56219552439084,31.08044412618318,3.817590710358406
pca,speaker,brando,ym_3,ɑː->æː,ɑː,æː,237.0,337.0,47.12769533944659,4.908270029696037,-4.4878943725417475,0.21018782857714471,37.73153093720881,-9.39616440223778
pca,speaker,brando,ym_3,æː->eː,æː,eː,237.0,337.0,24.183879714413216,2.809853643469273,13.240247781297938,8.025050712383605,34.61427385224188,10.430394137828664
pca,speaker,brando,ym_3,yː->ʉ̟ː,yː,ʉ̟ː,237.0,337.0,10.203868683987409,9.028732263830246,22.21175182580152,15.620242044815884,23.386888245958684,13.183019561971275
pca,speaker,brando,ym_3,ʉ̟ː->øː,ʉ̟ː,øː,237.0,337.0,23.65566518158654,-21.03126287300625,2.1325744920814866,-9.449344190462382,46.81950254667428,23.16383736508774
pca,speaker,bredsattra,ym_1,uː->oː,uː,oː,158.0,489.0,7.573081840041759,-6.658155027467012,-3.6692729122205203,-5.163713969843766,10.561963955288249,2.98888211524649
pca,speaker,bredsattra,ym_1,oː->ɑː,oː,ɑː,158.0,489.0,27.262853415824775,4.743253892747318,3.666817299416564,4.205035596081939,26.186416822494024,-1.076436593330751
pca,speaker,bredsattra,ym_1,ɑː->æː,ɑː,æː,158.0,489.0,47.12769533944659,5.235233827388834,18.43714355116347,11.836188689276149,60.32960506322123,13.20190972377464
pca,speaker,bredsattra,ym_1,æː->eː,æː,eː,158.0,489.0,24.183879714413216,-11.665892249552208,-12.860676071516005,-12.263284160534107,22.989095892449416,-1.1947838219637994
pca,speaker,bredsattra,ym_1,yː->ʉ̟ː,yː,ʉ̟ː,158.0,489.0,10.203868683987409,-9.368542702262289,-10.483931669989701,-9.926237186125993,9.088479716259997,-1.1153889677274123
pca,speaker,bredsattra,ym_1,ʉ̟ː->øː,ʉ̟ː,øː,158.0,489.0,23.65566518158654,-5.923527409683045,-3.730471316103998,-4.826999362893522,25.848721275165587,2.193056093579049
pca,speaker,bredsattra,ym_2,uː->oː,uː,oː,158.0,489.0,7.573081840041759,6.710988754002319,3.640320653780578,5.175654703891449,4.502413739820018,-3.0706681002217406
pca,speaker,bredsattra,ym_2,oː->ɑː,oː,ɑː,158.0,489.0,27.262853415824775,-0.2950100161697839,16.89101973528815,8.298004859559185,44.44888316728271,17.186029751457934
pca,speaker,bredsattra,ym_2,ɑː->æː,ɑː,æː,158.0,489.0,47.12769533944659,16.382297411935635,10.231182177380198,13.306739794657918,40.97658010489115,-6.151115234555441
pca,speaker,bredsattra,ym_2,æː->eː,æː,eː,158.0,489.0,24.183879714413216,-14.206335205767544,-3.550547628396455,-8.878441417082,34.8396672917843,10.655787577371086
pca,speaker,bredsattra,ym_2,yː->ʉ̟ː,yː,ʉ̟ː,158.0,489.0,10.203868683987409,0.18983263041748955,-3.929735339388642,-1.8699513544855746,6.084300714181277,-4.119567969806132
pca,speaker,bredsattra,ym_2,ʉ̟ː->øː,ʉ̟ː,øː,158.0,489.0,23.65566518158654,1.0049071949229411,5.013602895143351,3.009255045033147,27.66436088180695,4.008695700220411
pca,speaker,bredsattra,ym_3,uː->oː,uː,oː,158.0,489.0,7.573081840041759,9.998941324327626,13.494095122227137,11.74651822327738,11.06823563794127,3.49515379789951
pca,speaker,bredsattra,ym_3,oː->ɑː,oː,ɑː,158.0,489.0,27.262853415824775,19.37500793292828,17.775613483404193,18.575310708166235,25.66345896630069,-1.599394449524084
pca,speaker,bredsattra,ym_3,ɑː->æː,ɑː,æː,158.0,489.0,47.12769533944659,20.893692184023198,7.934000253426952,14.41384621872507,34.168003408850346,-12.959691930596243
pca,speaker,bredsattra,ym_3,æː->eː,æː,eː,158.0,489.0,24.183879714413216,-11.493572611278331,-12.47771753583734,-11.985645073557833,23.199734789854208,-0.9841449245590077
pca,speaker,bredsattra,ym_3,yː->ʉ̟ː,yː,ʉ̟ː,158.0,489.0,10.203868683987409,-4.041245609273785,-5.55652569881272,-4.798885654043254,8.688588594448472,-1.515280089538937
pca,speaker,bredsattra,ym_3,ʉ̟ː->øː,ʉ̟ː,øː,158.0,489.0,23.65566518158654,10.071014744669602,4.230130763620635,7.150572754145118,17.814781200537574,-5.840883981048965
pca,speaker,broby,ym_1,uː->oː,uː,oː,99.0,510.0,7.573081840041759,-10.201946337919825,-2.311871931874595,-6.256909134897209,15.463156246086989,7.89007440604523
pca,speaker,broby,ym_1,oː->ɑː,oː,ɑː,99.0,510.0,27.262853415824775,10.648665690777198,7.273474960833894,8.961070325805547,23.887662685881473,-3.375190729943302
pca,speaker,broby,ym_1,ɑː->æː,ɑː,æː,99.0,510.0,47.12769533944659,22.80197935848482,19.0756493438967,20.93881435119076,43.40136532485847,-3.7263300145881217
pca,speaker,broby,ym_1,æː->eː,æː,eː,99.0,510.0,24.183879714413216,-3.7061424912522805,2.9534608654222216,-0.37634081291502935,30.843483071087714,6.6596033566744985
pca,speaker,broby,ym_1,yː->ʉ̟ː,yː,ʉ̟ː,99.0,510.0,10.203868683987409,0.3053868758796374,-12.040636886648574,-5.8676250053844665,-2.1421550785408026,-12.346023762528212
pca,speaker,broby,ym_1,ʉ̟ː->øː,ʉ̟ː,øː,99.0,510.0,23.65566518158654,24.32237794721537,-13.118473231568121,5.601952357823625,-13.78518599719695,-37.44085117878349
pca,speaker,broby,ym_3,uː->oː,uː,oː,99.0,510.0,7.573081840041759,-9.0926104912772,7.164193757475335,-0.9642083669009323,23.829886088794293,16.256804248752534
pca,speaker,broby,ym_3,oː->ɑː,oː,ɑː,99.0,510.0,27.262853415824775,2.656556280644877,4.9426171763951965,3.7995867285200364,29.548914311575096,2.286060895750321
pca,speaker,broby,ym_3,ɑː->æː,ɑː,æː,99.0,510.0,47.12769533944659,3.0882775797632207,5.116776210615945,4.102526895189582,49.15619397029932,2.028498630852731
pca,speaker,broby,ym_3,æː->eː,æː,eː,99.0,510.0,24.183879714413216,1.364024063357078,1.4896108807209973,1.4268174720390379,24.309466531777133,0.1255868173639172
pca,speaker,broby,ym_3,yː->ʉ̟ː,yː,ʉ̟ː,99.0,510.0,10.203868683987409,-6.5152262788935715,2.9289829474490015,-1.7931216657222835,19.648077910329977,9.444209226342569
pca,speaker,broby,ym_3,ʉ̟ː->øː,ʉ̟ː,øː,99.0,510.0,23.65566518158654,-16.192043612957544,-17.419065145666977,-16.805554379312262,22.428643648877106,-1.2270215327094327
pca,speaker,burseryd,ym_1,uː->oː,uː,oː,84.0,478.0,7.573081840041759,0.9784381327488765,-4.9557344545486455,-1.9886481608998843,1.6389092527442373,-5.934172587297522
pca,speaker,burseryd,ym_1,oː->ɑː,oː,ɑː,84.0,478.0,27.262853415824775,-10.863426312444686,-18.450782104760346,-14.657104208602515,19.67549762350912,-7.587355792315655
pca,speaker,burseryd,ym_1,ɑː->æː,ɑː,æː,84.0,478.0,47.12769533944659,-17.346824091732692,-16.18591267791813,-16.766368384825412,48.28860675326115,1.16091141381456
pca,speaker,burseryd,ym_1,æː->eː,æː,eː,84.0,478.0,24.183879714413216,0.15574200907875865,7.077231736134001,3.61648687260638,31.105369441468454,6.9214897270552385
pca,speaker,burseryd,ym_1,yː->ʉ̟ː,yː,ʉ̟ː,84.0,478.0,10.203868683987409,4.131508269440574,6.624428991338707,5.37796863038964,12.696789405885541,2.492920721898132
pca,speaker,burseryd,ym_1,ʉ̟ː->øː,ʉ̟ː,øː,84.0,478.0,23.65566518158654,-7.822021372491302,-16.395226593495977,-12.10862398299364,15.082459960581867,-8.573205221004672
pca,speaker,burseryd,ym_2,uː->oː,uː,oː,84.0,478.0,7.573081840041759,2.754090813995701,11.233425327665705,6.993758070830704,16.052416353711763,8.479334513670004
pca,speaker,burseryd,ym_2,oː->ɑː,oː,ɑː,84.0,478.0,27.262853415824775,11.355649902024032,0.04670103490088532,5.70117546846246,15.953904548701631,-11.308948867123144
pca,speaker,burseryd,ym_2,ɑː->æː,ɑː,æː,84.0,478.0,47.12769533944659,-11.908804112255705,-2.1982177706352597,-7.053510941445483,56.83828168106703,9.710586341620441
pca,speaker,burseryd,ym_2,æː->eː,æː,eː,84.0,478.0,24.183879714413216,-0.6423428429111575,12.048916877110232,5.7032870170995364,36.8751394344346,12.691259720021385
pca,speaker,burseryd,ym_2,yː->ʉ̟ː,yː,ʉ̟ː,84.0,478.0,10.203868683987409,-0.5781651335751679,-8.756503344228957,-4.667334238902062,2.025530473333619,-8.17833821065379
pca,speaker,burseryd,ym_2,ʉ̟ː->øː,ʉ̟ː,øː,84.0,478.0,23.65566518158654,0.18995670138803153,-14.211215351275532,-7.01062932494375,9.254493128922977,-14.401172052663561
pca,speaker,burtrask,ym_1,uː->oː,uː,oː,222.0,177.0,7.573081840041759,4.855345629781182,3.8441621594591093,4.349753894620147,6.561898369719686,-1.0111834703220728
pca,speaker,burtrask,ym_1,oː->ɑː,oː,ɑː,222.0,177.0,27.262853415824775,-3.1999102209909034,29.7226999312901,13.261394855149598,60.185463568105774,32.922610152280996
pca,speaker,burtrask,ym_1,ɑː->æː,ɑː,æː,222.0,177.0,47.12769533944659,38.796562524731215,0.8407285032104967,19.818645513970854,9.171861317925876,-37.955834021520715
pca,speaker,burtrask,ym_1,æː->eː,æː,eː,222.0,177.0,24.183879714413216,2.583785758403876,-3.713312393431906,-0.5647633175140159,17.886781562577433,-6.297098151835783
pca,speaker,burtrask,ym_1,yː->ʉ̟ː,yː,ʉ̟ː,222.0,177.0,10.203868683987409,1.8051805697717418,-2.408819175760354,-0.3018193029943054,5.989868938455312,-4.213999745532097
pca,speaker,burtrask,ym_1,ʉ̟ː->øː,ʉ̟ː,øː,222.0,177.0,23.65566518158654,-5.94536803125055,-4.470419583214542,-5.207893807232545,25.130613629622548,1.4749484480360096
pca,speaker,burtrask,ym_2,uː->oː,uː,oː,222.0,177.0,7.573081840041759,4.497236209447028,5.621408364148373,5.059322286797701,8.697253994743104,1.1241721547013448
pca,speaker,burtrask,ym_2,oː->ɑː,oː,ɑː,222.0,177.0,27.262853415824775,-2.296110456461113,15.564393433504327,6.634141488521607,45.12335730579022,17.860503889965447
pca,speaker,burtrask,ym_2,ɑː->æː,ɑː,æː,222.0,177.0,47.12769533944659,16.18486100738205,9.837829296343411,13.011345151862733,40.78066362840795,-6.347031711038639
pca,speaker,burtrask,ym_2,æː->eː,æː,eː,222.0,177.0,24.183879714413216,-9.48098478103093,-5.6987329942809595,-7.589858887655944,27.966131501163186,3.7822517867499705
pca,speaker,burtrask,ym_2,yː->ʉ̟ː,yː,ʉ̟ː,222.0,177.0,10.203868683987409,-0.9859981294252103,5.073007221605602,2.0435045460901966,16.26287403501822,6.059005351030812
pca,speaker,burtrask,ym_2,ʉ̟ː->øː,ʉ̟ː,øː,222.0,177.0,23.65566518158654,2.8592982203382933,1.80371027131423,2.331504245826262,22.600077232562477,-1.055587949024062
pca,speaker,burtrask,ym_3,uː->oː,uː,oː,222.0,177.0,7.573081840041759,-3.893455787018772,1.177687459989031,-1.35788416351487,12.644225087049561,5.071143247007802
pca,speaker,burtrask,ym_3,oː->ɑː,oː,ɑː,222.0,177.0,27.262853415824775,-0.5002361922184199,23.48400828374846,11.491886045765021,51.247097891791654,23.98424447596688
pca,speaker,burtrask,ym_3,ɑː->æː,ɑː,æː,222.0,177.0,47.12769533944659,28.97205653475283,-0.44193776066487345,14.265059387043976,17.713701044028884,-29.413994295417705
pca,speaker,burtrask,ym_3,æː->eː,æː,eː,222.0,177.0,24.183879714413216,-10.639910628750304,-7.555496249090276,-9.09770343892029,27.268294094073244,3.0844143796600285
pca,speaker,burtrask,ym_3,yː->ʉ̟ː,yː,ʉ̟ː,222.0,177.0,10.203868683987409,-5.776646429146854,-0.387728629375006,-3.0821875292609286,15.592786483759257,5.388917799771848
pca,speaker,burtrask,ym_3,ʉ̟ː->øː,ʉ̟ː,øː,222.0,177.0,23.65566518158654,5.342852940769771,12.880234646036387,9.11154379340308,31.193046886853153,7.537381705266615
pca,speaker,dalby,ym_1,uː->oː,uː,oː,82.0,336.0,7.573081840041759,0.8239375374436108,4.052035685228214,2.4379866113359125,10.801179987826362,3.2280981477846034
pca,speaker,dalby,ym_1,oː->ɑː,oː,ɑː,82.0,336.0,27.262853415824775,10.079224694446152,4.872426621539505,7.475825657992829,22.056055342918132,-5.206798072906643
pca,speaker,dalby,ym_1,ɑː->æː,ɑː,æː,82.0,336.0,47.12769533944659,1.388274914273597,9.213359551714685,5.3008172329941425,54.952779976887676,7.825084637441087
pca,speaker,dalby,ym_1,æː->eː,æː,eː,82.0,336.0,24.183879714413216,-4.6951877654341025,-6.232242464315724,-5.463715114874913,22.646825015531597,-1.5370546988816187
pca,speaker,dalby,ym_1,yː->ʉ̟ː,yː,ʉ̟ː,82.0,336.0,10.203868683987409,-2.1781058651727,-1.172698130143327,-1.6754019976580132,11.209276419016781,1.0054077350293724
pca,speaker,dalby,ym_1,ʉ̟ː->øː,ʉ̟ː,øː,82.0,336.0,23.65566518158654,11.385527968372,8.283322714809385,9.834425341590693,20.553459928023926,-3.1022052535626123
pca,speaker,dalby,ym_2,uː->oː,uː,oː,82.0,336.0,7.573081840041759,-11.148921978919322,-8.320172897137102,-9.734547438028212,10.40183092182398,2.8287490817822203
pca,speaker,dalby,ym_2,oː->ɑː,oː,ɑː,82.0,336.0,27.262853415824775,-8.484996323818535,-0.9579647361115763,-4.721480529965056,34.78988500353174,7.527031587706961
pca,speaker,dalby,ym_2,ɑː->æː,ɑː,æː,82.0,336.0,47.12769533944659,1.6208985631479438,3.898374354927675,2.7596364590378095,49.40517113122632,2.277475791779729
pca,speaker,dalby,ym_2,æː->eː,æː,eː,82.0,336.0,24.183879714413216,6.234380441393709,17.235773362442508,11.735076901918111,35.18527263546201,11.001392921048797
pca,speaker,dalby,ym_2,yː->ʉ̟ː,yː,ʉ̟ː,82.0,336.0,10.203868683987409,-2.989339815743337,-0.6373756460735829,-1.8133577309084605,12.555832853657162,2.3519641696697526
pca,speaker,dalby,ym_2,ʉ̟ː->øː,ʉ̟ː,øː,82.0,336.0,23.65566518158654,-5.681960936368773,-12.180866346635659,-8.931413641502216,17.156759771319653,-6.498905410266886
pca,speaker,dragsfjard,ym_1,uː->oː,uː,oː,272.0,350.0,7.573081840041759,-16.13929820734005,-0.7561231290025167,-8.447710668171284,22.95625691837929,15.38317507833753
pca,speaker,dragsfjard,ym_1,oː->ɑː,oː,ɑː,272.0,350.0,27.262853415824775,5.792071042095268,2.9607912299575574,4.376431136026411,24.431573603687067,-2.8312798121377085
pca,speaker,dragsfjard,ym_1,ɑː->æː,ɑː,æː,272.0,350.0,47.12769533944659,12.27576980392981,2.3878083578789324,7.331789080904371,37.239733893395716,-9.887961446050873
pca,speaker,dragsfjard,ym_1,æː->eː,æː,eː,272.0,350.0,24.183879714413216,24.12642787368405,-1.199996972135283,11.463215450774385,-1.142545131406118,-25.326424845819332
pca,speaker,dragsfjard,ym_1,yː->ʉ̟ː,yː,ʉ̟ː,272.0,350.0,10.203868683987409,-9.961260163212648,23.02815763038879,6.533448733588071,43.19328647758885,32.98941779360144
pca,speaker,dragsfjard,ym_1,ʉ̟ː->øː,ʉ̟ː,øː,272.0,350.0,23.65566518158654,-9.563847600032222,-10.437941761969913,-10.000894681001068,22.78157101964885,-0.8740941619376876
pca,speaker,dragsfjard,ym_2,uː->oː,uː,oː,272.0,350.0,7.573081840041759,-7.816786751482801,9.386565539407393,0.784889393962296,24.77643413093195,17.20335229089019
pca,speaker,dragsfjard,ym_2,oː->ɑː,oː,ɑː,272.0,350.0,27.262853415824775,7.825347127401849,15.990091552302724,11.907719339852285,35.42759784072565,8.164744424900878
pca,speaker,dragsfjard,ym_2,ɑː->æː,ɑː,æː,272.0,350.0,47.12769533944659,15.055850917666248,-1.5414563982857887,6.757197259690231,30.530388023494552,-16.597307315952037
pca,speaker,dragsfjard,ym_2,æː->eː,æː,eː,272.0,350.0,24.183879714413216,16.507809147168846,-4.948926382423679,5.779441382372584,2.7271441848206903,-21.456735529592525
pca,speaker,dragsfjard,ym_2,yː->ʉ̟ː,yː,ʉ̟ː,272.0,350.0,10.203868683987409,9.107774930684815,16.41026009255948,12.75901751162215,17.506353845862076,7.302485161874667
pca,speaker,dragsfjard,ym_2,ʉ̟ː->øː,ʉ̟ː,øː,272.0,350.0,23.65566518158654,4.876548212284536,-12.871472890757548,-3.997462339236506,5.907644078544455,-17.748021103042085
pca,speaker,dragsfjard,ym_3,uː->oː,uː,oː,272.0,350.0,7.573081840041759,3.2632023441522553,-20.326131412231984,-8.531464534039864,-16.01625191634248,-23.58933375638424
pca,speaker,dragsfjard,ym_3,oː->ɑː,oː,ɑː,272.0,350.0,27.262853415824775,-22.542187200383726,12.583070132323554,-4.979558534030087,62.38811074853205,35.12525733270728
pca,speaker,dragsfjard,ym_3,ɑː->æː,ɑː,æː,272.0,350.0,47.12769533944659,18.928195542684733,-18.99819732495902,-0.03500089113714218,9.201302471802837,-37.926392867643756
pca,speaker,dragsfjard,ym_3,æː->eː,æː,eː,272.0,350.0,24.183879714413216,36.82144570865969,12.037446211416222,24.429445960037956,-0.6001197828302499,-24.783999497243467
pca,speaker,dragsfjard,ym_3,yː->ʉ̟ː,yː,ʉ̟ː,272.0,350.0,10.203868683987409,5.948536229088206,19.596076923082638,12.772306576085423,23.85140937798184,13.647540693994433
pca,speaker,dragsfjard,ym_3,ʉ̟ː->øː,ʉ̟ː,øː,272.0,350.0,23.65566518158654,-17.43311846363529,-27.579873103764026,-22.506495783699656,13.508910541457809,-10.14675464012873
pca,speaker,faro,ym_1,uː->oː,uː,oː,208.0,445.0,7.573081840041759,15.219314334524046,1.138539700263728,8.178927017393885,-6.507692794218559,-14.080774634260319
pca,speaker,faro,ym_1,oː->ɑː,oː,ɑː,208.0,445.0,27.262853415824775,7.517428392003884,2.2844037569491564,4.9009160744765214,22.02982878077005,-5.233024635054726
pca,speaker,faro,ym_1,ɑː->æː,ɑː,æː,208.0,445.0,47.12769533944659,0.2443221706268282,7.852796579692093,4.048559375159461,54.73616974851185,7.608474409065259
pca,speaker,faro,ym_1,æː->eː,æː,eː,208.0,445.0,24.183879714413216,3.6492639752073908,-23.414831414599934,-9.882783719696272,-2.880215675394112,-27.064095389807328
pca,speaker,faro,ym_1,yː->ʉ̟ː,yː,ʉ̟ː,208.0,445.0,10.203868683987409,-7.119686938324161,9.827178028772396,1.3537455452241176,27.15073365108397,16.946864967096563
pca,speaker,faro,ym_1,ʉ̟ː->øː,ʉ̟ː,øː,208.0,445.0,23.65566518158654,22.482930331365104,9.460515869030564,15.971723100197833,10.633250719252,-13.022414462334538
pca,speaker,faro,ym_2,uː->oː,uː,oː,208.0,445.0,7.573081840041759,17.399891008579,0.65986018113474,9.029875594856868,-9.1669489874025,-16.740030827444258
pca,speaker,faro,ym_2,oː->ɑː,oː,ɑː,208.0,445.0,27.262853415824775,-3.29468393976477,0.9738593147201365,-1.1604123125223156,31.531396670309682,4.268543254484907
pca,speaker,faro,ym_2,ɑː->æː,ɑː,æː,208.0,445.0,47.12769533944659,-10.027750755590548,-9.154183691455705,-9.590967223523126,48.00126240358143,0.8735670641348392
pca,speaker,faro,ym_2,æː->eː,æː,eː,208.0,445.0,24.183879714413216,27.553059916364234,1.9034034179591584,14.728231667161696,-1.4657767839918605,-25.649656498405076
pca,speaker,faro,ym_2,yː->ʉ̟ː,yː,ʉ̟ː,208.0,445.0,10.203868683987409,-1.2412551185318323,13.355011141688673,6.056878011578421,24.80013494420791,14.596266260220503
pca,speaker,faro,ym_2,ʉ̟ː->øː,ʉ̟ː,øː,208.0,445.0,23.65566518158654,-1.4041198156559465,0.00036067744820208087,-0.7018795691038715,25.06014567469069,1.4044804931041526
pca,speaker,faro,ym_3,uː->oː,uː,oː,208.0,445.0,7.573081840041759,21.965816112980164,-1.977897472622483,9.99395932017884,-16.37063174556089,-23.943713585602648
pca,speaker,faro,ym_3,oː->ɑː,oː,ɑː,208.0,445.0,27.262853415824775,-8.626260797820446,3.0119808860846002,-2.8071399558679215,38.90109509972982,11.638241683905047
pca,speaker,faro,ym_3,ɑː->æː,ɑː,æː,208.0,445.0,47.12769533944659,0.9137397088443645,-17.9465788963572,-8.516419593756417,28.267376734245026,-18.860318605201563
pca,speaker,faro,ym_3,æː->eː,æː,eː,208.0,445.0,24.183879714413216,31.621392411643303,-6.727835936791964,12.446778237425669,-14.16534863402205,-38.34922834843527
pca,speaker,faro,ym_3,yː->ʉ̟ː,yː,ʉ̟ː,208.0,445.0,10.203868683987409,5.420051702969932,1.8612664025371977,3.640659052753566,6.645083383554673,-3.558785300432736
pca,speaker,faro,ym_3,ʉ̟ː->øː,ʉ̟ː,øː,208.0,445.0,23.65566518158654,12.493951873170312,4.149186276520926,8.32156907484562,15.310899584937154,-8.344765596649385
pca,speaker,floby,ym_1,uː->oː,uː,oː,85.0,439.0,7.573081840041759,-6.282579410619964,-7.476784720736944,-6.8796820656784545,6.378876529924779,-1.1942053101169803
pca,speaker,floby,ym_1,oː->ɑː,oː,ɑː,85.0,439.0,27.262853415824775,-20.897422765735513,-12.621567749831712,-16.759495257783612,35.53870843172858,8.275855015903804
pca,speaker,floby,ym_1,ɑː->æː,ɑː,æː,85.0,439.0,47.12769533944659,-14.522753693267058,-8.616332367071685,-11.569543030169372,53.03411666564196,5.906421326195371
pca,speaker,floby,ym_1,æː->eː,æː,eː,85.0,439.0,24.183879714413216,14.657351392064822,12.10943398521141,13.383392688638114,21.6359623075598,-2.547917406853415
pca,speaker,floby,ym_1,yː->ʉ̟ː,yː,ʉ̟ː,85.0,439.0,10.203868683987409,0.4028329840612361,-2.771058846488401,-1.1841129312135807,7.029976853437772,-3.1738918305496373
pca,speaker,floby,ym_1,ʉ̟ː->øː,ʉ̟ː,øː,85.0,439.0,23.65566518158654,-6.882229051969021,-26.95353210593419,-16.917880578951607,3.5843621276213695,-20.07130305396517
pca,speaker,floby,ym_2,uː->oː,uː,oː,85.0,439.0,7.573081840041759,-5.854616877690268,-15.078967827362948,-10.466792352526609,-1.6512691096309218,-9.224350949672681
pca,speaker,floby,ym_2,oː->ɑː,oː,ɑː,85.0,439.0,27.262853415824775,-14.21875511665236,4.188657107356187,-5.015049004648087,45.670265639833325,18.40741222400855
pca,speaker,floby,ym_2,ɑː->æː,ɑː,æː,85.0,439.0,47.12769533944659,-0.682397783581156,24.86248813630485,12.090045176361846,72.67258125933259,25.544885919886
pca,speaker,floby,ym_2,æː->eː,æː,eː,85.0,439.0,24.183879714413216,-14.930240375764932,4.556580780919487,-5.186829797422723,43.67070087109764,19.48682115668442
pca,speaker,floby,ym_2,yː->ʉ̟ː,yː,ʉ̟ː,85.0,439.0,10.203868683987409,-10.012494921464931,-8.401274135211336,-9.206884528338133,11.815089470241002,1.6112207862535932
pca,speaker,floby,ym_2,ʉ̟ː->øː,ʉ̟ː,øː,85.0,439.0,23.65566518158654,-3.247201381150381,-8.849609037500597,-6.048405209325487,18.053257525236326,-5.602407656350213
pca,speaker,floby,ym_3,uː->oː,uː,oː,85.0,439.0,7.573081840041759,-4.192348811257246,-2.205327962525059,-3.1988383868911514,9.560102688773947,1.9870208487321879
pca,speaker,floby,ym_3,oː->ɑː,oː,ɑː,85.0,439.0,27.262853415824775,-7.091397061157066,-24.563439636793703,-15.827418348975385,9.790810840188138,-17.472042575636635
pca,speaker,floby,ym_3,ɑː->æː,ɑː,æː,85.0,439.0,47.12769533944659,-20.558481615301822,2.059284582408638,-9.249598516446593,69.74546153715704,22.617766197710452
pca,speaker,floby,ym_3,æː->eː,æː,eː,85.0,439.0,24.183879714413216,4.723883608316433,2.1654945019544547,3.4446890551354437,21.625490608051237,-2.558389106361979
pca,speaker,floby,ym_3,yː->ʉ̟ː,yː,ʉ̟ː,85.0,439.0,10.203868683987409,1.6836177480173553,-1.0923920059155936,0.2956128710508808,7.42785893005446,-2.776009753932949
pca,speaker,floby,ym_3,ʉ̟ː->øː,ʉ̟ː,øː,85.0,439.0,23.65566518158654,-0.8121214272191289,-9.403763759153977,-5.107942593186553,15.064022849651693,-8.591642331934846
pca,speaker,frandef,ym_1,uː->oː,uː,oː,63.0,423.0,7.573081840041759,4.720087490625598,-4.553576278953003,0.08325560583629806,-1.7005819295368436,-9.273663769578603
pca,speaker,frandef,ym_1,oː->ɑː,oː,ɑː,63.0,423.0,27.262853415824775,-11.40828789405119,5.217148669069258,-3.0955696124909666,43.88828997894523,16.625436563120456
pca,speaker,frandef,ym_1,ɑː->æː,ɑː,æː,63.0,423.0,47.12769533944659,4.877420400912154,-0.10779159943851137,2.384814400736822,42.14248333909592,-4.985212000350671
pca,speaker,frandef,ym_1,æː->eː,æː,eː,63.0,423.0,24.183879714413216,-1.9340425408922362,14.850098029599495,6.45802774435363,40.968020284904945,16.78414057049173
pca,speaker,frandef,ym_1,yː->ʉ̟ː,yː,ʉ̟ː,63.0,423.0,10.203868683987409,5.056090807140369,-0.9257791993112785,2.0651558039145472,4.22199867753576,-5.981870006451649
pca,speaker,frandef,ym_1,ʉ̟ː->øː,ʉ̟ː,øː,63.0,423.0,23.65566518158654,-6.895924807934095,-11.661429065278128,-9.27867693660611,18.890160924242508,-4.7655042573440305
pca,speaker,frandef,ym_2,uː->oː,uː,oː,63.0,423.0,7.573081840041759,5.903949126715964,7.085829546756357,6.494889336736161,8.754962260082152,1.1818804200403932
pca,speaker,frandef,ym_2,oː->ɑː,oː,ɑː,63.0,423.0,27.262853415824775,15.299010242697126,10.150660098664478,12.7248351706808,22.114503271792127,-5.148350144032648
pca,speaker,frandef,ym_2,ɑː->æː,ɑː,æː,63.0,423.0,47.12769533944659,12.819280057319276,7.377167168963085,10.098223613141181,41.6855824510904,-5.442112888356192
pca,speaker,frandef,ym_2,æː->eː,æː,eː,63.0,423.0,24.183879714413216,-10.690153306767439,-13.361991480882262,-12.02607239382485,21.51204154029839,-2.671838174114825
pca,speaker,frandef,ym_2,yː->ʉ̟ː,yː,ʉ̟ː,63.0,423.0,10.203868683987409,-0.7654508185817246,-2.0824157406218493,-1.4239332796017872,8.886903761947286,-1.316964922040123
pca,speaker,frandef,ym_2,ʉ̟ː->øː,ʉ̟ː,øː,63.0,423.0,23.65566518158654,16.244151431541727,11.347793631868353,13.795972531705042,18.759307381913167,-4.896357799673371
pca,speaker,frandef,ym_4,uː->oː,uː,oː,63.0,423.0,7.573081840041759,-2.3478015712164293,-5.329140767649212,-3.8384711694328195,4.591742643608976,-2.981339196432783
pca,speaker,frandef,ym_4,oː->ɑː,oː,ɑː,63.0,423.0,27.262853415824775,-9.526635323244115,-17.00918270601948,-13.2679090146318,19.780306033049413,-7.482547382775362
pca,speaker,frandef,ym_4,ɑː->æː,ɑː,æː,63.0,423.0,47.12769533944659,-7.977720925409742,10.405481080165087,1.213880077377673,65.5108973450214,18.383202005574816
pca,speaker,frandef,ym_4,æː->eː,æː,eː,63.0,423.0,24.183879714413216,4.7041933309367305,0.4986766288408668,2.6014349798887975,19.978363012317352,-4.2055167020958635
pca,speaker,frandef,ym_4,yː->ʉ̟ː,yː,ʉ̟ː,63.0,423.0,10.203868683987409,-16.37105330517112,-15.58405450486355,-15.977553905017333,10.990867484294979,0.7869988003075701
pca,speaker,frandef,ym_4,ʉ̟ː->øː,ʉ̟ː,øː,63.0,423.0,23.65566518158654,10.743888044833074,-1.246782806799276,4.748552619016899,11.66499432995419,-11.990670851632348
pca,speaker,frillesas,ym_2,uː->oː,uː,oː,58.0,470.0,7.573081840041759,8.382868418425696,10.873771821027155,9.628320119726425,10.063985242643218,2.490903402601459
pca,speaker,frillesas,ym_2,oː->ɑː,oː,ɑː,58.0,470.0,27.262853415824775,14.45634222421311,1.8408331951016823,8.148587709657393,14.64734438671335,-12.615509029111426
pca,speaker,frillesas,ym_2,ɑː->æː,ɑː,æː,58.0,470.0,47.12769533944659,2.645591812886186,8.171970971375872,5.408781392131028,52.65407449793627,5.526379158489682
pca,speaker,frillesas,ym_2,æː->eː,æː,eː,58.0,470.0,24.183879714413216,-15.27662306359298,-13.325768124275315,-14.301195593934148,26.13473465373088,1.950854939317665
pca,speaker,frillesas,ym_2,yː->ʉ̟ː,yː,ʉ̟ː,58.0,470.0,10.203868683987409,2.738699001649284,-5.630481031014456,-1.4458910146825854,1.8346886513236695,-8.369180032663738
pca,speaker,frillesas,ym_2,ʉ̟ː->øː,ʉ̟ː,øː,58.0,470.0,23.65566518158654,23.18984438302303,8.196787350984042,15.693315867003536,8.662608149547554,-14.993057032038985
pca,speaker,frillesas,ym_3,uː->oː,uː,oː,58.0,470.0,7.573081840041759,1.9405681897469444,-10.454003721604693,-4.256717765928873,-4.82149007130988,-12.394571911351639
pca,speaker,frillesas,ym_3,oː->ɑː,oː,ɑː,58.0,470.0,27.262853415824775,-9.80477679980609,-20.070468341098458,-14.937622570452271,16.99716187453241,-10.265691541292366
pca,speaker,frillesas,ym_3,ɑː->æː,ɑː,æː,58.0,470.0,47.12769533944659,-20.886774208455407,-7.159320451734637,-14.023047330095022,60.85514909616735,13.727453756720763
pca,speaker,frillesas,ym_3,æː->eː,æː,eː,58.0,470.0,24.183879714413216,-0.7065975247471153,-7.612504155220835,-4.159550839983974,17.277973083939493,-6.905906630473723
pca,speaker,frillesas,ym_3,yː->ʉ̟ː,yː,ʉ̟ː,58.0,470.0,10.203868683987409,16.04180571262043,0.7170375710715193,8.379421641845974,-5.120899457561501,-15.32476814154891
pca,speaker,frillesas,ym_3,ʉ̟ː->øː,ʉ̟ː,øː,58.0,470.0,23.65566518158654,9.22329074252885,-5.327897140162327,1.9476968011832618,9.104477298895366,-14.551187882691172
pca,speaker,grangarde,ym_1,uː->oː,uː,oː,119.0,354.0,7.573081840041759,1.5054887194249367,0.9322874677236135,1.2188880935742752,6.999880588340437,-0.5732012517013221
pca,speaker,grangarde,ym_1,oː->ɑː,oː,ɑː,119.0,354.0,27.262853415824775,13.434528483072938,8.712595731721136,11.073562107397038,22.540920664472974,-4.721932751351801
pca,speaker,grangarde,ym_1,ɑː->æː,ɑː,æː,119.0,354.0,47.12769533944659,12.675648003531764,8.639608280665948,10.657628142098856,43.091655616580766,-4.036039722865823
pca,speaker,grangarde,ym_1,æː->eː,æː,eː,119.0,354.0,24.183879714413216,-3.0466240074097124,-17.47390013663315,-10.260262072021431,9.756603585189774,-14.427276129223442
pca,speaker,grangarde,ym_1,yː->ʉ̟ː,yː,ʉ̟ː,119.0,354.0,10.203868683987409,7.959665379332593,2.6558108064423744,5.307738092887484,4.90001411109719,-5.303854572890219
pca,speaker,grangarde,ym_1,ʉ̟ː->øː,ʉ̟ː,øː,119.0,354.0,23.65566518158654,5.7073059438148785,12.112607289693083,8.90995661675398,30.060966527464746,6.4053013458782075
pca,speaker,graso,ym_1,uː->oː,uː,oː,189.0,350.0,7.573081840041759,-4.690123634297066,-9.304664677452548,-6.997394155874805,2.9585407968862785,-4.61454104315548
pca,speaker,graso,ym_1,oː->ɑː,oː,ɑː,189.0,350.0,27.262853415824775,-3.7780967751696535,0.8806689967880627,-1.448713889190795,31.921619187782497,4.658765771957722
pca,speaker,graso,ym_1,ɑː->æː,ɑː,æː,189.0,350.0,47.12769533944659,11.513642355979538,15.211909749121684,13.362776052550611,50.82596273258873,3.698267393142139
pca,speaker,graso,ym_1,æː->eː,æː,eː,189.0,350.0,24.183879714413216,13.694293939741605,3.745966627395532,8.720130283568569,14.235552402067142,-9.948327312346073
pca,speaker,graso,ym_1,yː->ʉ̟ː,yː,ʉ̟ː,189.0,350.0,10.203868683987409,12.463963512845778,-4.08431389715434,4.18982480784572,-6.344408726012709,-16.548277410000118
pca,speaker,graso,ym_1,ʉ̟ː->øː,ʉ̟ː,øː,189.0,350.0,23.65566518158654,-5.488269505657538,7.882436974065472,1.1970837342039669,37.026371661309554,13.370706479723015
pca,speaker,graso,ym_2,uː->oː,uː,oː,189.0,350.0,7.573081840041759,-4.644738372753628,-11.463588947619634,-8.054163660186632,0.7542312651757522,-6.818850574866007
pca,speaker,graso,ym_2,oː->ɑː,oː,ɑː,189.0,350.0,27.262853415824775,-16.363346602672014,-13.22741654525252,-14.795381573962267,30.398783473244276,3.1359300574195004
pca,speaker,graso,ym_2,ɑː->æː,ɑː,æː,189.0,350.0,47.12769533944659,-17.993210448633427,-9.286973204673512,-13.64009182665347,55.8339325834065,8.706237243959912
pca,speaker,graso,ym_2,æː->eː,æː,eː,189.0,350.0,24.183879714413216,20.065935327580924,6.995877001199419,13.53090616439017,11.113821388031711,-13.070058326381504
pca,speaker,graso,ym_2,yː->ʉ̟ː,yː,ʉ̟ː,189.0,350.0,10.203868683987409,8.479496540887295,10.130182565721443,9.304839553304367,11.854554708821556,1.6506860248341475
pca,speaker,graso,ym_2,ʉ̟ː->øː,ʉ̟ː,øː,189.0,350.0,23.65566518158654,-5.686758371128945,-0.4099579222580634,-3.048358146693503,28.932465630457422,5.276800448870883
pca,speaker,graso,ym_3,uː->oː,uː,oː,189.0,350.0,7.573081840041759,-13.32217609460397,-5.591723680821305,-9.456949887712637,15.303534253824422,7.730452413782663
pca,speaker,graso,ym_3,oː->ɑː,oː,ɑː,189.0,350.0,27.262853415824775,-22.854815530214555,-10.164342566673687,-16.509579048444117,39.95332637936565,12.690472963540874
pca,speaker,graso,ym_3,ɑː->æː,ɑː,æː,189.0,350.0,47.12769533944659,-5.691441872045459,-5.8064896801547565,-5.748965776100108,47.012647531337294,-0.1150478081092956
pca,speaker,graso,ym_3,æː->eː,æː,eː,189.0,350.0,24.183879714413216,3.340518529344358,5.976782091437281,4.6586503103908194,26.820143276506137,2.636263562092921
pca,speaker,graso,ym_3,yː->ʉ̟ː,yː,ʉ̟ː,189.0,350.0,10.203868683987409,-4.865638642184884,8.387388553063266,1.7608749554391925,23.45689587923556,13.253027195248151
pca,speaker,graso,ym_3,ʉ̟ː->øː,ʉ̟ː,øː,189.0,350.0,23.65566518158654,-10.530788882002293,2.730989040477108,-3.8998999207625915,36.91744310406594,13.2617779224794
pca,speaker,hammaro,ym_1,uː->oː,uː,oː,90.0,391.0,7.573081840041759,9.328419843079944,15.557146257237326,12.442783050158633,13.801808254199141,6.228726414157382
pca,speaker,hammaro,ym_1,oː->ɑː,oː,ɑː,90.0,391.0,27.262853415824775,17.13450200033362,8.361794119954249,12.748148060143933,18.490145535445407,-8.772707880379368
pca,speaker,hammaro,ym_1,ɑː->æː,ɑː,æː,90.0,391.0,47.12769533944659,2.157481675006412,0.15009067588428848,1.153786175445351,45.12030434032446,-2.00739099912213
pca,speaker,hammaro,ym_1,æː->eː,æː,eː,90.0,391.0,24.183879714413216,-4.869479386971649,0.6728881503965922,-2.0982956182875285,29.72624725178145,5.542367537368236
pca,speaker,hammaro,ym_1,yː->ʉ̟ː,yː,ʉ̟ː,90.0,391.0,10.203868683987409,-1.9072746495549082,-3.148273012210462,-2.5277738308826843,8.962870321331856,-1.240998362655553
pca,speaker,hammaro,ym_1,ʉ̟ː->øː,ʉ̟ː,øː,90.0,391.0,23.65566518158654,15.049425941678063,4.160945654905257,9.60518579829166,12.767184894813733,-10.888480286772806
pca,speaker,hammaro,ym_2,uː->oː,uː,oː,90.0,391.0,7.573081840041759,-9.223332427561152,-3.117178269291553,-6.170255348426352,13.67923599831136,6.1061541582696
pca,speaker,hammaro,ym_2,oː->ɑː,oː,ɑː,90.0,391.0,27.262853415824775,-5.013960557340954,-5.666271568287635,-5.340116062814291,26.610542404878096,-0.6523110109466792
pca,speaker,hammaro,ym_2,ɑː->æː,ɑː,æː,90.0,391.0,47.12769533944659,-8.721978030488746,-20.81426572491982,-14.768121877704282,35.035407645015525,-12.092287694431064
pca,speaker,hammaro,ym_2,æː->eː,æː,eː,90.0,391.0,24.183879714413216,-0.8449715437885187,-4.169756252311645,-2.50736389805008,20.85909500589009,-3.3247847085231257
pca,speaker,hammaro,ym_2,yː->ʉ̟ː,yː,ʉ̟ː,90.0,391.0,10.203868683987409,15.679375472094456,10.597188834580084,13.13828215333727,5.121682046473036,-5.082186637514373
pca,speaker,hammaro,ym_2,ʉ̟ː->øː,ʉ̟ː,øː,90.0,391.0,23.65566518158654,-2.557392582553199,-3.180821804932564,-2.869107193742881,23.032235959207178,-0.6234292223793609
pca,speaker,hammaro,ym_3,uː->oː,uː,oː,90.0,391.0,7.573081840041759,10.801415035437067,0.1631365822075215,5.482275808822295,-3.0651966131877866,-10.638278453229546
pca,speaker,hammaro,ym_3,oː->ɑː,oː,ɑː,90.0,391.0,27.262853415824775,2.5220776804207428,11.078112640534407,6.800095160477574,35.81888837593844,8.556034960113667
pca,speaker,hammaro,ym_3,ɑː->æː,ɑː,æː,90.0,391.0,47.12769533944659,6.48872121177649,13.002269939410523,9.745495575593505,53.64124406708062,6.513548727634031
pca,speaker,hammaro,ym_3,æː->eː,æː,eː,90.0,391.0,24.183879714413216,-12.119404772839978,-23.389394780523464,-17.75439977668172,12.91388970672973,-11.269990007683486
pca,speaker,hammaro,ym_3,yː->ʉ̟ː,yː,ʉ̟ː,90.0,391.0,10.203868683987409,-3.4487647294094432,-5.223924981327961,-4.3363448553687025,8.428708432068888,-1.7751602519185212
pca,speaker,hammaro,ym_3,ʉ̟ː->øː,ʉ̟ː,øː,90.0,391.0,23.65566518158654,12.431653784461554,17.66739232925516,15.049523056858359,28.891403726380148,5.235738544793609
pca,speaker,hamneda,ym_1,uː->oː,uː,oː,93.0,496.0,7.573081840041759,13.648278160748324,11.404800921675522,12.526539541211923,5.329604600968956,-2.243477239072803
pca,speaker,hamneda,ym_1,oː->ɑː,oː,ɑː,93.0,496.0,27.262853415824775,26.542534046375103,9.936507686618821,18.239520866496964,10.656827056068494,-16.60602635975628
pca,speaker,hamneda,ym_1,ɑː->æː,ɑː,æː,93.0,496.0,47.12769533944659,10.070602888834808,11.396816347152194,10.733709617993503,48.45390879776397,1.3262134583173832
pca,speaker,hamneda,ym_1,æː->eː,æː,eː,93.0,496.0,24.183879714413216,-1.6058138615854738,-15.372499340962944,-8.48915660127421,10.417194235035744,-13.766685479377472
pca,speaker,hamneda,ym_1,yː->ʉ̟ː,yː,ʉ̟ː,93.0,496.0,10.203868683987409,-12.600232548890476,-9.33235787140139,-10.966295210145935,13.471743361476497,3.267874677489088
pca,speaker,hamneda,ym_1,ʉ̟ː->øː,ʉ̟ː,øː,93.0,496.0,23.65566518158654,15.081260142871693,9.457840372035006,12.269550257453352,18.032245410749855,-5.6234197708366835
pca,speaker,hamneda,ym_2,uː->oː,uː,oː,93.0,496.0,7.573081840041759,-5.401712082095671,1.4487047937538873,-1.976503644170892,14.423498715891318,6.850416875849559
pca,speaker,hamneda,ym_2,oː->ɑː,oː,ɑː,93.0,496.0,27.262853415824775,-6.679356360135574,0.735705113358396,-2.971825623388589,34.67791488931875,7.415061473493974
pca,speaker,hamneda,ym_2,ɑː->æː,ɑː,æː,93.0,496.0,47.12769533944659,1.3671644124610103,2.677687500873718,2.022425956667364,48.4382184278593,1.3105230884127081
pca,speaker,hamneda,ym_2,æː->eː,æː,eː,93.0,496.0,24.183879714413216,7.996585808818987,5.488739344801794,6.742662576810391,21.67603325039602,-2.507846464017195
pca,speaker,hamneda,ym_2,yː->ʉ̟ː,yː,ʉ̟ː,93.0,496.0,10.203868683987409,-4.830460050354838,-9.976998114240667,-7.403729082297752,5.057330620101579,-5.14653806388583
pca,speaker,hamneda,ym_2,ʉ̟ː->øː,ʉ̟ː,øː,93.0,496.0,23.65566518158654,2.8327674626615975,-7.741635188743345,-2.4544338630408733,13.081262530181599,-10.57440265140494
pca,speaker,hamneda,ym_3,uː->oː,uː,oː,93.0,496.0,7.573081840041759,13.38673398179224,19.35236139326064,16.369547687526442,13.53870925151016,5.9656274114684
pca,speaker,hamneda,ym_3,oː->ɑː,oː,ɑː,93.0,496.0,27.262853415824775,25.902846740603056,13.008565308745913,19.455706024674484,14.368571983967637,-12.894281431857138
pca,speaker,hamneda,ym_3,ɑː->æː,ɑː,æː,93.0,496.0,47.12769533944659,4.34304899145273,2.125739855969513,3.234394423711121,44.91038620396338,-2.2173091354832124
pca,speaker,hamneda,ym_3,æː->eː,æː,eː,93.0,496.0,24.183879714413216,-1.2736599585114496,-1.3790457418930868,-1.3263528502022675,24.078493931031577,-0.10538578338163873
pca,speaker,hamneda,ym_3,yː->ʉ̟ː,yː,ʉ̟ː,93.0,496.0,10.203868683987409,-8.949376192282925,-3.4492110791924824,-6.1992936357377015,15.704033797077852,5.500165113090443
pca,speaker,hamneda,ym_3,ʉ̟ː->øː,ʉ̟ː,øː,93.0,496.0,23.65566518158654,0.41726521768924424,1.1919340285314628,0.804599623110353,24.430333992428757,0.7746688108422184
pca,speaker,haraker,ym_1,uː->oː,uː,oː,149.0,373.0,7.573081840041759,-4.1201141621369795,4.04965289253716,-0.03523063479990931,15.742848894715896,8.169767054674137
pca,speaker,haraker,ym_1,oː->ɑː,oː,ɑː,149.0,373.0,27.262853415824775,2.0289159986937726,4.969345069771753,3.499130534232764,30.20328248690276,2.940429071077986
pca,speaker,haraker,ym_1,ɑː->æː,ɑː,æː,149.0,373.0,47.12769533944659,6.386501515162925,-21.750509625961122,-7.6820040553991,18.99068419832254,-28.13701114112405
pca,speaker,haraker,ym_1,æː->eː,æː,eː,149.0,373.0,24.183879714413216,6.608882655557706,-2.129552925385785,2.23966486508596,15.445444133469724,-8.738435580943491
pca,speaker,haraker,ym_1,yː->ʉ̟ː,yː,ʉ̟ː,149.0,373.0,10.203868683987409,0.6703062584413798,5.241706627337876,2.956006442889628,14.775269052883903,4.571400368896494
pca,speaker,haraker,ym_1,ʉ̟ː->øː,ʉ̟ː,øː,149.0,373.0,23.65566518158654,8.04606983287706,6.909751014230707,7.477910423553884,22.519346362940187,-1.1363188186463518
pca,speaker,haraker,ym_2,uː->oː,uː,oː,149.0,373.0,7.573081840041759,-8.498849430674861,-4.752556560450012,-6.6257029955624365,11.319374710266608,3.746292870224849
pca,speaker,haraker,ym_2,oː->ɑː,oː,ɑː,149.0,373.0,27.262853415824775,-22.069233974268275,-24.429645599429268,-23.249439786848768,24.902441790663786,-2.360411625160989
pca,speaker,haraker,ym_2,ɑː->æː,ɑː,æː,149.0,373.0,47.12769533944659,-31.589880910862465,-31.435107220286973,-31.51249406557472,47.28246903002209,0.15477369057550305
pca,speaker,haraker,ym_2,æː->eː,æː,eː,149.0,373.0,24.183879714413216,-3.6307503575020825,-8.14885530849727,-5.889802832999676,19.665774763418028,-4.518104950995188
pca,speaker,haraker,ym_2,yː->ʉ̟ː,yː,ʉ̟ː,149.0,373.0,10.203868683987409,15.712293995303572,24.313743076101375,20.01301853570247,18.80531776478521,8.601449080797803
pca,speaker,haraker,ym_2,ʉ̟ː->øː,ʉ̟ː,øː,149.0,373.0,23.65566518158654,-7.875820716424652,-9.061518878133462,-8.468669797279057,22.469967019877732,-1.1856981617088067
pca,speaker,haraker,ym_3,uː->oː,uː,oː,149.0,373.0,7.573081840041759,-0.08802424189920868,1.8028338365602241,0.857404797330508,9.463939918501191,1.8908580784594324
pca,speaker,haraker,ym_3,oː->ɑː,oː,ɑː,149.0,373.0,27.262853415824775,1.9137512486402029,-11.317818584559301,-4.702033667959548,14.031283582625274,-13.2315698331995
pca,speaker,haraker,ym_3,ɑː->æː,ɑː,æː,149.0,373.0,47.12769533944659,-5.92796650620282,-22.259329768400907,-14.093648137301862,30.796332077248504,-16.331363262198085
pca,speaker,haraker,ym_3,æː->eː,æː,eː,149.0,373.0,24.183879714413216,1.0487786169568347,-0.2095809969435869,0.41959881000662347,22.925520100512795,-1.2583596139004207
pca,speaker,haraker,ym_3,yː->ʉ̟ː,yː,ʉ̟ː,149.0,373.0,10.203868683987409,5.683341472680261,10.512713362843577,8.09802741776192,15.033240574150723,4.829371890163314
pca,speaker,haraker,ym_3,ʉ̟ː->øː,ʉ̟ː,øː,149.0,373.0,23.65566518158654,-8.81464219051279,-3.461459792535487,-6.138050991524138,29.008847579563845,5.3531823979773066
pca,speaker,houtskar,ym_1,uː->oː,uː,oː,245.0,347.0,7.573081840041759,1.8803266155472078,14.295762124307956,8.088044369927582,19.988517348802507,12.415435508760748
pca,speaker,houtskar,ym_1,oː->ɑː,oː,ɑː,245.0,347.0,27.262853415824775,16.52265389518124,11.73122696024504,14.126940427713139,22.471426480888578,-4.791426934936197
pca,speaker,houtskar,ym_1,ɑː->æː,ɑː,æː,245.0,347.0,47.12769533944659,13.894890241091609,3.627128840924341,8.761009541007976,36.85993393927932,-10.267761400167267
pca,speaker,houtskar,ym_1,æː->eː,æː,eː,245.0,347.0,24.183879714413216,-4.146680504317648,-16.149014708024705,-10.147847606171176,12.181545510706158,-12.002334203707058
pca,speaker,houtskar,ym_1,yː->ʉ̟ː,yː,ʉ̟ː,245.0,347.0,10.203868683987409,1.2612290645733206,16.938495032375396,9.099862048474359,25.881134651789484,15.677265967802075
pca,speaker,houtskar,ym_1,ʉ̟ː->øː,ʉ̟ː,øː,245.0,347.0,23.65566518158654,4.201042820564297,-5.999833077289779,-0.8993951283627412,13.454789283732465,-10.200875897854074
pca,speaker,jamshog,ym_1,uː->oː,uː,oː,108.0,514.0,7.573081840041759,9.026948297608477,13.360404476792503,11.19367638720049,11.906538019225785,4.333456179184026
pca,speaker,jamshog,ym_1,oː->ɑː,oː,ɑː,108.0,514.0,27.262853415824775,33.652881118858666,34.297787479503526,33.97533429918109,27.907759776469636,0.6449063606448604
pca,speaker,jamshog,ym_1,ɑː->æː,ɑː,æː,108.0,514.0,47.12769533944659,43.013632866781485,-8.147775765877407,17.43292855045204,-4.033713293212303,-51.16140863265889
pca,speaker,jamshog,ym_1,æː->eː,æː,eː,108.0,514.0,24.183879714413216,15.109096400215037,-2.0271169917221177,6.54098970424646,7.04766632247606,-17.136213391937154
pca,speaker,jamshog,ym_1,yː->ʉ̟ː,yː,ʉ̟ː,108.0,514.0,10.203868683987409,23.255186613897198,16.378934129172194,19.817060371534698,3.3276161992624047,-6.876252484725004
pca,speaker,jamshog,ym_1,ʉ̟ː->øː,ʉ̟ː,øː,108.0,514.0,23.65566518158654,-1.2165403531600933,-14.951962346930047,-8.08425135004507,9.920243187816588,-13.73542199376995
pca,speaker,jamshog,ym_2,uː->oː,uː,oː,108.0,514.0,7.573081840041759,-8.84861326379704,17.359707508410377,4.255547122306669,33.781402612249174,26.208320772207415
pca,speaker,jamshog,ym_2,oː->ɑː,oː,ɑː,108.0,514.0,27.262853415824775,34.925133695060694,24.365395613922118,29.64526465449141,16.7031153346862,-10.559738081138576
pca,speaker,jamshog,ym_2,ɑː->æː,ɑː,æː,108.0,514.0,47.12769533944659,34.80379068851756,12.070599123832908,23.437194906175236,24.39450377476194,-22.73319156468465
pca,speaker,jamshog,ym_2,æː->eː,æː,eː,108.0,514.0,24.183879714413216,-1.9397145835742653,29.248187353301713,13.654236384863726,55.37178165128919,31.187901936875974
pca,speaker,jamshog,ym_2,yː->ʉ̟ː,yː,ʉ̟ː,108.0,514.0,10.203868683987409,15.74436237711642,-0.572151042715374,7.586105667200525,-6.112644735844387,-16.316513419831796
pca,speaker,jamshog,ym_2,ʉ̟ː->øː,ʉ̟ː,øː,108.0,514.0,23.65566518158654,6.68210268580297,-18.78447728992019,-6.05118730205861,-1.8109147941366184,-25.466579975723157
pca,speaker,jamshog,ym_3,uː->oː,uː,oː,108.0,514.0,7.573081840041759,1.3580594265116508,-12.025718447646362,-5.333829510567354,-5.810696034116253,-13.383777874158012
pca,speaker,jamshog,ym_3,oː->ɑː,oː,ɑː,108.0,514.0,27.262853415824775,-12.734300716429289,-0.518181830431618,-6.626241273430452,39.478972301822445,12.21611888599767
pca,speaker,jamshog,ym_3,ɑː->æː,ɑː,æː,108.0,514.0,47.12769533944659,4.716113316736903,7.578167101459157,6.147140209098032,49.989749124168846,2.8620537847222565
pca,speaker,jamshog,ym_3,æː->eː,æː,eː,108.0,514.0,24.183879714413216,6.462194963368195,8.175251865777467,7.31872341457283,25.896936616822487,1.7130569024092708
pca,speaker,jamshog,ym_3,yː->ʉ̟ː,yː,ʉ̟ː,108.0,514.0,10.203868683987409,-6.685794599322021,-2.7532531390774797,-4.719523869199748,14.13641014423195,3.9325414602445417
pca,speaker,jamshog,ym_3,ʉ̟ː->øː,ʉ̟ː,øː,108.0,514.0,23.65566518158654,-6.435957744793176,-10.752037412573337,-8.593997578683256,19.33958551380638,-4.3160796677801585
pca,speaker,jarnboas,ym_1,uː->oː,uː,oː,117.0,378.0,7.573081840041759,8.814788333402491,-6.678800544568565,1.0679938944169627,-7.920507037929296,-15.493588877971055
pca,speaker,jarnboas,ym_1,oː->ɑː,oː,ɑː,117.0,378.0,27.262853415824775,-16.597515644679795,-6.237231116458441,-11.417373380569119,37.623137944046135,10.36028452822136
pca,speaker,jarnboas,ym_1,ɑː->æː,ɑː,æː,117.0,378.0,47.12769533944659,-5.5367619282514156,-4.014532860307062,-4.775647394279239,48.64992440739094,1.5222290679443518
pca,speaker,jarnboas,ym_1,æː->eː,æː,eː,117.0,378.0,24.183879714413216,4.843039847097825,11.486614221773772,8.164827034435797,30.82745408908916,6.643574374675943
pca,speaker,jarnboas,ym_1,yː->ʉ̟ː,yː,ʉ̟ː,117.0,378.0,10.203868683987409,14.258590478769992,-0.26608638037947163,6.9962520491952604,-4.320808175162056,-14.524676859149466
pca,speaker,jarnboas,ym_1,ʉ̟ː->øː,ʉ̟ː,øː,117.0,378.0,23.65566518158654,11.875991728436642,0.41518171852631536,6.145586723481478,12.194855171676213,-11.460810009910325
pca,speaker,jarnboas,ym_2,uː->oː,uː,oː,117.0,378.0,7.573081840041759,19.34778651453445,-6.00945726425915,6.66916462513765,-17.78416193875184,-25.3572437787936
pca,speaker,jarnboas,ym_2,oː->ɑː,oː,ɑː,117.0,378.0,27.262853415824775,-24.37357243343201,-20.44435507325913,-22.408963753345574,31.192070775997657,3.9292173601728813
pca,speaker,jarnboas,ym_2,ɑː->æː,ɑː,æː,117.0,378.0,47.12769533944659,-35.84769164232786,-5.991355573955408,-20.91952360814163,76.98403140781905,29.856336068372457
pca,speaker,jarnboas,ym_2,æː->eː,æː,eː,117.0,378.0,24.183879714413216,5.0541281080153455,15.70014095233096,10.377134530173153,34.82989255872883,10.646012844315614
pca,speaker,jarnboas,ym_2,yː->ʉ̟ː,yː,ʉ̟ː,117.0,378.0,10.203868683987409,20.998149228774764,16.744258822344595,18.871204025559678,5.949978277557237,-4.2538904064301715
pca,speaker,jarnboas,ym_2,ʉ̟ː->øː,ʉ̟ː,øː,117.0,378.0,23.65566518158654,2.4807514507304265,-13.927021670736632,-5.723135110003104,7.247892060119484,-16.407773121467056
pca,speaker,jarnboas,ym_3,uː->oː,uː,oː,117.0,378.0,7.573081840041759,0.12127742135858915,-7.5281621103141605,-3.7034423444777858,-0.07635769163099149,-7.64943953167275
pca,speaker,jarnboas,ym_3,oː->ɑː,oː,ɑː,117.0,378.0,27.262853415824775,-17.342194284919778,4.747941418065552,-6.297126433427111,49.35298911881011,22.090135702985332
pca,speaker,jarnboas,ym_3,ɑː->æː,ɑː,æː,117.0,378.0,47.12769533944659,-0.400741526470407,2.816543456997686,1.2079009652636394,50.34498032291468,3.2172849834680903
pca,speaker,jarnboas,ym_3,æː->eː,æː,eː,117.0,378.0,24.183879714413216,-3.7279649758838356,1.9560311944270226,-0.8859668907284064,29.867875884724075,5.683996170310859
pca,speaker,jarnboas,ym_3,yː->ʉ̟ː,yː,ʉ̟ː,117.0,378.0,10.203868683987409,13.309641212576679,15.587983968827032,14.448812590701856,12.482211440237764,2.278342756250355
pca,speaker,jarnboas,ym_3,ʉ̟ː->øː,ʉ̟ː,øː,117.0,378.0,23.65566518158654,-5.515783493916884,0.6638598551563916,-2.4259618193802464,29.835308530659816,6.179643349073277
pca,speaker,jarsnas,ym_1,uː->oː,uː,oː,113.0,452.0,7.573081840041759,4.677293050541982,5.93743470541783,5.307363877979905,8.833223494917606,1.2601416548758468
pca,speaker,jarsnas,ym_1,oː->ɑː,oː,ɑː,113.0,452.0,27.262853415824775,-1.6383583352877766,1.3810897935161075,-0.12863427088583537,30.282301544628663,3.0194481288038872
pca,speaker,jarsnas,ym_1,ɑː->æː,ɑː,æː,113.0,452.0,47.12769533944659,2.21087043797603,6.344381440830533,4.277625939403281,51.261206342301094,4.133511002854505
pca,speaker,jarsnas,ym_1,æː->eː,æː,eː,113.0,452.0,24.183879714413216,-3.3532171538773414,-11.039471714098783,-7.196344433988061,16.497625154191773,-7.6862545602214425
pca,speaker,jarsnas,ym_1,yː->ʉ̟ː,yː,ʉ̟ː,113.0,452.0,10.203868683987409,2.1288552923950763,-3.408986127677145,-0.6400654176410333,4.666027263915187,-5.537841420072222
pca,speaker,jarsnas,ym_1,ʉ̟ː->øː,ʉ̟ː,øː,113.0,452.0,23.65566518158654,-1.1748038683791806,7.729904139821786,3.277550135721303,32.560373189787505,8.904708008200966
pca,speaker,jarsnas,ym_2,uː->oː,uː,oː,113.0,452.0,7.573081840041759,4.799895223349952,-7.080966414208006,-1.1405355954290262,-4.307779797516199,-11.880861637557958
pca,speaker,jarsnas,ym_2,oː->ɑː,oː,ɑː,113.0,452.0,27.262853415824775,-12.394824463346593,-14.018129172580693,-13.206476817963646,25.63954870659068,-1.6233047092340946
pca,speaker,jarsnas,ym_2,ɑː->æː,ɑː,æː,113.0,452.0,47.12769533944659,-7.809930236721819,-4.90146658992315,-6.355698413322484,50.036158986245255,2.9084636467986655
pca,speaker,jarsnas,ym_2,æː->eː,æː,eː,113.0,452.0,24.183879714413216,11.85262624608869,10.30584211589132,11.079234180990005,22.637095584215846,-1.54678413019737
pca,speaker,jarsnas,ym_2,yː->ʉ̟ː,yː,ʉ̟ː,113.0,452.0,10.203868683987409,2.969872241915716,13.271195612773367,8.120533927344542,20.50519205484506,10.301323370857652
pca,speaker,jarsnas,ym_2,ʉ̟ː->øː,ʉ̟ː,øː,113.0,452.0,23.65566518158654,1.4156739769842936,-14.438873053341226,-6.511599538178466,7.801118151261021,-15.854547030325516
pca,speaker,jarsnas,ym_3,uː->oː,uː,oː,113.0,452.0,7.573081840041759,0.8498418312667683,-1.7108984645045087,-0.4305283166188699,5.012341544270482,-2.560740295771277
pca,speaker,jarsnas,ym_3,oː->ɑː,oː,ɑː,113.0,452.0,27.262853415824775,-4.175759853638193,-3.4795966312363507,-3.8276782424372717,27.95901663822662,0.696163222401843
pca,speaker,jarsnas,ym_3,ɑː->æː,ɑː,æː,113.0,452.0,47.12769533944659,-4.312477486955511,-3.889796935042245,-4.101137210998878,47.550375891359856,0.4226805519132668
pca,speaker,jarsnas,ym_3,æː->eː,æː,eː,113.0,452.0,24.183879714413216,-2.714430457795587,3.6360642816352717,0.4608169119198427,30.534374453844073,6.350494739430857
pca,speaker,jarsnas,ym_3,yː->ʉ̟ː,yː,ʉ̟ː,113.0,452.0,10.203868683987409,2.840018146415302,0.3662539640594901,1.6031360552373968,7.730104501631597,-2.4737641823558123
pca,speaker,jarsnas,ym_3,ʉ̟ː->øː,ʉ̟ː,øː,113.0,452.0,23.65566518158654,14.945283937926378,-2.3295956322960647,6.307844152815157,6.3807856113640975,-17.274879570222442
pca,speaker,karna,ym_1,uː->oː,uː,oː,53.0,448.0,7.573081840041759,14.711739039603975,10.388630559789853,12.550184799696915,3.249973360227635,-4.323108479814124
pca,speaker,karna,ym_1,oː->ɑː,oː,ɑː,53.0,448.0,27.262853415824775,14.895947084266787,6.659868075073597,10.777907579670194,19.02677440663159,-8.236079009193187
pca,speaker,karna,ym_1,ɑː->æː,ɑː,æː,53.0,448.0,47.12769533944659,5.4273969334095895,11.860543486758168,8.643970210083879,53.56084189279517,6.433146553348578
pca,speaker,karna,ym_1,æː->eː,æː,eː,53.0,448.0,24.183879714413216,-6.605981891845421,-11.967436776154939,-9.28670933400018,18.822424830103696,-5.36145488430952
pca,speaker,karna,ym_1,yː->ʉ̟ː,yː,ʉ̟ː,53.0,448.0,10.203868683987409,19.148268091654213,-9.10598252801698,5.021142781818616,-18.05038193568378,-28.25425061967119
pca,speaker,karna,ym_1,ʉ̟ː->øː,ʉ̟ː,øː,53.0,448.0,23.65566518158654,14.074762322810018,14.797178984474728,14.435970653642373,24.378081843251252,0.7224166616647132
pca,speaker,karna,ym_2,uː->oː,uː,oː,53.0,448.0,7.573081840041759,4.641375865989747,6.388026525091812,5.5147011955407805,9.319732499143823,1.7466506591020643
pca,speaker,karna,ym_2,oː->ɑː,oː,ɑː,53.0,448.0,27.262853415824775,6.428490865372094,-0.9906899821595241,2.7189004416062854,19.84367256829316,-7.419180847531614
pca,speaker,karna,ym_2,ɑː->æː,ɑː,æː,53.0,448.0,47.12769533944659,-7.247585494595859,-9.444885776975667,-8.346235635785764,44.93039505706678,-2.197300282379807
pca,speaker,karna,ym_2,æː->eː,æː,eː,53.0,448.0,24.183879714413216,0.6654196178573114,-8.140592681043382,-3.7375865315930357,15.37786741551252,-8.806012298900695
pca,speaker,karna,ym_2,yː->ʉ̟ː,yː,ʉ̟ː,53.0,448.0,10.203868683987409,6.648213974473912,-2.0898756499933966,2.2791691622402586,1.4657790595200997,-8.738089624467309
pca,speaker,karna,ym_2,ʉ̟ː->øː,ʉ̟ː,øː,53.0,448.0,23.65566518158654,1.7072711690386928,-2.36868026389222,-0.3307045474267638,19.579713748655628,-4.075951432930911
pca,speaker,karna,ym_3,uː->oː,uː,oː,53.0,448.0,7.573081840041759,8.80404915121128,10.31385870268589,9.558953926948584,9.082891391516368,1.5098095514746088
pca,speaker,karna,ym_3,oː->ɑː,oː,ɑː,53.0,448.0,27.262853415824775,26.62861730860454,9.70696636805679,18.167791838330665,10.34120247527703,-16.921650940547746
pca,speaker,karna,ym_3,ɑː->æː,ɑː,æː,53.0,448.0,47.12769533944659,8.2672160748826,11.405787481594944,9.836501778238773,50.266266746158934,3.1385714067123445
pca,speaker,karna,ym_3,æː->eː,æː,eː,53.0,448.0,24.183879714413216,-1.178893958401516,0.7480800151890951,-0.21540697160621014,26.110853688003825,1.9269739735906093
pca,speaker,karna,ym_3,yː->ʉ̟ː,yː,ʉ̟ː,53.0,448.0,10.203868683987409,-9.008072254978583,-22.09504094823776,-15.551556601608167,-2.8831000092717636,-13.086968693259173
pca,speaker,karna,ym_3,ʉ̟ː->øː,ʉ̟ː,øː,53.0,448.0,23.65566518158654,16.054207405933177,11.145675162290011,13.599941284111594,18.747132937943377,-4.908532243643162
pca,speaker,karsta,ym_1,uː->oː,uː,oː,186.0,377.0,7.573081840041759,-7.910965745138586,-11.61978568603966,-9.765375715589123,3.8642618991406845,-3.7088199409010745
pca,speaker,karsta,ym_1,oː->ɑː,oː,ɑː,186.0,377.0,27.262853415824775,-23.215769680321735,-12.977744987248624,-18.096757333785177,37.50087810889789,10.238024693073118
pca,speaker,karsta,ym_1,ɑː->æː,ɑː,æː,186.0,377.0,47.12769533944659,-9.749594317392253,-22.268916562423936,-16.009255439908095,34.6083730944149,-12.519322245031688
pca,speaker,karsta,ym_1,æː->eː,æː,eː,186.0,377.0,24.183879714413216,16.746177757834733,7.801380212624342,12.273778985229539,15.239082169202822,-8.944797545210394
pca,speaker,karsta,ym_1,yː->ʉ̟ː,yː,ʉ̟ː,186.0,377.0,10.203868683987409,-3.641704934665703,0.6358102164710593,-1.5029473590973224,14.48138383512417,4.277515151136761
pca,speaker,karsta,ym_1,ʉ̟ː->øː,ʉ̟ː,øː,186.0,377.0,23.65566518158654,0.13636496605464615,-9.588037222264479,-4.725836128104916,13.931262993267417,-9.724402188319122
pca,speaker,karsta,ym_2,uː->oː,uː,oː,186.0,377.0,7.573081840041759,7.286097296135043,-10.763296225663604,-1.7385994647642806,-10.47631168175689,-18.04939352179865
pca,speaker,karsta,ym_2,oː->ɑː,oː,ɑː,186.0,377.0,27.262853415824775,-15.062739060165066,-18.928407670573534,-16.995573365369296,23.39718480541631,-3.8656686104084663
pca,speaker,karsta,ym_2,ɑː->æː,ɑː,æː,186.0,377.0,47.12769533944659,-27.826224939078106,-7.957362935047939,-17.89179393706302,66.99655734347675,19.868862004030163
pca,speaker,karsta,ym_2,æː->eː,æː,eː,186.0,377.0,24.183879714413216,16.05248042116367,22.856845932240322,19.454663176702,30.98824522548987,6.804365511076654
pca,speaker,karsta,ym_2,yː->ʉ̟ː,yː,ʉ̟ː,186.0,377.0,10.203868683987409,18.478978753686,-2.1396127729181944,8.169682990383905,-10.414722842616786,-20.618591526604195
pca,speaker,karsta,ym_2,ʉ̟ː->øː,ʉ̟ː,øː,186.0,377.0,23.65566518158654,-2.791806540946537,-13.53897260084074,-8.165389570893637,12.908499121692339,-10.7471660598942
pca,speaker,karsta,ym_3,uː->oː,uː,oː,186.0,377.0,7.573081840041759,-7.051407048541129,-6.438307202590707,-6.744857125565918,8.186181685992182,0.6130998459504227
pca,speaker,karsta,ym_3,oː->ɑː,oː,ɑː,186.0,377.0,27.262853415824775,-18.192776153119574,12.39774841376614,-2.8975138696767178,57.85337798271049,30.590524566885716
pca,speaker,karsta,ym_3,ɑː->æː,ɑː,æː,186.0,377.0,47.12769533944659,16.790748090429155,-11.442033126304029,2.6743574820625637,18.89491412271341,-28.23278121673318
pca,speaker,karsta,ym_3,æː->eː,æː,eː,186.0,377.0,24.183879714413216,23.860901920014236,-0.9930038858805601,11.433949017066837,-0.6700260914815787,-24.853905805894794
pca,speaker,karsta,ym_3,yː->ʉ̟ː,yː,ʉ̟ː,186.0,377.0,10.203868683987409,15.611280999058385,6.48724880091986,11.049264899989124,1.0798364858488871,-9.124032198138522
pca,speaker,karsta,ym_3,ʉ̟ː->øː,ʉ̟ː,øː,186.0,377.0,23.65566518158654,-21.833930883432004,-9.846676385310717,-15.840303634371361,35.64291967970783,11.987254498121292
pca,speaker,korsberga,ym_1,uː->oː,uː,oː,100.0,432.0,7.573081840041759,-0.7530872063660351,-6.293841345449841,-3.523464275907938,2.032327700957953,-5.5407541390838055
pca,speaker,korsberga,ym_1,oː->ɑː,oː,ɑː,100.0,432.0,27.262853415824775,-0.9045192764065558,2.726015325049752,0.9107480243215963,30.893388017281087,3.6305346014563113
pca,speaker,korsberga,ym_1,ɑː->æː,ɑː,æː,100.0,432.0,47.12769533944659,2.0013466731332845,18.85535948510253,10.428353079117906,63.98170815141582,16.854012811969234
pca,speaker,korsberga,ym_1,æː->eː,æː,eː,100.0,432.0,24.183879714413216,-15.714159384748053,-2.325119644880512,-9.019639514814282,37.57291945428075,13.389039739867535
pca,speaker,korsberga,ym_1,yː->ʉ̟ː,yː,ʉ̟ː,100.0,432.0,10.203868683987409,-19.50341966683092,-10.977675924242964,-15.240547795536939,18.72961242657536,8.525743742587952
pca,speaker,korsberga,ym_1,ʉ̟ː->øː,ʉ̟ː,øː,100.0,432.0,23.65566518158654,9.162827925351838,2.7262545583433684,5.944541241847603,17.21909181457807,-6.436573367008467
pca,speaker,korsberga,ym_2,uː->oː,uː,oː,100.0,432.0,7.573081840041759,-0.9738137652682607,4.966562783075318,1.996374508903529,13.513458388385336,5.940376548343577
pca,speaker,korsberga,ym_2,oː->ɑː,oː,ɑː,100.0,432.0,27.262853415824775,-4.082631267391508,-1.033027321874757,-2.5578292946331334,30.31245736134153,3.049603945516754
pca,speaker,korsberga,ym_2,ɑː->æː,ɑː,æː,100.0,432.0,47.12769533944659,1.2137697397730425,2.234959597393856,1.7243646685834488,48.1488851970674,1.0211898576208114
pca,speaker,korsberga,ym_2,æː->eː,æː,eː,100.0,432.0,24.183879714413216,-6.423081380588856,3.0504790158390365,-1.6863011823749101,33.65744011084111,9.473560396427892
pca,speaker,korsberga,ym_2,yː->ʉ̟ː,yː,ʉ̟ː,100.0,432.0,10.203868683987409,-4.287130521625552,-2.1987849358819416,-3.2429577287537463,12.29221426973102,2.0883455857436104
pca,speaker,korsberga,ym_2,ʉ̟ː->øː,ʉ̟ː,øː,100.0,432.0,23.65566518158654,2.5357314963837974,-0.7091107020109972,0.9133103971863995,20.410822983191746,-3.2448421983947924
pca,speaker,korsberga,ym_3,uː->oː,uː,oː,100.0,432.0,7.573081840041759,-14.435759778214965,-2.5313496964247473,-8.483554737319857,19.47749192183198,11.904410081790221
pca,speaker,korsberga,ym_3,oː->ɑː,oː,ɑː,100.0,432.0,27.262853415824775,6.8146288168078915,-6.783953690645965,0.01533756308096321,13.664270908370922,-13.598582507453854
pca,speaker,korsberga,ym_3,ɑː->æː,ɑː,æː,100.0,432.0,47.12769533944659,-3.036154048619843,4.472457104245898,0.7181515278130272,54.63630649231233,7.50861115286574
pca,speaker,korsberga,ym_3,æː->eː,æː,eː,100.0,432.0,24.183879714413216,-2.267381096374294,7.611032842592474,2.6718258731090896,34.06229365337998,9.878413938966766
pca,speaker,korsberga,ym_3,yː->ʉ̟ː,yː,ʉ̟ː,100.0,432.0,10.203868683987409,-2.336734856933452,-5.030499338300886,-3.6836170976171685,7.510104202619974,-2.6937644813674346
pca,speaker,korsberga,ym_3,ʉ̟ː->øː,ʉ̟ː,øː,100.0,432.0,23.65566518158654,-3.849714833141425,-4.123098842080777,-3.9864068376111015,23.38228117264719,-0.2733840089393489
pca,speaker,kramfors,ym_1,uː->oː,uː,oː,173.0,248.0,7.573081840041759,2.403613633789759,4.242951559882037,3.3232825968358983,9.412419766134038,1.8393379260922789
pca,speaker,kramfors,ym_1,oː->ɑː,oː,ɑː,173.0,248.0,27.262853415824775,-2.4024249217592932,-16.687608095205785,-9.545016508482538,12.977670242378286,-14.28518317344649
pca,speaker,kramfors,ym_1,ɑː->æː,ɑː,æː,173.0,248.0,47.12769533944659,-21.249485749939208,-3.1190418411112155,-12.18426379552521,65.25813924827457,18.130443908827985
pca,speaker,kramfors,ym_1,æː->eː,æː,eː,173.0,248.0,24.183879714413216,2.0244279671819476,0.7776288530417917,1.4010284101118695,22.937080600273056,-1.2467991141401598
pca,speaker,kramfors,ym_1,yː->ʉ̟ː,yː,ʉ̟ː,173.0,248.0,10.203868683987409,8.259480995732861,12.356869274963342,10.308175135348103,14.301256963217888,4.097388279230479
pca,speaker,kramfors,ym_1,ʉ̟ː->øː,ʉ̟ː,øː,173.0,248.0,23.65566518158654,-23.19391301106034,-12.651210089794924,-17.92256155042763,34.19836810285196,10.54270292126542
pca,speaker,kramfors,ym_3,uː->oː,uː,oː,173.0,248.0,7.573081840041759,-0.3896524465674681,0.8754379554267284,0.2428927544296303,8.838172242035956,1.2650904019941969
pca,speaker,kramfors,ym_3,oː->ɑː,oː,ɑː,173.0,248.0,27.262853415824775,7.4595923015042045,2.3613654134064737,4.910478857455339,22.164626527727048,-5.098226888097727
pca,speaker,kramfors,ym_3,ɑː->æː,ɑː,æː,173.0,248.0,47.12769533944659,-0.06907672610827957,1.3263142107328374,0.6286187423122791,48.52308627628771,1.3953909368411175
pca,speaker,kramfors,ym_3,æː->eː,æː,eː,173.0,248.0,24.183879714413216,-5.777736518106405,-11.809824988177528,-8.793780753141968,18.15179124434209,-6.032088470071127
pca,speaker,kramfors,ym_3,yː->ʉ̟ː,yː,ʉ̟ː,173.0,248.0,10.203868683987409,-2.991473497261079,-6.2552729308160195,-4.623373214038549,6.940069250432468,-3.263799433554941
pca,speaker,kramfors,ym_3,ʉ̟ː->øː,ʉ̟ː,øː,173.0,248.0,23.65566518158654,3.2423090255426423,2.29214951628077,2.7672292709117055,22.705505672324666,-0.9501595092618729
pca,speaker,kramfors,ym_4,uː->oː,uː,oː,173.0,248.0,7.573081840041759,2.8761045636362477,-5.694042992446869,-1.4089692144053105,-0.9970657160413573,-8.570147556083116
pca,speaker,kramfors,ym_4,oː->ɑː,oː,ɑː,173.0,248.0,27.262853415824775,7.954746424817258,9.816999011665159,8.88587271824121,29.125106002672677,1.8622525868479016
pca,speaker,kramfors,ym_4,ɑː->æː,ɑː,æː,173.0,248.0,47.12769533944659,19.16383705264132,15.382432796874637,17.27313492475798,43.34629108367991,-3.781404255766681
pca,speaker,kramfors,ym_4,æː->eː,æː,eː,173.0,248.0,24.183879714413216,-3.0193206033389215,-5.188956019688775,-4.1041383115138474,22.01424429806336,-2.1696354163498555
pca,speaker,kramfors,ym_4,yː->ʉ̟ː,yː,ʉ̟ː,173.0,248.0,10.203868683987409,-16.70318354781773,-17.31061381908775,-17.006898683452736,9.596438412717392,-0.607430271270017
pca,speaker,kramfors,ym_4,ʉ̟ː->øː,ʉ̟ː,øː,173.0,248.0,23.65566518158654,10.345790126197803,4.610048615176562,7.477919370687184,17.9199236705653,-5.735741511021239
pca,speaker,kyrkslatt,ym_1,uː->oː,uː,oː,310.0,347.0,7.573081840041759,-16.421439234261893,2.118951346265301,-7.151243943998295,26.113472420568954,18.540390580527195
pca,speaker,kyrkslatt,ym_1,oː->ɑː,oː,ɑː,310.0,347.0,27.262853415824775,7.219159853354789,12.890044708346668,10.05460228085073,32.933738270816654,5.670884854991879
pca,speaker,kyrkslatt,ym_1,ɑː->æː,ɑː,æː,310.0,347.0,47.12769533944659,16.295965572049187,-1.1160285663081735,7.589968502870508,29.715701201089228,-17.41199413835736
pca,speaker,kyrkslatt,ym_1,æː->eː,æː,eː,310.0,347.0,24.183879714413216,17.038986994689484,-4.08506606000008,6.476960467344703,3.0598266597236488,-21.12405305468957
pca,speaker,kyrkslatt,ym_1,yː->ʉ̟ː,yː,ʉ̟ː,310.0,347.0,10.203868683987409,-11.144459150886805,21.339371237165274,5.097456043139236,42.687699072039486,32.48383038805208
pca,speaker,kyrkslatt,ym_1,ʉ̟ː->øː,ʉ̟ː,øː,310.0,347.0,23.65566518158654,-14.633508181427429,-3.4437913383097563,-9.038649759868594,34.845382024704215,11.189716843117676
pca,speaker,kyrkslatt,ym_2,uː->oː,uː,oː,310.0,347.0,7.573081840041759,-21.242770541157117,-1.658071764103443,-11.450421152630282,27.157780617095437,19.584698777053678
pca,speaker,kyrkslatt,ym_2,oː->ɑː,oː,ɑː,310.0,347.0,27.262853415824775,-12.6864895293375,2.292502789523883,-5.196993369906808,42.24184573468616,14.978992318861383
pca,speaker,kyrkslatt,ym_2,ɑː->æː,ɑː,æː,310.0,347.0,47.12769533944659,6.379374055009868,-14.667815568910745,-4.144220756950437,26.080505715525973,-21.047189623920616
pca,speaker,kyrkslatt,ym_2,æː->eː,æː,eː,310.0,347.0,24.183879714413216,33.39291856515848,15.84640929451083,24.61966392983466,6.637370443765558,-17.546509270647658
pca,speaker,kyrkslatt,ym_2,yː->ʉ̟ː,yː,ʉ̟ː,310.0,347.0,10.203868683987409,10.724594197923563,37.77480107851632,24.249697638219942,37.25407556458017,27.05020688059276
pca,speaker,kyrkslatt,ym_2,ʉ̟ː->øː,ʉ̟ː,øː,310.0,347.0,23.65566518158654,-39.3693344013828,-21.16853629835164,-30.26893534986722,41.8564632846177,18.200798103031165
pca,speaker,kyrkslatt,ym_3,uː->oː,uː,oː,310.0,347.0,7.573081840041759,-18.715262446608282,7.5875818921772815,-5.563840277215498,33.87592617882732,26.30284433878556
pca,speaker,kyrkslatt,ym_3,oː->ɑː,oː,ɑː,310.0,347.0,27.262853415824775,16.303773989118486,25.095355500518956,20.699564744818723,36.05443492722525,8.791581511400477
pca,speaker,kyrkslatt,ym_3,ɑː->æː,ɑː,æː,310.0,347.0,47.12769533944659,26.06805268769569,0.3925260075209998,13.230289347608343,21.4521686592719,-25.675526680174688
pca,speaker,kyrkslatt,ym_3,æː->eː,æː,eː,310.0,347.0,24.183879714413216,19.93441829588942,-8.346189980091353,5.794114157899032,-4.0967285615675575,-28.280608275980775
pca,speaker,kyrkslatt,ym_3,yː->ʉ̟ː,yː,ʉ̟ː,310.0,347.0,10.203868683987409,-5.559224230541085,27.582551397928462,11.011663583693688,43.345644312456955,33.141775628469546
pca,speaker,kyrkslatt,ym_3,ʉ̟ː->øː,ʉ̟ː,øː,310.0,347.0,23.65566518158654,-4.980143355168743,-5.312868344176254,-5.146505849672498,23.322940192579036,-0.33272498900750236
pca,speaker,lanna,ym_1,uː->oː,uː,oː,161.0,393.0,7.573081840041759,0.502279160431173,0.7142945043114609,0.6082868323713173,7.785097183922047,0.21201534388028787
pca,speaker,lanna,ym_1,oː->ɑː,oː,ɑː,161.0,393.0,27.262853415824775,-4.191978097146425,4.005351363944043,-0.09331336660119237,35.46018287691525,8.197329461090472
pca,speaker,lanna,ym_1,ɑː->æː,ɑː,æː,161.0,393.0,47.12769533944659,3.2399644501974514,-31.898274572044244,-14.329155060923396,11.989456317204896,-35.13823902224169
pca,speaker,lanna,ym_1,æː->eː,æː,eː,161.0,393.0,24.183879714413216,-0.7759792414960134,2.207248264109636,0.7156345113068118,27.167107220018863,2.9832275056056474
pca,speaker,lanna,ym_1,yː->ʉ̟ː,yː,ʉ̟ː,161.0,393.0,10.203868683987409,0.8173383821947602,9.796065956975955,5.306702169585359,19.182596258768605,8.978727574781196
pca,speaker,lanna,ym_1,ʉ̟ː->øː,ʉ̟ː,øː,161.0,393.0,23.65566518158654,1.4118372744246626,8.754467121067544,5.083152197746105,30.99829502822943,7.34262984664289
pca,speaker,lanna,ym_2,uː->oː,uː,oː,161.0,393.0,7.573081840041759,-7.683537863002633,-11.842324090484444,-9.76293097674354,3.414295612559948,-4.15878622748181
pca,speaker,lanna,ym_2,oː->ɑː,oː,ɑː,161.0,393.0,27.262853415824775,-2.3431074851404365,5.365331163983119,1.51111183942134,34.97129206494834,7.708438649123561
pca,speaker,lanna,ym_2,ɑː->æː,ɑː,æː,161.0,393.0,47.12769533944659,0.8069352898553008,18.77328204460993,9.790108667232616,65.09404209420121,17.966346754754625
pca,speaker,lanna,ym_2,æː->eː,æː,eː,161.0,393.0,24.183879714413216,-22.062195941780175,-5.776228002463916,-13.919211972122048,40.469847653729474,16.285967939316258
pca,speaker,lanna,ym_2,yː->ʉ̟ː,yː,ʉ̟ː,161.0,393.0,10.203868683987409,6.4383739244844,-3.862242604421157,1.288065660031622,-0.09674784491814754,-10.300616528905556
pca,speaker,lanna,ym_2,ʉ̟ː->øː,ʉ̟ː,øː,161.0,393.0,23.65566518158654,14.799169493026692,13.187504763773788,13.993337128400242,22.044000452333634,-1.6116647292529045
pca,speaker,leksand,ym_2,uː->oː,uː,oː,120.0,335.0,7.573081840041759,7.900641625185962,9.565356194173912,8.732998909679935,9.237796409029709,1.6647145689879501
pca,speaker,leksand,ym_2,oː->ɑː,oː,ɑː,120.0,335.0,27.262853415824775,23.713365971051463,7.848830471691594,15.78109822137153,11.398317916464908,-15.864535499359867
pca,speaker,leksand,ym_2,ɑː->æː,ɑː,æː,120.0,335.0,47.12769533944659,3.507135860343775,17.40443014141153,10.455783000877652,61.02498962051435,13.897294281067758
pca,speaker,leksand,ym_2,æː->eː,æː,eː,120.0,335.0,24.183879714413216,-10.377975217560051,-17.474232765957268,-13.92610399175866,17.087622166015997,-7.096257548397219
pca,speaker,leksand,ym_2,yː->ʉ̟ː,yː,ʉ̟ː,120.0,335.0,10.203868683987409,-12.537067858657121,-9.596715648329127,-11.066891753493124,13.144220894315403,2.940352210327994
pca,speaker,leksand,ym_2,ʉ̟ː->øː,ʉ̟ː,øː,120.0,335.0,23.65566518158654,14.675215677927415,21.134551858545468,17.90488376823644,30.115001362204595,6.459336180618056
pca,speaker,leksand,ym_4,uː->oː,uː,oː,120.0,335.0,7.573081840041759,1.814099242360108,-5.28081775663756,-1.7333592571387255,0.47816484104409157,-7.094916998997667
pca,speaker,leksand,ym_4,oː->ɑː,oː,ɑː,120.0,335.0,27.262853415824775,6.266538466027141,9.214955006226152,7.740746736126648,30.211269956023788,2.9484165401990126
pca,speaker,leksand,ym_4,ɑː->æː,ɑː,æː,120.0,335.0,47.12769533944659,12.398182816306042,21.088275860841474,16.74322933857376,55.81778838398203,8.690093044535438
pca,speaker,leksand,ym_4,æː->eː,æː,eː,120.0,335.0,24.183879714413216,-7.5324762552270705,-5.643988232417975,-6.588232243822524,26.07236773722231,1.8884880228090957
pca,speaker,leksand,ym_4,yː->ʉ̟ː,yː,ʉ̟ː,120.0,335.0,10.203868683987409,-16.32889254641168,-14.069255636556242,-15.199074091483961,12.463505593842847,2.2596369098554376
pca,speaker,leksand,ym_4,ʉ̟ː->øː,ʉ̟ː,øː,120.0,335.0,23.65566518158654,2.4194305033813004,8.085782655512288,5.252606579446793,29.32201733371753,5.66635215213099
pca,speaker,loderup,ym_1,uː->oː,uː,oː,98.0,543.0,7.573081840041759,0.10770712447881643,11.570898035577532,5.839302580028173,19.036272751140473,11.463190911098714
pca,speaker,loderup,ym_1,oː->ɑː,oː,ɑː,98.0,543.0,27.262853415824775,59.579876986394666,11.308391925603921,35.44413445599929,-21.00863164496596,-48.27148506079074
pca,speaker,loderup,ym_1,ɑː->æː,ɑː,æː,98.0,543.0,47.12769533944659,10.303361267523567,-1.8995094982739673,4.201925884624799,34.924824573649055,-12.202870765797535
pca,speaker,loderup,ym_1,æː->eː,æː,eː,98.0,543.0,24.183879714413216,-10.830348825773585,-31.972602944019616,-21.401475884896602,3.0416255961671834,-21.142254118246033
pca,speaker,loderup,ym_1,yː->ʉ̟ː,yː,ʉ̟ː,98.0,543.0,10.203868683987409,-3.0685689613290954,-2.012746658598893,-2.5406578099639923,11.25969098671761,1.055822302730201
pca,speaker,loderup,ym_1,ʉ̟ː->øː,ʉ̟ː,øː,98.0,543.0,23.65566518158654,32.5435105122758,23.117069900092943,27.830290206184372,14.229224569403682,-9.426440612182857
pca,speaker,loderup,ym_2,uː->oː,uː,oː,98.0,543.0,7.573081840041759,-1.9545952455705506,12.22559240986068,5.135498582145064,21.75326949547299,14.18018765543123
pca,speaker,loderup,ym_2,oː->ɑː,oː,ɑː,98.0,543.0,27.262853415824775,33.345771808911785,-1.356044825566913,15.994863491672435,-7.438963218653917,-34.70181663447869
pca,speaker,loderup,ym_2,ɑː->æː,ɑː,æː,98.0,543.0,47.12769533944659,-8.228855367270603,6.528176922130037,-0.8503392225702827,61.88472762884723,14.757032289400641
pca,speaker,loderup,ym_2,æː->eː,æː,eː,98.0,543.0,24.183879714413216,5.046193564362947,-16.001233053439357,-5.477519744538205,3.1364530966109103,-21.047426617802305
pca,speaker,loderup,ym_2,yː->ʉ̟ː,yː,ʉ̟ː,98.0,543.0,10.203868683987409,1.8164385290334097,18.6291736720642,10.222806100548807,27.0166038270182,16.812735143030793
pca,speaker,loderup,ym_2,ʉ̟ː->øː,ʉ̟ː,øː,98.0,543.0,23.65566518158654,0.9145666525987646,2.318861902990319,1.6167142777945427,25.059960431978098,1.4042952503915593
pca,speaker,loderup,ym_3,uː->oː,uː,oː,98.0,543.0,7.573081840041759,-7.285644210355535,12.672825858681811,2.693590824163138,27.531551909079106,19.958470069037347
pca,speaker,loderup,ym_3,oː->ɑː,oː,ɑː,98.0,543.0,27.262853415824775,46.911404877020864,24.892252940196688,35.90182890860877,5.243701479000603,-22.019151936824173
pca,speaker,loderup,ym_3,ɑː->æː,ɑː,æː,98.0,543.0,47.12769533944659,24.139159495615583,-1.8129832577399365,11.163088118937825,21.17555258609107,-25.95214275335552
pca,speaker,loderup,ym_3,æː->eː,æː,eː,98.0,543.0,24.183879714413216,-15.482534109695608,-33.205319189664536,-24.343926649680075,6.461094634444285,-17.72278507996893
pca,speaker,loderup,ym_3,yː->ʉ̟ː,yː,ʉ̟ː,98.0,543.0,10.203868683987409,2.6333597118804386,15.92190530000923,9.277632505944835,23.4924142721162,13.288545588128791
pca,speaker,loderup,ym_3,ʉ̟ː->øː,ʉ̟ː,øː,98.0,543.0,23.65566518158654,21.997081351106893,23.24102899035936,22.619055170733123,24.899612820839007,1.2439476392524682
pca,speaker,malung,ym_1,uː->oː,uː,oː,96.0,337.0,7.573081840041759,-18.188809243920126,-1.294742655989746,-9.741775949954938,24.46714842797214,16.894066587930382
pca,speaker,malung,ym_1,oː->ɑː,oː,ɑː,96.0,337.0,27.262853415824775,-1.932155792433637,11.108636388245763,4.5882402979060615,40.303645596504175,13.0407921806794
pca,speaker,malung,ym_1,ɑː->æː,ɑː,æː,96.0,337.0,47.12769533944659,13.930172407729035,-2.1545212239432763,5.88782559189288,31.04300170777428,-16.08469363167231
pca,speaker,malung,ym_1,æː->eː,æː,eː,96.0,337.0,24.183879714413216,24.68046423231247,7.171930993380522,15.926197612846495,6.675346475481267,-17.50853323893195
pca,speaker,malung,ym_1,yː->ʉ̟ː,yː,ʉ̟ː,96.0,337.0,10.203868683987409,-1.4344457643817128,20.35167104478264,9.458612640200469,31.98998549315176,21.78611680916435
pca,speaker,malung,ym_1,ʉ̟ː->øː,ʉ̟ː,øː,96.0,337.0,23.65566518158654,-21.80302188980378,-14.094810304127714,-17.948916096965746,31.363876767262607,7.708211585676068
pca,speaker,malung,ym_2,uː->oː,uː,oː,96.0,337.0,7.573081840041759,-11.20417924542621,-0.2747712041987359,-5.739475224812473,18.502489881269234,10.929408041227475
pca,speaker,malung,ym_2,oː->ɑː,oː,ɑː,96.0,337.0,27.262853415824775,6.3888849198959035,10.850563215702548,8.619724067799226,31.724531711631425,4.461678295806649
pca,speaker,malung,ym_2,ɑː->æː,ɑː,æː,96.0,337.0,47.12769533944659,11.908526531251129,9.200940858571117,10.554733694911125,44.42010966676658,-2.707585672680011
pca,speaker,malung,ym_2,æː->eː,æː,eː,96.0,337.0,24.183879714413216,25.90883079723803,8.649602384394566,17.279216590816297,6.9246513015697495,-17.259228412843466
pca,speaker,malung,ym_2,yː->ʉ̟ː,yː,ʉ̟ː,96.0,337.0,10.203868683987409,-5.291811853076826,-11.980683234891675,-8.63624754398425,3.51499730217256,-6.688871381814849
pca,speaker,malung,ym_2,ʉ̟ː->øː,ʉ̟ː,øː,96.0,337.0,23.65566518158654,4.635805577611971,-3.5819056339832827,0.526949971814344,15.437953969991286,-8.217711211595253
pca,speaker,malung,ym_3,uː->oː,uː,oː,96.0,337.0,7.573081840041759,-16.393729266553326,-3.8394440469230755,-10.116586656738201,20.12736705967201,12.554285219630252
pca,speaker,malung,ym_3,oː->ɑː,oː,ɑː,96.0,337.0,27.262853415824775,-3.1232349794783705,-13.773922303670854,-8.448578641574615,16.612166091632297,-10.650687324192479
pca,speaker,malung,ym_3,ɑː->æː,ɑː,æː,96.0,337.0,47.12769533944659,-9.723751650072604,-5.750620365413207,-7.737186007742906,51.100826624105984,3.973131284659395
pca,speaker,malung,ym_3,æː->eː,æː,eː,96.0,337.0,24.183879714413216,28.919942732341855,14.856293443386273,21.888118087864065,10.120230425457633,-14.063649288955583
pca,speaker,malung,ym_3,yː->ʉ̟ː,yː,ʉ̟ː,96.0,337.0,10.203868683987409,14.224001788007056,16.53310954168362,15.378555664845337,12.512976437663974,2.3091077536765656
pca,speaker,malung,ym_3,ʉ̟ː->øː,ʉ̟ː,øː,96.0,337.0,23.65566518158654,-19.39670985202585,-18.370901295788855,-18.883805573907352,24.681473737823538,1.0258085562369992
pca,speaker,n_rorum,ym_1,uː->oː,uː,oː,84.0,522.0,7.573081840041759,-4.74750188686936,-2.7951254011248903,-3.771313643997124,9.525458325786229,1.9523764857444696
pca,speaker,n_rorum,ym_1,oː->ɑː,oː,ɑː,84.0,522.0,27.262853415824775,25.53569984231617,9.663419504923889,17.59955967362003,11.390573078432498,-15.872280337392278
pca,speaker,n_rorum,ym_1,ɑː->æː,ɑː,æː,84.0,522.0,47.12769533944659,8.954765109772783,12.503217079376325,10.728991094574553,50.67614730905013,3.5484519696035406
pca,speaker,n_rorum,ym_1,æː->eː,æː,eː,84.0,522.0,24.183879714413216,-4.762851651233871,-5.011224514893996,-4.887038083063933,23.93550685075309,-0.24837286366012634
pca,speaker,n_rorum,ym_1,yː->ʉ̟ː,yː,ʉ̟ː,84.0,522.0,10.203868683987409,-15.3522636826569,3.907193938186582,-5.72253487223516,29.46332630483089,19.25945762084348
pca,speaker,n_rorum,ym_1,ʉ̟ː->øː,ʉ̟ː,øː,84.0,522.0,23.65566518158654,-13.495459548214537,-5.0554420316966695,-9.275450789955602,32.09568269810441,8.440017516517873
pca,speaker,n_rorum,ym_2,uː->oː,uː,oː,84.0,522.0,7.573081840041759,-6.351891960758974,7.056775855749309,0.3524419474951679,20.98174965655004,13.40866781650828
pca,speaker,n_rorum,ym_2,oː->ɑː,oː,ɑː,84.0,522.0,27.262853415824775,28.78252983538891,-0.24843103231927852,14.267049401534818,-1.7681074518834117,-29.03096086770819
pca,speaker,n_rorum,ym_2,ɑː->æː,ɑː,æː,84.0,522.0,47.12769533944659,3.574282695373989,-14.91747623029447,-5.671596767460241,28.63593641377813,-18.49175892566846
pca,speaker,n_rorum,ym_2,æː->eː,æː,eː,84.0,522.0,24.183879714413216,1.6042961458497709,-13.139426931752382,-5.767565392951306,9.44015663681106,-14.743723077602155
pca,speaker,n_rorum,ym_2,yː->ʉ̟ː,yː,ʉ̟ː,84.0,522.0,10.203868683987409,7.332888543408855,14.23443801557964,10.783663279494249,17.10541815615819,6.901549472170782
pca,speaker,n_rorum,ym_2,ʉ̟ː->øː,ʉ̟ː,øː,84.0,522.0,23.65566518158654,14.261870411177105,-0.895575880767377,6.683147265204863,8.49821888964206,-15.15744629194448
pca,speaker,narpes,ym_1,uː->oː,uː,oː,237.0,258.0,7.573081840041759,17.429993636303205,-5.578439007161743,5.925777314570733,-15.43535080342319,-23.00843264346495
pca,speaker,narpes,ym_1,oː->ɑː,oː,ɑː,237.0,258.0,27.262853415824775,-14.273510566743472,4.860211902377725,-4.706649332182873,46.396575884945975,19.1337224691212
pca,speaker,narpes,ym_1,ɑː->æː,ɑː,æː,237.0,258.0,47.12769533944659,1.9957349620145592,-28.82218941697222,-13.413227227478828,16.30977096045981,-30.817924378986778
pca,speaker,narpes,ym_1,æː->eː,æː,eː,237.0,258.0,24.183879714413216,38.29091741879102,-29.095622387313313,4.597647515738853,-43.202660091691115,-67.38653980610434
pca,speaker,narpes,ym_1,yː->ʉ̟ː,yː,ʉ̟ː,237.0,258.0,10.203868683987409,-0.21588270200517734,11.430894262257578,5.607505780126201,21.85064564825016,11.646776964262752
pca,speaker,narpes,ym_1,ʉ̟ː->øː,ʉ̟ː,øː,237.0,258.0,23.65566518158654,29.409458550721574,-26.519734659722015,1.4448619454997795,-32.27352802885705,-55.929193210443586
pca,speaker,narpes,ym_2,uː->oː,uː,oː,237.0,258.0,7.573081840041759,8.10004093501648,-0.9462141899404836,3.5769133725379985,-1.4731732849152044,-9.046255124956964
pca,speaker,narpes,ym_2,oː->ɑː,oː,ɑː,237.0,258.0,27.262853415824775,-4.125197232498049,16.345146081479257,6.109974424490604,47.73319672980208,20.470343313977306
pca,speaker,narpes,ym_2,ɑː->æː,ɑː,æː,237.0,258.0,47.12769533944659,27.96204260882484,-5.6355507585396065,11.163245925142618,13.53010197208214,-33.59759336736445
pca,speaker,narpes,ym_2,æː->eː,æː,eː,237.0,258.0,24.183879714413216,27.669746473347523,-37.458486875930994,-4.8943702012917365,-40.9443536348653,-65.12823334927852
pca,speaker,narpes,ym_2,yː->ʉ̟ː,yː,ʉ̟ː,237.0,258.0,10.203868683987409,-5.706796191626014,4.275302519613534,-0.7157468360062373,20.185967395226957,9.982098711239548
pca,speaker,narpes,ym_2,ʉ̟ː->øː,ʉ̟ː,øː,237.0,258.0,23.65566518158654,17.12360702932452,-13.255103326665413,1.9342518513295552,-6.723045174403395,-30.378710355989934
pca,speaker,narpes,ym_3,uː->oː,uː,oː,237.0,258.0,7.573081840041759,10.517897616122312,0.37604067780606704,5.44696914696419,-2.568775098274486,-10.141856938316245
pca,speaker,narpes,ym_3,oː->ɑː,oː,ɑː,237.0,258.0,27.262853415824775,-3.0998017860804903,4.702655555065346,0.8014268844924275,35.06531075697061,7.802457341145836
pca,speaker,narpes,ym_3,ɑː->æː,ɑː,æː,237.0,258.0,47.12769533944659,1.6373012002181322,-18.402572209029397,-8.38263550440563,27.08782193019906,-20.03987340924753
pca,speaker,narpes,ym_3,æː->eː,æː,eː,237.0,258.0,24.183879714413216,32.206703523248386,-30.754848873368076,0.7259273249401548,-38.777672682203246,-62.96155239661646
pca,speaker,narpes,ym_3,yː->ʉ̟ː,yː,ʉ̟ː,237.0,258.0,10.203868683987409,13.37753268343573,18.431192696358078,15.904362689896905,15.257528696909755,5.053660012922347
pca,speaker,narpes,ym_3,ʉ̟ː->øː,ʉ̟ː,øː,237.0,258.0,23.65566518158654,5.249698452724525,-15.011095186222304,-4.88069836674889,3.3948715426397125,-20.260793638946826
pca,speaker,nora,ym_1,uː->oː,uː,oː,160.0,357.0,7.573081840041759,-5.949554205613864,-2.6717116988006966,-4.310632952207279,10.850924346854926,3.277842506813167
pca,speaker,nora,ym_1,oː->ɑː,oː,ɑː,160.0,357.0,27.262853415824775,-19.481782900723637,3.315462895939923,-8.083160002391855,50.06009921248834,22.797245796663564
pca,speaker,nora,ym_1,ɑː->æː,ɑː,æː,160.0,357.0,47.12769533944659,6.779670673332191,-12.631419196594036,-2.925874261630922,27.71660546952036,-19.41108986992623
pca,speaker,nora,ym_1,æː->eː,æː,eː,160.0,357.0,24.183879714413216,2.9235729115910885,3.1394323881106145,3.0315026498508515,24.39973919093274,0.21585947651952253
pca,speaker,nora,ym_1,yː->ʉ̟ː,yː,ʉ̟ː,160.0,357.0,10.203868683987409,9.392085081956221,-1.0585603131172403,4.16676238441949,-0.2467767110860544,-10.450645395073463
pca,speaker,nora,ym_1,ʉ̟ː->øː,ʉ̟ː,øː,160.0,357.0,23.65566518158654,-8.420298053346263,-0.6760673632993763,-4.54818270832282,31.39989587163343,7.744230690046891
pca,speaker,nora,ym_2,uː->oː,uː,oː,160.0,357.0,7.573081840041759,-7.496518697232942,-6.772793694827532,-7.134656196030237,8.296806842447168,0.7237250024054092
pca,speaker,nora,ym_2,oː->ɑː,oː,ɑː,160.0,357.0,27.262853415824775,-15.937784484348454,-6.8145521547740024,-11.376168319561229,36.38608574539923,9.123232329574453
pca,speaker,nora,ym_2,ɑː->æː,ɑː,æː,160.0,357.0,47.12769533944659,-6.655087743999642,-18.160337763822834,-12.407712753911238,35.622445319623395,-11.505250019823194
pca,speaker,nora,ym_2,æː->eː,æː,eː,160.0,357.0,24.183879714413216,12.39976613282114,7.5718441018638805,9.98580511734251,19.355957683455955,-4.827922030957261
pca,speaker,nora,ym_2,yː->ʉ̟ː,yː,ʉ̟ː,160.0,357.0,10.203868683987409,21.080820160647605,17.647381402370147,19.364100781508874,6.770429925709953,-3.4334387582774557
pca,speaker,nora,ym_2,ʉ̟ː->øː,ʉ̟ː,øː,160.0,357.0,23.65566518158654,-18.85809740571493,-10.378530531935194,-14.618313968825063,32.135232055366274,8.479566873779735
pca,speaker,nora,ym_3,uː->oː,uː,oː,160.0,357.0,7.573081840041759,-8.10120763697276,-2.042651814508085,-5.0719297257404214,13.631637662506431,6.0585558224646725
pca,speaker,nora,ym_3,oː->ɑː,oː,ɑː,160.0,357.0,27.262853415824775,-4.194950885284326,-0.0090398310413762,-2.1019953581628514,31.44876447006773,4.185911054242954
pca,speaker,nora,ym_3,ɑː->æː,ɑː,æː,160.0,357.0,47.12769533944659,13.818281277820791,-15.973582397145442,-1.077650559662325,17.335831664480356,-29.791863674966233
pca,speaker,nora,ym_3,æː->eː,æː,eː,160.0,357.0,24.183879714413216,15.845315783755737,-7.945353519678877,3.9499811320384297,0.3932104109786026,-23.790669303434612
pca,speaker,nora,ym_3,yː->ʉ̟ː,yː,ʉ̟ː,160.0,357.0,10.203868683987409,-4.062180467567327,3.130723465387868,-0.4657285010897299,17.396772616942602,7.192903932955193
pca,speaker,nora,ym_3,ʉ̟ː->øː,ʉ̟ː,øː,160.0,357.0,23.65566518158654,-15.93967676938168,2.9953098328184127,-6.472183468281633,42.59065178378664,18.9349866022001
pca,speaker,nysatra,ym_1,uː->oː,uː,oː,228.0,188.0,7.573081840041759,0.027448857800963893,-1.1095347036760985,-0.5410429229375671,6.436098278564697,-1.136983561477062
pca,speaker,nysatra,ym_1,oː->ɑː,oː,ɑː,228.0,188.0,27.262853415824775,7.607141369942954,14.48954063759526,11.048341003769107,34.14525268347708,6.882399267652307
pca,speaker,nysatra,ym_1,ɑː->æː,ɑː,æː,228.0,188.0,47.12769533944659,14.709980079972961,2.9234534681704454,8.816716774071702,35.341168727644074,-11.786526611802515
pca,speaker,nysatra,ym_1,æː->eː,æː,eː,228.0,188.0,24.183879714413216,-9.495715352135559,-22.9874306295786,-16.24157299085708,10.692164436970172,-13.491715277443044
pca,speaker,nysatra,ym_1,yː->ʉ̟ː,yː,ʉ̟ː,228.0,188.0,10.203868683987409,1.8968259773219889,-6.461853552436379,-2.2825137875571944,1.845189154229041,-8.358679529758367
pca,speaker,nysatra,ym_1,ʉ̟ː->øː,ʉ̟ː,øː,228.0,188.0,23.65566518158654,11.559448348771058,5.687300168934663,8.623374258852861,17.783517001750145,-5.872148179836394
pca,speaker,nysatra,ym_2,uː->oː,uː,oː,228.0,188.0,7.573081840041759,-12.035038454768653,1.9985192854673783,-5.018259584650637,21.606639580277793,14.033557740236034
pca,speaker,nysatra,ym_2,oː->ɑː,oː,ɑː,228.0,188.0,27.262853415824775,7.036808331184391,17.591172009240534,12.313990170212463,37.81721709388092,10.554363678056145
pca,speaker,nysatra,ym_2,ɑː->æː,ɑː,æː,228.0,188.0,47.12769533944659,19.642180854199026,3.3621017385069316,11.502141296352981,30.847616223754493,-16.280079115692097
pca,speaker,nysatra,ym_2,æː->eː,æː,eː,228.0,188.0,24.183879714413216,-9.89660806744959,-3.743045905121216,-6.819826986285403,30.33744187674159,6.153562162328374
pca,speaker,nysatra,ym_2,yː->ʉ̟ː,yː,ʉ̟ː,228.0,188.0,10.203868683987409,10.717371937153734,6.325132457169062,8.521252197161395,5.811629204002737,-4.392239479984672
pca,speaker,nysatra,ym_2,ʉ̟ː->øː,ʉ̟ː,øː,228.0,188.0,23.65566518158654,-10.097643391632417,0.7491942800607235,-4.674224555785847,34.50250285327968,10.846837671693141
pca,speaker,nysatra,ym_3,uː->oː,uː,oː,228.0,188.0,7.573081840041759,-2.4936881603345373,0.5620260264040208,-0.9658310669652582,10.628796026780316,3.055714186738557
pca,speaker,nysatra,ym_3,oː->ɑː,oː,ɑː,228.0,188.0,27.262853415824775,-3.5110248126987673,0.9784726670498394,-1.2662760728244642,31.752350895573386,4.489497479748611
pca,speaker,nysatra,ym_3,ɑː->æː,ɑː,æː,228.0,188.0,47.12769533944659,-2.709866134112505,-13.526614758343547,-8.118240446228025,36.31094671521555,-10.816748624231039
pca,speaker,nysatra,ym_3,æː->eː,æː,eː,228.0,188.0,24.183879714413216,1.931490168307943,-6.774874613048234,-2.4216922223701456,15.477514933057037,-8.706364781356179
pca,speaker,nysatra,ym_3,yː->ʉ̟ː,yː,ʉ̟ː,228.0,188.0,10.203868683987409,-0.8187142020600015,-2.1446457338864806,-1.4816799679732404,8.87793715216093,-1.3259315318264786
pca,speaker,nysatra,ym_3,ʉ̟ː->øː,ʉ̟ː,øː,228.0,188.0,23.65566518158654,-5.0719770351702795,-9.482722699833008,-7.277349867501645,19.244919516923808,-4.4107456646627305
pca,speaker,ockelbo,ym_1,uː->oː,uː,oː,156.0,328.0,7.573081840041759,-9.563954642463637,0.6156780387949564,-4.474138301834339,17.75271452130035,10.179632681258592
pca,speaker,ockelbo,ym_1,oː->ɑː,oː,ɑː,156.0,328.0,27.262853415824775,-10.41262725952784,1.6919125685358585,-4.3603573454959905,39.36739324388847,12.104539828063697
pca,speaker,ockelbo,ym_1,ɑː->æː,ɑː,æː,156.0,328.0,47.12769533944659,-4.2241399813857,-7.0776055768700585,-5.650872779127879,44.27422974396223,-2.8534655954843586
pca,speaker,ockelbo,ym_1,æː->eː,æː,eː,156.0,328.0,24.183879714413216,-0.5301248062645258,-0.12964904521697937,-0.3298869257407521,24.58435547546076,0.4004757610475451
pca,speaker,ockelbo,ym_1,yː->ʉ̟ː,yː,ʉ̟ː,156.0,328.0,10.203868683987409,8.64429138207418,5.382796593148032,7.013543987611107,6.94237389506126,-3.261494788926149
pca,speaker,ockelbo,ym_1,ʉ̟ː->øː,ʉ̟ː,øː,156.0,328.0,23.65566518158654,-7.404141759427766,3.0337265518386562,-2.1852076037945554,34.09353349285296,10.437868311266424
pca,speaker,ockelbo,ym_2,uː->oː,uː,oː,156.0,328.0,7.573081840041759,-4.0955174017686815,0.2821520202181099,-1.9066826907752854,11.95075126202855,4.377669421986791
pca,speaker,ockelbo,ym_2,oː->ɑː,oː,ɑː,156.0,328.0,27.262853415824775,-2.144215541988152,2.310505647279348,0.08314505264559918,31.717574605092278,4.454721189267502
pca,speaker,ockelbo,ym_2,ɑː->æː,ɑː,æː,156.0,328.0,47.12769533944659,1.776359083347282,-2.9216684991393627,-0.5726547078960408,42.429667756959944,-4.698027582486645
pca,speaker,ockelbo,ym_2,æː->eː,æː,eː,156.0,328.0,24.183879714413216,-6.390510218881083,-7.278577647831789,-6.834543933356436,23.295812285462507,-0.8880674289507091
pca,speaker,ockelbo,ym_2,yː->ʉ̟ː,yː,ʉ̟ː,156.0,328.0,10.203868683987409,18.056814276127653,17.159967488104318,17.608390882115987,9.307021895964073,-0.8968467880233355
pca,speaker,ockelbo,ym_2,ʉ̟ː->øː,ʉ̟ː,øː,156.0,328.0,23.65566518158654,-10.099217125006964,7.754532173722366,-1.1723424756422993,41.50941448031587,17.85374929872933
pca,speaker,ockelbo,ym_3,uː->oː,uː,oː,156.0,328.0,7.573081840041759,-6.0936331961597485,1.7456983875566632,-2.1739674043015427,15.412413423758172,7.8393315837164135
pca,speaker,ockelbo,ym_3,oː->ɑː,oː,ɑː,156.0,328.0,27.262853415824775,7.150538323006019,14.859194320770673,11.004866321888345,34.97150941358943,7.708655997764655
pca,speaker,ockelbo,ym_3,ɑː->æː,ɑː,æː,156.0,328.0,47.12769533944659,22.459112078325607,3.605347531775095,13.032229805050351,28.273930792896078,-18.85376454655051
pca,speaker,ockelbo,ym_3,æː->eː,æː,eː,156.0,328.0,24.183879714413216,-4.231996193329283,-4.38475224482748,-4.308374219078381,24.031123662915018,-0.15275605149819782
pca,speaker,ockelbo,ym_3,yː->ʉ̟ː,yː,ʉ̟ː,156.0,328.0,10.203868683987409,5.853178668682316,-5.267599568685804,0.29278954999825685,-0.9169095533807122,-11.120778237368121
pca,speaker,ockelbo,ym_3,ʉ̟ː->øː,ʉ̟ː,øː,156.0,328.0,23.65566518158654,-0.7466639501639825,7.904670959828398,3.579003504832208,32.30700009157892,8.651334909992382
pca,speaker,orust,ym_1,uː->oː,uː,oː,49.0,436.0,7.573081840041759,-5.087555080967132,-8.143078268947317,-6.615316674957224,4.517558652061574,-3.055523187980185
pca,speaker,orust,ym_1,oː->ɑː,oː,ɑː,49.0,436.0,27.262853415824775,-20.63602913885339,-12.526553996868737,-16.581291567861065,35.37232855780943,8.109475141984657
pca,speaker,orust,ym_1,ɑː->æː,ɑː,æː,49.0,436.0,47.12769533944659,-8.863806457275173,-1.2945155324660853,-5.079160994870629,54.69698626425568,7.5692909248090885
pca,speaker,orust,ym_1,æː->eː,æː,eː,49.0,436.0,24.183879714413216,18.196449865331047,9.968406694735522,14.082428280033286,15.95583654381769,-8.228043170595527
pca,speaker,orust,ym_1,yː->ʉ̟ː,yː,ʉ̟ː,49.0,436.0,10.203868683987409,12.253150110590022,-2.9854232977388513,4.633863406425586,-5.034704724341463,-15.238573408328872
pca,speaker,orust,ym_1,ʉ̟ː->øː,ʉ̟ː,øː,49.0,436.0,23.65566518158654,-21.213373959479018,-12.13767917516657,-16.675526567322795,32.73135996589899,9.07569478431245
pca,speaker,orust,ym_2,uː->oː,uː,oː,49.0,436.0,7.573081840041759,4.798530790801318,5.774218943372891,5.286374867087104,8.54876999261333,0.9756881525715713
pca,speaker,orust,ym_2,oː->ɑː,oː,ɑː,49.0,436.0,27.262853415824775,-8.794461236962,-28.947679227824906,-18.871070232393453,7.109635424961873,-20.153217990862903
pca,speaker,orust,ym_2,ɑː->æː,ɑː,æː,49.0,436.0,47.12769533944659,-32.15721515903182,-14.771428580552737,-23.464321869792276,64.51348191792567,17.385786578479085
pca,speaker,orust,ym_2,æː->eː,æː,eː,49.0,436.0,24.183879714413216,16.71509465211061,6.457541303869709,11.586317977990161,13.926326366172312,-10.257553348240904
pca,speaker,orust,ym_2,yː->ʉ̟ː,yː,ʉ̟ː,49.0,436.0,10.203868683987409,16.234807028479906,11.55245584569245,13.89363143708618,5.521517501199951,-4.682351182787458
pca,speaker,orust,ym_2,ʉ̟ː->øː,ʉ̟ː,øː,49.0,436.0,23.65566518158654,-18.44934413173512,-10.265253758223723,-14.357298944979421,31.839755555097938,8.184090373511399
pca,speaker,orust,ym_3,uː->oː,uː,oː,49.0,436.0,7.573081840041759,0.4608897105144929,-2.509392098613107,-1.0242511940493069,4.6028000309141595,-2.9702818091275995
pca,speaker,orust,ym_3,oː->ɑː,oː,ɑː,49.0,436.0,27.262853415824775,-0.9613776906909882,-10.348831486549354,-5.655104588620172,17.875399619966412,-9.387453795858363
pca,speaker,orust,ym_3,ɑː->æː,ɑː,æː,49.0,436.0,47.12769533944659,-10.796029774837994,-15.296673136451195,-13.046351455644595,42.62705197783339,-4.5006433616132
pca,speaker,orust,ym_3,æː->eː,æː,eː,49.0,436.0,24.183879714413216,12.891029359292082,4.797007322140201,8.844018340716142,16.089857677261335,-8.09402203715188
pca,speaker,orust,ym_3,yː->ʉ̟ː,yː,ʉ̟ː,49.0,436.0,10.203868683987409,23.809735114037682,11.17521366324695,17.492474388642318,-2.4306527668033238,-12.634521450790732
pca,speaker,orust,ym_3,ʉ̟ː->øː,ʉ̟ː,øː,49.0,436.0,23.65566518158654,-12.42093158598286,-13.862823726111706,-13.141877656047285,22.213773041457692,-1.4418921401288465
pca,speaker,ossjo,ym_1,uː->oː,uː,oː,74.0,515.0,7.573081840041759,-5.214324155470638,7.179466960258673,0.9825714023940181,19.966872955771066,12.393791115729307
pca,speaker,ossjo,ym_1,oː->ɑː,oː,ɑː,74.0,515.0,27.262853415824775,31.338460562005732,-2.5104302716283127,14.414015145188708,-6.586037417809265,-33.84889083363404
pca,speaker,ossjo,ym_1,ɑː->æː,ɑː,æː,74.0,515.0,47.12769533944659,-2.6433708637798117,-0.8951981332495993,-1.7692844985147054,48.8758680699768,1.7481727305302073
pca,speaker,ossjo,ym_1,æː->eː,æː,eː,74.0,515.0,24.183879714413216,-5.000617387166909,-5.708035989621966,-5.354326688394439,23.47646111195816,-0.707418602455057
pca,speaker,ossjo,ym_1,yː->ʉ̟ː,yː,ʉ̟ː,74.0,515.0,10.203868683987409,3.632562167903061,16.267999872738866,9.950281020320963,22.839306388823214,12.635437704835805
pca,speaker,ossjo,ym_1,ʉ̟ː->øː,ʉ̟ː,øː,74.0,515.0,23.65566518158654,1.5045182873056335,-17.54200263731729,-8.018742175005826,4.609144256963619,-19.046520924622918
pca,speaker,ossjo,ym_2,uː->oː,uː,oː,74.0,515.0,7.573081840041759,-5.243288665136993,7.89922165431988,1.3279664945914433,20.71559215949863,13.142510319456871
pca,speaker,ossjo,ym_2,oː->ɑː,oː,ɑː,74.0,515.0,27.262853415824775,-0.7810052473884936,-21.346490567650854,-11.063747907519673,6.697368095562419,-20.565485320262354
pca,speaker,ossjo,ym_2,ɑː->æː,ɑː,æː,74.0,515.0,47.12769533944659,-22.34480516998485,-11.57263367529776,-16.958719422641302,57.899866834133675,10.772171494687086
pca,speaker,ossjo,ym_2,æː->eː,æː,eː,74.0,515.0,24.183879714413216,6.461220296288254,27.72728831446056,17.094254305374406,45.449947732585514,21.266068018172298
pca,speaker,ossjo,ym_2,yː->ʉ̟ː,yː,ʉ̟ː,74.0,515.0,10.203868683987409,5.336217398843862,20.845987140242592,13.091102269543232,25.713638425386144,15.509769741398735
pca,speaker,ossjo,ym_2,ʉ̟ː->øː,ʉ̟ː,øː,74.0,515.0,23.65566518158654,-25.040979431534197,-24.299023939590196,-24.670001685562198,24.397620673530543,0.7419554919440046
pca,speaker,ossjo,ym_3,uː->oː,uː,oː,74.0,515.0,7.573081840041759,-25.145744213161944,2.162461962506772,-11.491641125327584,34.881288015710474,27.308206175668715
pca,speaker,ossjo,ym_3,oː->ɑː,oː,ɑː,74.0,515.0,27.262853415824775,0.6949323460547674,-15.91841922562546,-7.611743439785348,10.64950184414455,-16.613351571680226
pca,speaker,ossjo,ym_3,ɑː->æː,ɑː,æː,74.0,515.0,47.12769533944659,-16.10964883772397,-17.362800949014115,-16.736224893369045,45.87454322815644,-1.2531521112901487
pca,speaker,ossjo,ym_3,æː->eː,æː,eː,74.0,515.0,24.183879714413216,13.709064646323416,11.242371200803008,12.475717923563213,21.717186268892807,-2.4666934455204093
pca,speaker,ossjo,ym_3,yː->ʉ̟ː,yː,ʉ̟ː,74.0,515.0,10.203868683987409,12.113840227482193,16.39145006457922,14.252645146030709,14.481478521084435,4.277609837097026
pca,speaker,ossjo,ym_3,ʉ̟ː->øː,ʉ̟ː,øː,74.0,515.0,23.65566518158654,-34.18316165344521,-31.97833335346242,-33.08074750345382,25.86049348156933,2.2048282999827897
pca,speaker,ostad,ym_1,uː->oː,uː,oː,63.0,445.0,7.573081840041759,7.473557542061242,1.638509625730337,4.55603358389579,1.738033923710854,-5.835047916330905
pca,speaker,ostad,ym_1,oː->ɑː,oː,ɑː,63.0,445.0,27.262853415824775,1.6162153570309872,9.489710125759897,5.552962741395443,35.13634818455368,7.873494768728907
pca,speaker,ostad,ym_1,ɑː->æː,ɑː,æː,63.0,445.0,47.12769533944659,8.851086397621648,6.526536643174581,7.688811520398114,44.80314558499952,-2.3245497544470695
pca,speaker,ostad,ym_1,æː->eː,æː,eː,63.0,445.0,24.183879714413216,1.5778822681057472,-12.210850731946955,-5.316484231920604,10.395146714360514,-13.788733000052702
pca,speaker,ostad,ym_1,yː->ʉ̟ː,yː,ʉ̟ː,63.0,445.0,10.203868683987409,0.43630958030802436,-13.765685612205063,-6.664688015948518,-3.9981265085256794,-14.201995192513088
pca,speaker,ostad,ym_1,ʉ̟ː->øː,ʉ̟ː,øː,63.0,445.0,23.65566518158654,0.9123225929794955,5.0599856065827495,2.9861540997811225,27.803328195189795,4.147663013603257
pca,speaker,ostad,ym_3,uː->oː,uː,oː,63.0,445.0,7.573081840041759,4.835674882141651,6.975675452549908,5.9056751673457795,9.713082410450014,2.1400005704082545
pca,speaker,ostad,ym_3,oː->ɑː,oː,ɑː,63.0,445.0,27.262853415824775,11.332886309229126,3.118402770519706,7.225644539874416,19.04836987711536,-8.214483538709416
pca,speaker,ostad,ym_3,ɑː->æː,ɑː,æː,63.0,445.0,47.12769533944659,0.4432489251877179,0.2586473591321915,0.3509481421599542,46.94309377339106,-0.1846015660555267
pca,speaker,ostad,ym_3,æː->eː,æː,eː,63.0,445.0,24.183879714413216,-0.41032519945324764,0.994063710035294,0.2918692552910223,25.588268623901758,1.4043889094885422
pca,speaker,ostad,ym_3,yː->ʉ̟ː,yː,ʉ̟ː,63.0,445.0,10.203868683987409,8.135925641952129,-6.607012320346415,0.7644566608028569,-4.539069278311135,-14.742937962298544
pca,speaker,ostad,ym_3,ʉ̟ː->øː,ʉ̟ː,øː,63.0,445.0,23.65566518158654,4.144862543118889,8.227316032838727,6.18608928797881,27.73811867130638,4.082453489719843
pca,speaker,ovanaker,ym_1,uː->oː,uː,oː,140.0,310.0,7.573081840041759,-18.168935907925693,-6.340402276346435,-12.254669092136064,19.401615471621014,11.828533631579255
pca,speaker,ovanaker,ym_1,oː->ɑː,oː,ɑː,140.0,310.0,27.262853415824775,-11.19978908335394,-22.02056669017204,-16.610177886762994,16.442075809006678,-10.820777606818098
pca,speaker,ovanaker,ym_1,ɑː->æː,ɑː,æː,140.0,310.0,47.12769533944659,-18.542510398761863,-8.474035058308573,-13.50827272853522,57.196170679899886,10.068475340453297
pca,speaker,ovanaker,ym_1,æː->eː,æː,eː,140.0,310.0,24.183879714413216,9.894867154443476,22.67806363151363,16.28646539297855,36.967076191483365,12.783196477070149
pca,speaker,ovanaker,ym_1,yː->ʉ̟ː,yː,ʉ̟ː,140.0,310.0,10.203868683987409,7.300670722404442,7.6998572046857445,7.500263963545093,10.603055166268714,0.39918648228130493
pca,speaker,ovanaker,ym_1,ʉ̟ː->øː,ʉ̟ː,øː,140.0,310.0,23.65566518158654,-14.048484740709112,-6.904037853017369,-10.47626129686324,30.800112069278285,7.144446887691746
pca,speaker,ovanaker,ym_2,uː->oː,uː,oː,140.0,310.0,7.573081840041759,-8.833713573249762,-1.9969131581496555,-5.415313365699708,14.409882255141865,6.836800415100106
pca,speaker,ovanaker,ym_2,oː->ɑː,oː,ɑː,140.0,310.0,27.262853415824775,-1.2645058396098285,-11.37845821161079,-6.321482025610308,17.14890104382382,-10.113952372000956
pca,speaker,ovanaker,ym_2,ɑː->æː,ɑː,æː,140.0,310.0,47.12769533944659,-15.657029780276064,-0.42103063208825803,-8.039030206182161,62.36369448763439,15.235999148187801
pca,speaker,ovanaker,ym_2,æː->eː,æː,eː,140.0,310.0,24.183879714413216,-2.7052304583315285,3.119968822325053,0.20736918199676316,30.009078995069796,5.82519928065658
pca,speaker,ovanaker,ym_2,yː->ʉ̟ː,yː,ʉ̟ː,140.0,310.0,10.203868683987409,-6.429797491117122,-0.8904577333405882,-3.6601276122288544,15.74320844176394,5.539339757776531
pca,speaker,ovanaker,ym_2,ʉ̟ː->øː,ʉ̟ː,øː,140.0,310.0,23.65566518158654,-2.3782692128176386,6.486217095740152,2.0539739414612566,32.52015149014433,8.86448630855779
pca,speaker,ovanaker,ym_3,uː->oː,uː,oː,140.0,310.0,7.573081840041759,-1.3870445858300948,-0.295469300899651,-0.8412569433648727,8.664657124972202,1.0915752849304425
pca,speaker,ovanaker,ym_3,oː->ɑː,oː,ɑː,140.0,310.0,27.262853415824775,15.574522042691216,15.850702796122683,15.71261241940695,27.539034169256244,0.2761807534314684
pca,speaker,ovanaker,ym_3,ɑː->æː,ɑː,æː,140.0,310.0,47.12769533944659,22.03064596992725,15.893169947001804,18.96190795846453,40.99021931652114,-6.137476022925448
pca,speaker,ovanaker,ym_3,æː->eː,æː,eː,140.0,310.0,24.183879714413216,-9.839010451158874,-9.881489648751202,-9.860250049955038,24.141400516820887,-0.04247919759232843
pca,speaker,ovanaker,ym_3,yː->ʉ̟ː,yː,ʉ̟ː,140.0,310.0,10.203868683987409,-4.620258484092634,-2.787571808882408,-3.703915146487521,12.036555359197633,1.8326866752102244
pca,speaker,ovanaker,ym_3,ʉ̟ː->øː,ʉ̟ː,øː,140.0,310.0,23.65566518158654,3.4520752609886256,11.138565526230298,7.295320393609462,31.342155446828215,7.686490265241677
pca,speaker,oxaback,ym_1,uː->oː,uː,oː,71.0,468.0,7.573081840041759,-0.5631784480335017,4.173950089103543,1.805385820535021,12.310210377178803,4.737128537137044
pca,speaker,oxaback,ym_1,oː->ɑː,oː,ɑː,71.0,468.0,27.262853415824775,-6.906115510093672,-5.057327991964464,-5.981721751029069,29.111640933953986,1.8487875181292104
pca,speaker,oxaback,ym_1,ɑː->æː,ɑː,æː,71.0,468.0,47.12769533944659,-9.785851921814691,-6.695146568431191,-8.24049924512294,50.21840069283009,3.0907053533834983
pca,speaker,oxaback,ym_1,æː->eː,æː,eː,71.0,468.0,24.183879714413216,7.369096924757202,6.583326442811297,6.976211683784251,23.39810923246731,-0.7857704819459066
pca,speaker,oxaback,ym_1,yː->ʉ̟ː,yː,ʉ̟ː,71.0,468.0,10.203868683987409,13.165956613691096,10.910972021422886,12.038464317556992,7.948884091719202,-2.2549845922682072
pca,speaker,oxaback,ym_1,ʉ̟ː->øː,ʉ̟ː,øː,71.0,468.0,23.65566518158654,-13.308163294909587,-25.010103503758206,-19.159133399333896,11.953724972737923,-11.701940208848615
pca,speaker,oxaback,ym_2,uː->oː,uː,oː,71.0,468.0,7.573081840041759,0.674012755049953,1.643642686610134,1.1588277208300435,8.542711771601939,0.9696299315601795
pca,speaker,oxaback,ym_2,oː->ɑː,oː,ɑː,71.0,468.0,27.262853415824775,11.664617399988844,-1.2066458587786997,5.228985770605071,14.391590157057234,-12.871263258767542
pca,speaker,oxaback,ym_2,ɑː->æː,ɑː,æː,71.0,468.0,47.12769533944659,-0.15159859648526125,4.476303635959792,2.1623525197372655,51.75559757189164,4.627902232445052
pca,speaker,oxaback,ym_2,æː->eː,æː,eː,71.0,468.0,24.183879714413216,-5.996701739428295,1.0438133074038956,-2.4764442160122,31.224394761245406,7.040515046832191
pca,speaker,oxaback,ym_2,yː->ʉ̟ː,yː,ʉ̟ː,71.0,468.0,10.203868683987409,0.4363557828079959,0.7545248682395973,0.595440325523798,10.52203776941901,0.3181690854316006
pca,speaker,oxaback,ym_2,ʉ̟ː->øː,ʉ̟ː,øː,71.0,468.0,23.65566518158654,10.406540809616045,1.6914135471312686,6.048977178373656,14.940537919101766,-8.715127262484772
pca,speaker,oxaback,ym_3,uː->oː,uː,oː,71.0,468.0,7.573081840041759,5.830754013282512,5.184273353812875,5.507513683547694,6.9266011805721215,-0.6464806594696375
pca,speaker,oxaback,ym_3,oː->ɑː,oː,ɑː,71.0,468.0,27.262853415824775,3.922130966082486,1.1029582849982622,2.5125446255403747,24.443680734740553,-2.819172681084222
pca,speaker,oxaback,ym_3,ɑː->æː,ɑː,æː,71.0,468.0,47.12769533944659,-3.0752741622036983,-4.716898595355651,-3.8960863787796747,45.486070906294636,-1.6416244331519536
pca,speaker,oxaback,ym_3,æː->eː,æː,eː,71.0,468.0,24.183879714413216,-0.3780557539006867,-7.144182143280768,-3.7611189485907275,17.417753325033132,-6.766126389380084
pca,speaker,oxaback,ym_3,yː->ʉ̟ː,yː,ʉ̟ː,71.0,468.0,10.203868683987409,8.60692010357791,8.19110511806142,8.399012610819666,9.78805369847092,-0.415814985516489
pca,speaker,oxaback,ym_3,ʉ̟ː->øː,ʉ̟ː,øː,71.0,468.0,23.65566518158654,2.434339763521865,-1.3706747509365635,0.5318325062926508,19.85065066712811,-3.8050145144584278
pca,speaker,pitea,ym_1,uː->oː,uː,oː,233.0,141.0,7.573081840041759,-5.5499969998544785,-0.44276674454095083,-2.9963818721977145,12.680312095355285,5.107230255313526
pca,speaker,pitea,ym_1,oː->ɑː,oː,ɑː,233.0,141.0,27.262853415824775,6.951861259703862,0.7278970338173187,3.8398791467605897,21.038889189938235,-6.22396422588654
pca,speaker,pitea,ym_1,ɑː->æː,ɑː,æː,233.0,141.0,47.12769533944659,-0.17635571446033943,6.215370507500898,3.019507396520279,53.519421561407825,6.391726221961235
pca,speaker,pitea,ym_1,æː->eː,æː,eː,233.0,141.0,24.183879714413216,-7.548152352402426,-12.708875712703264,-10.128514032552845,19.023156354112377,-5.160723360300839
pca,speaker,pitea,ym_1,yː->ʉ̟ː,yː,ʉ̟ː,233.0,141.0,10.203868683987409,-8.32387759225297,-17.207365061702014,-12.765621326977492,1.3203812145383638,-8.883487469449046
pca,speaker,pitea,ym_1,ʉ̟ː->øː,ʉ̟ː,øː,233.0,141.0,23.65566518158654,12.030284474730651,10.02458009159863,11.02743228316464,21.64996079845452,-2.00570438313202
pca,speaker,pitea,ym_2,uː->oː,uː,oː,233.0,141.0,7.573081840041759,8.848700757119559,10.714583593629989,9.781642175374774,9.438964676552187,1.865882836510428
pca,speaker,pitea,ym_2,oː->ɑː,oː,ɑː,233.0,141.0,27.262853415824775,12.79961565808632,2.9361682857598805,7.867891971923102,17.399406043498338,-9.863447372326437
pca,speaker,pitea,ym_2,ɑː->æː,ɑː,æː,233.0,141.0,47.12769533944659,7.019535171292574,-13.025695952599996,-3.003080390653711,27.08246421555402,-20.04523112389257
pca,speaker,pitea,ym_2,æː->eː,æː,eː,233.0,141.0,24.183879714413216,-2.309577573780059,-9.123620740306485,-5.716599157043272,17.369836547886788,-6.814043166526428
pca,speaker,pitea,ym_2,yː->ʉ̟ː,yː,ʉ̟ː,233.0,141.0,10.203868683987409,2.6153721873582345,4.246407267295651,3.4308897273269436,11.834903763924826,1.6310350799374174
pca,speaker,pitea,ym_2,ʉ̟ː->øː,ʉ̟ː,øː,233.0,141.0,23.65566518158654,17.119310052850377,-1.8148800937904837,7.652214979529947,4.72147503494568,-18.93419014664086
pca,speaker,pitea,ym_3,uː->oː,uː,oː,233.0,141.0,7.573081840041759,-14.65859567714553,-9.050314420499442,-11.854455048822487,13.181363096687848,5.608281256646089
pca,speaker,pitea,ym_3,oː->ɑː,oː,ɑː,233.0,141.0,27.262853415824775,-13.834805805993586,0.5854302665493002,-6.624687769722142,41.68308948836766,14.420236072542888
pca,speaker,pitea,ym_3,ɑː->æː,ɑː,æː,233.0,141.0,47.12769533944659,-3.3733124336127034,20.982763181414267,8.80472537390078,71.48377095447356,24.356075615026967
pca,speaker,pitea,ym_3,æː->eː,æː,eː,233.0,141.0,24.183879714413216,-14.874224551736248,-3.642163960402172,-9.258194256069206,35.41594030574729,11.232060591334076
pca,speaker,pitea,ym_3,yː->ʉ̟ː,yː,ʉ̟ː,233.0,141.0,10.203868683987409,-22.77511018974387,-23.53573985654474,-23.155425023144304,9.443239017186539,-0.7606296668008703
pca,speaker,pitea,ym_3,ʉ̟ː->øː,ʉ̟ː,øː,233.0,141.0,23.65566518158654,4.1095453214285245,6.760529482913421,5.435037402170972,26.306649343071438,2.6509841614848995
pca,speaker,ragunda,ym_1,uː->oː,uː,oː,145.0,241.0,7.573081840041759,0.7790736774936483,-1.3369002427090977,-0.2789132826077243,5.4571079198390136,-2.1159739202027454
pca,speaker,ragunda,ym_1,oː->ɑː,oː,ɑː,145.0,241.0,27.262853415824775,5.610510251212844,-0.6875091726903456,2.461500539261248,20.96483399192159,-6.298019423903185
pca,speaker,ragunda,ym_1,ɑː->æː,ɑː,æː,145.0,241.0,47.12769533944659,2.8754406792072817,14.460693474012857,8.668067076610068,58.712948134252166,11.585252794805577
pca,speaker,ragunda,ym_1,æː->eː,æː,eː,145.0,241.0,24.183879714413216,-6.779019474384784,9.972655207436965,1.59681786652609,40.93555439623496,16.751674681821747
pca,speaker,ragunda,ym_1,yː->ʉ̟ː,yː,ʉ̟ː,145.0,241.0,10.203868683987409,-4.856514137536854,-10.794528065603624,-7.825521101570239,4.26585475592064,-5.938013928066769
pca,speaker,ragunda,ym_1,ʉ̟ː->øː,ʉ̟ː,øː,145.0,241.0,23.65566518158654,12.176230777502365,11.501978964256107,11.839104870879236,22.98141336834028,-0.6742518132462578
pca,speaker,ragunda,ym_2,uː->oː,uː,oː,145.0,241.0,7.573081840041759,4.038035138664958,7.305760025545157,5.671897582105058,10.840806726921958,3.267724886880199
pca,speaker,ragunda,ym_2,oː->ɑː,oː,ɑː,145.0,241.0,27.262853415824775,14.993548920535115,3.2590283013623336,9.126288610948727,15.528332796651995,-11.73452061917278
pca,speaker,ragunda,ym_2,ɑː->æː,ɑː,æː,145.0,241.0,47.12769533944659,5.489237244748437,-8.573654199104073,-1.542208477177819,33.06480389559408,-14.062891443852507
pca,speaker,ragunda,ym_2,æː->eː,æː,eː,145.0,241.0,24.183879714413216,-2.289251180928472,-13.807413220177835,-8.048332200553153,12.665717675163851,-11.518162039249365
pca,speaker,ragunda,ym_2,yː->ʉ̟ː,yː,ʉ̟ː,145.0,241.0,10.203868683987409,-8.728191811348795,-8.034206957110875,-8.381199384229834,10.89785353822533,0.6939848542379217
pca,speaker,ragunda,ym_2,ʉ̟ː->øː,ʉ̟ː,øː,145.0,241.0,23.65566518158654,22.776702744944693,11.233537756918514,17.005120250931604,12.112500193560365,-11.543164988026174
pca,speaker,ragunda,ym_3,uː->oː,uː,oː,145.0,241.0,7.573081840041759,-8.879541936186007,-1.2137366972346049,-5.046639316710305,15.23888707899316,7.6658052389514015
pca,speaker,ragunda,ym_3,oː->ɑː,oː,ɑː,145.0,241.0,27.262853415824775,6.120442204040755,6.333520212365697,6.226981208203227,27.47593142414972,0.2130780083249455
pca,speaker,ragunda,ym_3,ɑː->æː,ɑː,æː,145.0,241.0,47.12769533944659,8.124516314298562,20.68247528268249,14.403495798490528,59.68565430783051,12.557958968383922
pca,speaker,ragunda,ym_3,æː->eː,æː,eː,145.0,241.0,24.183879714413216,-20.590723542174327,-24.118772681112997,-22.354748111643662,20.655830575474546,-3.5280491389386697
pca,speaker,ragunda,ym_3,yː->ʉ̟ː,yː,ʉ̟ː,145.0,241.0,10.203868683987409,-11.882264221850122,-17.291409416681333,-14.586836819265727,4.794723489156201,-5.409145194831208
pca,speaker,ragunda,ym_3,ʉ̟ː->øː,ʉ̟ː,øː,145.0,241.0,23.65566518158654,21.457007248336886,25.974810769536816,23.71590900893685,28.173468702786472,4.517803521199934
pca,speaker,rimforsa,ym_1,uː->oː,uː,oː,134.0,437.0,7.573081840041759,14.92373801339275,-1.5967474254311225,6.663495293980814,-8.947403598782113,-16.520485438823872
pca,speaker,rimforsa,ym_1,oː->ɑː,oː,ɑː,134.0,437.0,27.262853415824775,2.0954165134891456,10.034614745441136,6.06501562946514,35.20205164777677,7.939198231951995
pca,speaker,rimforsa,ym_1,ɑː->æː,ɑː,æː,134.0,437.0,47.12769533944659,6.121386995072036,15.216637642624539,10.669012318848289,56.222945986999086,9.095250647552497
pca,speaker,rimforsa,ym_1,æː->eː,æː,eː,134.0,437.0,24.183879714413216,-16.89289651228242,-1.902050951931754,-9.397473732107086,39.17472527476388,14.990845560350664
pca,speaker,rimforsa,ym_1,yː->ʉ̟ː,yː,ʉ̟ː,134.0,437.0,10.203868683987409,-4.246242528346476,-9.998516509184029,-7.1223795187652525,4.451594703149857,-5.752273980837552
pca,speaker,rimforsa,ym_1,ʉ̟ː->øː,ʉ̟ː,øː,134.0,437.0,23.65566518158654,20.74477100835537,18.11021095175497,19.42749098005517,21.02110512498614,-2.6345600566003995
pca,speaker,rimforsa,ym_2,uː->oː,uː,oː,134.0,437.0,7.573081840041759,16.927208016619854,-1.9930242187840328,7.46709189891791,-11.347150395362124,-18.920232235403883
pca,speaker,rimforsa,ym_2,oː->ɑː,oː,ɑː,134.0,437.0,27.262853415824775,-7.015280459143992,-11.776885027604084,-9.39608274337404,22.501248847364685,-4.76160456846009
pca,speaker,rimforsa,ym_2,ɑː->æː,ɑː,æː,134.0,437.0,47.12769533944659,5.030685090436842,-11.21582932152377,-3.0925721155434642,30.881180927485975,-16.246514411960614
pca,speaker,rimforsa,ym_2,æː->eː,æː,eː,134.0,437.0,24.183879714413216,17.632825601582383,-0.5716430037504817,8.530591298915951,5.97941110908035,-18.204468605332867
pca,speaker,rimforsa,ym_2,yː->ʉ̟ː,yː,ʉ̟ː,134.0,437.0,10.203868683987409,7.596972429381673,-1.0735036439649952,3.2617343927083393,1.5333926106407385,-8.67047607334667
pca,speaker,rimforsa,ym_2,ʉ̟ː->øː,ʉ̟ː,øː,134.0,437.0,23.65566518158654,10.062218431430054,-3.517920424623277,3.2721490034033884,10.075526325533207,-13.580138856053331
pca,speaker,rimforsa,ym_3,uː->oː,uː,oː,134.0,437.0,7.573081840041759,17.672237519633406,7.283399300354013,12.47781840999371,-2.8157563792376346,-10.388838219279393
pca,speaker,rimforsa,ym_3,oː->ɑː,oː,ɑː,134.0,437.0,27.262853415824775,0.13414156155523732,0.507207155198416,0.3206743583768255,27.63591900946796,0.37306559364318304
pca,speaker,rimforsa,ym_3,ɑː->æː,ɑː,æː,134.0,437.0,47.12769533944659,0.0007417462582413922,2.5280794967723836,1.2644106215153128,49.655033089960725,2.5273377505141355
pca,speaker,rimforsa,ym_3,æː->eː,æː,eː,134.0,437.0,24.183879714413216,-4.315243222386749,-5.349142477313772,-4.832192849850261,23.14998045948619,-1.0338992549270252
pca,speaker,rimforsa,ym_3,yː->ʉ̟ː,yː,ʉ̟ː,134.0,437.0,10.203868683987409,-7.5957968809816645,-2.0583386084142794,-4.827067744697972,15.741326956554794,5.537458272567385
pca,speaker,rimforsa,ym_3,ʉ̟ː->øː,ʉ̟ː,øː,134.0,437.0,23.65566518158654,9.968951897598764,12.670737125747518,11.319844511673141,26.357450409735296,2.7017852281487578
pca,speaker,s_finnskoga,ym_1,uː->oː,uː,oː,74.0,333.0,7.573081840041759,-18.638284192368953,-10.451037161413243,-14.5446606768911,15.760328870997466,8.187247030955707
pca,speaker,s_finnskoga,ym_1,oː->ɑː,oː,ɑː,74.0,333.0,27.262853415824775,-28.25513773280215,-18.075127194771778,-23.165132463786964,37.44286395385515,10.180010538030377
pca,speaker,s_finnskoga,ym_1,ɑː->æː,ɑː,æː,74.0,333.0,47.12769533944659,-19.348883924191835,-6.553467870826438,-12.951175897509135,59.92311139281199,12.7954160533654
pca,speaker,s_finnskoga,ym_1,æː->eː,æː,eː,74.0,333.0,24.183879714413216,17.83294071265453,11.124965166579992,14.478952939617262,17.475904168338676,-6.70797554607454
pca,speaker,s_finnskoga,ym_1,yː->ʉ̟ː,yː,ʉ̟ː,74.0,333.0,10.203868683987409,7.886020660749618,8.546293937822982,8.216157299286298,10.864141961060772,0.6602732770733635
pca,speaker,s_finnskoga,ym_1,ʉ̟ː->øː,ʉ̟ː,øː,74.0,333.0,23.65566518158654,-28.227393042817777,-7.453523330156202,-17.84045818648699,44.429534894248114,20.773869712661575
pca,speaker,s_finnskoga,ym_2,uː->oː,uː,oː,74.0,333.0,7.573081840041759,-4.548949517120336,-6.640646060172158,-5.594797788646247,5.481385296989936,-2.091696543051823
pca,speaker,s_finnskoga,ym_2,oː->ɑː,oː,ɑː,74.0,333.0,27.262853415824775,-14.70352825575021,-29.60772232604743,-22.15562529089882,12.358659345527558,-14.904194070297217
pca,speaker,s_finnskoga,ym_2,ɑː->æː,ɑː,æː,74.0,333.0,47.12769533944659,-12.943685889660852,3.6728090169921073,-4.635438436334373,63.74419024609955,16.61649490665296
pca,speaker,s_finnskoga,ym_2,æː->eː,æː,eː,74.0,333.0,24.183879714413216,15.142349579295887,8.590819523023963,11.866584551159924,17.63234965814129,-6.551530056271925
pca,speaker,s_finnskoga,ym_2,yː->ʉ̟ː,yː,ʉ̟ː,74.0,333.0,10.203868683987409,1.928431978498145,-8.219608425881423,-3.145588223691637,0.05582827960784052,-10.148040404379568
pca,speaker,s_finnskoga,ym_2,ʉ̟ː->øː,ʉ̟ː,øː,74.0,333.0,23.65566518158654,-7.000478226056449,-24.751246034031517,-15.875862130043984,5.904897373611474,-17.750767807975066
pca,speaker,s_finnskoga,ym_3,uː->oː,uː,oː,74.0,333.0,7.573081840041759,-5.451070008478486,-4.826605121032303,-5.138837564755393,8.197546727487945,0.6244648874461856
pca,speaker,s_finnskoga,ym_3,oː->ɑː,oː,ɑː,74.0,333.0,27.262853415824775,-8.20030127673787,-4.657727955949076,-6.429014616343474,30.805426736613573,3.5425733207887973
pca,speaker,s_finnskoga,ym_3,ɑː->æː,ɑː,æː,74.0,333.0,47.12769533944659,1.569020666540936,19.067362001701408,10.318191334121174,64.62603667460706,17.498341335160475
pca,speaker,s_finnskoga,ym_3,æː->eː,æː,eː,74.0,333.0,24.183879714413216,-2.7841405680982416,2.536264360888649,-0.12393810360479587,29.504284643400105,5.320404928986889
pca,speaker,s_finnskoga,ym_3,yː->ʉ̟ː,yː,ʉ̟ː,74.0,333.0,10.203868683987409,-3.7515655161717394,1.8511351975137798,-0.9502151593289806,15.806569397672925,5.6027007136855165
pca,speaker,s_finnskoga,ym_3,ʉ̟ː->øː,ʉ̟ː,øː,74.0,333.0,23.65566518158654,-7.702793977388605,6.697702008471246,-0.5025459844586795,38.05616116744639,14.400495985859852
pca,speaker,s_mellosa,ym_1,uː->oː,uː,oː,129.0,395.0,7.573081840041759,11.589310579797628,-2.4957738264709395,4.546768376663345,-6.5120025662268075,-14.085084406268567
pca,speaker,s_mellosa,ym_1,oː->ɑː,oː,ɑː,129.0,395.0,27.262853415824775,1.7620892947349103,1.6731107328948527,1.7176000138148815,27.17387485398472,-0.08897856184005448
pca,speaker,s_mellosa,ym_1,ɑː->æː,ɑː,æː,129.0,395.0,47.12769533944659,-3.686912142495057,8.553242944002113,2.433165400753528,59.36785042594376,12.240155086497168
pca,speaker,s_mellosa,ym_1,æː->eː,æː,eː,129.0,395.0,24.183879714413216,-15.954154113460767,1.1417494394126722,-7.406202337024047,41.27978326728665,17.095903552873438
pca,speaker,s_mellosa,ym_1,yː->ʉ̟ː,yː,ʉ̟ː,129.0,395.0,10.203868683987409,7.677143013453178,-0.4028655750926551,3.6371387191802627,2.1238600954415747,-8.080008588545834
pca,speaker,s_mellosa,ym_1,ʉ̟ː->øː,ʉ̟ː,øː,129.0,395.0,23.65566518158654,20.01749033756325,13.239684205463425,16.62858727151334,16.877859049486716,-6.777806132099823
pca,speaker,s_mellosa,ym_2,uː->oː,uː,oː,129.0,395.0,7.573081840041759,10.626352472780095,-5.67358621447827,2.476383129150913,-8.726856847216608,-16.29993868725837
pca,speaker,s_mellosa,ym_2,oː->ɑː,oː,ɑː,129.0,395.0,27.262853415824775,-15.897794075632962,-13.104910795189452,-14.501352435411206,30.055736696268287,2.7928832804435118
pca,speaker,s_mellosa,ym_2,ɑː->æː,ɑː,æː,129.0,395.0,47.12769533944659,-21.63257742659049,-18.264346785299637,-19.948462105945065,50.49592598073745,3.3682306412908574
pca,speaker,s_mellosa,ym_2,æː->eː,æː,eː,129.0,395.0,24.183879714413216,14.003788852937621,25.93604381913293,19.969916336035276,36.11613468060852,11.932254966195302
pca,speaker,s_mellosa,ym_2,yː->ʉ̟ː,yː,ʉ̟ː,129.0,395.0,10.203868683987409,6.964910661255012,18.51565812074633,12.740284391000673,21.75461614347873,11.550747459491323
pca,speaker,s_mellosa,ym_2,ʉ̟ː->øː,ʉ̟ː,øː,129.0,395.0,23.65566518158654,-10.2367654173328,1.5814235629602484,-4.327670927186277,35.473854161879586,11.818188980293048
pca,speaker,s_mellosa,ym_3,uː->oː,uː,oː,129.0,395.0,7.573081840041759,10.852131750124583,-8.650543861427387,1.1007939443485986,-11.929593771510211,-19.50267561155197
pca,speaker,s_mellosa,ym_3,oː->ɑː,oː,ɑː,129.0,395.0,27.262853415824775,-18.29178454204113,-10.618934361426511,-14.45535945173382,34.935703596439396,7.6728501806146205
pca,speaker,s_mellosa,ym_3,ɑː->æː,ɑː,æː,129.0,395.0,47.12769533944659,-18.493074121956102,-17.179239638173964,-17.836156880065033,48.44152982322873,1.3138344837821379
pca,speaker,s_mellosa,ym_3,æː->eː,æː,eː,129.0,395.0,24.183879714413216,12.736862276703043,25.68618408655332,19.21152318162818,37.1332015242635,12.949321809850282
pca,speaker,s_mellosa,ym_3,yː->ʉ̟ː,yː,ʉ̟ː,129.0,395.0,10.203868683987409,8.594350818900244,16.0761472729084,12.335249045904325,17.685665137995567,7.481796454008158
pca,speaker,s_mellosa,ym_3,ʉ̟ː->øː,ʉ̟ː,øː,129.0,395.0,23.65566518158654,-8.237407565252212,2.622387157644796,-2.807510203803708,34.51545990448355,10.85979472289701
pca,speaker,saltvik,ym_1,uː->oː,uː,oː,221.0,350.0,7.573081840041759,-13.396389923593013,-0.9211517858765282,-7.158770854734771,20.048319977758243,12.475238137716484
pca,speaker,saltvik,ym_1,oː->ɑː,oː,ɑː,221.0,350.0,27.262853415824775,-10.274871034970891,-1.818425430541475,-6.046648232756182,35.7192990202542,8.456445604429423
pca,speaker,saltvik,ym_1,ɑː->æː,ɑː,æː,221.0,350.0,47.12769533944659,-7.482237337663958,-8.348280048511828,-7.915258693087893,46.261652628598725,-0.8660427108478643
pca,speaker,saltvik,ym_1,æː->eː,æː,eː,221.0,350.0,24.183879714413216,-2.0868116141640423,-4.768477601140103,-3.4276446076520726,21.502213727437155,-2.6816659869760606
pca,speaker,saltvik,ym_1,yː->ʉ̟ː,yː,ʉ̟ː,221.0,350.0,10.203868683987409,10.25656708694886,38.75934319463968,24.507955140794273,38.70664479167824,28.502776107690828
pca,speaker,saltvik,ym_1,ʉ̟ː->øː,ʉ̟ː,øː,221.0,350.0,23.65566518158654,-18.115725873021876,-1.0293350630859222,-9.572530468053898,40.74205599152249,17.086390809935953
pca,speaker,saltvik,ym_2,uː->oː,uː,oː,221.0,350.0,7.573081840041759,-22.065732792547514,-6.572011451921694,-14.318872122234604,23.066803180667577,15.493721340625818
pca,speaker,saltvik,ym_2,oː->ɑː,oː,ɑː,221.0,350.0,27.262853415824775,-16.227333125359788,-11.29520390406351,-13.76126851471165,32.19498263712106,4.932129221296282
pca,speaker,saltvik,ym_2,ɑː->æː,ɑː,æː,221.0,350.0,47.12769533944659,-14.262871216900182,-8.434254490411174,-11.348562853655677,52.9563120659356,5.82861672648901
pca,speaker,saltvik,ym_2,æː->eː,æː,eː,221.0,350.0,24.183879714413216,13.43643623537807,-0.3558710150331053,6.540282610172483,10.39157246400204,-13.792307250411175
pca,speaker,saltvik,ym_2,yː->ʉ̟ː,yː,ʉ̟ː,221.0,350.0,10.203868683987409,12.798862744143957,30.670241652913152,21.734552198528554,28.075247592756604,17.871378908769195
pca,speaker,saltvik,ym_2,ʉ̟ː->øː,ʉ̟ː,øː,221.0,350.0,23.65566518158654,-13.98833760375396,-2.0096682586383956,-7.999002931196177,35.634334526702105,11.978669345115566
pca,speaker,saltvik,ym_3,uː->oː,uː,oː,221.0,350.0,7.573081840041759,-4.301456188890458,4.9978741642441555,0.3482089876768495,16.872412193176373,9.299330353134614
pca,speaker,saltvik,ym_3,oː->ɑː,oː,ɑː,221.0,350.0,27.262853415824775,-9.850469514362189,-5.4953902318503545,-7.672929873106273,31.617932698336613,4.355079282511838
pca,speaker,saltvik,ym_3,ɑː->æː,ɑː,æː,221.0,350.0,47.12769533944659,-5.793773039352448,-13.32228364986555,-9.558028344608998,39.59918472893348,-7.528510610513109
pca,speaker,saltvik,ym_3,æː->eː,æː,eː,221.0,350.0,24.183879714413216,-0.5856161908815812,3.55839560702452,1.4863897080714703,28.32789151231932,4.144011797906103
pca,speaker,saltvik,ym_3,yː->ʉ̟ː,yː,ʉ̟ː,221.0,350.0,10.203868683987409,4.248827461515643,32.06901268835474,18.158920074935192,38.02405391082651,27.8201852268391
pca,speaker,saltvik,ym_3,ʉ̟ː->øː,ʉ̟ː,øː,221.0,350.0,23.65566518158654,-5.419044439798474,-11.105624506606064,-8.26233447320227,17.96908511477895,-5.68658006680759
pca,speaker,segerstad,ym_1,uː->oː,uː,oː,153.0,510.0,7.573081840041759,1.0795876902101078,5.5120227523536,3.2958052212818547,12.005516902185251,4.432435062143492
pca,speaker,segerstad,ym_1,oː->ɑː,oː,ɑː,153.0,510.0,27.262853415824775,-4.1393551272175575,-0.941687236426906,-2.540521181822232,30.46052130661543,3.1976678907906546
pca,speaker,segerstad,ym_1,ɑː->æː,ɑː,æː,153.0,510.0,47.12769533944659,1.064885302517007,-13.77270772607889,-6.35391121178094,32.29010231085069,-14.837593028595897
pca,speaker,segerstad,ym_1,æː->eː,æː,eː,153.0,510.0,24.183879714413216,2.172479735527958,3.1728362570950956,2.6726579963115267,25.184236235980354,1.000356521567138
pca,speaker,segerstad,ym_1,yː->ʉ̟ː,yː,ʉ̟ː,153.0,510.0,10.203868683987409,5.847459940986119,3.026185343504211,4.436822642245165,7.3825940865055015,-2.8212745974819073
pca,speaker,segerstad,ym_1,ʉ̟ː->øː,ʉ̟ː,øː,153.0,510.0,23.65566518158654,-2.7177675881146253,-16.74634723284275,-9.732057410478689,9.627085536858415,-14.028579644728124
pca,speaker,segerstad,ym_2,uː->oː,uː,oː,153.0,510.0,7.573081840041759,9.898725621241882,7.405562979692773,8.652144300467327,5.07991919849265,-2.493162641549109
pca,speaker,segerstad,ym_2,oː->ɑː,oː,ɑː,153.0,510.0,27.262853415824775,-1.9354553642522558,-11.653340865938002,-6.794398115095132,17.544967914139033,-9.717885501685743
pca,speaker,segerstad,ym_2,ɑː->æː,ɑː,æː,153.0,510.0,47.12769533944659,-15.628900360726357,-14.313513694043396,-14.971207027384878,48.44308200612954,1.3153866666829543
pca,speaker,segerstad,ym_2,æː->eː,æː,eː,153.0,510.0,24.183879714413216,6.713016357226997,3.61442956768417,5.163722962455584,21.085292924870387,-3.0985867895428285
pca,speaker,segerstad,ym_2,yː->ʉ̟ː,yː,ʉ̟ː,153.0,510.0,10.203868683987409,10.54166759775743,9.011671396402438,9.776669497079935,8.673872482632413,-1.5299962013549955
pca,speaker,segerstad,ym_2,ʉ̟ː->øː,ʉ̟ː,øː,153.0,510.0,23.65566518158654,-1.8905762265832726,-5.850938323999504,-3.870757275291389,19.69530308417031,-3.9603620974162297
pca,speaker,segerstad,ym_3,uː->oː,uː,oː,153.0,510.0,7.573081840041759,7.4142860422181665,8.020450940974333,7.71736849159625,8.179246738797925,0.6061648987561661
pca,speaker,segerstad,ym_3,oː->ɑː,oː,ɑː,153.0,510.0,27.262853415824775,2.633064840254496,12.868631056615257,7.750847948434878,37.49841963218554,10.235566216360763
pca,speaker,segerstad,ym_3,ɑː->æː,ɑː,æː,153.0,510.0,47.12769533944659,8.828351876454867,12.457598015187367,10.642974945821118,50.756941478179094,3.629246138732505
pca,speaker,segerstad,ym_3,æː->eː,æː,eː,153.0,510.0,24.183879714413216,-10.509824075592773,-9.519501679547389,-10.01466287757008,25.174202110458598,0.9903223960453822
pca,speaker,segerstad,ym_3,yː->ʉ̟ː,yː,ʉ̟ː,153.0,510.0,10.203868683987409,6.428161831479495,-6.732809956492731,-0.15232406250661834,-2.957103103984818,-13.160971787972226
pca,speaker,segerstad,ym_3,ʉ̟ː->øː,ʉ̟ː,øː,153.0,510.0,23.65566518158654,2.90884093482536,-2.8036045036129162,0.05261821560622104,17.943219743148266,-5.712445438438273
pca,speaker,skee,ym_1,uː->oː,uː,oː,42.0,404.0,7.573081840041759,-21.489859079444177,-21.54237028570447,-21.516114682574326,7.52057063378146,-0.05251120626029859
pca,speaker,skee,ym_1,oː->ɑː,oː,ɑː,42.0,404.0,27.262853415824775,-41.21223511569274,-47.0355285926467,-44.123881854169724,21.439559938870826,-5.82329347695395
pca,speaker,skee,ym_1,ɑː->æː,ɑː,æː,42.0,404.0,47.12769533944659,-28.642172888689185,-22.411448668224097,-25.526810778456635,53.358419559911674,6.230724220465085
pca,speaker,skee,ym_1,æː->eː,æː,eː,42.0,404.0,24.183879714413216,39.75209642155667,35.60088648414482,37.67649145285075,20.03266977700137,-4.151209937411846
pca,speaker,skee,ym_1,yː->ʉ̟ː,yː,ʉ̟ː,42.0,404.0,10.203868683987409,15.174842309794954,11.519662391981875,13.347252350888413,6.548688766174333,-3.6551799178130757
pca,speaker,skee,ym_1,ʉ̟ː->øː,ʉ̟ː,øː,42.0,404.0,23.65566518158654,-37.692875554053536,-33.109660410657156,-35.40126798235535,28.238880324982926,4.583215143396387
pca,speaker,skee,ym_2,uː->oː,uː,oː,42.0,404.0,7.573081840041759,-17.95745979696109,-9.097876035365703,-13.527667916163399,16.432665601637147,8.859583761595388
pca,speaker,skee,ym_2,oː->ɑː,oː,ɑː,42.0,404.0,27.262853415824775,-26.000249376380502,-31.71336411891551,-28.856806747648,21.54973867328977,-5.713114742535005
pca,speaker,skee,ym_2,ɑː->æː,ɑː,æː,42.0,404.0,47.12769533944659,-24.37828964747435,-16.39265192786366,-20.385470787669004,55.11333305905727,7.985637719610679
pca,speaker,skee,ym_2,æː->eː,æː,eː,42.0,404.0,24.183879714413216,31.80025312950837,37.94838932969058,34.874321229599474,30.332015914595413,6.148136200182197
pca,speaker,skee,ym_2,yː->ʉ̟ː,yː,ʉ̟ː,42.0,404.0,10.203868683987409,26.60710039269975,20.14970469299438,23.37840254284706,3.7464729842820406,-6.457395699705368
pca,speaker,skee,ym_2,ʉ̟ː->øː,ʉ̟ː,øː,42.0,404.0,23.65566518158654,-41.77734804959226,-30.517126580567815,-36.14723731508004,34.91588665061099,11.260221469024454
pca,speaker,skee,ym_3,uː->oː,uː,oː,42.0,404.0,7.573081840041759,-3.6090589251224072,-16.914960471566193,-10.262009698344302,-5.732819706402028,-13.305901546443787
pca,speaker,skee,ym_3,oː->ɑː,oː,ɑː,42.0,404.0,27.262853415824775,-28.790857243225243,-21.670374718593713,-25.230615980909477,34.38333594045631,7.120482524631537
pca,speaker,skee,ym_3,ɑː->æː,ɑː,æː,42.0,404.0,47.12769533944659,-17.772152058550105,-5.951972170083248,-11.862062114316677,58.94787522791345,11.82017988846686
pca,speaker,skee,ym_3,æː->eː,æː,eː,42.0,404.0,24.183879714413216,12.982374771421107,30.55629490924399,21.76933484033255,41.7577998522361,17.57392013782288
pca,speaker,skee,ym_3,yː->ʉ̟ː,yː,ʉ̟ː,42.0,404.0,10.203868683987409,9.199511166601177,6.569630526117385,7.8845708463592805,7.573988043503618,-2.6298806404837904
pca,speaker,skee,ym_3,ʉ̟ː->øː,ʉ̟ː,øː,42.0,404.0,23.65566518158654,-7.19635537594586,-16.524028558554626,-11.860191967250243,14.327991998977776,-9.327673182608763
pca,speaker,skinnskatteberg,ym_1,uː->oː,uː,oː,135.0,371.0,7.573081840041759,-6.289913518919769,3.848607619134513,-1.2206529498926273,17.71160297809604,10.13852113805428
pca,speaker,skinnskatteberg,ym_1,oː->ɑː,oː,ɑː,135.0,371.0,27.262853415824775,0.6547032433136464,8.40393309454181,4.529318168927727,35.012083267052944,7.7492298512281685
pca,speaker,skinnskatteberg,ym_1,ɑː->æː,ɑː,æː,135.0,371.0,47.12769533944659,26.904443971533983,-22.249179884355193,2.3276320435893947,-2.025928516442588,-49.15362385588918
pca,speaker,skinnskatteberg,ym_1,æː->eː,æː,eː,135.0,371.0,24.183879714413216,8.63249971116919,1.5703516335529508,5.101425672361069,17.121731636796977,-7.062148077616239
pca,speaker,skinnskatteberg,ym_1,yː->ʉ̟ː,yː,ʉ̟ː,135.0,371.0,10.203868683987409,-4.086410730341073,10.056633669710115,2.9851114696845227,24.346913084038597,14.143044400051188
pca,speaker,skinnskatteberg,ym_1,ʉ̟ː->øː,ʉ̟ː,øː,135.0,371.0,23.65566518158654,-7.2446402202311715,-12.668358847983333,-9.956499534107252,18.23194655383438,-5.423718627752159
pca,speaker,skinnskatteberg,ym_2,uː->oː,uː,oː,135.0,371.0,7.573081840041759,-7.619095255111398,-4.279107419026362,-5.94910133706888,10.913069676126796,3.3399878360850366
pca,speaker,skinnskatteberg,ym_2,oː->ɑː,oː,ɑː,135.0,371.0,27.262853415824775,-11.756529586492166,2.9580846063217203,-4.399222490085222,41.97746760863867,14.714614192813894
pca,speaker,skinnskatteberg,ym_2,ɑː->æː,ɑː,æː,135.0,371.0,47.12769533944659,18.844355969762255,-10.362786120881287,4.240784924440483,17.920553248803046,-29.207142090643543
pca,speaker,skinnskatteberg,ym_2,æː->eː,æː,eː,135.0,371.0,24.183879714413216,9.131543470528094,4.9118892426196155,7.0217163565738545,19.964225486504738,-4.219654227908478
pca,speaker,skinnskatteberg,ym_2,yː->ʉ̟ː,yː,ʉ̟ː,135.0,371.0,10.203868683987409,0.6807940763107714,11.241022447339502,5.960908261825139,20.76409705501614,10.560228371028732
pca,speaker,skinnskatteberg,ym_2,ʉ̟ː->øː,ʉ̟ː,øː,135.0,371.0,23.65566518158654,-18.518793662783658,-3.537304137199621,-11.028048899991639,38.63715470717058,14.981489525584042
pca,speaker,skog,ym_1,uː->oː,uː,oː,157.0,317.0,7.573081840041759,0.32536695961145,0.8179003921946121,0.5716336759030314,8.065615272624921,0.49253343258316207
pca,speaker,skog,ym_1,oː->ɑː,oː,ɑː,157.0,317.0,27.262853415824775,2.028365018430502,1.800727530717181,1.9145462745738415,27.035215928111455,-0.22763748771332004
pca,speaker,skog,ym_1,ɑː->æː,ɑː,æː,157.0,317.0,47.12769533944659,-0.7489125227605781,19.081035228515518,9.16606135287747,66.95764309072268,19.829947751276094
pca,speaker,skog,ym_1,æː->eː,æː,eː,157.0,317.0,24.183879714413216,-6.394755028386722,-3.706919680237793,-5.050837354312256,26.871715062562146,2.68783534814893
pca,speaker,skog,ym_1,yː->ʉ̟ː,yː,ʉ̟ː,157.0,317.0,10.203868683987409,-12.357516713448005,-15.00305374401341,-13.680285228730707,7.5583316534220035,-2.6455370305654053
pca,speaker,skog,ym_1,ʉ̟ː->øː,ʉ̟ː,øː,157.0,317.0,23.65566518158654,5.830368810999066,8.109808846583086,6.9700888287910745,25.93510521717056,2.2794400355840203
pca,speaker,skog,ym_2,uː->oː,uː,oː,157.0,317.0,7.573081840041759,-5.066819654691484,-3.9327458987578945,-4.499782776724689,8.707155595975347,1.1340737559335885
pca,speaker,skog,ym_2,oː->ɑː,oː,ɑː,157.0,317.0,27.262853415824775,11.427460483656114,0.5730893771933249,6.000274930424719,16.408482309361993,-10.854371106462782
pca,speaker,skog,ym_2,ɑː->æː,ɑː,æː,157.0,317.0,47.12769533944659,5.996638426583254,11.159021268666006,8.57782984762463,52.290078181529346,5.162382842082756
pca,speaker,skog,ym_2,æː->eː,æː,eː,157.0,317.0,24.183879714413216,-4.069116561968546,8.19482784794676,2.0628556429891085,36.44782412432852,12.263944409915304
pca,speaker,skog,ym_2,yː->ʉ̟ː,yː,ʉ̟ː,157.0,317.0,10.203868683987409,-11.188857502539614,-3.0773337862696843,-7.133095644404648,18.315392400257338,8.111523716269929
pca,speaker,skog,ym_2,ʉ̟ː->øː,ʉ̟ː,øː,157.0,317.0,23.65566518158654,6.11800141726265,2.51935739546861,4.318679406365631,20.0570211597925,-3.598644021794037
pca,speaker,skog,ym_3,uː->oː,uː,oː,157.0,317.0,7.573081840041759,1.721153512384962,4.369344020550215,3.0452487664675885,10.221272348207012,2.6481905081652535
pca,speaker,skog,ym_3,oː->ɑː,oː,ɑː,157.0,317.0,27.262853415824775,-2.2881711065160757,-5.2826973789704255,-3.7854342427432504,24.268327143370428,-2.9945262724543475
pca,speaker,skog,ym_3,ɑː->æː,ɑː,æː,157.0,317.0,47.12769533944659,-13.765866992882179,-4.508901228332268,-9.137384110607224,56.3846611039965,9.25696576454991
pca,speaker,skog,ym_3,æː->eː,æː,eː,157.0,317.0,24.183879714413216,-2.5866206724309135,1.683041888809841,-0.45178939181053684,28.45354227565397,4.269662561240754
pca,speaker,skog,ym_3,yː->ʉ̟ː,yː,ʉ̟ː,157.0,317.0,10.203868683987409,-4.837498668354911,-3.9236933488405557,-4.380596008597734,11.117674003501763,0.9138053195143545
pca,speaker,skog,ym_3,ʉ̟ː->øː,ʉ̟ː,øː,157.0,317.0,23.65566518158654,2.147394567322202,4.384635340725507,3.2660149540238548,25.892905954989846,2.2372407734033075
pca,speaker,skuttunge,ym_1,uː->oː,uː,oː,171.0,364.0,7.573081840041759,3.1868723866628543,-1.268234048413537,0.9593191691246592,3.117975404965368,-4.455106435076392
pca,speaker,skuttunge,ym_1,oː->ɑː,oː,ɑː,171.0,364.0,27.262853415824775,-21.203601023471858,-8.640424582622167,-14.922012803047012,39.82602985667447,12.563176440849691
pca,speaker,skuttunge,ym_1,ɑː->æː,ɑː,æː,171.0,364.0,47.12769533944659,-8.725138870546447,-18.874819336417772,-13.79997910348211,36.978014873575255,-10.149680465871334
pca,speaker,skuttunge,ym_1,æː->eː,æː,eː,171.0,364.0,24.183879714413216,21.097461402565553,0.4061310492705297,10.751796225918042,3.4925493611181877,-20.69133035329503
pca,speaker,skuttunge,ym_1,yː->ʉ̟ː,yː,ʉ̟ː,171.0,364.0,10.203868683987409,1.8086222936865206,10.501669196346349,6.155145745016434,18.89691558664724,8.69304690265983
pca,speaker,skuttunge,ym_1,ʉ̟ː->øː,ʉ̟ː,øː,171.0,364.0,23.65566518158654,-20.03426342568856,-9.459849243980708,-14.747056334834634,34.230079363294394,10.574414181707855
pca,speaker,skuttunge,ym_2,uː->oː,uː,oː,171.0,364.0,7.573081840041759,-7.775379860400043,-4.501950460244826,-6.138665160322435,10.846511240196975,3.2734294001552158
pca,speaker,skuttunge,ym_2,oː->ɑː,oː,ɑː,171.0,364.0,27.262853415824775,-14.687446200450964,-7.039113277650931,-10.863279739050947,34.91118633862481,7.648332922800034
pca,speaker,skuttunge,ym_2,ɑː->æː,ɑː,æː,171.0,364.0,47.12769533944659,-6.084272105881122,-14.93628303051322,-10.510277568197173,38.27568441481449,-8.852010924632097
pca,speaker,skuttunge,ym_2,æː->eː,æː,eː,171.0,364.0,24.183879714413216,23.273367784000747,4.704824119353822,13.989095951677285,5.615336049766288,-18.568543664646928
pca,speaker,skuttunge,ym_2,yː->ʉ̟ː,yː,ʉ̟ː,171.0,364.0,10.203868683987409,6.8173010849432565,6.125987547783823,6.471644316363541,9.512555146827976,-0.6913135371594326
pca,speaker,skuttunge,ym_2,ʉ̟ː->øː,ʉ̟ː,øː,171.0,364.0,23.65566518158654,-24.02285814395909,-3.871043006156077,-13.946950575057587,43.807480319389555,20.151815137803016
pca,speaker,sorsele,ym_1,uː->oː,uː,oː,166.0,143.0,7.573081840041759,4.790786743487785,11.57813797764395,8.184462360565867,14.360433074197925,6.787351234156166
pca,speaker,sorsele,ym_1,oː->ɑː,oː,ɑː,166.0,143.0,27.262853415824775,10.249738945299038,1.8588469417511508,6.054292943525094,18.871961412276892,-8.390892003547883
pca,speaker,sorsele,ym_1,ɑː->æː,ɑː,æː,166.0,143.0,47.12769533944659,-11.754348397027194,-6.6384079841081665,-9.19637819056768,52.24363575236562,5.115940412919031
pca,speaker,sorsele,ym_1,æː->eː,æː,eː,166.0,143.0,24.183879714413216,-17.438167938969134,-9.245980298378033,-13.342074118673583,32.37606735500432,8.1921876405911
pca,speaker,sorsele,ym_1,yː->ʉ̟ː,yː,ʉ̟ː,166.0,143.0,10.203868683987409,10.015552485380454,-2.967247471207539,3.5241525070864586,-2.778931272600586,-12.982799956587995
pca,speaker,sorsele,ym_1,ʉ̟ː->øː,ʉ̟ː,øː,166.0,143.0,23.65566518158654,7.472163950150861,6.21847767112754,6.845320810639201,22.40197890256322,-1.25368627902332
pca,speaker,sorsele,ym_4,uː->oː,uː,oː,166.0,143.0,7.573081840041759,2.237851117275362,0.6693856377928794,1.4536183775341212,6.004616360559277,-1.568465479482482
pca,speaker,sorsele,ym_4,oː->ɑː,oː,ɑː,166.0,143.0,27.262853415824775,22.685000101898854,9.18116246189028,15.933081281894564,13.759015775816206,-13.50383764000857
pca,speaker,sorsele,ym_4,ɑː->æː,ɑː,æː,166.0,143.0,47.12769533944659,6.044751051432509,-3.0419300736847226,1.501410488873893,38.04101421432936,-9.08668112511723
pca,speaker,sorsele,ym_4,æː->eː,æː,eː,166.0,143.0,24.183879714413216,-4.673497842123551,-18.40763878295736,-11.540568312540456,10.449738773579407,-13.734140940833809
pca,speaker,sorsele,ym_4,yː->ʉ̟ː,yː,ʉ̟ː,166.0,143.0,10.203868683987409,-0.43829301066939264,-4.207707690289872,-2.3230003504796324,6.43445400436693,-3.7694146796204793
pca,speaker,sorsele,ym_4,ʉ̟ː->øː,ʉ̟ː,øː,166.0,143.0,23.65566518158654,-7.228431246454452,2.5960986002938538,-2.316166323080299,33.48019502833485,9.824529846748309
pca,speaker,sorsele,ym_5,uː->oː,uː,oː,166.0,143.0,7.573081840041759,8.75163604803756,-11.325805449312757,-1.287084700637599,-12.504359657308557,-20.077441497350314
pca,speaker,sorsele,ym_5,oː->ɑː,oː,ɑː,166.0,143.0,27.262853415824775,4.039535851930333,22.61924820751054,13.329392029720438,45.842565771404985,18.57971235558021
pca,speaker,sorsele,ym_5,ɑː->æː,ɑː,æː,166.0,143.0,47.12769533944659,16.158114761872525,14.226713750903732,15.192414256388128,45.1962943284778,-1.9314010109687914
pca,speaker,sorsele,ym_5,æː->eː,æː,eː,166.0,143.0,24.183879714413216,-7.992178929894514,-5.085831467588013,-6.539005198741262,27.090227176719715,2.906347462306499
pca,speaker,sorsele,ym_5,yː->ʉ̟ː,yː,ʉ̟ː,166.0,143.0,10.203868683987409,-4.530098542637612,-14.153399462284284,-9.341749002460949,0.5805677643407371,-9.623300919646672
pca,speaker,sorsele,ym_5,ʉ̟ː->øː,ʉ̟ː,øː,166.0,143.0,23.65566518158654,0.19339528532989766,11.47330551515213,5.833350400241015,34.93557541140878,11.279910229822239
pca,speaker,sorsele,ym_6,uː->oː,uː,oː,166.0,143.0,7.573081840041759,-0.5326654593528594,7.272998757451656,3.3701666490493984,15.378746056846275,7.805664216804516
pca,speaker,sorsele,ym_6,oː->ɑː,oː,ɑː,166.0,143.0,27.262853415824775,-0.3577320479731859,-13.371617596801096,-6.8646748223871406,14.24896786699687,-13.013885548827906
pca,speaker,sorsele,ym_6,ɑː->æː,ɑː,æː,166.0,143.0,47.12769533944659,-22.87767151470866,-10.266210677893628,-16.571941096301142,59.739156176261616,12.611460836815027
pca,speaker,sorsele,ym_6,æː->eː,æː,eː,166.0,143.0,24.183879714413216,-11.70122224911547,-12.409399153758862,-12.055310701437165,23.47570280976982,-0.7081769046433948
pca,speaker,sorsele,ym_6,yː->ʉ̟ː,yː,ʉ̟ː,166.0,143.0,10.203868683987409,-1.6220537995024633,8.760823217789824,3.56938470914368,20.586745701279693,10.382877017292284
pca,speaker,sorsele,ym_6,ʉ̟ː->øː,ʉ̟ː,øː,166.0,143.0,23.65566518158654,1.4820990087417643,-0.5675510313177956,0.4572739887119846,21.606015141526985,-2.0496500400595536
pca,speaker,sorunda,ym_2,uː->oː,uː,oː,181.0,406.0,7.573081840041759,-2.4122583365122696,-4.43965650956731,-3.42595742303979,5.545683666986719,-2.0273981730550403
pca,speaker,sorunda,ym_2,oː->ɑː,oː,ɑː,181.0,406.0,27.262853415824775,-19.227319353156915,-18.47419131591924,-18.850755334538075,28.015981453062455,0.7531280372376798
pca,speaker,sorunda,ym_2,ɑː->æː,ɑː,æː,181.0,406.0,47.12769533944659,-21.554534411132405,-25.617364002117007,-23.585949206624704,43.06486574846198,-4.062829590984606
pca,speaker,sorunda,ym_2,æː->eː,æː,eː,181.0,406.0,24.183879714413216,14.112282727374161,24.681336918659213,19.39680982301669,34.75293390569827,10.569054191285055
pca,speaker,sorunda,ym_2,yː->ʉ̟ː,yː,ʉ̟ː,181.0,406.0,10.203868683987409,18.369796972258722,12.399964257691977,15.38488061497535,4.234035969420666,-5.969832714566743
pca,speaker,sorunda,ym_2,ʉ̟ː->øː,ʉ̟ː,øː,181.0,406.0,23.65566518158654,-17.02438551847375,-7.780316967625997,-12.402351243049875,32.8997337324343,9.24406855084776
pca,speaker,sorunda,ym_3,uː->oː,uː,oː,181.0,406.0,7.573081840041759,3.319413567138596,-9.51836261475346,-3.099474523807431,-5.264694341850296,-12.837776181892055
pca,speaker,sorunda,ym_3,oː->ɑː,oː,ɑː,181.0,406.0,27.262853415824775,-11.544254134629352,-6.828066678995954,-9.186160406812656,31.97904087145817,4.716187455633396
pca,speaker,sorunda,ym_3,ɑː->æː,ɑː,æː,181.0,406.0,47.12769533944659,-13.591976997834555,-9.4572008515276,-11.524588924681078,51.26247148575355,4.134776146306962
pca,speaker,sorunda,ym_3,æː->eː,æː,eː,181.0,406.0,24.183879714413216,12.170174819972779,18.319790326929617,15.244982573451201,30.33349522137005,6.149615506956835
pca,speaker,sorunda,ym_3,yː->ʉ̟ː,yː,ʉ̟ː,181.0,406.0,10.203868683987409,12.189231588505038,-2.947170795451455,4.621030396526792,-4.932533699969086,-15.136402383956494
pca,speaker,sorunda,ym_3,ʉ̟ː->øː,ʉ̟ː,øː,181.0,406.0,23.65566518158654,3.3580499633049863,2.515898055586345,2.9369740094456653,22.813513273867898,-0.842151907718641
pca,speaker,sproge,ym_3,uː->oː,uː,oː,190.0,475.0,7.573081840041759,10.116421475582182,-2.030083026247224,4.043169224667479,-4.573422661787647,-12.146504501829405
pca,speaker,sproge,ym_3,oː->ɑː,oː,ɑː,190.0,475.0,27.262853415824775,0.3810609888586094,6.168852655989379,3.274956822423995,33.05064508295555,5.787791667130772
pca,speaker,sproge,ym_3,ɑː->æː,ɑː,æː,190.0,475.0,47.12769533944659,5.659393292288616,2.69603554876092,4.177714420524768,44.164337595918894,-2.9633577435276948
pca,speaker,sproge,ym_3,æː->eː,æː,eː,190.0,475.0,24.183879714413216,19.012238412346914,-3.955476775879206,7.528380818233855,1.2161645261870937,-22.967715188226123
pca,speaker,sproge,ym_3,yː->ʉ̟ː,yː,ʉ̟ː,190.0,475.0,10.203868683987409,-3.6314886666764306,5.77573278438647,1.0721220588550198,19.611090135050308,9.407221451062899
pca,speaker,sproge,ym_3,ʉ̟ː->øː,ʉ̟ː,øː,190.0,475.0,23.65566518158654,-1.0820460930390703,-6.081270260382116,-3.581658176710593,18.656441014243494,-4.999224167343044
pca,speaker,st_anna,ym_1,uː->oː,uː,oː,157.0,436.0,7.573081840041759,3.6233939057159392,-4.199748388782001,-0.2881772415330302,-0.2500604544561801,-7.823142294497939
pca,speaker,st_anna,ym_1,oː->ɑː,oː,ɑː,157.0,436.0,27.262853415824775,-2.2122637335770063,5.623399196005121,1.7055677312140576,35.09851634540691,7.835662929582131
pca,speaker,st_anna,ym_1,ɑː->æː,ɑː,æː,157.0,436.0,47.12769533944659,3.7250160660435734,2.384515028463563,3.0547655472535693,45.78719430186658,-1.3405010375800117
pca,speaker,st_anna,ym_1,æː->eː,æː,eː,157.0,436.0,24.183879714413216,-6.615403950553638,11.664573253763985,2.524584651605173,42.46385691873084,18.279977204317625
pca,speaker,st_anna,ym_1,yː->ʉ̟ː,yː,ʉ̟ː,157.0,436.0,10.203868683987409,-7.837049363864988,-7.989956780301512,-7.913503072083249,10.050961267550885,-0.1529074164365234
pca,speaker,st_anna,ym_1,ʉ̟ː->øː,ʉ̟ː,øː,157.0,436.0,23.65566518158654,-2.4279764683802214,13.417107509549723,5.49456552058475,39.50074915951648,15.845083977929942
pca,speaker,st_anna,ym_2,uː->oː,uː,oː,157.0,436.0,7.573081840041759,15.606580822640547,2.936660067605675,9.271620445123112,-5.096838914993114,-12.669920755034873
pca,speaker,st_anna,ym_2,oː->ɑː,oː,ɑː,157.0,436.0,27.262853415824775,-2.068119936564184,-1.8557643466962683,-1.9619421416302265,27.475209005692694,0.21235558986791858
pca,speaker,st_anna,ym_2,ɑː->æː,ɑː,æː,157.0,436.0,47.12769533944659,-4.445205723344249,-2.1809302034843374,-3.313067963414292,49.3919708593065,2.2642755198599076
pca,speaker,st_anna,ym_2,æː->eː,æː,eː,157.0,436.0,24.183879714413216,-9.707990705834902,9.864771834829043,0.07839056449706924,43.75664225507716,19.572762540663945
pca,speaker,st_anna,ym_2,yː->ʉ̟ː,yː,ʉ̟ː,157.0,436.0,10.203868683987409,-7.4453769272192,8.540740043316122,0.5476815580484612,26.189985654522726,15.986116970535317
pca,speaker,st_anna,ym_2,ʉ̟ː->øː,ʉ̟ː,øː,157.0,436.0,23.65566518158654,21.5871285614941,12.976382805247612,17.281755683370857,15.044919425340053,-8.610745756246486
pca,speaker,st_anna,ym_3,uː->oː,uː,oː,157.0,436.0,7.573081840041759,13.895295794399944,4.803897605201738,9.349596699800841,-1.5183163491564478,-9.091398189198207
pca,speaker,st_anna,ym_3,oː->ɑː,oː,ɑː,157.0,436.0,27.262853415824775,-1.6276040019384188,-0.9641767649043281,-1.2958903834213737,27.926280652858868,0.6634272370340923
pca,speaker,st_anna,ym_3,ɑː->æː,ɑː,æː,157.0,436.0,47.12769533944659,-4.499672292828641,5.829730351150253,0.6650290291608065,57.457097983425484,10.329402643978895
pca,speaker,st_anna,ym_3,æː->eː,æː,eː,157.0,436.0,24.183879714413216,-9.466558567708901,2.690321972985136,-3.388118297361883,36.34076025510725,12.156880540694033
pca,speaker,st_anna,ym_3,yː->ʉ̟ː,yː,ʉ̟ː,157.0,436.0,10.203868683987409,-0.5253450779206023,-4.12514226578643,-2.325243671853515,6.6040714961215805,-3.5997971878658284
pca,speaker,st_anna,ym_3,ʉ̟ː->øː,ʉ̟ː,øː,157.0,436.0,23.65566518158654,11.529213497408023,15.680577515931573,13.604895506669797,27.807029200110094,4.151364018523555
pca,speaker,st_anna,ym_4,uː->oː,uː,oː,157.0,436.0,7.573081840041759,8.116499722647196,-10.292601337847373,-1.088050807600088,-10.836019220452808,-18.409101060494567
pca,speaker,st_anna,ym_4,oː->ɑː,oː,ɑː,157.0,436.0,27.262853415824775,-19.13308678216114,-16.15280704827144,-17.64294691521629,30.243133149714474,2.9802797338896987
pca,speaker,st_anna,ym_4,ɑː->æː,ɑː,æː,157.0,436.0,47.12769533944659,-16.12834248751761,-6.09103025931658,-11.109686373417096,57.16500756764762,10.037312228201031
pca,speaker,st_anna,ym_4,æː->eː,æː,eː,157.0,436.0,24.183879714413216,7.062059068122378,12.62068256265007,9.841370815386224,29.742503208940906,5.558623494527691
pca,speaker,st_anna,ym_4,yː->ʉ̟ː,yː,ʉ̟ː,157.0,436.0,10.203868683987409,-0.5279795022732647,0.11188125705021279,-0.2080491226115251,10.843729443310886,0.6398607593234775
pca,speaker,st_anna,ym_4,ʉ̟ː->øː,ʉ̟ː,øː,157.0,436.0,23.65566518158654,5.755482672204595,12.621935257377059,9.188708964790827,30.522117766759006,6.866452585172468
pca,speaker,stenberga,ym_1,uː->oː,uː,oː,128.0,474.0,7.573081840041759,14.174506920782191,6.652770378366794,10.41363864957449,0.05134529762636079,-7.521736542415399
pca,speaker,stenberga,ym_1,oː->ɑː,oː,ɑː,128.0,474.0,27.262853415824775,26.929609062001216,-1.4780636421820101,12.725772709909602,-1.1448192883584496,-28.407672704183224
pca,speaker,stenberga,ym_1,ɑː->æː,ɑː,æː,128.0,474.0,47.12769533944659,-14.420582164755801,-4.467247839399868,-9.443915002077835,57.08102966480252,9.953334325355932
pca,speaker,stenberga,ym_1,æː->eː,æː,eː,128.0,474.0,24.183879714413216,0.22015255869678854,-2.649903770299394,-1.2148756058013037,21.31382338541703,-2.870056328996185
pca,speaker,stenberga,ym_1,yː->ʉ̟ː,yː,ʉ̟ː,128.0,474.0,10.203868683987409,18.309156472165597,0.2928239995076126,9.300990235836606,-7.812463788670577,-18.016332472657986
pca,speaker,stenberga,ym_1,ʉ̟ː->øː,ʉ̟ː,øː,128.0,474.0,23.65566518158654,12.121018754570034,6.100752853448516,9.110885804009275,17.635399280465023,-6.020265901121515
pca,speaker,stenberga,ym_2,uː->oː,uː,oː,128.0,474.0,7.573081840041759,4.2281934087176305,2.954080792962016,3.5911371008398234,6.298969224286145,-1.2741126157556142
pca,speaker,stenberga,ym_2,oː->ɑː,oː,ɑː,128.0,474.0,27.262853415824775,1.1366929022640084,-7.451404999522607,-3.1573560486292993,18.67475551403816,-8.588097901786615
pca,speaker,stenberga,ym_2,ɑː->æː,ɑː,æː,128.0,474.0,47.12769533944659,-6.539268575101095,0.6370229179159266,-2.9511228285925837,54.30398683246361,7.176291493017018
pca,speaker,stenberga,ym_2,æː->eː,æː,eː,128.0,474.0,24.183879714413216,2.526124660339621,-4.2820228671961695,-0.877949103428274,17.375732186877425,-6.808147527535791
pca,speaker,stenberga,ym_2,yː->ʉ̟ː,yː,ʉ̟ː,128.0,474.0,10.203868683987409,-1.540234323105746,3.4683603330890116,0.9640630049916331,15.212463340182165,5.008594656194756
pca,speaker,stenberga,ym_2,ʉ̟ː->øː,ʉ̟ː,øː,128.0,474.0,23.65566518158654,2.312722319683732,-2.7813974681188487,-0.2343375742175583,18.56154539378396,-5.09411978780258
pca,speaker,stenberga,ym_3,uː->oː,uː,oː,128.0,474.0,7.573081840041759,2.3904311420083726,-4.863411356234402,-1.2364901071130139,0.3192393417989845,-7.253842498242775
pca,speaker,stenberga,ym_3,oː->ɑː,oː,ɑː,128.0,474.0,27.262853415824775,-17.454957031408494,-2.6740907477614235,-10.06452388958496,42.04371969947185,14.780866283647075
pca,speaker,stenberga,ym_3,ɑː->æː,ɑː,æː,128.0,474.0,47.12769533944659,-6.478575963645996,-6.252253458218784,-6.36541471093239,47.354017844873795,0.22632250542720556
pca,speaker,stenberga,ym_3,æː->eː,æː,eː,128.0,474.0,24.183879714413216,9.927641368812223,14.310815438427156,12.11922840361969,28.567053784028147,4.383174069614931
pca,speaker,stenberga,ym_3,yː->ʉ̟ː,yː,ʉ̟ː,128.0,474.0,10.203868683987409,7.232218941141236,0.9349042098239141,4.083561575482578,3.906553952670085,-6.297314731317323
pca,speaker,stenberga,ym_3,ʉ̟ː->øː,ʉ̟ː,øː,128.0,474.0,23.65566518158654,-16.16862402196779,-12.842504626918585,-14.50556432444319,26.981784576635746,3.326119395049208
pca,speaker,storsjo,ym_1,uː->oː,uː,oː,87.0,251.0,7.573081840041759,-7.268750583171077,-3.8525590157477594,-5.560654799459417,10.989273407465076,3.4161915674233168
pca,speaker,storsjo,ym_1,oː->ɑː,oː,ɑː,87.0,251.0,27.262853415824775,7.156123688290579,3.020980660954359,5.0885521746224684,23.127710388488556,-4.13514302733622
pca,speaker,storsjo,ym_1,ɑː->æː,ɑː,æː,87.0,251.0,47.12769533944659,10.057632652991986,2.2245792596252563,6.141105956308622,39.29464194607986,-7.833053393366733
pca,speaker,storsjo,ym_1,æː->eː,æː,eː,87.0,251.0,24.183879714413216,-1.6434263424043347,2.693127546571509,0.5248506020835882,28.52043360338906,4.336553888975843
pca,speaker,storsjo,ym_1,yː->ʉ̟ː,yː,ʉ̟ː,87.0,251.0,10.203868683987409,-18.465426601302024,-13.542849429677188,-16.004138015489605,15.126445855612246,4.922577171624837
pca,speaker,storsjo,ym_1,ʉ̟ː->øː,ʉ̟ː,øː,87.0,251.0,23.65566518158654,14.977216739414994,-10.368545254073304,2.304335742670845,-1.690096811901757,-25.345761993488296
pca,speaker,storsjo,ym_2,uː->oː,uː,oː,87.0,251.0,7.573081840041759,-4.698193878876278,6.659443253709044,0.9806246874163829,18.93071897262708,11.357637132585321
pca,speaker,storsjo,ym_2,oː->ɑː,oː,ɑː,87.0,251.0,27.262853415824775,4.989469144263097,-5.793417658775514,-0.401974257256209,16.479966612786168,-10.782886803038608
pca,speaker,storsjo,ym_2,ɑː->æː,ɑː,æː,87.0,251.0,47.12769533944659,-4.540741899781248,-6.173662774754662,-5.357202337267956,45.494774464473174,-1.632920874973415
pca,speaker,storsjo,ym_2,æː->eː,æː,eː,87.0,251.0,24.183879714413216,-12.00774490248335,-8.886764005470821,-10.447254453977086,27.30486061142574,3.120980897012526
pca,speaker,storsjo,ym_2,yː->ʉ̟ː,yː,ʉ̟ː,87.0,251.0,10.203868683987409,-4.731280274572881,3.3920792868245235,-0.6696004938741779,18.327228245384816,8.123359561397407
pca,speaker,storsjo,ym_2,ʉ̟ː->øː,ʉ̟ː,øː,87.0,251.0,23.65566518158654,4.46802763258543,0.8569636658361495,2.6624956492107894,20.044601214837265,-3.611063966749274
pca,speaker,storsjo,ym_3,uː->oː,uː,oː,87.0,251.0,7.573081840041759,0.35316839708169956,-0.7952487776664755,-0.22104019029238775,6.424664665293584,-1.1484171747481753
pca,speaker,storsjo,ym_3,oː->ɑː,oː,ɑː,87.0,251.0,27.262853415824775,10.314676956982082,2.1297557032982564,6.222216330140168,19.077932162140954,-8.184921253683822
pca,speaker,storsjo,ym_3,ɑː->æː,ɑː,æː,87.0,251.0,47.12769533944659,-0.8539393121589341,-1.9117067506869219,-1.382823031422928,46.06992790091861,-1.057767438527982
pca,speaker,storsjo,ym_3,æː->eː,æː,eː,87.0,251.0,24.183879714413216,-5.948604298086745,-11.580052829836895,-8.764328563961818,18.552431182663067,-5.631448531750149
pca,speaker,storsjo,ym_3,yː->ʉ̟ː,yː,ʉ̟ː,87.0,251.0,10.203868683987409,-11.436719380539909,-15.137932167747463,-13.287325774143685,6.502655896779855,-3.701212787207554
pca,speaker,storsjo,ym_3,ʉ̟ː->øː,ʉ̟ː,øː,87.0,251.0,23.65566518158654,9.660898891194185,-4.518842718996935,2.5710280860986243,9.475923571395422,-14.179741610191117
pca,speaker,strom,ym_1,uː->oː,uː,oː,132.0,211.0,7.573081840041759,-0.4159768948505076,-2.378544835427596,-1.3972608651390515,5.610513899464671,-1.9625679405770882
pca,speaker,strom,ym_1,oː->ɑː,oː,ɑː,132.0,211.0,27.262853415824775,-10.468702526057056,-5.250724786993558,-7.859713656525306,32.48083115488828,5.217977739063503
pca,speaker,strom,ym_1,ɑː->æː,ɑː,æː,132.0,211.0,47.12769533944659,-3.551533254790735,2.143402355856455,-0.7040654494671404,52.82263095009378,5.6949356106471924
pca,speaker,strom,ym_1,æː->eː,æː,eː,132.0,211.0,24.183879714413216,0.2214762966740534,3.992274937153347,2.1068756169137006,27.954678354892508,3.770798640479292
pca,speaker,strom,ym_1,yː->ʉ̟ː,yː,ʉ̟ː,132.0,211.0,10.203868683987409,11.512424308796685,4.260533166869521,7.886478737833105,2.9519775420602414,-7.251891141927167
pca,speaker,strom,ym_1,ʉ̟ː->øː,ʉ̟ː,øː,132.0,211.0,23.65566518158654,-8.326044807002077,-10.198679520558521,-9.2623621637803,21.7830304680301,-1.8726347135564403
pca,speaker,strom,ym_2,uː->oː,uː,oː,132.0,211.0,7.573081840041759,-9.403690980824935,-1.9502360494557058,-5.67696351514032,15.026536771410987,7.453454931369228
pca,speaker,strom,ym_2,oː->ɑː,oː,ɑː,132.0,211.0,27.262853415824775,2.0509007226234575,6.581072375388927,4.315986549006193,31.79302506859025,4.530171652765475
pca,speaker,strom,ym_2,ɑː->æː,ɑː,æː,132.0,211.0,47.12769533944659,10.429096476621407,2.2902488998004924,6.359672688210948,38.98884776262568,-8.138847576820908
pca,speaker,strom,ym_2,æː->eː,æː,eː,132.0,211.0,24.183879714413216,-8.0292002456355,-6.778122487316296,-7.403661366475899,25.434957472732417,1.2510777583192016
pca,speaker,strom,ym_2,yː->ʉ̟ː,yː,ʉ̟ː,132.0,211.0,10.203868683987409,-10.30674246369354,-2.2221691998695956,-6.264455831781567,18.288441947811354,8.084573263823945
pca,speaker,strom,ym_2,ʉ̟ː->øː,ʉ̟ː,øː,132.0,211.0,23.65566518158654,-5.59299414628047,-2.451630498433772,-4.022312322357121,26.79702882943324,3.1413636478467026
pca,speaker,strom,ym_3,uː->oː,uː,oː,132.0,211.0,7.573081840041759,-3.301966843535316,-9.414572813383007,-6.358269828459162,1.460475870194068,-6.1126059698476904
pca,speaker,strom,ym_3,oː->ɑː,oː,ɑː,132.0,211.0,27.262853415824775,13.626606178376717,-6.005136425593178,3.8107348763917703,7.631110811854882,-19.631742603969894
pca,speaker,strom,ym_3,ɑː->æː,ɑː,æː,132.0,211.0,47.12769533944659,-6.5000048408352775,1.4956790378592117,-2.5021629014880333,55.123379218141075,7.995683878694486
pca,speaker,strom,ym_3,æː->eː,æː,eː,132.0,211.0,24.183879714413216,6.9610615183529045,6.031257225298734,6.4961593718258195,23.254075421359044,-0.9298042930541719
pca,speaker,strom,ym_3,yː->ʉ̟ː,yː,ʉ̟ː,132.0,211.0,10.203868683987409,-1.3995784501086213,-5.168788424296796,-3.2841834372027074,6.434658709799233,-3.7692099741881755
pca,speaker,strom,ym_3,ʉ̟ː->øː,ʉ̟ː,øː,132.0,211.0,23.65566518158654,-8.746811618017244,-17.06398591171771,-12.905398764867476,15.33849088788607,-8.317174293700468
pca,speaker,tjallmo,ym_1,uː->oː,uː,oː,128.0,416.0,7.573081840041759,2.2319427517121464,-10.312471835926731,-4.040264542107291,-4.971332747597119,-12.544414587638878
pca,speaker,tjallmo,ym_1,oː->ɑː,oː,ɑː,128.0,416.0,27.262853415824775,-9.212313403575715,-31.6318215713264,-20.422067487451063,4.843345248074089,-22.419508167750685
pca,speaker,tjallmo,ym_1,ɑː->æː,ɑː,æː,128.0,416.0,47.12769533944659,-2.785091394951858,9.673335807614645,3.4441222063313943,59.586122542013086,12.458427202566497
pca,speaker,tjallmo,ym_1,æː->eː,æː,eː,128.0,416.0,24.183879714413216,-0.45164381946006743,5.3571789822162454,2.4527675813780894,29.99270251608953,5.808822801676314
pca,speaker,tjallmo,ym_1,yː->ʉ̟ː,yː,ʉ̟ː,128.0,416.0,10.203868683987409,-14.795538623921185,-4.417527787877861,-9.606533205899524,20.581879520030736,10.378010836043327
pca,speaker,tjallmo,ym_1,ʉ̟ː->øː,ʉ̟ː,øː,128.0,416.0,23.65566518158654,3.6853692189835336,9.062537905337527,6.373953562160532,29.032833867940536,5.377168686353997
pca,speaker,tjallmo,ym_2,uː->oː,uː,oː,128.0,416.0,7.573081840041759,-4.789407581678353,-9.421378990192222,-7.105393285935288,2.9411104315278886,-4.63197140851387
pca,speaker,tjallmo,ym_2,oː->ɑː,oː,ɑː,128.0,416.0,27.262853415824775,-11.851960295973077,-1.9661215319210716,-6.909040913947074,37.14869217987678,9.885838764052007
pca,speaker,tjallmo,ym_2,ɑː->æː,ɑː,æː,128.0,416.0,47.12769533944659,-4.3582808795323436,14.91969666462535,5.280707892546504,66.40567288360428,19.277977544157693
pca,speaker,tjallmo,ym_2,æː->eː,æː,eː,128.0,416.0,24.183879714413216,-6.58092536458673,-2.8170200080243744,-4.698972686305551,27.94778507097557,3.763905356562354
pca,speaker,tjallmo,ym_2,yː->ʉ̟ː,yː,ʉ̟ː,128.0,416.0,10.203868683987409,-17.91329433348235,-15.719872022251824,-16.816583177867088,12.397290995217936,2.1934223112305276
pca,speaker,tjallmo,ym_2,ʉ̟ː->øː,ʉ̟ː,øː,128.0,416.0,23.65566518158654,8.199081104878662,15.664556931530168,11.931819018204413,31.121141008238045,7.465475826651506
pca,speaker,tjallmo,ym_3,uː->oː,uː,oː,128.0,416.0,7.573081840041759,2.1058352106614704,-9.06045219561916,-3.4773084924788447,-3.5932055662388716,-11.166287406280631
pca,speaker,tjallmo,ym_3,oː->ɑː,oː,ɑː,128.0,416.0,27.262853415824775,-15.885857379962117,-11.980497188339827,-13.933177284150974,31.16821360744707,3.905360191622293
pca,speaker,tjallmo,ym_3,ɑː->æː,ɑː,æː,128.0,416.0,47.12769533944659,-11.11590060767308,-7.663296562534377,-9.389598585103728,50.580299384585295,3.452604045138706
pca,speaker,tjallmo,ym_3,æː->eː,æː,eː,128.0,416.0,24.183879714413216,3.9770854123424724,4.223810465448862,4.100447938895668,24.430604767519604,0.24672505310638826
pca,speaker,tjallmo,ym_3,yː->ʉ̟ː,yː,ʉ̟ː,128.0,416.0,10.203868683987409,6.095705264492652,-1.193765453397718,2.4509699055474683,2.9143979660970376,-7.289470717890371
pca,speaker,tjallmo,ym_3,ʉ̟ː->øː,ʉ̟ː,øː,128.0,416.0,23.65566518158654,11.965316674414094,7.597855672497813,9.781586173455953,19.288204179670256,-4.367461001916283
pca,speaker,torhamn,ym_1,uː->oː,uː,oː,135.0,521.0,7.573081840041759,2.1239777528099943,3.267412142707225,2.69569494775861,8.71651622993899,1.1434343898972301
pca,speaker,torhamn,ym_1,oː->ɑː,oː,ɑː,135.0,521.0,27.262853415824775,9.478437566417199,5.891532981488943,7.68498527395307,23.675948830896523,-3.586904584928252
pca,speaker,torhamn,ym_1,ɑː->æː,ɑː,æː,135.0,521.0,47.12769533944659,5.3619916550403826,2.3605879497087336,3.861289802374557,44.12629163411494,-3.001403705331647
pca,speaker,torhamn,ym_1,æː->eː,æː,eː,135.0,521.0,24.183879714413216,2.1375919497830536,-8.05662757222585,-2.959517811221399,13.989660192404312,-10.194219522008904
pca,speaker,torhamn,ym_1,yː->ʉ̟ː,yː,ʉ̟ː,135.0,521.0,10.203868683987409,3.171264148889201,0.45693989930384116,1.8141020240965215,7.489544434402049,-2.71432424958536
pca,speaker,torhamn,ym_1,ʉ̟ː->øː,ʉ̟ː,øː,135.0,521.0,23.65566518158654,-6.360163905991185,3.48315940821414,-1.4385022488885224,33.49898849579187,9.843323314205332
pca,speaker,torhamn,ym_2,uː->oː,uː,oː,135.0,521.0,7.573081840041759,1.0525657796115466,-2.528802847165007,-0.7381185337767298,3.991713213265206,-3.581368626776553
pca,speaker,torhamn,ym_2,oː->ɑː,oː,ɑː,135.0,521.0,27.262853415824775,-5.099832710083803,-26.810905942051466,-15.955369326067634,5.5517801838571135,-21.71107323196766
pca,speaker,torhamn,ym_2,ɑː->æː,ɑː,æː,135.0,521.0,47.12769533944659,-28.027327571898763,-11.669040102437057,-19.84818383716791,63.48598280890829,16.3582874694617
pca,speaker,torhamn,ym_2,æː->eː,æː,eː,135.0,521.0,24.183879714413216,20.218306731460643,9.295385881265052,14.756846306362847,13.260958864217622,-10.922920850195593
pca,speaker,torhamn,ym_2,yː->ʉ̟ː,yː,ʉ̟ː,135.0,521.0,10.203868683987409,-2.359948012536486,-3.4407516618225165,-2.900349837179501,9.123065034701376,-1.0808036492860325
pca,speaker,torhamn,ym_2,ʉ̟ː->øː,ʉ̟ː,øː,135.0,521.0,23.65566518158654,-18.898916994157698,-10.655583800723766,-14.777250397440733,31.898998375020472,8.243333193433934
pca,speaker,torhamn,ym_3,uː->oː,uː,oː,135.0,521.0,7.573081840041759,8.671710068909853,11.542159888041741,10.106934978475797,10.443531659173646,2.8704498191318866
pca,speaker,torhamn,ym_3,oː->ɑː,oː,ɑː,135.0,521.0,27.262853415824775,33.87878764248085,5.989025550166559,19.933906596323705,-0.6269086764895109,-27.889762092314285
pca,speaker,torhamn,ym_3,ɑː->æː,ɑː,æː,135.0,521.0,47.12769533944659,4.820636618153165,9.776788322033164,7.298712470093165,52.083847043326585,4.956151703879996
pca,speaker,torhamn,ym_3,æː->eː,æː,eː,135.0,521.0,24.183879714413216,5.873266739754085,-4.32588006206623,0.7736933388439271,13.9847329125929,-10.199146801820316
pca,speaker,torhamn,ym_3,yː->ʉ̟ː,yː,ʉ̟ː,135.0,521.0,10.203868683987409,-10.052902670239325,-13.13847897706641,-11.595690823652868,7.118292377160325,-3.0855763068270843
pca,speaker,torhamn,ym_3,ʉ̟ː->øː,ʉ̟ː,øː,135.0,521.0,23.65566518158654,1.494691465938429,4.818564194429034,3.1566278301837314,26.979537910077145,3.323872728490606
pca,speaker,torp,ym_1,uː->oː,uː,oː,145.0,265.0,7.573081840041759,-5.500606026135883,-4.364971914052354,-4.932788970094118,8.708715952125287,1.1356341120835278
pca,speaker,torp,ym_1,oː->ɑː,oː,ɑː,145.0,265.0,27.262853415824775,-0.033978285950951724,8.342578544375579,4.154300129212314,35.63941024615131,8.376556830326532
pca,speaker,torp,ym_1,ɑː->æː,ɑː,æː,145.0,265.0,47.12769533944659,7.18656960167988,14.59504423750867,10.890806919594274,54.536169975275385,7.408474635828796
pca,speaker,torp,ym_1,æː->eː,æː,eː,145.0,265.0,24.183879714413216,-8.449905152696228,-1.9045629831785704,-5.177234067937399,30.729221883930872,6.545342169517657
pca,speaker,torp,ym_1,yː->ʉ̟ː,yː,ʉ̟ː,145.0,265.0,10.203868683987409,-3.371223898638068,-3.321787780105174,-3.34650583937162,10.253304802520303,0.04943611853289376
pca,speaker,torp,ym_1,ʉ̟ː->øː,ʉ̟ː,øː,145.0,265.0,23.65566518158654,3.231936205367787,14.893297081755364,9.062616643561576,35.31702605797412,11.66136087638758
pca,speaker,torp,ym_2,uː->oː,uː,oː,145.0,265.0,7.573081840041759,-8.215220148789342,2.5967131134137627,-2.8092535176877886,18.385015102244864,10.811933262203105
pca,speaker,torp,ym_2,oː->ɑː,oː,ɑː,145.0,265.0,27.262853415824775,2.276790802905727,-0.16384243565046056,1.0564741836276348,24.82222017726859,-2.4406332385561846
pca,speaker,torp,ym_2,ɑː->æː,ɑː,æː,145.0,265.0,47.12769533944659,-9.358789512059404,11.30954991195635,0.9753801999484727,67.79603476346234,20.668339424015755
pca,speaker,torp,ym_2,æː->eː,æː,eː,145.0,265.0,24.183879714413216,-1.3260567771960596,10.36705281713546,4.5204980199697005,35.87698930874473,11.693109594331517
pca,speaker,torp,ym_2,yː->ʉ̟ː,yː,ʉ̟ː,145.0,265.0,10.203868683987409,-16.770709136559944,-9.403410796268476,-13.087059966414209,17.571167024278875,7.367298340291466
pca,speaker,torp,ym_2,ʉ̟ː->øː,ʉ̟ː,øː,145.0,265.0,23.65566518158654,2.9360995033357224,18.913100848984474,10.9246001761601,39.632666527235294,15.977001345648755
pca,speaker,torsas,ym_1,uː->oː,uː,oː,144.0,504.0,7.573081840041759,2.0216994797409065,4.9393169447551335,3.4805082122480195,10.490699305055985,2.917617465014226
pca,speaker,torsas,ym_1,oː->ɑː,oː,ɑː,144.0,504.0,27.262853415824775,3.5437823116019307,-7.424532766043034,-1.9403752272205508,16.294538338179812,-10.968315077644963
pca,speaker,torsas,ym_1,ɑː->æː,ɑː,æː,144.0,504.0,47.12769533944659,-12.803968767630389,-14.766480061668638,-13.785224414649512,45.16518404540834,-1.9625112940382508
pca,speaker,torsas,ym_1,æː->eː,æː,eː,144.0,504.0,24.183879714413216,4.864265208280023,11.94856764519933,8.406416426739677,31.26818215133252,7.084302436919305
pca,speaker,torsas,ym_1,yː->ʉ̟ː,yː,ʉ̟ː,144.0,504.0,10.203868683987409,9.449288676365347,0.40182507106846804,4.925556873716909,1.1564050786905276,-9.047463605296882
pca,speaker,torsas,ym_1,ʉ̟ː->øː,ʉ̟ː,øː,144.0,504.0,23.65566518158654,-5.7628822840473815,-12.452785506367736,-9.107833895207557,16.96576195926619,-6.68990322232035
pca,speaker,torsas,ym_2,uː->oː,uː,oː,144.0,504.0,7.573081840041759,0.5007898455411003,0.48986512602970333,0.49532748578540253,7.562157120530363,-0.010924719511396397
pca,speaker,torsas,ym_2,oː->ɑː,oː,ɑː,144.0,504.0,27.262853415824775,15.71589767800752,2.0134107806216237,8.864654229314572,13.560366518438881,-13.702486897385894
pca,speaker,torsas,ym_2,ɑː->æː,ɑː,æː,144.0,504.0,47.12769533944659,11.538527770677105,24.885651678135524,18.21208972440631,60.47481924690501,13.347123907458418
pca,speaker,torsas,ym_2,æː->eː,æː,eː,144.0,504.0,24.183879714413216,-13.326162862459002,-9.051246799950624,-11.188704831204815,28.458795776921594,4.274916062508378
pca,speaker,torsas,ym_2,yː->ʉ̟ː,yː,ʉ̟ː,144.0,504.0,10.203868683987409,-7.892403483245761,-12.031971855598153,-9.962187669421958,6.064300311635015,-4.139568372352394
pca,speaker,torsas,ym_2,ʉ̟ː->øː,ʉ̟ː,øː,144.0,504.0,23.65566518158654,0.0332154162855337,-4.150573580595291,-2.0586790821548777,19.471876184705717,-4.183788996880821
pca,speaker,torsas,ym_3,uː->oː,uː,oː,144.0,504.0,7.573081840041759,7.283856206476559,8.7208780106026,8.002367108539577,9.0101036441678,1.4370218041260419
pca,speaker,torsas,ym_3,oː->ɑː,oː,ɑː,144.0,504.0,27.262853415824775,14.845952217314583,11.236265148345774,13.04110868283018,23.65316634685597,-3.6096870689688068
pca,speaker,torsas,ym_3,ɑː->æː,ɑː,æː,144.0,504.0,47.12769533944659,16.380660648565616,-0.720415312619639,7.830122667972989,30.02661937826133,-17.10107596118526
pca,speaker,torsas,ym_3,æː->eː,æː,eː,144.0,504.0,24.183879714413216,-13.457980385327389,-18.33713475790955,-15.897557571618469,19.304725341831052,-4.879154372582164
pca,speaker,torsas,ym_3,yː->ʉ̟ː,yː,ʉ̟ː,144.0,504.0,10.203868683987409,-7.382164998304332,-9.488976901566677,-8.435570949935503,8.097056780725065,-2.1068119032623436
pca,speaker,torsas,ym_3,ʉ̟ː->øː,ʉ̟ː,øː,144.0,504.0,23.65566518158654,12.21759354007495,7.336130533785506,9.776862036930229,18.7742021752971,-4.88146300628944
pca,speaker,torso,ym_1,uː->oː,uː,oː,95.0,414.0,7.573081840041759,-6.313251548600688,-16.893393750728002,-11.603322649664346,-3.007060362085555,-10.580142202127314
pca,speaker,torso,ym_1,oː->ɑː,oː,ɑː,95.0,414.0,27.262853415824775,-13.638858046976145,-14.821323665262561,-14.230090856119356,26.08038779753836,-1.1824656182864146
pca,speaker,torso,ym_1,ɑː->æː,ɑː,æː,95.0,414.0,47.12769533944659,-14.238886053095287,2.8983802636336646,-5.670252894730811,64.26496165617554,17.137266316728955
pca,speaker,torso,ym_1,æː->eː,æː,eː,95.0,414.0,24.183879714413216,0.9687127210432795,5.255498635734735,3.112105678389008,28.47066562910467,4.286785914691453
pca,speaker,torso,ym_1,yː->ʉ̟ː,yː,ʉ̟ː,95.0,414.0,10.203868683987409,-3.6128603802944865,-1.5464017547879791,-2.579631067541233,12.270327309493917,2.066458625506508
pca,speaker,torso,ym_1,ʉ̟ː->øː,ʉ̟ː,øː,95.0,414.0,23.65566518158654,1.861706999789958,-4.850626106997976,-1.4944595536040097,16.943332074798604,-6.712333106787934
pca,speaker,torso,ym_2,uː->oː,uː,oː,95.0,414.0,7.573081840041759,-9.90312553742906,-13.278764772018736,-11.590945154723899,4.197442605452084,-3.3756392345896753
pca,speaker,torso,ym_2,oː->ɑː,oː,ɑː,95.0,414.0,27.262853415824775,-16.60094937526351,-19.845870074252215,-18.22340972475786,24.017932716836075,-3.2449206989887003
pca,speaker,torso,ym_2,ɑː->æː,ɑː,æː,95.0,414.0,47.12769533944659,-14.4207315528521,-5.375325491185978,-9.89802852201904,56.17310140111272,9.045406061666128
pca,speaker,torso,ym_2,æː->eː,æː,eː,95.0,414.0,24.183879714413216,10.425691575952253,17.822929612870176,14.124310594411213,31.58111775133114,7.397238036917923
pca,speaker,torso,ym_2,yː->ʉ̟ː,yː,ʉ̟ː,95.0,414.0,10.203868683987409,-0.7456488993177995,1.6428112084854758,0.44858115458383707,12.592328791790685,2.388460107803276
pca,speaker,torso,ym_2,ʉ̟ː->øː,ʉ̟ː,øː,95.0,414.0,23.65566518158654,-16.597027429946106,-15.692922155683208,-16.144974792814654,24.55977045584944,0.9041052742628999
pca,speaker,torso,ym_3,uː->oː,uː,oː,95.0,414.0,7.573081840041759,-9.999243574894825,-11.217356339711161,-10.608299957302993,6.354969075225423,-1.2181127648163361
pca,speaker,torso,ym_3,oː->ɑː,oː,ɑː,95.0,414.0,27.262853415824775,-5.5207195781390315,-11.658512705118946,-8.58961614162899,21.125060288844864,-6.137793126979911
pca,speaker,torso,ym_3,ɑː->æː,ɑː,æː,95.0,414.0,47.12769533944659,-5.505537595865924,8.234134353591376,1.3642983788627263,60.867367288903885,13.739671949457296
pca,speaker,torso,ym_3,æː->eː,æː,eː,95.0,414.0,24.183879714413216,-5.297728232229018,6.402715062789688,0.5524934152803342,35.884323009431924,11.700443295018708
pca,speaker,torso,ym_3,yː->ʉ̟ː,yː,ʉ̟ː,95.0,414.0,10.203868683987409,-6.61350692373486,-6.004800397262683,-6.3091536604987715,10.812575210459585,0.6087065264721758
pca,speaker,torso,ym_3,ʉ̟ː->øː,ʉ̟ː,øː,95.0,414.0,23.65566518158654,11.705541734454966,1.5832811497974673,6.644411442126216,13.533404596929042,-10.122260584657496
pca,speaker,v_vingaker,ym_1,uː->oː,uː,oː,139.0,402.0,7.573081840041759,-8.943839474015316,-8.931575815676986,-8.937707644846151,7.585345498380089,0.01226365833833043
pca,speaker,v_vingaker,ym_1,oː->ɑː,oː,ɑː,139.0,402.0,27.262853415824775,-20.547503509804983,-19.85380944591971,-20.200656477862346,27.956547479710053,0.6936940638852782
pca,speaker,v_vingaker,ym_1,ɑː->æː,ɑː,æː,139.0,402.0,47.12769533944659,-21.12753318144117,-20.58925583273552,-20.858394507088345,47.665972688152245,0.5382773487056554
pca,speaker,v_vingaker,ym_1,æː->eː,æː,eː,139.0,402.0,24.183879714413216,17.447910547462765,12.804850455463097,15.126380501462931,19.540819622413544,-4.643060091999672
pca,speaker,v_vingaker,ym_1,yː->ʉ̟ː,yː,ʉ̟ː,139.0,402.0,10.203868683987409,-0.9915567201394913,1.8259367148066457,0.4171899973335791,13.021362118933544,2.817493434946135
pca,speaker,v_vingaker,ym_1,ʉ̟ː->øː,ʉ̟ː,øː,139.0,402.0,23.65566518158654,-16.41058757718326,-17.78565679999245,-17.098122188587855,22.28059595877735,-1.3750692228091879
pca,speaker,v_vingaker,ym_2,uː->oː,uː,oː,139.0,402.0,7.573081840041759,-10.66687357460589,-26.576889724608478,-18.621881649607182,-8.336934309960828,-15.910016150002587
pca,speaker,v_vingaker,ym_2,oː->ɑː,oː,ɑː,139.0,402.0,27.262853415824775,-28.910413220664484,-19.742135697788584,-24.326274459226536,36.43113093870068,9.168277522875908
pca,speaker,v_vingaker,ym_2,ɑː->æː,ɑː,æː,139.0,402.0,47.12769533944659,-19.838024466743978,-9.884220979423375,-14.861122723083676,57.081498826767195,9.953803487320606
pca,speaker,v_vingaker,ym_2,æː->eː,æː,eː,139.0,402.0,24.183879714413216,-5.708240269522989,9.464236699504719,1.8779982149908647,39.35635668344092,15.172476969027706
pca,speaker,v_vingaker,ym_2,yː->ʉ̟ː,yː,ʉ̟ː,139.0,402.0,10.203868683987409,1.1126503276463826,-0.34410923888342804,0.3842705443814782,8.747109117457597,-1.4567595665298114
pca,speaker,v_vingaker,ym_2,ʉ̟ː->øː,ʉ̟ː,øː,139.0,402.0,23.65566518158654,-3.6553858215643777,-5.594232378048355,-4.624809099806368,21.71681862510256,-1.938846556483977
pca,speaker,v_vingaker,ym_3,uː->oː,uː,oː,139.0,402.0,7.573081840041759,-3.9169585947829946,2.908898614094529,-0.5040299903442323,14.398939048919283,6.825857208877524
pca,speaker,v_vingaker,ym_3,oː->ɑː,oː,ɑː,139.0,402.0,27.262853415824775,4.903234651496692,-8.072895583345083,-1.5848304659241952,14.286723180983003,-12.976130234841772
pca,speaker,v_vingaker,ym_3,ɑː->æː,ɑː,æː,139.0,402.0,47.12769533944659,6.142562946998801,-0.30240153758192984,2.920080704708435,40.68273085486586,-6.44496448458073
pca,speaker,v_vingaker,ym_3,æː->eː,æː,eː,139.0,402.0,24.183879714413216,3.6162406480237075,10.84564113419954,7.230940891111624,31.41328020058905,7.229400486175834
pca,speaker,v_vingaker,ym_3,yː->ʉ̟ː,yː,ʉ̟ː,139.0,402.0,10.203868683987409,0.15835813190658987,-7.9598863077050455,-3.900764087899228,2.0856242443757727,-8.118244439611637
pca,speaker,v_vingaker,ym_3,ʉ̟ː->øː,ʉ̟ː,øː,139.0,402.0,23.65566518158654,3.2249891426219044,5.711307751773031,4.468148447197469,26.14198379073767,2.4863186091511302
pca,speaker,vackelsang,ym_1,uː->oː,uː,oː,116.0,500.0,7.573081840041759,7.741968066623808,2.1868376146979696,4.964402840660889,2.0179513881159212,-5.555130451925837
pca,speaker,vackelsang,ym_1,oː->ɑː,oː,ɑː,116.0,500.0,27.262853415824775,4.734312239880481,0.10482041949796092,2.419566329689222,22.63336159544226,-4.6294918203825155
pca,speaker,vackelsang,ym_1,ɑː->æː,ɑː,æː,116.0,500.0,47.12769533944659,8.526316174385794,-2.508630775794662,3.0088426992955655,36.092748389266134,-11.034946950180455
pca,speaker,vackelsang,ym_1,æː->eː,æː,eː,116.0,500.0,24.183879714413216,-0.7150521489432852,8.06957618700176,3.677262019029237,32.96850805035826,8.784628335945044
pca,speaker,vackelsang,ym_1,yː->ʉ̟ː,yː,ʉ̟ː,116.0,500.0,10.203868683987409,5.707595983150989,8.322557114189895,7.015076548670443,12.818829815026314,2.614961131038905
pca,speaker,vackelsang,ym_1,ʉ̟ː->øː,ʉ̟ː,øː,116.0,500.0,23.65566518158654,4.831431414932609,-14.925104437268649,-5.04683651116802,3.899129329385281,-19.756535852201257
pca,speaker,vackelsang,ym_2,uː->oː,uː,oː,116.0,500.0,7.573081840041759,5.37938717029925,4.483393463236072,4.931390316767661,6.6770881329785805,-0.8959937070631785
pca,speaker,vackelsang,ym_2,oː->ɑː,oː,ɑː,116.0,500.0,27.262853415824775,11.471531511600334,0.35991838768688356,5.915724949643609,16.15124029191133,-11.111613123913447
pca,speaker,vackelsang,ym_2,ɑː->æː,ɑː,æː,116.0,500.0,47.12769533944659,7.220510096254379,21.436925347920685,14.328717722087534,61.344110591112894,14.216415251666305
pca,speaker,vackelsang,ym_2,æː->eː,æː,eː,116.0,500.0,24.183879714413216,-6.278691240181458,-12.617075949180641,-9.44788359468105,17.84549500541403,-6.338384708999186
pca,speaker,vackelsang,ym_2,yː->ʉ̟ː,yː,ʉ̟ː,116.0,500.0,10.203868683987409,-4.376473705008517,-2.9378724886107865,-3.657173096809651,11.642469900385139,1.4386012163977302
pca,speaker,vackelsang,ym_2,ʉ̟ː->øː,ʉ̟ː,øː,116.0,500.0,23.65566518158654,14.055661066372545,3.10069773994576,8.578179403159153,12.700701855159755,-10.954963326426784
pca,speaker,vackelsang,ym_3,uː->oː,uː,oː,116.0,500.0,7.573081840041759,12.59042485969502,2.353606904678415,7.472015882186717,-2.6637361149748457,-10.236817955016605
pca,speaker,vackelsang,ym_3,oː->ɑː,oː,ɑː,116.0,500.0,27.262853415824775,15.097748079521873,8.231980856591003,11.664864468056438,20.39708619289391,-6.865767222930867
pca,speaker,vackelsang,ym_3,ɑː->æː,ɑː,æː,116.0,500.0,47.12769533944659,9.306484042683508,23.414141657521938,16.360312850102726,61.23535295428502,14.10765761483843
pca,speaker,vackelsang,ym_3,æː->eː,æː,eː,116.0,500.0,24.183879714413216,-6.674534576148495,-3.709260635892053,-5.191897606020277,27.149153654669657,2.9652739402564414
pca,speaker,vackelsang,ym_3,yː->ʉ̟ː,yː,ʉ̟ː,116.0,500.0,10.203868683987409,-26.69910511435233,-19.174868702730567,-22.93698690854145,17.728105095609173,7.524236411621764
pca,speaker,vackelsang,ym_3,ʉ̟ː->øː,ʉ̟ː,øː,116.0,500.0,23.65566518158654,12.787171078034017,-3.324904703353958,4.731133187340028,7.543589400198566,-16.112075781387972
pca,speaker,vaxtorp,ym_1,uː->oː,uː,oː,78.0,504.0,7.573081840041759,-3.519531463017231,16.114854294813977,6.297661415898372,27.207467597872967,19.634385757831208
pca,speaker,vaxtorp,ym_1,oː->ɑː,oː,ɑː,78.0,504.0,27.262853415824775,39.89782909595106,16.65374320151082,28.275786148730937,4.018767521384539,-23.244085894440236
pca,speaker,vaxtorp,ym_1,ɑː->æː,ɑː,æː,78.0,504.0,47.12769533944659,22.27185202133376,6.898242194570788,14.58504710795227,31.754085512683616,-15.373609826762973
pca,speaker,vaxtorp,ym_1,æː->eː,æː,eː,78.0,504.0,24.183879714413216,-12.586250173967306,-16.57386877068175,-14.580059472324523,20.196261117698775,-3.987618596714441
pca,speaker,vaxtorp,ym_1,yː->ʉ̟ː,yː,ʉ̟ː,78.0,504.0,10.203868683987409,-5.902236048956754,-13.332384727391013,-9.61731038817388,2.7737200055531472,-7.430148678434262
pca,speaker,vaxtorp,ym_1,ʉ̟ː->øː,ʉ̟ː,øː,78.0,504.0,23.65566518158654,23.973298040701643,15.982975724983643,19.978136882842644,15.665342865868542,-7.990322315717997
pca,speaker,vaxtorp,ym_2,uː->oː,uː,oː,78.0,504.0,7.573081840041759,9.628381288505825,2.631359682387218,6.129870485446521,0.5760602339231529,-6.997021606118606
pca,speaker,vaxtorp,ym_2,oː->ɑː,oː,ɑː,78.0,504.0,27.262853415824775,13.056694278108324,-3.9528700270868025,4.5519121255107615,10.253289110629652,-17.009564305195124
pca,speaker,vaxtorp,ym_2,ɑː->æː,ɑː,æː,78.0,504.0,47.12769533944659,-2.849664257264977,6.009675652161342,1.5800056974481829,55.987035248872914,8.859339909426325
pca,speaker,vaxtorp,ym_2,æː->eː,æː,eː,78.0,504.0,24.183879714413216,-4.312741992310911,-2.95962210568479,-3.6361820489978505,25.536999601039337,1.3531198866261214
pca,speaker,vaxtorp,ym_2,yː->ʉ̟ː,yː,ʉ̟ː,78.0,504.0,10.203868683987409,-7.732691635532554,-9.122800219578028,-8.427745927555288,8.813760099941936,-1.390108584045473
pca,speaker,vaxtorp,ym_2,ʉ̟ː->øː,ʉ̟ː,øː,78.0,504.0,23.65566518158654,12.803611015051112,8.185112123438312,10.494361569244713,19.03716628997374,-4.6184988916127985
pca,speaker,vaxtorp,ym_3,uː->oː,uː,oː,78.0,504.0,7.573081840041759,9.921456579627467,11.251948970847199,10.586702775237331,8.903574231261489,1.33049239121973
pca,speaker,vaxtorp,ym_3,oː->ɑː,oː,ɑː,78.0,504.0,27.262853415824775,30.712328146991638,5.216294754473485,17.96431145073256,1.7668200233066256,-25.49603339251815
pca,speaker,vaxtorp,ym_3,ɑː->æː,ɑː,æː,78.0,504.0,47.12769533944659,0.6725912799219667,11.031383528048012,5.85198740398499,57.48648758757263,10.358792248126043
pca,speaker,vaxtorp,ym_3,æː->eː,æː,eː,78.0,504.0,24.183879714413216,-16.540674939187525,-28.216517944712276,-22.3785964419499,12.508036708888465,-11.67584300552475
pca,speaker,vaxtorp,ym_3,yː->ʉ̟ː,yː,ʉ̟ː,78.0,504.0,10.203868683987409,-28.192016419419804,-18.215784116163164,-23.203900267791482,20.18010098724405,9.97623230325664
pca,speaker,vaxtorp,ym_3,ʉ̟ː->øː,ʉ̟ː,øː,78.0,504.0,23.65566518158654,11.60624161952749,14.726716957291783,13.166479288409636,26.776140519350836,3.1204753377642973
pca,speaker,vemdalen,ym_1,uː->oː,uː,oː,102.0,266.0,7.573081840041759,-7.162382736578903,-8.227924607966386,-7.695153672272642,6.507539968654275,-1.0655418713874836
pca,speaker,vemdalen,ym_1,oː->ɑː,oː,ɑː,102.0,266.0,27.262853415824775,-3.6484776001825847,-9.144543666707412,-6.396510633444998,21.76678734929995,-5.4960660665248255
pca,speaker,vemdalen,ym_1,ɑː->æː,ɑː,æː,102.0,266.0,47.12769533944659,-1.7848855628444948,-0.7232180694426763,-1.2540518161435854,48.18936283284841,1.0616674934018206
pca,speaker,vemdalen,ym_1,æː->eː,æː,eː,102.0,266.0,24.183879714413216,4.1389907948655855,2.30897512183427,3.2239829583499278,22.3538640413819,-1.8300156730313155
pca,speaker,vemdalen,ym_1,yː->ʉ̟ː,yː,ʉ̟ː,102.0,266.0,10.203868683987409,-8.333395562729287,1.518421370584223,-3.4074870960725314,20.05568561730092,9.851816933313511
pca,speaker,vemdalen,ym_1,ʉ̟ː->øː,ʉ̟ː,øː,102.0,266.0,23.65566518158654,-2.0823825676261367,1.9562251786273253,-0.06307869449940597,27.69427292784,4.0386077462534615
pca,speaker,vemdalen,ym_2,uː->oː,uː,oː,102.0,266.0,7.573081840041759,-13.02069750551885,-12.547411013649041,-12.784054259583947,8.046368331911568,0.47328649186980876
pca,speaker,vemdalen,ym_2,oː->ɑː,oː,ɑː,102.0,266.0,27.262853415824775,-13.68179545246194,-16.79576669051401,-15.238781071487972,24.14888217777271,-3.1139712380520663
pca,speaker,vemdalen,ym_2,ɑː->æː,ɑː,æː,102.0,266.0,47.12769533944659,-9.640375609178777,-10.817556806286966,-10.22896620773287,45.9505141423384,-1.1771811971081902
pca,speaker,vemdalen,ym_2,æː->eː,æː,eː,102.0,266.0,24.183879714413216,19.007839411133553,6.412918421463836,12.710378916298692,11.588958724743499,-12.594920989669717
pca,speaker,vemdalen,ym_2,yː->ʉ̟ː,yː,ʉ̟ː,102.0,266.0,10.203868683987409,6.368503482333116,15.731423376728102,11.049963429530608,19.566788578382397,9.362919894394988
pca,speaker,vemdalen,ym_2,ʉ̟ː->øː,ʉ̟ː,øː,102.0,266.0,23.65566518158654,-16.11657162354922,-15.195226065368736,-15.655898844458978,24.577010739767026,0.9213455581804872
pca,speaker,vemdalen,ym_3,uː->oː,uː,oː,102.0,266.0,7.573081840041759,4.102381473318903,6.441914381805457,5.27214792756218,9.912614748528314,2.3395329084865555
pca,speaker,vemdalen,ym_3,oː->ɑː,oː,ɑː,102.0,266.0,27.262853415824775,13.253828406525669,-6.956753951065788,3.1485372277299417,7.052271058233322,-20.210582357591452
pca,speaker,vemdalen,ym_3,ɑː->æː,ɑː,æː,102.0,266.0,47.12769533944659,-13.18233706292717,-0.4219003374252009,-6.802118700176186,59.888132064948564,12.760436725501975
pca,speaker,vemdalen,ym_3,æː->eː,æː,eː,102.0,266.0,24.183879714413216,-6.833763191124167,-13.367178265618454,-10.100470728371311,17.650464639918926,-6.53341507449429
pca,speaker,vemdalen,ym_3,yː->ʉ̟ː,yː,ʉ̟ː,102.0,266.0,10.203868683987409,5.850857786946806,20.80238854163811,13.326623164292457,25.155399438678714,14.951530754691305
pca,speaker,vemdalen,ym_3,ʉ̟ː->øː,ʉ̟ː,øː,102.0,266.0,23.65566518158654,-6.395477068727244,-0.86117067542103,-3.6283238720741364,29.189971574892756,5.534306393306217
pca,speaker,viby,ym_2,uː->oː,uː,oː,116.0,402.0,7.573081840041759,9.419181671105706,-3.8829639756628667,2.768108847721421,-5.729063806726814,-13.302145646768572
pca,speaker,viby,ym_2,oː->ɑː,oː,ɑː,116.0,402.0,27.262853415824775,1.4256476898548798,-1.2369883932384198,0.09432964830822954,24.60021733273148,-2.6626360830932967
pca,speaker,viby,ym_2,ɑː->æː,ɑː,æː,116.0,402.0,47.12769533944659,1.9404289710700975,8.925699781215814,5.433064376142955,54.112966149592296,6.985270810145707
pca,speaker,viby,ym_2,æː->eː,æː,eː,116.0,402.0,24.183879714413216,-0.9041969536095699,13.999911539131102,6.5478572927607654,39.087988207153884,14.904108492740669
pca,speaker,viby,ym_2,yː->ʉ̟ː,yː,ʉ̟ː,116.0,402.0,10.203868683987409,0.1875430858141938,-8.046488286409291,-3.9294726002975477,1.9698373117639234,-8.234031372223486
pca,speaker,viby,ym_2,ʉ̟ː->øː,ʉ̟ː,øː,116.0,402.0,23.65566518158654,18.372548414920967,12.653034982607663,15.512791698764314,17.93615174927324,-5.719513432313299
pca,speaker,viby,ym_3,uː->oː,uː,oː,116.0,402.0,7.573081840041759,9.387453393269716,-12.47954956942704,-1.5460480880786613,-14.293921122654998,-21.86700296269676
pca,speaker,viby,ym_3,oː->ɑː,oː,ɑː,116.0,402.0,27.262853415824775,-8.37283987050407,2.7925910713219375,-2.790124399591067,38.42828435765079,11.165430941826013
pca,speaker,viby,ym_3,ɑː->æː,ɑː,æː,116.0,402.0,47.12769533944659,0.2801481830607348,3.414000102987161,1.8470741430239483,50.26154725937301,3.133851919926421
pca,speaker,viby,ym_3,æː->eː,æː,eː,116.0,402.0,24.183879714413216,-3.387632377693853,6.516927800545479,1.5646477114258128,34.088439892652545,9.904560178239329
pca,speaker,viby,ym_3,yː->ʉ̟ː,yː,ʉ̟ː,116.0,402.0,10.203868683987409,-1.8345091803670623,-2.9425072253782636,-2.3885082028726625,9.095870638976207,-1.1079980450112021
pca,speaker,viby,ym_3,ʉ̟ː->øː,ʉ̟ː,øː,116.0,402.0,23.65566518158654,10.5277000118217,19.43467075102665,14.981185381424176,32.56263592079149,8.906970739204954
pca,speaker,vilhelmina,ym_1,uː->oː,uː,oː,152.0,178.0,7.573081840041759,-8.471171747467451,-3.8794643737571075,-6.1753180606122795,12.164789213752101,4.591707373710342
pca,speaker,vilhelmina,ym_1,oː->ɑː,oː,ɑː,152.0,178.0,27.262853415824775,9.099267344757482,7.254442352459058,8.176854848608272,25.41802842352635,-1.844824992298424
pca,speaker,vilhelmina,ym_1,ɑː->æː,ɑː,æː,152.0,178.0,47.12769533944659,10.876643054157176,10.940832913653425,10.908737983905302,47.191885198942835,0.06418985949624556
pca,speaker,vilhelmina,ym_1,æː->eː,æː,eː,152.0,178.0,24.183879714413216,-5.010412701584171,-4.252112368991396,-4.6312625352877825,24.94218004700599,0.7583003325927749
pca,speaker,vilhelmina,ym_1,yː->ʉ̟ː,yː,ʉ̟ː,152.0,178.0,10.203868683987409,-6.7624735762128925,-12.685036391904049,-9.72375498405847,4.2813058682962515,-5.922562815691157
pca,speaker,vilhelmina,ym_1,ʉ̟ː->øː,ʉ̟ː,øː,152.0,178.0,23.65566518158654,4.945461251911933,-0.35801392714944386,2.2937236623812463,18.352190002525166,-5.303475179061373
pca,speaker,villberga,ym_1,uː->oː,uː,oː,166.0,379.0,7.573081840041759,-6.5288028832209095,-19.132112491462355,-12.830457687341633,-5.030227768199689,-12.603309608241448
pca,speaker,villberga,ym_1,oː->ɑː,oː,ɑː,166.0,379.0,27.262853415824775,-35.97250053161167,-15.172064980482038,-25.572282756046857,48.06328896695441,20.800435551129635
pca,speaker,villberga,ym_1,ɑː->æː,ɑː,æː,166.0,379.0,47.12769533944659,-15.147610702814518,-17.394531734276946,-16.271071218545735,44.88077430798416,-2.2469210314624277
pca,speaker,villberga,ym_1,æː->eː,æː,eː,166.0,379.0,24.183879714413216,12.0452392131844,12.438709593616661,12.24197440340053,24.577350094845475,0.3934703804322588
pca,speaker,villberga,ym_1,yː->ʉ̟ː,yː,ʉ̟ː,166.0,379.0,10.203868683987409,15.790747551617367,19.13991776479964,17.465332658208503,13.553038897169687,3.349170213182278
pca,speaker,villberga,ym_1,ʉ̟ː->øː,ʉ̟ː,øː,166.0,379.0,23.65566518158654,-31.118802367705946,-6.1573355803957055,-18.638068974050825,48.61713196889678,24.96146678731024
pca,speaker,villberga,ym_2,uː->oː,uː,oː,166.0,379.0,7.573081840041759,-8.92586322225543,-0.007696039722311218,-4.466779630988869,16.49124902257488,8.918167182533121
pca,speaker,villberga,ym_2,oː->ɑː,oː,ɑː,166.0,379.0,27.262853415824775,-16.362422136451723,-15.185645969579337,-15.774034053015527,28.439629582697165,1.17677616687239
pca,speaker,villberga,ym_2,ɑː->æː,ɑː,æː,166.0,379.0,47.12769533944659,-16.285781158479804,-27.91769203580811,-22.10173659714395,35.49578446211829,-11.631910877328302
pca,speaker,villberga,ym_2,æː->eː,æː,eː,166.0,379.0,24.183879714413216,26.582247899058157,7.3790399410648755,16.980643920061514,4.980671756419933,-19.203207957993282
pca,speaker,villberga,ym_2,yː->ʉ̟ː,yː,ʉ̟ː,166.0,379.0,10.203868683987409,24.961324263965338,14.30791103485913,19.63461764941223,-0.44954454511879516,-10.653413229106205
pca,speaker,villberga,ym_2,ʉ̟ː->øː,ʉ̟ː,øː,166.0,379.0,23.65566518158654,-16.034995514441857,-7.975873163359726,-12.005434338900791,31.714787532668673,8.059122351082134
pca,speaker,villberga,ym_3,uː->oː,uː,oː,166.0,379.0,7.573081840041759,-10.270987567790144,-5.629054312927165,-7.9500209403586535,12.215015094904736,4.641933254862977
pca,speaker,villberga,ym_3,oː->ɑː,oː,ɑː,166.0,379.0,27.262853415824775,0.4756610306553066,-4.218484145593068,-1.8714115574688797,22.568708239576402,-4.694145176248373
pca,speaker,villberga,ym_3,ɑː->æː,ɑː,æː,166.0,379.0,47.12769533944659,1.407633183796893,-5.820088387739655,-2.206227601971381,39.89997376791005,-7.2277215715365415
pca,speaker,villberga,ym_3,æː->eː,æː,eː,166.0,379.0,24.183879714413216,4.013861636871375,1.3092556064798513,2.6615586216756126,21.479273684021692,-2.704606030391524
pca,speaker,villberga,ym_3,yː->ʉ̟ː,yː,ʉ̟ː,166.0,379.0,10.203868683987409,6.984766342019252,4.209350509333977,5.597058425676616,7.428452851302135,-2.7754158326852743
pca,speaker,villberga,ym_3,ʉ̟ː->øː,ʉ̟ː,øː,166.0,379.0,23.65566518158654,4.347244273131822,-1.083264715467001,1.6319897788324103,18.22515619298772,-5.43050898859882
