method,space,vowel,geo_y,predicted_display_x,predicted_display_y,display_x_lower_95,display_x_upper_95,display_y_lower_95,display_y_upper_95
fasttrack,bark,uː,122.0,-7.607704411961049,-4.115207152155897,-8.075640448630132,-6.9496415043249105,-4.455794275906076,-3.885226913927236
fasttrack,bark,uː,124.35195530726257,-7.6005481050301675,-4.109980865084668,-8.059583954798526,-6.956164091527431,-4.445035982920974,-3.8859542879459092
fasttrack,bark,uː,126.70391061452514,-7.593392049225475,-4.104756202244632,-8.045262485244905,-6.962552888387267,-4.433777586821461,-3.8866813876170583
fasttrack,bark,uː,129.0558659217877,-7.586236495673156,-4.099534787866979,-8.031118933137144,-6.968256422719877,-4.421870188656333,-3.8874079385931593
fasttrack,bark,uː,131.40782122905028,-7.579081695499401,-4.094318246182904,-8.017912548055333,-6.973202318735597,-4.409313424356236,-3.8881336665266875
fasttrack,bark,uː,133.75977653631284,-7.5719278998303965,-4.089108201423596,-8.000983482902432,-6.978137586981984,-4.396771589035312,-3.8882063760488035
fasttrack,bark,uː,136.11173184357543,-7.56477535979233,-4.083906277820251,-7.984238849360036,-6.981749972587045,-4.384248414938355,-3.8868258174949637
fasttrack,bark,uː,138.46368715083798,-7.55762432651139,-4.07871409960406,-7.965923074744945,-6.984459138940275,-4.3717695058899695,-3.885450701967411
fasttrack,bark,uː,140.81564245810057,-7.5504750511137635,-4.073533291006212,-7.945848689369467,-6.987150229094926,-4.3593195346370575,-3.8840819366371955
fasttrack,bark,uː,143.16759776536313,-7.543327784725639,-4.068365476257903,-7.924050711911401,-6.991357112327036,-4.346985231510469,-3.882447381482576
fasttrack,bark,uː,145.51955307262568,-7.536182778473202,-4.063212279590324,-7.906021732779889,-6.997703368418456,-4.335035601916571,-3.8803041752327974
fasttrack,bark,uː,147.87150837988827,-7.529040283482643,-4.058075325234668,-7.891538747638966,-7.0039976531742765,-4.3235520338458455,-3.8790588873936187
fasttrack,bark,uː,150.22346368715085,-7.521900550880147,-4.052956237422125,-7.879054117491354,-7.016461151370818,-4.312813606575984,-3.879635033322752
fasttrack,bark,uː,152.5754189944134,-7.514763831791904,-4.047856640383889,-7.866585928144066,-7.029295318989813,-4.301445107445687,-3.879458131374123
fasttrack,bark,uː,154.92737430167597,-7.507630377344101,-4.042778158351152,-7.850976746102065,-7.041382503923002,-4.290882497513119,-3.8772351718722624
fasttrack,bark,uː,157.27932960893855,-7.500500438662924,-4.037722415555107,-7.83426304511147,-7.049607538755274,-4.280362671748064,-3.8741788563746935
fasttrack,bark,uː,159.6312849162011,-7.493374266874563,-4.032691036226945,-7.819508839875756,-7.055070849561162,-4.2698886861624885,-3.870344283085596
fasttrack,bark,uː,161.9832402234637,-7.486252113105205,-4.027685644597858,-7.805544645188305,-7.059953802013802,-4.258721793337611,-3.869492577140471
fasttrack,bark,uː,164.33519553072625,-7.479134228481036,-4.022707864899038,-7.790847393968611,-7.060883842581114,-4.24721425814116,-3.870210441837107
fasttrack,bark,uː,166.68715083798884,-7.472020864128245,-4.0177593213616785,-7.776938673537936,-7.061199728412636,-4.235791858427125,-3.8664329026960833
fasttrack,bark,uː,169.0391061452514,-7.464912271173021,-4.0128416382169725,-7.763082369515469,-7.065519546918836,-4.2249739751093385,-3.861885959391461
fasttrack,bark,uː,171.39106145251395,-7.457808700741548,-4.007956439696109,-7.7505124498195,-7.063455031908732,-4.215912495099853,-3.8574406876618625
fasttrack,bark,uː,173.74301675977654,-7.450710403960018,-4.003105350030284,-7.7399137085993805,-7.0622516226718375,-4.208178553088155,-3.8566124142641134
fasttrack,bark,uː,176.09497206703912,-7.443617631954616,-3.9982899934506864,-7.729082761139091,-7.0639374284534036,-4.198111017093962,-3.8532456709246166
fasttrack,bark,uː,178.44692737430168,-7.436530635851531,-3.99351199418851,-7.715113226144577,-7.068075494945862,-4.188328457361134,-3.847774582329482
fasttrack,bark,uː,180.79888268156424,-7.429449666776949,-3.9887729764749476,-7.701195229400328,-7.072900173944419,-4.179709379958634,-3.844905826437891
fasttrack,bark,uː,183.15083798882682,-7.42237497585706,-3.9840745645411895,-7.688778365361109,-7.07531901296014,-4.16948564030974,-3.8450797643806367
fasttrack,bark,uː,185.50279329608938,-7.415306814218049,-3.97941838261843,-7.678502026381996,-7.0773683521864665,-4.160960487577066,-3.8418173471539054
fasttrack,bark,uː,187.85474860335194,-7.408245432986106,-3.974806054937861,-7.667307220149816,-7.0777306096601915,-4.153101924048349,-3.8386963146609743
fasttrack,bark,uː,190.20670391061452,-7.401191083287416,-3.9702392057306737,-7.652716422206628,-7.0794916218803765,-4.145816499978766,-3.8337318103262854
fasttrack,bark,uː,192.5586592178771,-7.39414401624817,-3.9657194592280605,-7.642804775737532,-7.07849560281052,-4.138577160609286,-3.8286735772837863
fasttrack,bark,uː,194.91061452513966,-7.387104482994552,-3.9612484396612135,-7.633168809291571,-7.077464839499554,-4.131281072116593,-3.824665918108405
fasttrack,bark,uː,197.26256983240222,-7.380072734652753,-3.956827771261326,-7.625086514445837,-7.0799892531361674,-4.122977243222934,-3.8187538007125665
fasttrack,bark,uː,199.6145251396648,-7.373049022348959,-3.952459078259589,-7.615293263640724,-7.085166901735563,-4.114748087369022,-3.8127407868052448
fasttrack,bark,uː,201.9664804469274,-7.366033597209357,-3.9481439848871966,-7.603496362096814,-7.080963579117531,-4.106661395834987,-3.8067902968300804
fasttrack,bark,uː,204.31843575418995,-7.359026710360138,-3.943884115375339,-7.599080304213723,-7.0784548549982915,-4.09921675350046,-3.8009617550225427
fasttrack,bark,uː,206.6703910614525,-7.352028612927485,-3.9396810939552083,-7.599067767139261,-7.079411717474714,-4.0926440560129205,-3.795258748093443
fasttrack,bark,uː,209.0223463687151,-7.345039556037589,-3.935536544857998,-7.595827238676396,-7.0813543530094805,-4.086658994997647,-3.790443568970065
fasttrack,bark,uː,211.37430167597765,-7.3380597908166365,-3.9314520923149,-7.587640981049147,-7.079023715919001,-4.0798206640242185,-3.78514279279431
fasttrack,bark,uː,213.7262569832402,-7.331089568390816,-3.9274293605571065,-7.580308198329396,-7.075701398977351,-4.073189202637271,-3.7798840803154876
fasttrack,bark,uː,216.0782122905028,-7.324129139886312,-3.923469973815809,-7.571347697461416,-7.0754652136418255,-4.066272669081785,-3.775548923701173
fasttrack,bark,uː,218.43016759776538,-7.317178756429318,-3.9195755563222012,-7.561711685144494,-7.072578489313627,-4.061860622708948,-3.7701213257014743
fasttrack,bark,uː,220.78212290502793,-7.310238669146016,-3.9157477323074743,-7.557262875983007,-7.07112662438172,-4.055939989198595,-3.765681165130104
fasttrack,bark,uː,223.1340782122905,-7.303309129162597,-3.9119881260028198,-7.552118386049229,-7.065819051702926,-4.050382008499212,-3.761180834565519
fasttrack,bark,uː,225.48603351955308,-7.296390387605246,-3.908298361639431,-7.544349489760977,-7.056087965758192,-4.046251825882753,-3.7558541049061542
fasttrack,bark,uː,227.83798882681566,-7.289482695600153,-3.9046800634485006,-7.536817341936376,-7.049537890502793,-4.0419560356046365,-3.751166788607914
fasttrack,bark,uː,230.18994413407822,-7.282586304273506,-3.9011348556612195,-7.531705019128629,-7.047786433007694,-4.038940183147905,-3.7465643976172567
fasttrack,bark,uː,232.54189944134077,-7.275701464751491,-3.897664362508781,-7.5258118725398,-7.044674154308083,-4.036581645015184,-3.742688735157388
fasttrack,bark,uː,234.89385474860336,-7.268828428160296,-3.894270208222377,-7.5185948672691385,-7.036664477620026,-4.032287477474643,-3.7385306548108947
fasttrack,bark,uː,237.24581005586592,-7.261967445626109,-3.8909540170331987,-7.508339280046112,-7.029067306112385,-4.027784067892034,-3.7344814434988662
fasttrack,bark,uː,239.59776536312847,-7.255118768275118,-3.8877174131724397,-7.498351035162661,-7.017974501213739,-4.024263507350169,-3.7305572004738874
fasttrack,bark,uː,241.94972067039106,-7.248282647233509,-3.8845620208712917,-7.495433452248006,-7.008535306220743,-4.020930477749994,-3.727688953738983
fasttrack,bark,uː,244.30167597765364,-7.241459333627472,-3.881489464360947,-7.491164041935375,-6.999505322986376,-4.018852814407662,-3.725176272043165
fasttrack,bark,uː,246.6536312849162,-7.234649078583193,-3.8785013678725977,-7.4888287785724135,-6.990910850675789,-4.017280922662009,-3.7222101194584156
fasttrack,bark,uː,249.00558659217876,-7.227852133226861,-3.875599355637436,-7.487870508699754,-6.983494585284018,-4.015997196660713,-3.7189112850351376
fasttrack,bark,uː,251.35754189944134,-7.2210687486846625,-3.872785051886654,-7.487121468795979,-6.977849259804024,-4.014239866094711,-3.7153728835182886
fasttrack,bark,uː,253.7094972067039,-7.214299176082786,-3.8700600808514443,-7.483930139099106,-6.972330252696238,-4.012282442268,-3.7114026691281716
fasttrack,bark,uː,256.0614525139665,-7.207543666547418,-3.8674260667629996,-7.48146170384733,-6.963105226237032,-4.010388201916553,-3.7076313101455494
fasttrack,bark,uː,258.41340782122904,-7.200802471204748,-3.8648846338525105,-7.479098866573854,-6.955646017348146,-4.008469864762191,-3.7040623575598404
fasttrack,bark,uː,260.76536312849163,-7.194075841180961,-3.8624374063511704,-7.48069620926117,-6.946834606692995,-4.0063877017084195,-3.700699362360466
fasttrack,bark,uː,263.1173184357542,-7.187364027602248,-3.8600860084901716,-7.475974728412682,-6.939528271910267,-4.004036766192289,-3.697708180397541
fasttrack,bark,uː,265.46927374301674,-7.180667281594793,-3.8578320645007054,-7.468968399484021,-6.932307877828611,-4.00165457134133,-3.694852189788963
fasttrack,bark,uː,267.8212290502793,-7.173985854284787,-3.8556771986139657,-7.461927567024282,-6.9237775324056035,-3.9979184562285397,-3.6915618076569516
fasttrack,bark,uː,270.1731843575419,-7.167319996798416,-3.8536230350611422,-7.458759397160546,-6.915345411819351,-3.9939105909001062,-3.6897821457175084
fasttrack,bark,uː,272.52513966480444,-7.160669960261867,-3.85167119807343,-7.451672217288839,-6.90484530359297,-3.98996002552714,-3.688303464457659
fasttrack,bark,uː,274.877094972067,-7.15403599580133,-3.849823311882019,-7.443961368841351,-6.897831735125122,-3.9879262696763726,-3.6868372491271555
fasttrack,bark,uː,277.2290502793296,-7.147418354542991,-3.8480810007181034,-7.43648910015299,-6.888123726301352,-3.985988040291471,-3.685572851962813
fasttrack,bark,uː,279.58100558659214,-7.140817287613037,-3.8464458888128727,-7.430158969163992,-6.877826937229537,-3.9839864896249293,-3.68452022500213
fasttrack,bark,uː,281.9329608938548,-7.134233046137656,-3.844919600397522,-7.423658916536508,-6.87015686873292,-3.9824950025171186,-3.68317466168712
fasttrack,bark,uː,284.2849162011173,-7.127665881243038,-3.843503759703242,-7.416882130175814,-6.862873024614313,-3.981166150320133,-3.6816098757799653
fasttrack,bark,uː,286.6368715083799,-7.121116044055368,-3.842199990961225,-7.41127112157374,-6.8548177246430395,-3.9801282271211886,-3.6809506192194004
fasttrack,bark,uː,288.9888268156425,-7.114583785700836,-3.841009918402664,-7.406709065870682,-6.8467134517679344,-3.978827494109568,-3.680650313665947
fasttrack,bark,uː,291.340782122905,-7.1080693573056255,-3.83993516625875,-7.401090159349592,-6.839974240145975,-3.975471638385277,-3.678692780665828
fasttrack,bark,uː,293.6927374301676,-7.101573009995929,-3.838977358760676,-7.394681572554258,-6.832995359242776,-3.973130760520367,-3.678550266925461
fasttrack,bark,uː,296.0446927374302,-7.095094994897931,-3.8381381201396345,-7.3884839217616065,-6.826324079054399,-3.9710225919964937,-3.678945463015191
fasttrack,bark,uː,298.3966480446927,-7.088635563137821,-3.8374190746268164,-7.385907686461424,-6.820690213448611,-3.969675955933221,-3.6788641909509185
fasttrack,bark,uː,300.7486033519553,-7.082194965841785,-3.836821846453415,-7.380088725007814,-6.81566181597795,-3.9678806371193374,-3.6782666465042317
fasttrack,bark,uː,303.1005586592179,-7.075773454136012,-3.836348059850623,-7.370659523645953,-6.8099839818508805,-3.965217804681423,-3.678671886437244
fasttrack,bark,uː,305.4525139664804,-7.069371279146689,-3.835999339049632,-7.358082859020017,-6.8033112698243245,-3.9637578252332757,-3.6793316778459833
fasttrack,bark,uː,307.80446927374305,-7.062988692000004,-3.8357773082816333,-7.347514009855126,-6.798082619678961,-3.962161250164871,-3.680379653708701
fasttrack,bark,uː,310.1564245810056,-7.056625943822144,-3.835683591777821,-7.336910079359248,-6.794162024940847,-3.9599627685826047,-3.6823464572305387
fasttrack,bark,uː,312.50837988826817,-7.05028328573951,-3.8357198137693773,-7.326065166531829,-6.793589654226257,-3.957729185315489,-3.6837430765440464
fasttrack,bark,uː,314.86033519553075,-7.043965673682625,-3.8358874137875496,-7.315331832833091,-6.788742220563332,-3.9547770682157664,-3.684136790876906
fasttrack,bark,uː,317.2122905027933,-7.037696682717381,-3.836187100418563,-7.307097678396132,-6.785975523325132,-3.954047513370897,-3.6865080648499053
fasttrack,bark,uː,319.56424581005587,-7.03150449320388,-3.8366194014552404,-7.297878807381543,-6.783232287345761,-3.951926943380341,-3.68838523391333
fasttrack,bark,uː,321.91620111731845,-7.025417285502227,-3.8371848446904027,-7.288521120657659,-6.778759517841263,-3.9507338715383864,-3.6907507151445578
fasttrack,bark,uː,324.268156424581,-7.0194632399725245,-3.8378839579168713,-7.279221241864535,-6.774790950933867,-3.9508495302581004,-3.6948216387668653
fasttrack,bark,uː,326.62011173184356,-7.013670536974876,-3.83871726892747,-7.271824249518463,-6.7740014860459326,-3.9495312589336504,-3.699156648090025
fasttrack,bark,uː,328.97206703910615,-7.008067356869389,-3.839685305515019,-7.267578917205274,-6.767311022655828,-3.9481647399708684,-3.7037737862488425
fasttrack,bark,uː,331.3240223463687,-7.002681880016164,-3.840788595472341,-7.264232894514317,-6.761776818898343,-3.9490532511623875,-3.7079841893372674
fasttrack,bark,uː,333.6759776536313,-6.997542286775306,-3.8420276665922573,-7.260054582811694,-6.758167012877835,-3.9491285640369544,-3.7123296078364154
fasttrack,bark,uː,336.02793296089385,-6.992676757506918,-3.8434030466675897,-7.25261881198255,-6.756946027039769,-3.9506793886600544,-3.716301211737763
fasttrack,bark,uː,338.37988826815644,-6.988113472571105,-3.84491526349116,-7.243633060089564,-6.756483332036156,-3.9526253366063884,-3.7186487819002463
fasttrack,bark,uː,340.731843575419,-6.9838806123279715,-3.84656484485579,-7.238286245877293,-6.751237755079646,-3.954787600295946,-3.7213461747548857
fasttrack,bark,uː,343.08379888268155,-6.980006357137619,-3.848352318554302,-7.23143273752127,-6.744322694983848,-3.9568641145787526,-3.7266851239826355
fasttrack,bark,uː,345.43575418994413,-6.976518887360154,-3.850278212379518,-7.2273147497003345,-6.737855995651143,-3.9584341550742574,-3.728841610884318
fasttrack,bark,uː,347.7877094972067,-6.97344638335568,-3.8523430541242583,-7.225847905266571,-6.733204373871456,-3.959280893445781,-3.734293630596184
fasttrack,bark,uː,350.13966480446925,-6.970817025484299,-3.854547371581347,-7.222149365786637,-6.731048246306121,-3.9593367666955164,-3.741196541944922
fasttrack,bark,uː,352.49162011173183,-6.968658994106118,-3.856891692543603,-7.216305681895999,-6.730374515859363,-3.9604311293238643,-3.7475506391439004
fasttrack,bark,uː,354.8435754189944,-6.967000469581238,-3.859376544803851,-7.209451129404249,-6.732844135159703,-3.961967713550225,-3.753683010533167
fasttrack,bark,uː,357.19553072625695,-6.965869632269765,-3.8620024561549116,-7.204208630761487,-6.737519241989905,-3.96428949586852,-3.75647213285065
fasttrack,bark,uː,359.5474860335196,-6.965294662531802,-3.8647699543896072,-7.202119375101501,-6.742636658708706,-3.9676457330527786,-3.758599234685355
fasttrack,bark,uː,361.8994413407821,-6.965303740727452,-3.8676795673007582,-7.1994908593102265,-6.742794971751765,-3.970246576396447,-3.7631821988237197
fasttrack,bark,uː,364.2513966480447,-6.965925047216822,-3.8707318226811873,-7.202130338033753,-6.740257255275394,-3.974373851781057,-3.7688624496315644
fasttrack,bark,uː,366.6033519553073,-6.967186762360011,-3.873927248323716,-7.205468985512406,-6.741934601500161,-3.977306220063055,-3.7720931354279763
fasttrack,bark,uː,368.9553072625698,-6.9691170665171285,-3.8772663720211673,-7.21021077722221,-6.741275994819345,-3.9846272950792123,-3.7751795236448795
fasttrack,bark,uː,371.3072625698324,-6.9717441400482745,-3.880749721566362,-7.2129013582319566,-6.741424918743895,-3.9903152583910333,-3.776606737810929
fasttrack,bark,uː,373.659217877095,-6.975096163313554,-3.8843778247521215,-7.216748437759215,-6.739887742118847,-3.9941037394796957,-3.779862311147372
fasttrack,bark,uː,376.0111731843575,-6.9792013166730715,-3.8881512093712693,-7.222470249769406,-6.74312321476319,-3.997958464098976,-3.7814306995589075
fasttrack,bark,uː,378.3631284916201,-6.984087780486929,-3.892070403216625,-7.228842206942518,-6.747347155320339,-4.001877898669729,-3.7828134223213365
fasttrack,bark,uː,380.7150837988827,-6.989783735115235,-3.8961359340810118,-7.23917964172705,-6.752128427148571,-4.0058605096128135,-3.785736305889392
fasttrack,bark,uː,383.0670391061453,-6.996317360918088,-3.900348329757252,-7.248427266724066,-6.758603927663558,-4.0110482424065115,-3.7876923649870924
fasttrack,bark,uː,385.4189944134078,-7.003716838255595,-3.9047081180381653,-7.255755089695978,-6.7668533089444916,-4.014821366682963,-3.790548599633867
fasttrack,bark,uː,387.7709497206704,-7.012010347487859,-3.909215826716576,-7.263175503707871,-6.774306103867377,-4.020133313347655,-3.7959185242761975
fasttrack,bark,uː,390.122905027933,-7.0212260689749835,-3.913871983585304,-7.275249235441035,-6.783379021071146,-4.025470412349538,-3.798840307091203
fasttrack,bark,uː,392.47486033519556,-7.031392183077075,-3.918677116437173,-7.2882248176105815,-6.795517454354187,-4.029382433042645,-3.79976147083158
fasttrack,bark,uː,394.8268156424581,-7.042536870154233,-3.9236317530650036,-7.3028571272975755,-6.809185934179949,-4.035518212607347,-3.8025791345194975
fasttrack,bark,uː,397.1787709497207,-7.054688310566565,-3.9287364212616174,-7.3175217449039875,-6.8185258390716905,-4.042191385590078,-3.8064647431578758
fasttrack,bark,uː,399.53072625698326,-7.067874684674175,-3.9339916488198368,-7.332725144902425,-6.82881107645383,-4.049486400641169,-3.8105362320568403
fasttrack,bark,uː,401.8826815642458,-7.082124172837165,-3.9393979635324836,-7.347186737411773,-6.838998144831925,-4.057279333442022,-3.8134297842340072
fasttrack,bark,uː,404.23463687150837,-7.097464955415639,-3.9449558931923785,-7.362478121630049,-6.852464292718318,-4.065088636227826,-3.8178439308026686
fasttrack,bark,uː,406.58659217877096,-7.113925212769702,-3.9506659655923455,-7.377250475109754,-6.86881575080866,-4.071126242464825,-3.8231992609585808
fasttrack,bark,uː,408.93854748603354,-7.131533125259457,-3.9565287085252043,-7.392614998868318,-6.887618473720689,-4.077933147759079,-3.82815782735548
fasttrack,bark,uː,411.29050279329607,-7.150316873245009,-3.9625446497837786,-7.417136403741219,-6.90611326165733,-4.086144841544797,-3.833371384801608
fasttrack,bark,uː,413.64245810055866,-7.170304637086461,-3.968714317160888,-7.438781682267629,-6.922828204526674,-4.092547006817328,-3.8388876983156357
fasttrack,bark,uː,415.99441340782124,-7.191524597143918,-3.9750382384493568,-7.456807838558559,-6.941171596624399,-4.100002505005398,-3.8445020564174692
fasttrack,bark,uː,418.3463687150838,-7.214004933777484,-3.9815169414420057,-7.47669444971362,-6.961316150621114,-4.107578677392216,-3.849022821560421
fasttrack,bark,uː,420.69832402234636,-7.237773827347259,-3.9881509539316555,-7.49752303297053,-6.987968042763155,-4.115528381144228,-3.8539159778639083
fasttrack,bark,uː,423.05027932960894,-7.262859458213354,-3.994940803711129,-7.521233714847268,-7.016446779673309,-4.124099819730723,-3.8590462765524927
fasttrack,bark,uː,425.4022346368715,-7.289290006735867,-4.00188701857325,-7.548089988117617,-7.044847383955794,-4.132488127094079,-3.8639341435485863
fasttrack,bark,uː,427.75418994413405,-7.317093653274903,-4.008990126310835,-7.572550297424104,-7.075689676888499,-4.138696526044589,-3.8694897583552046
fasttrack,bark,uː,430.10614525139664,-7.34629857819057,-4.0162506547167105,-7.596243165039377,-7.108714098643415,-4.146075485807207,-3.875782886608356
fasttrack,bark,uː,432.4581005586592,-7.376932961842966,-4.023669131583698,-7.624228360604972,-7.140995701591385,-4.154700155561046,-3.883941322461815
fasttrack,bark,uː,434.8100558659218,-7.4090249845921985,-4.031246084704617,-7.6555492111611745,-7.171688123213368,-4.161744941764498,-3.8927585182835456
fasttrack,bark,uː,437.16201117318434,-7.442602826798371,-4.038982041872291,-7.687467920197266,-7.202360347464446,-4.168836034490112,-3.902591114030136
fasttrack,bark,uː,439.5139664804469,-7.477694668821586,-4.0468775308795415,-7.717386743436713,-7.237913883658371,-4.177927751561793,-3.912345956566247
fasttrack,bark,uː,441.8659217877095,-7.514328691021951,-4.0549330795191905,-7.748115908903402,-7.275787550059995,-4.185186935583445,-3.9217176869594264
fasttrack,bark,uː,444.2178770949721,-7.552533073759565,-4.063149215584058,-7.784701751357231,-7.320313895629986,-4.191882274729975,-3.928653092457121
fasttrack,bark,uː,446.5698324022346,-7.592335997394536,-4.0715264668669695,-7.829742411965903,-7.3668745438962,-4.202372197211253,-3.9374582210114153
fasttrack,bark,uː,448.9217877094972,-7.633765642286964,-4.080065361160743,-7.870659034945442,-7.410294660067191,-4.2130213872734705,-3.9442463673041206
fasttrack,bark,uː,451.2737430167598,-7.676848326159396,-4.088766303549842,-7.909353954551487,-7.45028966821006,-4.220957289054291,-3.952685324132565
fasttrack,bark,uː,453.6256983240223,-7.721574857914391,-4.097627359839614,-7.958519492370053,-7.494304855801518,-4.22868954735835,-3.9629009509436206
fasttrack,bark,uː,455.9776536312849,-7.767904188422239,-4.106644497065887,-8.011531360850414,-7.52713541978742,-4.237789641545891,-3.974919224065883
fasttrack,bark,uː,458.3296089385475,-7.815794138768396,-4.115813607835595,-8.064280124182062,-7.570440779124305,-4.246042694932412,-3.987238961775202
fasttrack,bark,uː,460.6815642458101,-7.865202530038312,-4.125130584755671,-8.120231713239212,-7.608887707659889,-4.253738057314652,-3.9992624488585533
fasttrack,bark,uː,463.0335195530726,-7.916087183317432,-4.134591320433049,-8.177152490715676,-7.653640442751011,-4.260277490537966,-4.010917723791772
fasttrack,bark,uː,465.3854748603352,-7.968405919691215,-4.144191707474665,-8.242231516725097,-7.69919812469533,-4.265729694970678,-4.0240498188491785
fasttrack,bark,uː,467.7374301675978,-8.022116560245108,-4.153927638487452,-8.299470968373411,-7.746785855277924,-4.270810865456204,-4.032148813661333
fasttrack,bark,uː,470.08938547486036,-8.077176926064563,-4.1637950060783435,-8.35746708115161,-7.795808396387136,-4.2794754058925095,-4.041143807000609
fasttrack,bark,uː,472.4413407821229,-8.133544838235032,-4.173789702854274,-8.416538669022675,-7.845557838203428,-4.291369129614107,-4.048984193294705
fasttrack,bark,uː,474.7932960893855,-8.191178117841964,-4.18390762142218,-8.477807666780883,-7.886252181053586,-4.301207014991528,-4.060164667528917
fasttrack,bark,uː,477.14525139664806,-8.250034585970816,-4.194144654388992,-8.543216074045823,-7.924520373311682,-4.311652264194758,-4.070419910260852
fasttrack,bark,uː,479.4972067039106,-8.31007206370703,-4.204496694361648,-8.62247649576656,-7.962525488223434,-4.323586118430265,-4.080425043007919
fasttrack,bark,uː,481.8491620111732,-8.371248372136066,-4.214959633947078,-8.693514728575568,-8.001174596199084,-4.338244339124674,-4.091628975619913
fasttrack,bark,uː,484.20111731843576,-8.433521332343368,-4.225529365752221,-8.76164783208909,-8.040785981919928,-4.351370698777903,-4.10390634238018
fasttrack,bark,uː,486.55307262569835,-8.496848765414391,-4.236201782384008,-8.839725583604865,-8.08084108081425,-4.363870865593534,-4.116084518591816
fasttrack,bark,uː,488.9050279329609,-8.561188492434585,-4.246972776449374,-8.919456320834025,-8.111422959467804,-4.37934639222669,-4.12659732836403
fasttrack,bark,uː,491.25698324022346,-8.626498334489403,-4.257838240555252,-9.00433490385789,-8.150410315225157,-4.3950988160916005,-4.134984175325611
fasttrack,bark,uː,493.60893854748605,-8.692736112664297,-4.268794067308578,-9.086336959014773,-8.194190327667933,-4.413056961429302,-4.138876603445785
fasttrack,bark,uː,495.96089385474863,-8.759859648044714,-4.279836149316287,-9.170473145423749,-8.238908676504268,-4.429619463583172,-4.144552274035687
fasttrack,bark,uː,498.31284916201116,-8.827826761716107,-4.29096037918531,-9.26088936375052,-8.28936415601195,-4.446326414295663,-4.153402547075798
fasttrack,bark,uː,500.66480446927375,-8.896595274763929,-4.302162649522584,-9.34881652291258,-8.333622803812691,-4.463213978056704,-4.1605373091056554
fasttrack,bark,uː,503.01675977653633,-8.966123008273629,-4.313438852935041,-9.441597000642252,-8.37692057335324,-4.4822301914144385,-4.163970203706518
fasttrack,bark,uː,505.36871508379886,-9.036367783330657,-4.324784882029618,-9.536997372010964,-8.425213206399201,-4.500525092174323,-4.168220003785073
fasttrack,bark,uː,507.72067039106145,-9.107287421020468,-4.336196629413247,-9.6340604557715,-8.471454050433866,-4.519327133847099,-4.171121309860615
fasttrack,bark,uː,510.07262569832403,-9.178839742428512,-4.347669987692863,-9.733418108561379,-8.513047596283892,-4.53819887436333,-4.176609530632191
fasttrack,bark,uː,512.4245810055866,-9.250982568640236,-4.3592008494754,-9.831869593043557,-8.554868151988469,-4.557744928562802,-4.1794540605073776
fasttrack,bark,uː,514.7765363128492,-9.3236737207411,-4.370785107367793,-9.936269747225934,-8.596957306273271,-4.577438782148258,-4.181406654859823
fasttrack,bark,uː,517.1284916201117,-9.396871019816546,-4.382418653976974,-10.041481558569599,-8.639294397709046,-4.601021647055098,-4.18350361237913
fasttrack,bark,uː,519.4804469273743,-9.470532286952029,-4.394097381909879,-10.142205355866862,-8.681858764866547,-4.624466553690403,-4.188468454319191
fasttrack,bark,uː,521.8324022346369,-9.544615343233001,-4.405817183773442,-10.244448180674958,-8.724629746316527,-4.64768609717863,-4.1915870087369935
fasttrack,bark,uː,524.1843575418994,-9.619078009744912,-4.417573952174598,-10.347515278518692,-8.76758668062974,-4.670249151706765,-4.192953331465108
fasttrack,bark,uː,526.536312849162,-9.693878107573214,-4.429363579720279,-10.448818075203636,-8.810708906376934,-4.692916364652035,-4.190862775560085
fasttrack,bark,uː,528.8882681564246,-9.76897345780336,-4.441181959017421,-10.54683144816369,-8.853975762128865,-4.715740856432815,-4.192238512616147
fasttrack,bark,uː,531.2402234636871,-9.844321881520795,-4.453024982672958,-10.64535257373495,-8.89646470640292,-4.738638552525592,-4.193581299112036
fasttrack,bark,uː,533.5921787709497,-9.919881199810975,-4.464888543293825,-10.744256970335249,-8.936696954013584,-4.761597252211704,-4.193463782890107
fasttrack,bark,uː,535.9441340782123,-9.995609233759353,-4.476768533486954,-10.843395205728378,-8.977000193541471,-4.7846047547724835,-4.191440042816105
fasttrack,bark,uː,538.2960893854749,-10.071463804451378,-4.488660845859281,-10.943967179475381,-9.017356677007275,-4.8076488594892615,-4.1893853419812785
fasttrack,bark,uː,540.6480446927374,-10.147402732972493,-4.500561373017739,-11.04941577834544,-9.057748656431684,-4.830922556842513,-4.191442918903515
fasttrack,bark,uː,543.0,-10.223383840408165,-4.512466007569262,-11.15493006899505,-9.098158383835402,-4.8520233832371735,-4.19186840577635
fasttrack,bark,oː,122.0,-7.694996631478317,-4.561802972318935,-8.8394900833548,-6.649035885612361,-4.755610846942975,-4.20144907731709
fasttrack,bark,oː,124.35195530726257,-7.692648493908046,-4.565307108149246,-8.815485957824723,-6.668715650198763,-4.754670668269438,-4.212577553032772
fasttrack,bark,oː,126.70391061452514,-7.690297048351246,-4.568808012097222,-8.79155890825572,-6.688385083391721,-4.755041920106288,-4.223700585543833
fasttrack,bark,oː,129.0558659217877,-7.687938986821387,-4.572302452280528,-8.76763536872154,-6.708033853797794,-4.754820263972846,-4.234812731645647
fasttrack,bark,oː,131.40782122905028,-7.685571001331941,-4.57578719681683,-8.74371709423959,-6.726376277972157,-4.752479309544991,-4.245908548133594
fasttrack,bark,oː,133.75977653631284,-7.683189783896378,-4.579259013823792,-8.719223867551685,-6.7417488828610495,-4.7491819433554605,-4.25698259180305
fasttrack,bark,oː,136.11173184357543,-7.680792026528168,-4.5827146714190805,-8.693930760888195,-6.756747834774822,-4.74559603717816,-4.268029419449391
fasttrack,bark,oː,138.46368715083798,-7.678374421240784,-4.586150937720358,-8.666914227783106,-6.771704309723462,-4.74306026797837,-4.2790435878679975
fasttrack,bark,oː,140.81564245810057,-7.675933660047695,-4.589564580845294,-8.63992174411849,-6.786611228212779,-4.742036207752629,-4.2900196538542446
fasttrack,bark,oː,143.16759776536313,-7.673466434962372,-4.59295236891155,-8.612956745528706,-6.8014615107485845,-4.741858368108991,-4.30095217420351
fasttrack,bark,oː,145.51955307262568,-7.670969437998287,-4.5963110700367915,-8.586022667648102,-6.8180386910308295,-4.74183433732221,-4.311835705711172
fasttrack,bark,oː,147.87150837988827,-7.668439361168909,-4.599637452338685,-8.55912294611103,-6.836156789984417,-4.740909765328579,-4.322664805172605
fasttrack,bark,oː,150.22346368715085,-7.665872896487711,-4.6029282839348955,-8.532261016551846,-6.854177253611788,-4.739642702548135,-4.33343402938319
fasttrack,bark,oː,152.5754189944134,-7.663266735968161,-4.606180332943087,-8.505440314604906,-6.872091205974197,-4.739057867580795,-4.344137935138301
fasttrack,bark,oː,154.92737430167597,-7.660617571623732,-4.609390367480924,-8.478664275904558,-6.889858093243624,-4.738872098892443,-4.354771079233317
fasttrack,bark,oː,157.27932960893855,-7.657922095467894,-4.612555155666075,-8.45193633608516,-6.905220909521589,-4.7381141395043045,-4.364926274160991
fasttrack,bark,oː,159.6312849162011,-7.655176999514119,-4.615671465616202,-8.425259930781062,-6.920904501944727,-4.740952649641261,-4.374806760759962
fasttrack,bark,oː,161.9832402234637,-7.652378975775875,-4.618736065448972,-8.39863849562662,-6.937214840833727,-4.743443926964897,-4.384603355648038
fasttrack,bark,oː,164.33519553072625,-7.649524716266635,-4.621745723282049,-8.372075466256186,-6.9530598297692405,-4.742777065512485,-4.394310815593289
fasttrack,bark,oː,166.68715083798884,-7.6466109129998685,-4.6246972072330985,-8.345659231832649,-6.96875986347437,-4.743431031414707,-4.403920450485242
fasttrack,bark,oː,169.0391061452514,-7.6436342579890475,-4.627587285419786,-8.324332226263671,-6.98430688888076,-4.743507239121116,-4.414175925719491
fasttrack,bark,oː,171.39106145251395,-7.640591443247642,-4.630412725959775,-8.303119394599445,-6.999692852920058,-4.740839566101357,-4.424528925252542
fasttrack,bark,oː,173.74301675977654,-7.637479160789123,-4.633170296970732,-8.278480769207718,-7.014895964657789,-4.742185507026579,-4.43334780497162
fasttrack,bark,oː,176.09497206703912,-7.634294102626963,-4.635856766570323,-8.252871780766045,-7.029316554405803,-4.742464832008899,-4.441601901530301
fasttrack,bark,oː,178.44692737430168,-7.631032960774629,-4.6384689028762125,-8.228685638863569,-7.043569369816001,-4.741578804022418,-4.450428892117381
fasttrack,bark,oː,180.79888268156424,-7.627692427245595,-4.641003474006065,-8.207129454190529,-7.0580879067680735,-4.740858767800758,-4.456780158231008
fasttrack,bark,oː,183.15083798882682,-7.624269194053331,-4.643457248077546,-8.186003997087452,-7.073382812228243,-4.741269000275081,-4.464063422534719
fasttrack,bark,oː,185.50279329608938,-7.620759953211307,-4.645826993208319,-8.167270229718909,-7.087414005190918,-4.741595259604122,-4.470761837156146
fasttrack,bark,oː,187.85474860335194,-7.617161396732994,-4.648109477516051,-8.148541177969314,-7.102329039478999,-4.741353852829793,-4.479352586531905
fasttrack,bark,oː,190.20670391061452,-7.613470216631864,-4.650301469118409,-8.12981701649122,-7.116722646366738,-4.741043848507191,-4.4868583365166925
fasttrack,bark,oː,192.5586592178771,-7.609683104921387,-4.652399736133054,-8.108397805706627,-7.130637074140806,-4.7413079553080895,-4.494188650504759
fasttrack,bark,oː,194.91061452513966,-7.605796753615032,-4.654401046677655,-8.085933783162949,-7.14342626106807,-4.741944891950475,-4.503510832030684
fasttrack,bark,oː,197.26256983240222,-7.601807854726273,-4.656302168869874,-8.06352622181571,-7.15517752859303,-4.743816628577777,-4.5129167791331675
fasttrack,bark,oː,199.6145251396648,-7.597713100268579,-4.658099870827377,-8.041309727222762,-7.166225634066338,-4.745185981605721,-4.522065150087836
fasttrack,bark,oː,201.9664804469274,-7.593509182255421,-4.659790920667829,-8.019283695527188,-7.177013994309965,-4.7480870474040815,-4.529530689177245
fasttrack,bark,oː,204.31843575418995,-7.58919279270027,-4.661372086508898,-7.998876803741891,-7.188175041514036,-4.752280437277749,-4.536372974665255
fasttrack,bark,oː,206.6703910614525,-7.584760623616597,-4.662840136468245,-7.980419721359878,-7.201622718102244,-4.756746420002934,-4.543040764459365
fasttrack,bark,oː,209.0223463687151,-7.580209367017871,-4.6641918386635375,-7.961972402089738,-7.214718141283227,-4.760376342741936,-4.549529072968319
fasttrack,bark,oː,211.37430167597765,-7.5755357149175655,-4.665423961212441,-7.938980169949607,-7.22745152624012,-4.7635231434879035,-4.557212257153635
fasttrack,bark,oː,213.7262569832402,-7.57073635932915,-4.666533272232618,-7.917378280777732,-7.239813088156054,-4.765999532303567,-4.561586950189645
fasttrack,bark,oː,216.0782122905028,-7.565807992266095,-4.667516539841737,-7.898224603845063,-7.251665449705858,-4.767490856201949,-4.565772396317447
fasttrack,bark,oː,218.43016759776538,-7.560747305741872,-4.66837053215746,-7.8786524653344285,-7.263032613091731,-4.770542921034647,-4.569282101536494
fasttrack,bark,oː,220.78212290502793,-7.555550991769951,-4.669092017297454,-7.862363555901463,-7.270849846549666,-4.7731426523024405,-4.569900854782115
fasttrack,bark,oː,223.1340782122905,-7.550215742363803,-4.669677763379385,-7.842888633624855,-7.277416868812132,-4.774675961576834,-4.569327767938046
fasttrack,bark,oː,225.48603351955308,-7.544738249536898,-4.670124538520915,-7.827464944186782,-7.282611674010573,-4.776687786965036,-4.571063456363214
fasttrack,bark,oː,227.83798882681566,-7.53911520530271,-4.670429110839713,-7.8112797245507215,-7.285611037828684,-4.77701884359037,-4.571287753122103
fasttrack,bark,oː,230.18994413407822,-7.533343301674706,-4.670588248453441,-7.795035274653195,-7.288246770581683,-4.777124928804957,-4.568578902092166
fasttrack,bark,oː,232.54189944134077,-7.527419230666358,-4.670598719479766,-7.780657767531709,-7.291004761773133,-4.777940911131559,-4.568196342726193
fasttrack,bark,oː,234.89385474860336,-7.521339684291138,-4.670457292036351,-7.7656774284208385,-7.292560676418894,-4.779150330539152,-4.570953465744074
fasttrack,bark,oː,237.24581005586592,-7.515101354562516,-4.670160734240864,-7.750641608797969,-7.295659754824359,-4.781567474256173,-4.569014166153231
fasttrack,bark,oː,239.59776536312847,-7.508700933493962,-4.669705814210968,-7.7346926070069,-7.296794078410987,-4.7827772152092045,-4.567736543906794
fasttrack,bark,oː,241.94972067039106,-7.502135113098948,-4.66908930006433,-7.717053569237397,-7.297450195409185,-4.78391024131502,-4.567659365365874
fasttrack,bark,oː,244.30167597765364,-7.495400585390944,-4.6683079599186135,-7.704492107029314,-7.300456296555934,-4.784479183059725,-4.5635347367272585
fasttrack,bark,oː,246.6536312849162,-7.488494042383421,-4.667358561891485,-7.689409916993928,-7.30410103732929,-4.7855035096429495,-4.560041334466297
fasttrack,bark,oː,249.00558659217876,-7.48141217608985,-4.666237874100606,-7.676044129706043,-7.304825282618948,-4.784979513348757,-4.5573791193491315
fasttrack,bark,oː,251.35754189944134,-7.474151678523702,-4.664942664663647,-7.66108748378378,-7.3024671060341895,-4.7845719782130045,-4.555298978996121
fasttrack,bark,oː,253.7094972067039,-7.466709241698447,-4.663469701698269,-7.653827497449406,-7.30044378577016,-4.78479430640859,-4.552752838504717
fasttrack,bark,oː,256.0614525139665,-7.459081557627556,-4.66181575332214,-7.64103027211771,-7.294924049815975,-4.784127005354716,-4.550120954152549
fasttrack,bark,oː,258.41340782122904,-7.4512653183245,-4.659977587652923,-7.631261613653322,-7.292992862741515,-4.783613504139074,-4.546655877844115
fasttrack,bark,oː,260.76536312849163,-7.443257215802751,-4.657951972808285,-7.619847669125995,-7.290377177040598,-4.782793188673085,-4.543331554783564
fasttrack,bark,oː,263.1173184357542,-7.435053942075777,-4.6557356769058895,-7.606753696031073,-7.284136775718254,-4.781030816772112,-4.539691418698865
fasttrack,bark,oː,265.46927374301674,-7.426652189157052,-4.653325468063402,-7.596415947398421,-7.276435123415065,-4.778614125943346,-4.5360277353048595
fasttrack,bark,oː,267.8212290502793,-7.418048649060044,-4.6507181143984875,-7.587269710797625,-7.264776837936236,-4.775935509649832,-4.532849935430171
fasttrack,bark,oː,270.1731843575419,-7.409240013798225,-4.647910384028812,-7.576907648084819,-7.251327004689012,-4.77291914095426,-4.529525370403567
fasttrack,bark,oː,272.52513966480444,-7.400222975385066,-4.644899045072041,-7.566449805224676,-7.239165566039249,-4.769515825245959,-4.525371926361055
fasttrack,bark,oː,274.877094972067,-7.390994225834039,-4.641680865645838,-7.561385703075567,-7.227073739851527,-4.766731112836403,-4.521058248358766
fasttrack,bark,oː,277.2290502793296,-7.381550457158611,-4.638252613867869,-7.551667252718326,-7.212902876504581,-4.7627508395925116,-4.5171551908311205
fasttrack,bark,oː,279.58100558659214,-7.371888361372257,-4.6346110578558,-7.542749893861451,-7.199127781508226,-4.75926754717699,-4.513604011717992
fasttrack,bark,oː,281.9329608938548,-7.362004630488444,-4.630752965727294,-7.533014432921287,-7.185275632868308,-4.756959730308642,-4.5099255127104065
fasttrack,bark,oː,284.2849162011173,-7.351895956520646,-4.626675105600016,-7.525578170301202,-7.1715578585126325,-4.754979042331072,-4.505644252650709
fasttrack,bark,oː,286.6368715083799,-7.341559031482332,-4.622374245591635,-7.518569059690696,-7.158582656163527,-4.751018492768529,-4.500369580687159
fasttrack,bark,oː,288.9888268156425,-7.330990547386973,-4.617847153819813,-7.505424752053541,-7.14523187142422,-4.7465093030822105,-4.495730806591946
fasttrack,bark,oː,291.340782122905,-7.320187196248041,-4.6130905984022155,-7.4958234614768315,-7.131503747576392,-4.741176311396616,-4.490662898387888
fasttrack,bark,oː,293.6927374301676,-7.309145670079005,-4.6081013474565085,-7.485621096979937,-7.117796597453559,-4.734642779685794,-4.485425431560274
fasttrack,bark,oː,296.0446927374302,-7.297862660893337,-4.602876169100356,-7.475770856339383,-7.104865106555613,-4.728470345959671,-4.479404371973647
fasttrack,bark,oː,298.3966480446927,-7.286334860704508,-4.5974118314514225,-7.462815780425379,-7.093506284405961,-4.722322516578034,-4.472911191639777
fasttrack,bark,oː,300.7486033519553,-7.274558961525987,-4.591705102627376,-7.453620525406034,-7.079567276750788,-4.715826658746375,-4.467607627289696
fasttrack,bark,oː,303.1005586592179,-7.262531655371246,-4.58575275074588,-7.443371062964316,-7.066455380090291,-4.709054757439438,-4.462447959388895
fasttrack,bark,oː,305.4525139664804,-7.250249634253757,-4.579551543924599,-7.429621064346311,-7.055163316115043,-4.70330739256579,-4.456391545663472
fasttrack,bark,oː,307.80446927374305,-7.237709590186989,-4.573098250281198,-7.416196500590977,-7.044531017280043,-4.697413064751043,-4.450894234766736
fasttrack,bark,oː,310.1564245810056,-7.2249082151844135,-4.566389637933344,-7.4059361190896995,-7.034559776262875,-4.6911228269413705,-4.445274121369599
fasttrack,bark,oː,312.50837988826817,-7.211843112011544,-4.559423026393529,-7.392861345103838,-7.023243040846246,-4.684432347045468,-4.439530028576991
fasttrack,bark,oː,314.86033519553075,-7.198529748792,-4.552206551363053,-7.377126756552865,-7.010734866812984,-4.677358405747065,-4.432705330020957
fasttrack,bark,oː,317.2122905027933,-7.184999898030351,-4.544758219672681,-7.3614016732540515,-6.999041697570434,-4.66996415660202,-4.426398197069037
fasttrack,bark,oː,319.56424581005587,-7.171285929969445,-4.537096400040695,-7.346383701942867,-6.984818017706896,-4.660988137532301,-4.420019865856273
fasttrack,bark,oː,321.91620111731845,-7.157420214852131,-4.529239461185376,-7.331792416187664,-6.976038291996192,-4.6515933338753594,-4.413985714995665
fasttrack,bark,oː,324.268156424581,-7.143435122921259,-4.521205771825004,-7.315860480526121,-6.96306775452061,-4.641092842412945,-4.407833342310435
fasttrack,bark,oː,326.62011173184356,-7.129363024419676,-4.5130137006778615,-7.29924811709067,-6.951644155789922,-4.631077308251471,-4.402324084870771
fasttrack,bark,oː,328.97206703910615,-7.11523628959023,-4.5046816164622285,-7.281807753767771,-6.9413865675386495,-4.621453707761705,-4.396766881580704
fasttrack,bark,oː,331.3240223463687,-7.101087288675772,-4.496227887896388,-7.265099866834662,-6.927903296521369,-4.611935440449494,-4.390170522003748
fasttrack,bark,oː,333.6759776536313,-7.086948391919147,-4.487670883698618,-7.24864549047702,-6.914058605895517,-4.601744379110945,-4.383476684213521
fasttrack,bark,oː,336.02793296089385,-7.072851969563206,-4.479028972587203,-7.2336489040523295,-6.902101492425545,-4.592885774804299,-4.376231980383177
fasttrack,bark,oː,338.37988826815644,-7.058830391850797,-4.470320523280422,-7.220192506373314,-6.889161741939057,-4.58442569502593,-4.368420962396817
fasttrack,bark,oː,340.731843575419,-7.044916029024768,-4.461563904496557,-7.204939844500833,-6.877777389757011,-4.575870963554863,-4.360618847391166
fasttrack,bark,oː,343.08379888268155,-7.031141251327967,-4.452777484953888,-7.186733030851778,-6.868115487968062,-4.566927806363895,-4.3528421059288345
fasttrack,bark,oː,345.43575418994413,-7.017538429003244,-4.443979633370698,-7.173397218338087,-6.858855676333335,-4.5572341983437665,-4.344185762126743
fasttrack,bark,oː,347.7877094972067,-7.004139932293447,-4.435188718465266,-7.158055217504897,-6.846790842064403,-4.547460583936838,-4.335348123783309
fasttrack,bark,oː,350.13966480446925,-6.990978131441424,-4.426423108955876,-7.143792189550366,-6.833831283426366,-4.537178545196563,-4.326879710175944
fasttrack,bark,oː,352.49162011173183,-6.978085396690023,-4.417701173560807,-7.132918272499388,-6.821361814416417,-4.526880267826533,-4.3193261736053055
fasttrack,bark,oː,354.8435754189944,-6.965494098282094,-4.4090412809983395,-7.120499627160486,-6.810103542697347,-4.518247005375725,-4.3120471216613545
fasttrack,bark,oː,357.19553072625695,-6.953236606460485,-4.400461799986756,-7.1065833597905606,-6.7996966620531385,-4.507540395117428,-4.305496424067654
fasttrack,bark,oː,359.5474860335196,-6.941345291468043,-4.3919810992443375,-7.0975101800053775,-6.789914293814619,-4.4962614484389345,-4.298845138197531
fasttrack,bark,oː,361.8994413407821,-6.929852523547618,-4.383617547489365,-7.082130669065282,-6.780900194447271,-4.485830111576765,-4.29226776176956
fasttrack,bark,oː,364.2513966480447,-6.918790672942058,-4.375389513440119,-7.067005499735061,-6.7726212530814385,-4.478164266359144,-4.284712385941602
fasttrack,bark,oː,366.6033519553073,-6.9081921098942125,-4.367315365814881,-7.059091447428234,-6.761529911436555,-4.469544544934722,-4.275068114428115
fasttrack,bark,oː,368.9553072625698,-6.898089204646929,-4.359413473331934,-7.052595854297743,-6.751250359424664,-4.460631329159996,-4.266670107430345
fasttrack,bark,oː,371.3072625698324,-6.888514327443056,-4.3517022047095555,-7.044759790120619,-6.7400696724433775,-4.452006913681906,-4.258661762858391
fasttrack,bark,oː,373.659217877095,-6.879499848525442,-4.344199928666029,-7.034001388394353,-6.728934317576266,-4.443217049396339,-4.249568175614081
fasttrack,bark,oː,376.0111731843575,-6.871078138136935,-4.336925013919636,-7.024397319233521,-6.7223596294706045,-4.436140840204302,-4.241283472641342
fasttrack,bark,oː,378.3631284916201,-6.863281566520384,-4.329895829188656,-7.018104022338561,-6.71310288034842,-4.427951030679719,-4.2352843343262405
fasttrack,bark,oː,380.7150837988827,-6.8561425039186386,-4.3231307431913715,-7.0136187797439735,-6.7067971476131065,-4.4205655857857735,-4.228109115750739
fasttrack,bark,oː,383.0670391061453,-6.849693320574545,-4.316648124646063,-7.0089260773754125,-6.695977745633873,-4.414643461115658,-4.221132266824108
fasttrack,bark,oː,385.4189944134078,-6.843966386730955,-4.310466342271011,-7.006065230835284,-6.686706920611521,-4.407108149355375,-4.214984491754941
fasttrack,bark,oː,387.7709497206704,-6.8389940726307135,-4.304603764784498,-7.003638911055408,-6.681453403400701,-4.401827338990113,-4.209490450183163
fasttrack,bark,oː,390.122905027933,-6.834808748516671,-4.299078760904805,-7.001662557978016,-6.680135344249838,-4.396721717273633,-4.203247169844894
fasttrack,bark,oː,392.47486033519556,-6.831442784631674,-4.293909699350212,-7.001019486865021,-6.676468945437147,-4.390804693948359,-4.196105446059411
fasttrack,bark,oː,394.8268156424581,-6.828928551218574,-4.289114948839001,-7.002786279379303,-6.669789514693889,-4.3861340198026655,-4.1892949121838265
fasttrack,bark,oː,397.1787709497207,-6.827298418520218,-4.284712878089453,-7.003114988281953,-6.663789827627689,-4.382290368496193,-4.182841158619319
fasttrack,bark,oː,399.53072625698326,-6.826584756779455,-4.280721855819848,-7.004879814964558,-6.661295647890188,-4.380079563116159,-4.179360298289621
fasttrack,bark,oː,401.8826815642458,-6.826819936239131,-4.2771602507484685,-7.008962884952572,-6.658077394886818,-4.378192549737278,-4.175040046307311
fasttrack,bark,oː,404.23463687150837,-6.828036327142098,-4.274046431593596,-7.013947807353786,-6.657740781797809,-4.376113670668191,-4.171024584617287
fasttrack,bark,oː,406.58659217877096,-6.830266299731203,-4.27139876707351,-7.018601580186153,-6.657933475109118,-4.373289138658238,-4.168941029405576
fasttrack,bark,oː,408.93854748603354,-6.833542224249294,-4.269235625906493,-7.021740917057275,-6.658870231198178,-4.372054933667507,-4.166803280632961
fasttrack,bark,oː,411.29050279329607,-6.83789647093922,-4.267575376810826,-7.025411503002613,-6.660423739781182,-4.371049898458269,-4.164658931616117
fasttrack,bark,oː,413.64245810055866,-6.84336141004383,-4.266436388504789,-7.029533578809968,-6.665665698065061,-4.370299786166337,-4.162772086620159
fasttrack,bark,oː,415.99441340782124,-6.84996941180597,-4.265837029706664,-7.036424371631361,-6.672419932854505,-4.369813430578636,-4.163598585026542
fasttrack,bark,oː,418.3463687150838,-6.857752846468493,-4.265795669134732,-7.044758329743815,-6.680221996468258,-4.369599665482093,-4.164476699396355
fasttrack,bark,oː,420.69832402234636,-6.866744084274244,-4.266330675507275,-7.050883433344443,-6.688770363433942,-4.369261252840199,-4.16502058011828
fasttrack,bark,oː,423.05027932960894,-6.876975495466072,-4.267460417542573,-7.059845540233733,-6.697179417177955,-4.368890096684799,-4.165291038009363
fasttrack,bark,oː,425.4022346368715,-6.888479450286826,-4.269203263958907,-7.07187676430899,-6.707373399157811,-4.36883633985248,-4.166278714604249
fasttrack,bark,oː,427.75418994413405,-6.901288318979354,-4.271577583474559,-7.08452575676733,-6.719842233583479,-4.370350448632886,-4.168296319070139
fasttrack,bark,oː,430.10614525139664,-6.915434471786505,-4.274601744807809,-7.09497212294749,-6.73417586518173,-4.371387432278654,-4.171220516102477
fasttrack,bark,oː,432.4581005586592,-6.930950278951127,-4.27829411667694,-7.106311212985615,-6.751051936637545,-4.373875652727017,-4.174872626367477
fasttrack,bark,oː,434.8100558659218,-6.947868110716071,-4.282673067800232,-7.117747698985561,-6.767425318880161,-4.376718307137177,-4.179741677841107
fasttrack,bark,oː,437.16201117318434,-6.966220337324181,-4.287756966895965,-7.134429598616342,-6.784669079828879,-4.379991462139414,-4.185084905037693
fasttrack,bark,oː,439.5139664804469,-6.986039329018308,-4.293564182682421,-7.151295172975416,-6.808094128116396,-4.385035533948679,-4.190850836586132
fasttrack,bark,oː,441.8659217877095,-7.007357456041302,-4.300113083877882,-7.172275358566837,-6.834863797450728,-4.388179712423747,-4.199081783481604
fasttrack,bark,oː,444.2178770949721,-7.030207088636009,-4.307422039200628,-7.192740043712671,-6.860695254295006,-4.392972985441544,-4.207616498517395
fasttrack,bark,oː,446.5698324022346,-7.054620597045277,-4.315509417368942,-7.21471308526524,-6.8882929999885505,-4.400598550974699,-4.2163927078461185
fasttrack,bark,oː,448.9217877094972,-7.0806303515119575,-4.3243935871011026,-7.2439003340317125,-6.913371986976913,-4.408509359076397,-4.226133389892873
fasttrack,bark,oː,451.2737430167598,-7.108268702639684,-4.3340929067032965,-7.273471135275414,-6.941806156930848,-4.417317439451245,-4.23686150932793
fasttrack,bark,oː,453.6256983240223,-7.137550748359146,-4.344616587654261,-7.304395145280959,-6.970094407736454,-4.427988523362346,-4.248300245957173
fasttrack,bark,oː,455.9776536312849,-7.168442715703847,-4.355947931611973,-7.338240447277857,-7.0060039525078475,-4.4377222203635425,-4.261465369967492
fasttrack,bark,oː,458.3296089385475,-7.200902238315231,-4.3680656842867815,-7.3712046136233536,-7.0395984090334025,-4.448334789643138,-4.276251349833501
fasttrack,bark,oː,460.6815642458101,-7.234886949834736,-4.380948591389036,-7.408199498833982,-7.07334667688579,-4.460688089238262,-4.288826162703634
fasttrack,bark,oː,463.0335195530726,-7.2703544839038035,-4.394575398629082,-7.447716052973332,-7.106165667776911,-4.474861168979764,-4.300794282141522
fasttrack,bark,oː,465.3854748603352,-7.307262474163878,-4.4089248517172726,-7.4911188634931065,-7.1424465012360585,-4.490602407226852,-4.315348002397199
fasttrack,bark,oː,467.7374301675978,-7.3455685542563955,-4.423975696363954,-7.537789545540626,-7.17677474823751,-4.507551389421119,-4.332317446473059
fasttrack,bark,oː,470.08938547486036,-7.385230357822801,-4.439706678279475,-7.583525226587091,-7.2033935544758885,-4.5229074629382815,-4.348113164890242
fasttrack,bark,oː,472.4413407821229,-7.426205518504531,-4.456096543174185,-7.629449545682444,-7.231351873606815,-4.539637877064229,-4.362850627006325
fasttrack,bark,oː,474.7932960893855,-7.468451669943033,-4.473124036758433,-7.67717859172419,-7.263151452072217,-4.558980741520297,-4.377979097290985
fasttrack,bark,oː,477.14525139664806,-7.511926445779741,-4.490767904742567,-7.732296068203126,-7.29700242940484,-4.580916514632069,-4.392715546066969
fasttrack,bark,oː,479.4972067039106,-7.556587479656102,-4.509006892836936,-7.792697405214716,-7.322531972463058,-4.6037326769473506,-4.4081270959151295
fasttrack,bark,oː,481.8491620111732,-7.602392405213555,-4.527819746751889,-7.858228414680159,-7.349305693381222,-4.626491102420952,-4.418822418203886
fasttrack,bark,oː,484.20111731843576,-7.649298856093539,-4.547185212197775,-7.918638475337927,-7.386753873474578,-4.649133941270881,-4.432980849524955
fasttrack,bark,oː,486.55307262569835,-7.697264465937498,-4.567082034884942,-7.973353327190643,-7.413845326252582,-4.67569538585058,-4.443112322417753
fasttrack,bark,oː,488.9050279329609,-7.746246868386871,-4.587488960523739,-8.02579941649605,-7.440780754699396,-4.7026973328843695,-4.458658652688141
fasttrack,bark,oː,491.25698324022346,-7.796203697083101,-4.608384734824515,-8.082530542448085,-7.46820153392286,-4.730834076450426,-4.472249040195592
fasttrack,bark,oː,493.60893854748605,-7.847092585667627,-4.629748103497619,-8.141570774410836,-7.496301808594972,-4.760134225201301,-4.484731365388384
fasttrack,bark,oː,495.96089385474863,-7.898871167781892,-4.651557812253399,-8.202344687037145,-7.526323556522738,-4.789118302037074,-4.496881517595088
fasttrack,bark,oː,498.31284916201116,-7.951497077067334,-4.673792606802204,-8.26298772425157,-7.553228247802941,-4.818626048877687,-4.512568514139081
fasttrack,bark,oː,500.66480446927375,-8.004927947165397,-4.696431232854382,-8.325264470839231,-7.582316114429621,-4.8489317357532205,-4.522627038041698
fasttrack,bark,oː,503.01675977653633,-8.059121411717523,-4.719452436120283,-8.390399385699846,-7.610653963830495,-4.880349330217452,-4.533052894625288
fasttrack,bark,oː,505.36871508379886,-8.114035104365149,-4.742834962310256,-8.459235444045033,-7.640970507671023,-4.911414741687288,-4.544522248963361
fasttrack,bark,oː,507.72067039106145,-8.169626658749717,-4.766557557134648,-8.528067107081693,-7.671964224788184,-4.942900556639955,-4.558064574302146
fasttrack,bark,oː,510.07262569832403,-8.225853708512672,-4.7905989663038095,-8.600415921000947,-7.702489778715462,-4.974780499857778,-4.570992587978875
fasttrack,bark,oː,512.4245810055866,-8.28267388729545,-4.8149379355280875,-8.674750942550581,-7.732655172521366,-5.00703422853148,-4.584071126336612
fasttrack,bark,oː,514.7765363128492,-8.340044828739497,-4.839553210517835,-8.749057657406748,-7.759916319149358,-5.039647302702416,-4.597318567961564
fasttrack,bark,oː,517.1284916201117,-8.397924166486249,-4.864423536983394,-8.829339019090263,-7.787365926327186,-5.071329082045221,-4.610707977295471
fasttrack,bark,oː,519.4804469273743,-8.45626953417715,-4.8895276606351175,-8.908189721070302,-7.820088857629076,-5.103318215472179,-4.622335090573881
fasttrack,bark,oː,521.8324022346369,-8.515038565453644,-4.914844327183355,-8.98850404930597,-7.853212170021351,-5.136103349695171,-4.634063928718027
fasttrack,bark,oː,524.1843575418994,-8.574188893957164,-4.940352282338452,-9.066692041272434,-7.885238706495536,-5.170000964328957,-4.6458843192413335
fasttrack,bark,oː,526.536312849162,-8.633678153329155,-4.96603027181076,-9.144957286723114,-7.9154047777226,-5.204092166874367,-4.658352533896259
fasttrack,bark,oː,528.8882681564246,-8.693463977211064,-4.991857041310627,-9.227636408069387,-7.945706960855475,-5.238328348026896,-4.673021503202133
fasttrack,bark,oː,531.2402234636871,-8.753503999244321,-5.017811336548401,-9.311219329742489,-7.976125811336185,-5.273602445709817,-4.685326675190433
fasttrack,bark,oː,533.5921787709497,-8.813755853070376,-5.043871903234431,-9.393656012305755,-8.00664188460676,-5.309782608495469,-4.699022252618968
fasttrack,bark,oː,535.9441340782123,-8.874177172330667,-5.070017487079067,-9.477751824792227,-8.037235736109226,-5.344735793082511,-4.712600162020782
fasttrack,bark,oː,538.2960893854749,-8.934725590666636,-5.096226833792656,-9.562783155397097,-8.06788792128561,-5.379769488737453,-4.726210735971189
fasttrack,bark,oː,540.6480446927374,-8.995358741719716,-5.122478689085547,-9.646735693474897,-8.098578995577938,-5.414856858437656,-4.738499509711837
fasttrack,bark,oː,543.0,-9.056034259131362,-5.148751798668091,-9.730749972657728,-8.128947079325203,-5.449971065160498,-4.749302782476442
fasttrack,bark,ɑː,122.0,-8.428712687399102,-5.899045573891791,-9.147181750708238,-7.849400350384421,-6.2609924144576174,-5.503078807920277
fasttrack,bark,ɑː,124.35195530726257,-8.428351676512865,-5.895237957989255,-9.13348673614401,-7.862732805188645,-6.248862516412425,-5.507011020201279
fasttrack,bark,ɑː,126.70391061452514,-8.427989260179071,-5.891430601181303,-9.11979357351131,-7.8770267796595554,-6.236735401022706,-5.510941403725334
fasttrack,bark,ɑː,129.0558659217877,-8.427624032950163,-5.887623762562514,-9.10610411474167,-7.891309331385863,-6.224615468592754,-5.514830425885644
fasttrack,bark,ɑː,131.40782122905028,-8.427254589378585,-5.883817701227473,-9.092420211766624,-7.903689526805241,-6.213886006380723,-5.518712736361124
fasttrack,bark,ɑː,133.75977653631284,-8.42687952401678,-5.88001267627076,-9.078217123157646,-7.914716913584864,-6.203483028954156,-5.522587845452334
fasttrack,bark,ɑː,136.11173184357543,-8.426497431417188,-5.87620894678696,-9.063806193444776,-7.925399172450858,-6.1934108822368295,-5.526453952813206
fasttrack,bark,ɑː,138.46368715083798,-8.426106906132258,-5.872406771870654,-9.049408384946481,-7.936056451957274,-6.18397933161033,-5.530309258097673
fasttrack,bark,ɑː,140.81564245810057,-8.425706542714426,-5.868606410616424,-9.035083576486064,-7.946684588877517,-6.17455802350318,-5.534151960959668
fasttrack,bark,ɑː,143.16759776536313,-8.42529493571614,-5.864808122118854,-9.020953412688963,-7.95417405248714,-6.165148421132428,-5.537980261053122
fasttrack,bark,ɑː,145.51955307262568,-8.424870679689844,-5.861012165472524,-9.00631576931328,-7.961408483277718,-6.155751987715124,-5.5417923580319695
fasttrack,bark,ɑː,147.87150837988827,-8.424432369187977,-5.857218799772018,-8.994174421496519,-7.968616166887609,-6.1448363737237335,-5.545586451550141
fasttrack,bark,ɑː,150.22346368715085,-8.423978598762986,-5.853428284111918,-8.98132507862409,-7.975794428598746,-6.13358633575201,-5.549360741261571
fasttrack,bark,ɑː,152.5754189944134,-8.42350796296731,-5.849640877586806,-8.965946327427426,-7.98294059369306,-6.122283589934417,-5.5531134268201905
fasttrack,bark,ɑː,154.92737430167597,-8.423019056353397,-5.845856839291264,-8.949931303882954,-7.993733858314593,-6.111012695930708,-5.556842707879932
fasttrack,bark,ɑː,157.27932960893855,-8.422510473473686,-5.842076428319876,-8.9332637846456,-8.007508574301276,-6.100306128591041,-5.560546784094728
fasttrack,bark,ɑː,159.6312849162011,-8.42198080888062,-5.838299903767223,-8.918857194283065,-8.022148418324278,-6.090194367925366,-5.564223855118513
fasttrack,bark,ɑː,161.9832402234637,-8.421428657126647,-5.834527524727887,-8.905471054004613,-8.036682974869105,-6.079842149251821,-5.567872120605216
fasttrack,bark,ɑː,164.33519553072625,-8.420852612764204,-5.8307595502964515,-8.891597186203343,-8.051105663468377,-6.068596045731629,-5.571489780208773
fasttrack,bark,ɑː,166.68715083798884,-8.420251270345737,-5.8269962395674995,-8.87901460552648,-8.065409903654702,-6.057442944575967,-5.575075033583114
fasttrack,bark,ɑː,169.0391061452514,-8.419623224423692,-5.823237851635611,-8.867393971700436,-8.075938836688925,-6.046626652610151,-5.578537873468835
fasttrack,bark,ɑː,171.39106145251395,-8.418967069550506,-5.819484645595369,-8.855799935924997,-8.085269587559443,-6.035860790955974,-5.581010114118918
fasttrack,bark,ɑː,173.74301675977654,-8.418281400278628,-5.815736880541357,-8.844311174798566,-8.094510424966009,-6.026067424888259,-5.5834540942948525
fasttrack,bark,ɑː,176.09497206703912,-8.417564811160496,-5.811994815568157,-8.832853673691824,-8.10348665045195,-6.017448490811893,-5.586214147359596
fasttrack,bark,ɑː,178.44692737430168,-8.416815896748556,-5.808258709770351,-8.821425965803025,-8.111808234689454,-6.009332064506231,-5.589530803357326
fasttrack,bark,ɑː,180.79888268156424,-8.416033251595252,-5.8045288222425215,-8.810029346489472,-8.118582276987489,-6.001942205121274,-5.592801757887806
fasttrack,bark,ɑː,183.15083798882682,-8.415215470253022,-5.800805412079251,-8.798665111108468,-8.124178484044167,-5.993752265902234,-5.596525363065608
fasttrack,bark,ɑː,185.50279329608938,-8.414361147274315,-5.7970887383751215,-8.787334555017317,-8.128395747758981,-5.985594055404824,-5.600447664528629
fasttrack,bark,ɑː,187.85474860335194,-8.413468877211573,-5.793379060224716,-8.776038973573314,-8.132561966699559,-5.97746879396449,-5.602766480781866
fasttrack,bark,ɑː,190.20670391061452,-8.412537254617236,-5.789676636722615,-8.764779662133767,-8.136428836057725,-5.969377701916679,-5.605043459610605
fasttrack,bark,ɑː,192.5586592178771,-8.411564874043751,-5.785981726963403,-8.753557916055975,-8.137365926905408,-5.961321999596841,-5.607080087598207
fasttrack,bark,ɑː,194.91061452513966,-8.410550330043558,-5.782294590041662,-8.742375030697243,-8.138459169815812,-5.953381517757256,-5.608661235875214
fasttrack,bark,ɑː,197.26256983240222,-8.4094922171691,-5.778615485051974,-8.732041387809533,-8.139376915425355,-5.945570964041806,-5.610206393226051
fasttrack,bark,ɑː,199.6145251396648,-8.408389129972823,-5.774944671088921,-8.718678731468385,-8.14219151333326,-5.937715764667506,-5.611714398653096
fasttrack,bark,ɑː,201.9664804469274,-8.407239663007168,-5.771282407247085,-8.707356943583891,-8.144416340712098,-5.928586175512866,-5.612845093944192
fasttrack,bark,ɑː,204.31843575418995,-8.40604241082458,-5.767628952621051,-8.69860871086871,-8.150088170059028,-5.921483578947039,-5.613532870829981
fasttrack,bark,ɑː,206.6703910614525,-8.404795967977499,-5.763984566305397,-8.690771971896218,-8.15495753814791,-5.915978524110224,-5.615389897845429
fasttrack,bark,ɑː,209.0223463687151,-8.403498929018369,-5.760349507394709,-8.681598729825383,-8.159664505000533,-5.905799107774689,-5.615041559648594
fasttrack,bark,ɑː,211.37430167597765,-8.402149888499636,-5.756724034983568,-8.672342361148855,-8.161452920552188,-5.896317401167667,-5.613419189608173
fasttrack,bark,ɑː,213.7262569832402,-8.40074744097374,-5.753108408166556,-8.66726708246172,-8.163156405481828,-5.889718793804143,-5.611953803430796
fasttrack,bark,ɑː,216.0782122905028,-8.399290180993127,-5.749502886038257,-8.660547767559638,-8.164034487222118,-5.884515860101888,-5.612513019895294
fasttrack,bark,ɑː,218.43016759776538,-8.397776703110235,-5.74590772769325,-8.654301999469617,-8.162163038646636,-5.88026122629289,-5.6102010619479525
fasttrack,bark,ɑː,220.78212290502793,-8.396205601877512,-5.74232319222612,-8.648471145018403,-8.163180998050667,-5.873310031199228,-5.608274088499622
fasttrack,bark,ɑː,223.1340782122905,-8.3945754718474,-5.738749538731451,-8.639863097838305,-8.163536364361665,-5.868563347725698,-5.606666211818286
fasttrack,bark,ɑː,225.48603351955308,-8.39288490757234,-5.735187026303821,-8.628695908239662,-8.164682762616195,-5.8629352832924875,-5.603851612287942
fasttrack,bark,ɑː,227.83798882681566,-8.391132503604778,-5.731635914037816,-8.622081861635152,-8.16399249412439,-5.856192466651886,-5.606475268012214
fasttrack,bark,ɑː,230.18994413407822,-8.389316854497155,-5.728096461028016,-8.622078292632327,-8.161748369787437,-5.849643218129201,-5.608176502198314
fasttrack,bark,ɑː,232.54189944134077,-8.387436554801914,-5.724568926369004,-8.620778835687013,-8.161296654536054,-5.847594934318276,-5.608928384776011
fasttrack,bark,ɑː,234.89385474860336,-8.385490199071501,-5.721053569155362,-8.6186126972529,-8.160290816048613,-5.845159163370295,-5.606022067097084
fasttrack,bark,ɑː,237.24581005586592,-8.383476381858355,-5.717550648481674,-8.616611532634137,-8.16191030948654,-5.840709719158805,-5.601972152985541
fasttrack,bark,ɑː,239.59776536312847,-8.381393697714923,-5.714060423442522,-8.609935655293144,-8.162516955525717,-5.834614849186133,-5.601220780226376
fasttrack,bark,ɑː,241.94972067039106,-8.379240741193646,-5.710583153132487,-8.606274885450736,-8.16200772373337,-5.8302933645828245,-5.596830191479766
fasttrack,bark,ɑː,244.30167597765364,-8.377016106846966,-5.707119096646152,-8.599422229427121,-8.158546376155071,-5.8265379954201535,-5.592097907015256
fasttrack,bark,ɑː,246.6536312849162,-8.37471838922733,-5.703668513078099,-8.590096118515126,-8.15812023164416,-5.8235386552837065,-5.591781922077253
fasttrack,bark,ɑː,249.00558659217876,-8.372346182887176,-5.700231661522912,-8.583660054979985,-8.156198154165832,-5.819659212545591,-5.589032079367607
fasttrack,bark,ɑː,251.35754189944134,-8.36989808237895,-5.69680880107517,-8.585336064440808,-8.154296791928447,-5.8163860258718545,-5.586862339208975
fasttrack,bark,ɑː,253.7094972067039,-8.367372682255096,-5.6934001908294585,-8.586162983066375,-8.152426247084884,-5.814228122058295,-5.584245365487716
fasttrack,bark,ɑː,256.0614525139665,-8.364768577068055,-5.690006089880359,-8.584254205382008,-8.149037329738293,-5.812080491072886,-5.580459634235334
fasttrack,bark,ɑː,258.41340782122904,-8.362084361370272,-5.686626757322453,-8.58485163723153,-8.146487740310716,-5.809930794085362,-5.576766052377969
fasttrack,bark,ɑː,260.76536312849163,-8.359318629714188,-5.683262452250324,-8.583667619616566,-8.143635234054962,-5.806674497803172,-5.573147339100429
fasttrack,bark,ɑː,263.1173184357542,-8.35646997665225,-5.6799134337585535,-8.585239361214914,-8.141220981062826,-5.80279473780401,-5.569619227315324
fasttrack,bark,ɑː,265.46927374301674,-8.353536996736894,-5.676579960941725,-8.58325978573585,-8.138757453221592,-5.797123377643951,-5.56618924428082
fasttrack,bark,ɑː,267.8212290502793,-8.35051828452057,-5.673262292894419,-8.58196485566214,-8.136627192196078,-5.791472341715269,-5.56236563573766
fasttrack,bark,ɑː,270.1731843575419,-8.347412434555718,-5.669960688711219,-8.580529870276068,-8.134510766258101,-5.785947245517683,-5.5569384182335435
fasttrack,bark,ɑː,272.52513966480444,-8.34421804139478,-5.666675407486708,-8.578776928411203,-8.130619317509653,-5.780442787933773,-5.553579153322712
fasttrack,bark,ɑː,274.877094972067,-8.340933699590204,-5.663406708315467,-8.577651609849692,-8.126741784451276,-5.777734061807454,-5.55003127380563
fasttrack,bark,ɑː,277.2290502793296,-8.33755800369443,-5.66015485029208,-8.577697483969537,-8.121433566751318,-5.776035917693684,-5.547004582667567
fasttrack,bark,ɑː,279.58100558659214,-8.334089548259897,-5.656920092511127,-8.577346486541602,-8.116254977864163,-5.774217949291459,-5.544228317434076
fasttrack,bark,ɑː,281.9329608938548,-8.330526927839056,-5.653702694067192,-8.576632052787591,-8.11149703808647,-5.7701050169081896,-5.541304287033881
fasttrack,bark,ɑː,284.2849162011173,-8.326868736984343,-5.650502914054858,-8.57575479161465,-8.10618085199024,-5.766570054219877,-5.537595122798015
fasttrack,bark,ɑː,286.6368715083799,-8.323113570248207,-5.647321011568705,-8.574504017678384,-8.100970798519075,-5.763638079898329,-5.533927396863603
fasttrack,bark,ɑː,288.9888268156425,-8.319260022183087,-5.644157245703318,-8.572874317750339,-8.095859141732507,-5.760879551000164,-5.531177700914163
fasttrack,bark,ɑː,291.340782122905,-8.315306687341426,-5.641011875553277,-8.570860278602066,-8.089384020307708,-5.758042645235547,-5.528345487509634
fasttrack,bark,ɑː,293.6927374301676,-8.311252160275671,-5.637885160213166,-8.568516100863414,-8.085759129449542,-5.755221085265804,-5.525134846069906
fasttrack,bark,ɑː,296.0446927374302,-8.307095035538262,-5.6347773587775665,-8.565847908592378,-8.080857246972228,-5.751452867137491,-5.521802495067535
fasttrack,bark,ɑː,298.3966480446927,-8.302833907681643,-5.631688730341061,-8.561734151523055,-8.075877637566576,-5.747806051707025,-5.517784599448303
fasttrack,bark,ɑː,300.7486033519553,-8.298467371258257,-5.628619533998233,-8.556986934871645,-8.071959601938854,-5.744135841194349,-5.515022979103869
fasttrack,bark,ɑː,303.1005586592179,-8.293994020820547,-5.625570028843662,-8.551793004732133,-8.067531599309472,-5.740435101392195,-5.5113697307694975
fasttrack,bark,ɑː,305.4525139664804,-8.289412450920956,-5.622540473971934,-8.546224147842837,-8.063224564137055,-5.7367328541970695,-5.508071519139817
fasttrack,bark,ɑː,307.80446927374305,-8.284721256111926,-5.619531128477629,-8.540180615051998,-8.059040067427537,-5.7337259550651645,-5.50652922231
fasttrack,bark,ɑː,310.1564245810056,-8.279919030945903,-5.6165422514553285,-8.534111111042991,-8.05497968018685,-5.73030681717942,-5.505658978506402
fasttrack,bark,ɑː,312.50837988826817,-8.275004369975328,-5.613574101999618,-8.529033304191282,-8.051044973420932,-5.725824195970637,-5.501894097767807
fasttrack,bark,ɑː,314.86033519553075,-8.269975867752644,-5.610626939205078,-8.522315392115138,-8.047237518135717,-5.7225533617785995,-5.4989768849314205
fasttrack,bark,ɑː,317.2122905027933,-8.264833306298653,-5.607701113366517,-8.51472906374156,-8.043596170301358,-5.719070920524611,-5.498081775590984
fasttrack,bark,ɑː,319.56424581005587,-8.259584337395838,-5.604797579194042,-8.507322599923405,-8.040013082476202,-5.714803555692015,-5.496463415867802
fasttrack,bark,ɑː,321.91620111731845,-8.254239814208393,-5.601917537271039,-8.499499328880898,-8.036448310798058,-5.70904164831204,-5.4957559902536675
fasttrack,bark,ɑː,324.268156424581,-8.248810599198864,-5.599062188895026,-8.491371960344416,-8.033322917122154,-5.705886828223992,-5.49508042144
fasttrack,bark,ɑː,326.62011173184356,-8.24330755482979,-5.59623273536352,-8.483855041026244,-8.030176359274726,-5.702647739186923,-5.493947919427551
fasttrack,bark,ɑː,328.97206703910615,-8.237741543563716,-5.593430377974041,-8.476829346046964,-8.027175868713973,-5.699481046654903,-5.49315384441167
fasttrack,bark,ɑː,331.3240223463687,-8.232123427863181,-5.590656318024106,-8.469043601948947,-8.024325517121277,-5.695876833135964,-5.493345085321352
fasttrack,bark,ɑː,333.6759776536313,-8.226464070190726,-5.5879117568112315,-8.456436956939644,-8.021629376178012,-5.691982625651557,-5.493738824066206
fasttrack,bark,ɑː,336.02793296089385,-8.220774333008897,-5.5851978956329384,-8.444229466012922,-8.019665291225675,-5.687589792426746,-5.493774137473954
fasttrack,bark,ɑː,338.37988826815644,-8.215065078780233,-5.582515935786745,-8.433552279406708,-8.01799345239309,-5.683263477050542,-5.493075511336887
fasttrack,bark,ɑː,340.731843575419,-8.209347169967277,-5.579867078570166,-8.424339607797114,-8.016459463314558,-5.677264949569372,-5.493110705038082
fasttrack,bark,ɑː,343.08379888268155,-8.20363146903257,-5.5772525252807235,-8.416598999635022,-8.015049606272777,-5.6741048199590445,-5.493783884615103
fasttrack,bark,ɑː,345.43575418994413,-8.197928838438655,-5.574673477215933,-8.407270361939135,-8.013346541708964,-5.669768725922357,-5.494024767107647
fasttrack,bark,ɑː,347.7877094972067,-8.192250140648072,-5.572131135673313,-8.398073166654864,-8.011253437118315,-5.664207481759619,-5.492149994777116
fasttrack,bark,ɑː,350.13966480446925,-8.186606238123366,-5.569626701950384,-8.38763419558131,-8.009150661868143,-5.660559741479513,-5.491552901496214
fasttrack,bark,ɑː,352.49162011173183,-8.181007993327075,-5.567161377344661,-8.37897822244984,-8.007269382233432,-5.657831026771324,-5.490264519700084
fasttrack,bark,ɑː,354.8435754189944,-8.175466268721742,-5.5647363631536635,-8.373340596554725,-8.007119998980796,-5.655037614501938,-5.4886456636958
fasttrack,bark,ɑː,357.19553072625695,-8.16999192676991,-5.56235286067491,-8.36292814552319,-8.006678620010199,-5.65190448170473,-5.4885953088126564
fasttrack,bark,ɑː,359.5474860335196,-8.164595829934122,-5.560012071205917,-8.352307860305572,-8.005642351456656,-5.649292663904041,-5.4883262995761495
fasttrack,bark,ɑː,361.8994413407821,-8.159288840676918,-5.557715196044205,-8.343090396286753,-8.001603436595474,-5.6479348620340915,-5.486967123933845
fasttrack,bark,ɑː,364.2513966480447,-8.154081821460842,-5.555463436487291,-8.33331950375134,-7.9986447252115065,-5.644700227721927,-5.48573330531616
fasttrack,bark,ɑː,366.6033519553073,-8.148985634748433,-5.553257993832693,-8.323553473986891,-7.997243269527125,-5.639200192804938,-5.483268011854178
fasttrack,bark,ɑː,368.9553072625698,-8.144011143002235,-5.551100069377929,-8.314504622894603,-7.995786131532963,-5.6372748858218005,-5.480879196053006
fasttrack,bark,ɑː,371.3072625698324,-8.139169208684786,-5.548990864420517,-8.305547500888533,-7.992930901706136,-5.633983529406078,-5.477225694562081
fasttrack,bark,ɑː,373.659217877095,-8.134470694258635,-5.546931580257977,-8.295012663840255,-7.9917897916994605,-5.629416067365185,-5.472733423871678
fasttrack,bark,ɑː,376.0111731843575,-8.129926462186317,-5.544923418187825,-8.284800003589055,-7.9885605205582015,-5.627898377046216,-5.469706834957772
fasttrack,bark,ɑː,378.3631284916201,-8.12554737493038,-5.54296757950758,-8.276945324228462,-7.986727052106281,-5.6284637369747355,-5.467341581048258
fasttrack,bark,ɑː,380.7150837988827,-8.121344294953358,-5.541065265514759,-8.266837176222039,-7.9872128619172384,-5.629177772247206,-5.464834319075105
fasttrack,bark,ɑː,383.0670391061453,-8.1173280847178,-5.5392176775068815,-8.259713401195794,-7.984816425758072,-5.628970853801912,-5.46228151120782
fasttrack,bark,ɑː,385.4189944134078,-8.113509606686247,-5.537426016781467,-8.253151747141276,-7.9799009898117435,-5.627332231926694,-5.460052905639437
fasttrack,bark,ɑː,387.7709497206704,-8.109899723321238,-5.53569148463603,-8.250667221349257,-7.977334799260045,-5.624451197669891,-5.457309164304284
fasttrack,bark,ɑː,390.122905027933,-8.106509297085315,-5.534015282368091,-8.24584529960137,-7.97468196807524,-5.623480440617843,-5.4535001871398645
fasttrack,bark,ɑː,392.47486033519556,-8.103349190441023,-5.532398611275166,-8.24209716793582,-7.971651429253814,-5.621405628842351,-5.451781659039776
fasttrack,bark,ɑː,394.8268156424581,-8.100430265850902,-5.530842672654778,-8.238974893192367,-7.969746711698403,-5.619313095189547,-5.449603065495675
fasttrack,bark,ɑː,397.1787709497207,-8.097763385777492,-5.52934866780444,-8.233488111150471,-7.968184988560494,-5.618299457673305,-5.447107962057851
fasttrack,bark,ɑː,399.53072625698326,-8.095359412683337,-5.527917798021672,-8.227199728352847,-7.966979148938961,-5.617581496406271,-5.44477007198252
fasttrack,bark,ɑː,401.8826815642458,-8.09322920903098,-5.526551264603993,-8.226485956952263,-7.965368140605816,-5.617555346322511,-5.44259476006832
fasttrack,bark,ɑː,404.23463687150837,-8.091383637282961,-5.525250268848921,-8.226311340399246,-7.964099461858905,-5.617389920786591,-5.440753791054639
fasttrack,bark,ɑː,406.58659217877096,-8.089833559901823,-5.524016012053972,-8.22544963088376,-7.962917780984606,-5.617071424901866,-5.439627847827819
fasttrack,bark,ɑː,408.93854748603354,-8.088589839350107,-5.5228496955166655,-8.222038782212362,-7.958793027155842,-5.616574133635042,-5.438057698310945
fasttrack,bark,ɑː,411.29050279329607,-8.087663338090355,-5.521752520534521,-8.22012086968625,-7.957075662461134,-5.616322579555241,-5.435424726933657
fasttrack,bark,ɑː,413.64245810055866,-8.087064918585108,-5.520725688405055,-8.219675396898552,-7.956105787224135,-5.6153254935056625,-5.433623232897155
fasttrack,bark,ɑː,415.99441340782124,-8.086805443296912,-5.519770400425786,-8.21856952603471,-7.955792747282878,-5.614275373080177,-5.433105270516191
fasttrack,bark,ɑː,418.3463687150838,-8.086895774688303,-5.5188878578942315,-8.219577671194932,-7.955844019300373,-5.614159899741178,-5.432797004749913
fasttrack,bark,ɑː,420.69832402234636,-8.087346775221828,-5.5180792621079116,-8.222326947275109,-7.956411564842363,-5.614243201845453,-5.432945340586085
fasttrack,bark,ɑː,423.05027932960894,-8.088169307360026,-5.517345814364342,-8.223722405327424,-7.957512089840327,-5.613920965145863,-5.431161661302814
fasttrack,bark,ɑː,425.4022346368715,-8.089374233565438,-5.516688715961044,-8.223005112073459,-7.959162300225737,-5.6133612988999895,-5.43050858604165
fasttrack,bark,ɑː,427.75418994413405,-8.09097241630061,-5.516109168195531,-8.221394645507171,-7.959738189381466,-5.61114244961274,-5.429398977050768
fasttrack,bark,ɑː,430.10614525139664,-8.09297471802808,-5.5156083723653255,-8.220083901926914,-7.961324132160824,-5.611014538028232,-5.428783844516018
fasttrack,bark,ɑː,432.4581005586592,-8.095392001210392,-5.515187529767943,-8.222296358688551,-7.964575251187602,-5.609217239947975,-5.428758958777389
fasttrack,bark,ɑː,434.8100558659218,-8.098235128310087,-5.514847841700904,-8.22573041497975,-7.965080697165122,-5.606967520207738,-5.428218990911277
fasttrack,bark,ɑː,437.16201117318434,-8.101514961789706,-5.5145905094617245,-8.227925203660932,-7.967658340649117,-5.605002521072637,-5.428557913928991
fasttrack,bark,ɑː,439.5139664804469,-8.105242364111792,-5.5144167343479245,-8.23313828075754,-7.970938053964204,-5.6042131559938095,-5.429650546564188
fasttrack,bark,ɑː,441.8659217877095,-8.109428197738888,-5.51432771765702,-8.237961906572915,-7.9752855730354195,-5.603587512324628,-5.430102169164919
fasttrack,bark,ɑː,444.2178770949721,-8.114083325133533,-5.514324660686531,-8.243740097930415,-7.980180371582198,-5.602425597556086,-5.429747522647045
fasttrack,bark,ɑː,446.5698324022346,-8.119218608758272,-5.5144087647339735,-8.24863674146865,-7.9855877928501915,-5.5998105771031295,-5.430315158498519
fasttrack,bark,ɑː,448.9217877094972,-8.124844911075646,-5.5145812310968685,-8.257794783417951,-7.991609460031686,-5.598322901012949,-5.430288225367321
fasttrack,bark,ɑː,451.2737430167598,-8.130973094548196,-5.514843261072731,-8.265293067229383,-7.997378642362676,-5.595795257135517,-5.433025167147103
fasttrack,bark,ɑː,453.6256983240223,-8.137613944850163,-5.515196044673851,-8.266623457408881,-8.003560532606482,-5.5961464090477815,-5.435504370844443
fasttrack,bark,ɑː,455.9776536312849,-8.144770278768354,-5.515639600760906,-8.27298674031611,-8.007446410210832,-5.59569082492907,-5.438500149935749
fasttrack,bark,ɑː,458.3296089385475,-8.152430101070617,-5.516171771338663,-8.280046868123968,-8.014244510451846,-5.594615683795945,-5.436384255532969
fasttrack,bark,ɑː,460.6815642458101,-8.160579803962793,-5.516790161420885,-8.290103027672298,-8.021817139144677,-5.600322333328995,-5.436322188339349
fasttrack,bark,ɑː,463.0335195530726,-8.169205779650714,-5.517492376021337,-8.301037528051223,-8.029519361661876,-5.599779823829679,-5.434945866064197
fasttrack,bark,ɑː,465.3854748603352,-8.178294420340215,-5.518276020153783,-8.314928212628471,-8.035913230599917,-5.59929861753299,-5.4338755799890555
fasttrack,bark,ɑː,467.7374301675978,-8.187832118237136,-5.519138698831991,-8.327572977808908,-8.042509755161005,-5.598747364581582,-5.433962980682022
fasttrack,bark,ɑː,470.08938547486036,-8.197805265547311,-5.520078017069722,-8.340504953270434,-8.051362629152807,-5.604237117840514,-5.4320948857882
fasttrack,bark,ɑː,472.4413407821229,-8.208200254476575,-5.521091579880744,-8.352052512961107,-8.060446588283012,-5.612093264434957,-5.430713707555527
fasttrack,bark,ɑː,474.7932960893855,-8.219003477230762,-5.522176992278819,-8.363083640309029,-8.06632836854793,-5.617255019166752,-5.42745725975554
fasttrack,bark,ɑː,477.14525139664806,-8.230201326015713,-5.5233318592777145,-8.375598385439323,-8.072762303890588,-5.620322572471854,-5.42355518112151
fasttrack,bark,ɑː,479.4972067039106,-8.24178019303726,-5.524553785891194,-8.39339817608269,-8.076020439746342,-5.624460492659416,-5.420078622546208
fasttrack,bark,ɑː,481.8491620111732,-8.253726470501238,-5.525840377133022,-8.414089407520931,-8.087005209986675,-5.631643282685403,-5.418508291114998
fasttrack,bark,ɑː,484.20111731843576,-8.266026550613486,-5.527189238016964,-8.43585759439072,-8.09929354037941,-5.638596311736979,-5.416035507229324
fasttrack,bark,ɑː,486.55307262569835,-8.278666825579839,-5.528597973556785,-8.458131820862915,-8.113604724332395,-5.640852461981703,-5.411231445614677
fasttrack,bark,ɑː,488.9050279329609,-8.291633687606131,-5.530064188766249,-8.479448657310607,-8.122745712019013,-5.64945429870359,-5.406792995323946
fasttrack,bark,ɑː,491.25698324022346,-8.304913528898199,-5.531585488659122,-8.49821124672018,-8.13638753430589,-5.65754781071081,-5.4034263909327755
fasttrack,bark,ɑː,493.60893854748605,-8.31849274166188,-5.5331594782491695,-8.516858464307724,-8.146531480400908,-5.6638719611506,-5.399655397597183
fasttrack,bark,ɑː,495.96089385474863,-8.332357718103008,-5.534783762550153,-8.53417024414934,-8.154072171498816,-5.671404598158536,-5.396384928064031
fasttrack,bark,ɑː,498.31284916201116,-8.346494850427419,-5.53645594657584,-8.554426333520974,-8.160356708572793,-5.680439760889354,-5.390004754818739
fasttrack,bark,ɑː,500.66480446927375,-8.36089053084095,-5.538173635339995,-8.578194246366346,-8.167238921869908,-5.692374669118262,-5.382743751864622
fasttrack,bark,ɑː,503.01675977653633,-8.375531151549435,-5.539934433856383,-8.602419001751313,-8.174994960810839,-5.704527065272501,-5.378804069745907
fasttrack,bark,ɑː,505.36871508379886,-8.390403104758711,-5.541735947138768,-8.626079805754873,-8.183043161096696,-5.716884866689549,-5.373680763873696
fasttrack,bark,ɑː,507.72067039106145,-8.405492782674616,-5.543575780200916,-8.646487132636759,-8.19197902017527,-5.72943599070689,-5.367720791398703
fasttrack,bark,ɑː,510.07262569832403,-8.420786577502982,-5.545451538056591,-8.670171688099245,-8.199658097664198,-5.742168354662007,-5.36110070481599
fasttrack,bark,ɑː,512.4245810055866,-8.436270881449644,-5.547360825719558,-8.695431346960493,-8.207684072285968,-5.752682761178306,-5.352365154075928
fasttrack,bark,ɑː,514.7765363128492,-8.451932086720445,-5.549301248203582,-8.722108134076246,-8.218907059837774,-5.762915796287672,-5.34440077116506
fasttrack,bark,ɑː,517.1284916201117,-8.467756585521213,-5.551270410522427,-8.749322345297095,-8.229153836894206,-5.770801035747152,-5.335620800546036
fasttrack,bark,ɑː,519.4804469273743,-8.483730770057788,-5.553265917689861,-8.776848531231668,-8.234629282357723,-5.778578397827158,-5.327894528545489
fasttrack,bark,ɑː,521.8324022346369,-8.499841032536004,-5.555285374719644,-8.805777715945641,-8.238412883143823,-5.789665947002545,-5.32165975266183
fasttrack,bark,ɑː,524.1843575418994,-8.516073765161698,-5.557326386625544,-8.834780352101603,-8.24311491538717,-5.802106608603434,-5.314210364023143
fasttrack,bark,ɑː,526.536312849162,-8.532415360140707,-5.559386558421326,-8.86258948970972,-8.247862499228273,-5.8146337891162965,-5.306299390695409
fasttrack,bark,ɑː,528.8882681564246,-8.548852209678863,-5.561463495120753,-8.894047660123796,-8.25522440282387,-5.827236673677138,-5.296271601309663
fasttrack,bark,ɑː,531.2402234636871,-8.565370705982005,-5.563554801737592,-8.925932756722775,-8.259307297179477,-5.839904447421959,-5.285436457968682
fasttrack,bark,ɑː,533.5921787709497,-8.581957241255967,-5.565658083285606,-8.956177398130292,-8.263400882418322,-5.852626295486764,-5.2758559847563955
fasttrack,bark,ɑː,535.9441340782123,-8.598598207706587,-5.567770944778561,-8.984235200859931,-8.267503020363757,-5.866314470067115,-5.266029639963754
fasttrack,bark,ɑː,538.2960893854749,-8.6152799975397,-5.569890991230221,-9.014105721286349,-8.272084404159918,-5.880256211338396,-5.255898953005349
fasttrack,bark,ɑː,540.6480446927374,-8.631989002961138,-5.572015827654351,-9.04660785675075,-8.276985724643437,-5.893864508075565,-5.245688454637671
fasttrack,bark,ɑː,543.0,-8.648711616176744,-5.574143059064716,-9.079137183057192,-8.281892739076678,-5.9062205416292946,-5.235470428038149
fasttrack,bark,æː,122.0,-11.641650420336287,-6.390943076659432,-11.974605364724011,-11.301176564964301,-6.651424393899337,-6.070528453831667
fasttrack,bark,æː,124.35195530726257,-11.646376273589732,-6.382104051287458,-11.970701889437505,-11.315257850298563,-6.63442961608119,-6.068571094155561
fasttrack,bark,æː,126.70391061452514,-11.651102013065461,-6.373266705495443,-11.966801039191033,-11.330582861123807,-6.617668802038388,-6.066613456830663
fasttrack,bark,æː,129.0558659217877,-11.65582752498576,-6.364432718863345,-11.962905439024626,-11.346647913544563,-6.6009660104733605,-6.06465526420818
fasttrack,bark,æː,131.40782122905028,-11.660552695572912,-6.355603770971123,-11.95901771397832,-11.362553112644548,-6.5842683230195735,-6.063661893457457
fasttrack,bark,æː,133.75977653631284,-11.665277411049207,-6.346781541398735,-11.955140489092146,-11.37844063860496,-6.567217090297193,-6.063352447287372
fasttrack,bark,æː,136.11173184357543,-11.670001557636922,-6.33796770972614,-11.951276389406141,-11.393296675917775,-6.550370046790814,-6.063039114374072
fasttrack,bark,æː,138.46368715083798,-11.67472502155835,-6.329163955533296,-11.94750359489739,-11.407941183860267,-6.535041281697813,-6.062633501870327
fasttrack,bark,æː,140.81564245810057,-11.67944768903577,-6.3203719584001625,-11.944130301947999,-11.422561090481885,-6.519892627416175,-6.0605673359114665
fasttrack,bark,æː,143.16759776536313,-11.684169446291467,-6.311593397906698,-11.940778815821911,-11.43715288130822,-6.506671430505273,-6.059342708509643
fasttrack,bark,æː,145.51955307262568,-11.688890179547728,-6.302829953632861,-11.937451862372042,-11.451713041864862,-6.494572767884831,-6.056637966704093
fasttrack,bark,æː,147.87150837988827,-11.693609775026838,-6.294083305158608,-11.934152167451304,-11.46610767234484,-6.481153068258435,-6.058073572602821
fasttrack,bark,æː,150.22346368715085,-11.698328118951082,-6.285355132063901,-11.93088245691261,-11.480090957244194,-6.465682927513991,-6.0556331981210665
fasttrack,bark,æː,152.5754189944134,-11.703045097542743,-6.276647113928696,-11.927683874750697,-11.495100362752693,-6.449740664574931,-6.051581662444755
fasttrack,bark,æː,154.92737430167597,-11.707760597024105,-6.267960930332954,-11.924029586360948,-11.507224838472336,-6.435075839963782,-6.046498519950696
fasttrack,bark,æː,157.27932960893855,-11.712474503617456,-6.259298260856632,-11.921102888427887,-11.518526344245997,-6.418707223717184,-6.0408372150342515
fasttrack,bark,æː,159.6312849162011,-11.71718670354508,-6.250660785079688,-11.918311299951089,-11.529152907221981,-6.403703622168969,-6.0349000616720785
fasttrack,bark,æː,161.9832402234637,-11.72189708302926,-6.242050182582082,-11.91526935896741,-11.542657136913625,-6.388505132726248,-6.029566536073272
fasttrack,bark,æː,164.33519553072625,-11.726605528292284,-6.233468132943772,-11.91227301343401,-11.559104580907617,-6.375196853817405,-6.026524274678037
fasttrack,bark,æː,166.68715083798884,-11.731311925556433,-6.224916315744716,-11.9093249454362,-11.572614856733558,-6.362988989101484,-6.020984939257808
fasttrack,bark,æː,169.0391061452514,-11.736016161043993,-6.216396410564872,-11.90592143690023,-11.587712418158523,-6.35767644900563,-6.019419346377578
fasttrack,bark,æː,171.39106145251395,-11.74071812097725,-6.207910096984202,-11.901546026491799,-11.595566254821913,-6.3460417821891735,-6.017376960727044
fasttrack,bark,æː,173.74301675977654,-11.74541769157849,-6.19945905458266,-11.900487740184282,-11.607347081781098,-6.3366158478262244,-6.015340373635673
fasttrack,bark,æː,176.09497206703912,-11.750114759069996,-6.191044962940209,-11.903299316709695,-11.619791663045959,-6.329275264924252,-6.014531625807072
fasttrack,bark,æː,178.44692737430168,-11.754809209674052,-6.182669501636805,-11.904193251541107,-11.628209051872137,-6.3209209501991035,-6.009496859374871
fasttrack,bark,æː,180.79888268156424,-11.759500929612944,-6.174334350252406,-11.901681904465168,-11.63534316388901,-6.31258706646735,-6.008209703846926
fasttrack,bark,æː,183.15083798882682,-11.764189805108956,-6.166041188366973,-11.898809461264715,-11.64112394110292,-6.296830676582425,-6.006285443871935
fasttrack,bark,æː,185.50279329608938,-11.768875722384372,-6.157791695560462,-11.901620569210573,-11.642564173562551,-6.284364319898285,-5.998720149910078
fasttrack,bark,æː,187.85474860335194,-11.773558567661482,-6.149587551412833,-11.905648138499851,-11.644804746943263,-6.280347458912987,-5.9915248396586245
fasttrack,bark,æː,190.20670391061452,-11.778238227162564,-6.141430435504044,-11.912211395937442,-11.647053655273305,-6.276947076995357,-5.9825498077759525
fasttrack,bark,æː,192.5586592178771,-11.782914587109907,-6.133322027414055,-11.920471378212824,-11.653413183002101,-6.269500734523908,-5.9710069735444335
fasttrack,bark,æː,194.91061452513966,-11.787587533725794,-6.125264006722823,-11.924521895869448,-11.657162367615765,-6.260091806374325,-5.959693919750014
fasttrack,bark,æː,197.26256983240222,-11.792256953232512,-6.117258053010307,-11.931863015785018,-11.664543958352278,-6.25286999623744,-5.954119529769129
fasttrack,bark,æː,199.6145251396648,-11.796922731852343,-6.109305845856466,-11.94188321945872,-11.66763200297927,-6.2455787611218945,-5.948807314040151
fasttrack,bark,æː,201.9664804469274,-11.801584755807575,-6.101409064841258,-11.951822129400739,-11.670348598458752,-6.239115057046447,-5.9422143148292905
fasttrack,bark,æː,204.31843575418995,-11.806242911320489,-6.0935693895446414,-11.959509813111689,-11.671700561454555,-6.231978167398017,-5.930846139002483
fasttrack,bark,æː,206.6703910614525,-11.810897084613371,-6.0857884995465765,-11.963848830519916,-11.673693346050584,-6.225592068240643,-5.917775186186495
fasttrack,bark,æː,209.0223463687151,-11.815547161908508,-6.07806807442702,-11.97082104176714,-11.672451723615307,-6.220791207761458,-5.910096916928219
fasttrack,bark,æː,211.37430167597765,-11.820193029428184,-6.070409793765931,-11.9785602089759,-11.67057640169723,-6.2146683796448,-5.900352309352814
fasttrack,bark,æː,213.7262569832402,-11.824834573394684,-6.0628153371432685,-11.984301061371173,-11.671103383682153,-6.20921362543589,-5.8888712951556705
fasttrack,bark,æː,216.0782122905028,-11.829471680030291,-6.055286384138991,-11.988006324395613,-11.671754431836808,-6.206034211893277,-5.877355780319349
fasttrack,bark,æː,218.43016759776538,-11.834104235557291,-6.047824614333056,-11.99306070378608,-11.67149526209161,-6.202908477941545,-5.864599581801656
fasttrack,bark,æː,220.78212290502793,-11.838732126197968,-6.040431707305423,-12.002779087159226,-11.670525568190493,-6.200880206661056,-5.851052056571824
fasttrack,bark,æː,223.1340782122905,-11.84335523817461,-6.0331093426360525,-12.013178872028327,-11.669212258808798,-6.196884171497975,-5.841273332033856
fasttrack,bark,æː,225.48603351955308,-11.847973457709497,-6.0258591999048985,-12.022758780192362,-11.669358701515764,-6.193443672203493,-5.832583489218559
fasttrack,bark,æː,227.83798882681566,-11.852586671024918,-6.018682958691924,-12.026855082806438,-11.669550072851226,-6.1872452655657,-5.824652722021046
fasttrack,bark,æː,230.18994413407822,-11.857194764343156,-6.0115822985770855,-12.030386324810745,-11.670181532283932,-6.183867982439025,-5.813680514536699
fasttrack,bark,æː,232.54189944134077,-11.861797623886492,-6.004558899140341,-12.033748145723164,-11.672720301414024,-6.180407685048008,-5.802736931449527
fasttrack,bark,æː,234.89385474860336,-11.866395135877218,-5.9976144399616516,-12.043478690017885,-11.675478015931226,-6.176685347642285,-5.79269980066225
fasttrack,bark,æː,237.24581005586592,-11.870987186537617,-5.990750600620973,-12.053537353497129,-11.67813093326805,-6.170087321088499,-5.787961647773787
fasttrack,bark,æː,239.59776536312847,-11.87557366208997,-5.983969060698265,-12.062435647951235,-11.679839322283206,-6.164217661547951,-5.778395815559337
fasttrack,bark,æː,241.94972067039106,-11.880154448756565,-5.9772714997734875,-12.071941253334357,-11.679389045122198,-6.1583612281403495,-5.768503945241912
fasttrack,bark,æː,244.30167597765364,-11.884729432759686,-5.970659597426597,-12.08146551830062,-11.678929634811697,-6.152518285388352,-5.7588210197997824
fasttrack,bark,æː,246.6536312849162,-11.889298500321617,-5.964135033237552,-12.089704624393816,-11.67865499693151,-6.146689097814618,-5.749569723525274
fasttrack,bark,æː,249.00558659217876,-11.893861537664645,-5.9576994867863124,-12.098125558452187,-11.678568684797604,-6.140873929941808,-5.742029969049972
fasttrack,bark,æː,251.35754189944134,-11.898418431011052,-5.951354637652837,-12.10646413301713,-11.678747884563126,-6.135113970606661,-5.73517727851315
fasttrack,bark,æː,253.7094972067039,-11.902969066583125,-5.945102165417084,-12.1146303223774,-11.679944248861387,-6.131444366841071,-5.728522282864775
fasttrack,bark,æː,256.0614525139665,-11.90751333060315,-5.9389437496590105,-12.122522730881599,-11.681271241763012,-6.1281498527403375,-5.721943194091426
fasttrack,bark,æː,258.41340782122904,-11.912051109293406,-5.932881069958578,-12.131332967630266,-11.68270740578824,-6.125179534052322,-5.715503725311545
fasttrack,bark,æː,260.76536312849163,-11.916582288876185,-5.926915805895742,-12.140466305848395,-11.683409186974659,-6.122114190430899,-5.709274994741659
fasttrack,bark,æː,263.1173184357542,-11.921106755573767,-5.921049637050463,-12.14780826771231,-11.684194781207784,-6.11895218351515,-5.703566383384557
fasttrack,bark,æː,265.46927374301674,-11.92562439560844,-5.9152842430026995,-12.154320568617953,-11.6856009292273,-6.115653844275648,-5.697603904570202
fasttrack,bark,æː,267.8212290502793,-11.930135095202488,-5.909621303332409,-12.160638406677386,-11.687511050049586,-6.110614847994375,-5.6946741419330476
fasttrack,bark,æː,270.1731843575419,-11.93463874057819,-5.904062497619551,-12.166758593975093,-11.68904111950698,-6.105508078806402,-5.690376322712905
fasttrack,bark,æː,272.52513966480444,-11.93913521795784,-5.8986095054440835,-12.172677942595566,-11.691517946932423,-6.100431627281234,-5.683207604859313
fasttrack,bark,æː,274.877094972067,-11.943624413563718,-5.893264006385966,-12.178409262654222,-11.694067774671177,-6.096795859897047,-5.675040530691243
fasttrack,bark,æː,277.2290502793296,-11.94810621361811,-5.888027680025156,-12.182301401069793,-11.697174522302378,-6.093235212694373,-5.667608443118862
fasttrack,bark,æː,279.58100558659214,-11.9525805043433,-5.882902205941613,-12.185748622592373,-11.700774292312309,-6.089557850097905,-5.662423940695439
fasttrack,bark,æː,281.9329608938548,-11.957047171961573,-5.877889263715295,-12.188942175392695,-11.704606604446376,-6.085762003692585,-5.656583147589587
fasttrack,bark,æː,284.2849162011173,-11.961506102695214,-5.872990532926161,-12.192444795261183,-11.708748857632157,-6.0822643956631754,-5.6499753947351135
fasttrack,bark,æː,286.6368715083799,-11.965957182766507,-5.868207693154169,-12.198379373497705,-11.714234698855824,-6.079421639059403,-5.643424765306815
fasttrack,bark,æː,288.9888268156425,-11.97040029839774,-5.863542423979278,-12.204398980271193,-11.719990743245944,-6.076474541972212,-5.638370220012157
fasttrack,bark,æː,291.340782122905,-11.974835335811195,-5.858996404981447,-12.210285673070285,-11.726020850847753,-6.073421613823274,-5.633843156843889
fasttrack,bark,æː,293.6927374301676,-11.979262181229156,-5.854571315740634,-12.216037579867173,-11.730567485922752,-6.070261364034249,-5.62959017893037
fasttrack,bark,æː,296.0446927374302,-11.98368072087391,-5.850268835836797,-12.221652828634047,-11.73510572812788,-6.066992302026807,-5.625653542184273
fasttrack,bark,æː,298.3966480446927,-11.98809084096774,-5.846090644849895,-12.22777701692876,-11.73966089730956,-6.0636129372226115,-5.622037580046246
fasttrack,bark,æː,300.7486033519553,-11.992492427732932,-5.842038422359888,-12.23406004383488,-11.744371412140795,-6.060152899246594,-5.61881533979685
fasttrack,bark,æː,303.1005586592179,-11.996885367391771,-5.838113847946732,-12.237610863831698,-11.749943848663834,-6.056609374109995,-5.616118350113268
fasttrack,bark,æː,305.4525139664804,-12.001269546166542,-5.834318601190388,-12.2408778770079,-11.75747305272147,-6.052952903791053,-5.613604037260008
fasttrack,bark,æː,307.80446927374305,-12.005644850279529,-5.830654361670813,-12.243857397560623,-11.765110914454372,-6.049182021469215,-5.611388194525465
fasttrack,bark,æː,310.1564245810056,-12.010011165953014,-5.827122808967967,-12.248051003115435,-11.77288502179146,-6.044857008429236,-5.60947464844962
fasttrack,bark,æː,312.50837988826817,-12.014368379409289,-5.823725622661808,-12.250846443589177,-11.780940237713478,-6.040061607986371,-5.607867225572459
fasttrack,bark,æː,314.86033519553075,-12.018716376870632,-5.8204644823322935,-12.253402135048738,-11.788480458595478,-6.035137723468248,-5.606569752433964
fasttrack,bark,æː,317.2122905027933,-12.023054610979754,-5.817340749767903,-12.25672004504725,-11.796108508709844,-6.03008469170088,-5.605874304647319
fasttrack,bark,æː,319.56424581005587,-12.027379660898193,-5.814353680643542,-12.260680333958252,-11.802836083243589,-6.023808410865254,-5.6068308048705955
fasttrack,bark,æː,321.91620111731845,-12.031686936868986,-5.811501673877116,-12.26196177731439,-11.808175117858438,-6.018222329270821,-5.608167800092656
fasttrack,bark,æː,324.268156424581,-12.035971845740074,-5.80878312589809,-12.262911019411757,-11.81369532679484,-6.015525823127822,-5.6098722852457374
fasttrack,bark,æː,326.62011173184356,-12.040229794359394,-5.806196433135934,-12.264750580625947,-11.819983816039164,-6.011392803899444,-5.6118023256900385
fasttrack,bark,æː,328.97206703910615,-12.04445618957489,-5.803739992020119,-12.26859816031941,-11.820581022149359,-6.004942444189014,-5.614041718481846
fasttrack,bark,æː,331.3240223463687,-12.048646438234492,-5.801412198980111,-12.272269052142178,-11.827869420140415,-5.99893021789124,-5.614522882864611
fasttrack,bark,æː,333.6759776536313,-12.052795947186143,-5.79921145044538,-12.273871846959123,-11.83585670859858,-5.994477750475368,-5.615186592169327
fasttrack,bark,æː,336.02793296089385,-12.05690012327778,-5.797136142845396,-12.276316853013054,-11.84393404978532,-5.989897893795184,-5.616137509644878
fasttrack,bark,æː,338.37988826815644,-12.060954373357344,-5.795184672609626,-12.279143145925115,-11.84825524634833,-5.985143160211918,-5.617366250576846
fasttrack,bark,æː,340.731843575419,-12.064954104272774,-5.7933554361675395,-12.281487995737814,-11.856126406803085,-5.980448646426355,-5.618859353810824
fasttrack,bark,æː,343.08379888268155,-12.068894722872006,-5.791646829948604,-12.283153216526099,-11.863588590969261,-5.975270491754132,-5.620562076767954
fasttrack,bark,æː,345.43575418994413,-12.072771636002981,-5.790057250382291,-12.286813264927451,-11.867051760289167,-5.969413765616449,-5.621874944506745
fasttrack,bark,æː,347.7877094972067,-12.076580250513636,-5.788585093898068,-12.291658754086294,-11.870726151229315,-5.9650789967182085,-5.622071599965293
fasttrack,bark,æː,350.13966480446925,-12.08031597325191,-5.787228756925404,-12.2904930813584,-11.874210659588895,-5.963157006273412,-5.624453850317225
fasttrack,bark,æː,352.49162011173183,-12.083974211065742,-5.785986635893767,-12.290769589707763,-11.876070177513897,-5.960306597943677,-5.625245674934121
fasttrack,bark,æː,354.8435754189944,-12.087550370803072,-5.784857127232628,-12.292384058256086,-11.878346206772367,-5.955795963143998,-5.623394750266366
fasttrack,bark,æː,357.19553072625695,-12.091039859311834,-5.783838627371453,-12.295715948527764,-11.880947928675111,-5.950360649145948,-5.626346189804507
fasttrack,bark,æː,359.5474860335196,-12.094438083439972,-5.782929532739713,-12.298044370247048,-11.88424934584496,-5.945439417665153,-5.626786582824887
fasttrack,bark,æː,361.8994413407821,-12.097740450035422,-5.782128239766877,-12.299166456092792,-11.88952649215505,-5.94241991429111,-5.626427762197795
fasttrack,bark,æː,364.2513966480447,-12.100942365946123,-5.781433144882412,-12.299842785709508,-11.89461276742155,-5.939439320472271,-5.629953092757744
fasttrack,bark,æː,366.6033519553073,-12.104039238020015,-5.780842644515786,-12.300973712568455,-11.899417995727505,-5.937259069184132,-5.631293074434022
fasttrack,bark,æː,368.9553072625698,-12.107026473105032,-5.780355135096473,-12.304733686737679,-11.902662649967814,-5.934387811086164,-5.633810406711381
fasttrack,bark,æː,371.3072625698324,-12.109899478049117,-5.779969013053937,-12.310873689843818,-11.909417655957625,-5.935677005845525,-5.636815614725385
fasttrack,bark,æː,373.659217877095,-12.112653659700209,-5.779682674817648,-12.311762039192853,-11.911091438005196,-5.935255608969928,-5.639972170099637
fasttrack,bark,æː,376.0111731843575,-12.115284424906246,-5.779494516817076,-12.31104264364397,-11.910753089631278,-5.937380688057321,-5.640997941532404
fasttrack,bark,æː,378.3631284916201,-12.117787180515162,-5.779402935481689,-12.311877417900524,-11.910256476850055,-5.9362886392338705,-5.642609121882313
fasttrack,bark,æː,380.7150837988827,-12.120157333374904,-5.779406327240954,-12.31848978800017,-11.91566617032662,-5.9388426775573695,-5.644145201179831
fasttrack,bark,æː,383.0670391061453,-12.122390290333405,-5.779503088524344,-12.322211515753708,-11.918801495942331,-5.939662366839796,-5.646533784852365
fasttrack,bark,æː,385.4189944134078,-12.124481458238602,-5.779691615761325,-12.32294268681858,-11.9215749086102,-5.940243206661961,-5.651788396595311
fasttrack,bark,æː,387.7709497206704,-12.12642624393844,-5.779970305381367,-12.325609866674275,-11.921320795071386,-5.941764436726741,-5.649016236433247
fasttrack,bark,æː,390.122905027933,-12.128220054280852,-5.780337553813937,-12.329987814699459,-11.918815225436996,-5.945127403485526,-5.648397392464334
fasttrack,bark,æː,392.47486033519556,-12.12985829611378,-5.7807917574885055,-12.334160314354914,-11.91834892834907,-5.946625891631734,-5.647794563336042
fasttrack,bark,æː,394.8268156424581,-12.131336376285159,-5.781331312834542,-12.338684240842202,-11.917838397133881,-5.9513328250585165,-5.647743866342254
fasttrack,bark,æː,397.1787709497207,-12.132649701642933,-5.781954616281514,-12.345002269294891,-11.916638869287013,-5.957428426444429,-5.645658839765095
fasttrack,bark,æː,399.53072625698326,-12.133793679035035,-5.78266006425889,-12.350845571236789,-11.914855282471375,-5.961511673203633,-5.642232217916277
fasttrack,bark,æː,401.8826815642458,-12.13476371530941,-5.783446053196139,-12.354735190818932,-11.913058635762983,-5.962880641500158,-5.6407731527698575
fasttrack,bark,æː,404.23463687150837,-12.13555521731399,-5.784310979522731,-12.356417354537697,-11.912604024355197,-5.964162075266836,-5.6408243222597205
fasttrack,bark,æː,406.58659217877096,-12.136163591896716,-5.785253239668134,-12.357664459384518,-11.906094521525556,-5.967818577538847,-5.639669453578076
fasttrack,bark,æː,408.93854748603354,-12.13658424590553,-5.786271230061818,-12.358963009053758,-11.90416578261088,-5.971381813978132,-5.638856213056441
fasttrack,bark,æː,411.29050279329607,-12.136812586188366,-5.787363347133251,-12.359796189421205,-11.902062877436927,-5.97485583522617,-5.638292742169709
fasttrack,bark,æː,413.64245810055866,-12.136844019593163,-5.788527987311901,-12.360172558630268,-11.898485773694281,-5.978764363354622,-5.637127875050581
fasttrack,bark,æː,415.99441340782124,-12.136673952967863,-5.789763547027237,-12.363105239511901,-11.8950718268224,-5.982805935086583,-5.636660822521629
fasttrack,bark,æː,418.3463687150838,-12.136297793160402,-5.791068422708729,-12.362852408427269,-11.891716156308444,-5.986504235007377,-5.634414599635061
fasttrack,bark,æː,420.69832402234636,-12.13571094701872,-5.792441010785846,-12.359316163895926,-11.891458472859682,-5.988801099378797,-5.633075103718766
fasttrack,bark,æː,423.05027932960894,-12.134908821390756,-5.793879707688054,-12.35443483739568,-11.89176952166319,-5.993603743443749,-5.631954527565515
fasttrack,bark,æː,425.4022346368715,-12.133886823124445,-5.795382909844826,-12.34899144890643,-11.894640962227951,-5.997212229286732,-5.632836654776619
fasttrack,bark,æː,427.75418994413405,-12.132640359067732,-5.796949013685628,-12.342973954639508,-11.89346374116065,-5.999559095773813,-5.6334956658532285
fasttrack,bark,æː,430.10614525139664,-12.13116483606855,-5.79857641563993,-12.336370310806242,-11.893204111123117,-6.0011421205117035,-5.63435631691412
fasttrack,bark,æː,432.4581005586592,-12.12945566097484,-5.8002635121372,-12.330501034126549,-11.894851219487864,-6.002318867481575,-5.635272143264206
fasttrack,bark,æː,434.8100558659218,-12.12750824063454,-5.802008699606909,-12.327198406110636,-11.897492683116733,-6.002919118289587,-5.637130591096144
fasttrack,bark,æː,437.16201117318434,-12.12531798189559,-5.803810374478522,-12.323361776831447,-11.898037694364966,-6.003129378905464,-5.637559141446357
fasttrack,bark,æː,439.5139664804469,-12.122880291605926,-5.805666933181511,-12.319629246447654,-11.898282633925886,-6.003078987857913,-5.636977210348747
fasttrack,bark,æː,441.8659217877095,-12.120190576613489,-5.807576772145344,-12.315376863741605,-11.897412172672734,-6.005312877989507,-5.6374535476736
fasttrack,bark,æː,444.2178770949721,-12.117244243766216,-5.809538287799491,-12.311321966188794,-11.894924139445385,-6.007952069032728,-5.6387812593772155
fasttrack,bark,æː,446.5698324022346,-12.114036699912047,-5.811549876573418,-12.307109233358558,-11.892634207974242,-6.010194961390393,-5.640824626589951
fasttrack,bark,æː,448.9217877094972,-12.11056335189892,-5.813609934896595,-12.303524978340064,-11.890510363157025,-6.011875642148999,-5.642042449677448
fasttrack,bark,æː,451.2737430167598,-12.106819606574774,-5.815716859198493,-12.304226120353068,-11.885114783275109,-6.012353230385169,-5.644450999996664
fasttrack,bark,æː,453.6256983240223,-12.102800908028172,-5.817869047325375,-12.303294994187377,-11.881715237769814,-6.012407014655059,-5.6478142925454105
fasttrack,bark,æː,455.9776536312849,-12.09850656508158,-5.820065044154908,-12.301670679011144,-11.877196969802556,-6.012031298241936,-5.650202977858418
fasttrack,bark,æː,458.3296089385475,-12.09394307005858,-5.822303667856598,-12.29170730335136,-11.871894016628149,-6.0111633221447915,-5.652875258626956
fasttrack,bark,æː,460.6815642458101,-12.089117697339617,-5.824583766352822,-12.288816146208871,-11.869971554602854,-6.009634092234738,-5.656983152414146
fasttrack,bark,æː,463.0335195530726,-12.084037721305133,-5.82690418756595,-12.284318916956318,-11.869591004425397,-6.008374623008575,-5.660010374878776
fasttrack,bark,æː,465.3854748603352,-12.078710416335573,-5.82926377941836,-12.278031614560895,-11.865808836955893,-6.007300431683012,-5.661664757909578
fasttrack,bark,æː,467.7374301675978,-12.073143056811377,-5.8316613898324245,-12.271763302114532,-11.858305596099115,-6.005949690712519,-5.664726157715553
fasttrack,bark,æː,470.08938547486036,-12.067342917112992,-5.834095866730516,-12.265303077920455,-11.85783252023634,-6.004460558608488,-5.668651181430774
fasttrack,bark,æː,472.4413407821229,-12.06131727162086,-5.83656605803501,-12.266742817004623,-11.854652666493287,-6.002766733449233,-5.671999966428143
fasttrack,bark,æː,474.7932960893855,-12.055073394715425,-5.839070811668282,-12.266396893184597,-11.852213571101021,-6.001590965961174,-5.675627809070112
fasttrack,bark,æː,477.14525139664806,-12.04861856077713,-5.841608975552704,-12.264483362255774,-11.843193242442947,-6.001260039081168,-5.679525407435191
fasttrack,bark,æː,479.4972067039106,-12.041960044186418,-5.8441793976106515,-12.263216314878147,-11.834024660150197,-5.999162798162151,-5.682092583405354
fasttrack,bark,æː,481.8491620111732,-12.035105119323735,-5.846780925764497,-12.265453558110533,-11.828236029723245,-5.996076041802699,-5.684232383992425
fasttrack,bark,æː,484.20111731843576,-12.02806106056952,-5.849412407936617,-12.261031195261157,-11.82348163547025,-5.994267296658182,-5.6904602619851445
fasttrack,bark,æː,486.55307262569835,-12.02083514230422,-5.852072692049383,-12.257175786629281,-11.819716120583811,-5.991075027609439,-5.6985244084582165
fasttrack,bark,æː,488.9050279329609,-12.013434638908278,-5.854760626025171,-12.267287558066727,-11.81333527476651,-5.991574157912625,-5.704258332763592
fasttrack,bark,æː,491.25698324022346,-12.005866824762135,-5.857475057786354,-12.267488373364467,-11.800162620073337,-5.993601402350037,-5.708833355325552
fasttrack,bark,æː,493.60893854748605,-11.998138974246237,-5.860214835255308,-12.272762920251592,-11.783748682888708,-5.993862965350671,-5.713203847414417
fasttrack,bark,æː,495.96089385474863,-11.990258361741027,-5.862978806354404,-12.27994177867318,-11.763169053700649,-5.993743111067882,-5.714146689907386
fasttrack,bark,æː,498.31284916201116,-11.982232261626947,-5.865765819006018,-12.290964198119664,-11.744927448981224,-5.997862847087091,-5.715541840722026
fasttrack,bark,æː,500.66480446927375,-11.974067948284443,-5.868574721132525,-12.30204831516108,-11.727456684917382,-6.003154445896236,-5.716666093877909
fasttrack,bark,æː,503.01675977653633,-11.965772696093955,-5.871404360656296,-12.308009500360493,-11.710075569137002,-6.006334018281263,-5.715027417220351
fasttrack,bark,æː,505.36871508379886,-11.95735377943593,-5.874253585499709,-12.313437247120174,-11.69030886941083,-6.011000598739016,-5.712440335980656
fasttrack,bark,æː,507.72067039106145,-11.94881847269081,-5.877121243585137,-12.322272033999011,-11.676101675541625,-6.014677662986731,-5.714994666923242
fasttrack,bark,æː,510.07262569832403,-11.940174050239039,-5.88000618283495,-12.335265924883412,-11.661608675722777,-6.022554975020151,-5.7141304988017145
fasttrack,bark,æː,512.4245810055866,-11.93142778646106,-5.8829072511715275,-12.35425308329187,-11.646775557613896,-6.0276954987483435,-5.715546426945356
fasttrack,bark,æː,514.7765363128492,-11.922586955737314,-5.885823296517243,-12.370500081073121,-11.627140363006344,-6.03648582160067,-5.710993136641766
fasttrack,bark,æː,517.1284916201117,-11.913658832448247,-5.888753166794467,-12.386637396583462,-11.606094262261024,-6.04378450784145,-5.7063540033969895
fasttrack,bark,æː,519.4804469273743,-11.904650690974302,-5.891695709925576,-12.40290477358297,-11.588230937163011,-6.052680062904023,-5.704645877129378
fasttrack,bark,æː,521.8324022346369,-11.895569805695924,-5.894649773832944,-12.416159800878956,-11.569191574234065,-6.061884680911786,-5.698955628871507
fasttrack,bark,æː,524.1843575418994,-11.886423450993554,-5.897614206438945,-12.427244447440104,-11.55386863521423,-6.072609077031216,-5.693637777164947
fasttrack,bark,æː,526.536312849162,-11.877218901247637,-5.900587855665954,-12.438453328737257,-11.533432756608393,-6.083826519537741,-5.684998352800663
fasttrack,bark,æː,528.8882681564246,-11.867963430838616,-5.903569569436343,-12.450439472758069,-11.512893763220466,-6.09509572271685,-5.684035401405379
fasttrack,bark,æː,531.2402234636871,-11.858664314146935,-5.906558195672487,-12.461626080382421,-11.489871694142273,-6.104182104119218,-5.681409934357447
fasttrack,bark,æː,533.5921787709497,-11.849328825553036,-5.9095525822967625,-12.47319047243013,-11.46558650832183,-6.1138384534907395,-5.672736802260996
fasttrack,bark,æː,535.9441340782123,-11.839964239437363,-5.9125515772315405,-12.48341507918753,-11.44123662909985,-6.123950891521172,-5.661793754232293
fasttrack,bark,æː,538.2960893854749,-11.830577830180358,-5.915554028399196,-12.49113164863991,-11.416838229826716,-6.13490654862243,-5.654488741090956
fasttrack,bark,æː,540.6480446927374,-11.821176872162468,-5.918558783722103,-12.499893064163826,-11.392407483852818,-6.14773258459029,-5.6487847246395715
fasttrack,bark,æː,543.0,-11.811768639764136,-5.9215646911226365,-12.514977959190652,-11.368583491510206,-6.1613495869840715,-5.643076204106803
fasttrack,bark,eː,122.0,-12.981408894651816,-4.604350240311605,-13.505580500160363,-12.68125791213492,-4.842010971707484,-4.167458006964443
fasttrack,bark,eː,124.35195530726257,-12.971493588963057,-4.612025347548601,-13.483466542656103,-12.67447478644362,-4.842106494357591,-4.184178385926607
fasttrack,bark,eː,126.70391061452514,-12.961583502010813,-4.619695818927385,-13.46451096128607,-12.66817907274592,-4.843617213241603,-4.200776862550762
fasttrack,bark,eː,129.0558659217877,-12.9516838525316,-4.627357018589747,-13.446850810809568,-12.662592085844,-4.8468801554508385,-4.217362440384403
fasttrack,bark,eː,131.40782122905028,-12.941799859261934,-4.635004310677474,-13.429210196077296,-12.657620418534645,-4.849531869810017,-4.233928670032276
fasttrack,bark,eː,133.75977653631284,-12.931936740938333,-4.642633059332358,-13.411929124901048,-12.649716448603035,-4.850764533088434,-4.252472829284067
fasttrack,bark,eː,136.11173184357543,-12.92209971629731,-4.650238628696184,-13.394781708816714,-12.6445907940205,-4.854916528281748,-4.271765583456618
fasttrack,bark,eː,138.46368715083798,-12.912294004075383,-4.657816382910743,-13.377672177634306,-12.643426118188607,-4.859645545986663,-4.2882641806744655
fasttrack,bark,eː,140.81564245810057,-12.902524823009065,-4.665361686117822,-13.358113014829538,-12.642542816553988,-4.862324294874161,-4.304715316015116
fasttrack,bark,eː,143.16759776536313,-12.892797391834875,-4.672869902459211,-13.336485046269056,-12.637918395051866,-4.86498000886158,-4.321112209210398
fasttrack,bark,eː,145.51955307262568,-12.883116929289328,-4.680336396076699,-13.314935218067623,-12.633345467306313,-4.870454937184452,-4.337448079992141
fasttrack,bark,eː,147.87150837988827,-12.873488654108936,-4.687756531112074,-13.293472212487353,-12.631931559706613,-4.875247041251134,-4.353716148092173
fasttrack,bark,eː,150.22346368715085,-12.863917785030221,-4.695125671707124,-13.272104711790364,-12.62419132851149,-4.882233090686242,-4.369909633242324
fasttrack,bark,eː,152.5754189944134,-12.854409540789694,-4.702439182003639,-13.252310951356167,-12.619352831786696,-4.889555377609023,-4.386021755174423
fasttrack,bark,eː,154.92737430167597,-12.844969140123874,-4.709692426143407,-13.234140682908146,-12.617869143296062,-4.895600395495781,-4.401962227152034
fasttrack,bark,eː,157.27932960893855,-12.835601801769272,-4.716880768268217,-13.216070672322529,-12.608802995705181,-4.899270686395406,-4.417691556913594
fasttrack,bark,eː,159.6312849162011,-12.826312744462411,-4.723999572519857,-13.198108080875201,-12.603170903529522,-4.900394339161663,-4.432920795869813
fasttrack,bark,eː,161.9832402234637,-12.8171071869398,-4.731044203040117,-13.180328329214476,-12.600454756549258,-4.904479443692746,-4.446480792017695
fasttrack,bark,eː,164.33519553072625,-12.80799034793796,-4.738010023970785,-13.162911496267661,-12.59618916796165,-4.912628954686116,-4.458391991848097
fasttrack,bark,eː,166.68715083798884,-12.798967446193405,-4.74489239945365,-13.145620184557552,-12.590725910263787,-4.920791796979363,-4.471072108563994
fasttrack,bark,eː,169.0391061452514,-12.790043700442649,-4.7516866936305,-13.12846136748619,-12.584835420282907,-4.928833405004809,-4.483639948945273
fasttrack,bark,eː,171.39106145251395,-12.781224329422209,-4.758388270643125,-13.105749089960582,-12.578125955206305,-4.934876235932541,-4.496089603711166
fasttrack,bark,eː,173.74301675977654,-12.7725145518686,-4.764992494633312,-13.088595068322418,-12.573571513373254,-4.936804362155403,-4.508340423722698
fasttrack,bark,eː,176.09497206703912,-12.763919586518341,-4.771494729742852,-13.072821780188693,-12.568092159153881,-4.94490613649035,-4.520452072112509
fasttrack,bark,eː,178.44692737430168,-12.755444652107943,-4.77789034011353,-13.055880586476283,-12.56071715160927,-4.952060777765287,-4.532427229497649
fasttrack,bark,eː,180.79888268156424,-12.747094967373927,-4.784174689887139,-13.036447726342272,-12.553254525154305,-4.95675803413877,-4.544259961486608
fasttrack,bark,eː,183.15083798882682,-12.738875751052806,-4.790343143205464,-13.015035452556107,-12.545944375092468,-4.958836927540784,-4.55594433368788
fasttrack,bark,eː,185.50279329608938,-12.730792221881096,-4.796391064210297,-12.993885482506515,-12.538742774510416,-4.961180092670673,-4.567474411709958
fasttrack,bark,eː,187.85474860335194,-12.722849598595312,-4.802313817043425,-12.975363592264733,-12.530223017248671,-4.963244677629093,-4.578844261161334
fasttrack,bark,eː,190.20670391061452,-12.715053099931971,-4.808106765846636,-12.96172587231054,-12.523321550922786,-4.967960403788639,-4.590568672949626
fasttrack,bark,eː,192.5586592178771,-12.707407944627588,-4.81376527476172,-12.949650483899413,-12.514900458449105,-4.977069141183025,-4.604428479172521
fasttrack,bark,eː,194.91061452513966,-12.699919351418679,-4.819284707930465,-12.93775707085979,-12.509970875675362,-4.986439120358725,-4.616368313178865
fasttrack,bark,eː,197.26256983240222,-12.692592539041762,-4.82466042949466,-12.926526508493088,-12.504300933025256,-4.994132168315608,-4.627498033423934
fasttrack,bark,eː,199.6145251396648,-12.68543272623335,-4.829887803596094,-12.916401670750401,-12.498290898926236,-4.997079416656119,-4.637884699680454
fasttrack,bark,eː,201.9664804469274,-12.678445131729958,-4.834962194376555,-12.90663575248766,-12.49147782451533,-5.001451611844942,-4.6471595700836295
fasttrack,bark,eː,204.31843575418995,-12.671634974268105,-4.839878965977832,-12.898768366766653,-12.482499623925705,-5.006280142738009,-4.656900039666548
fasttrack,bark,eː,206.6703910614525,-12.665007472584307,-4.844633482541714,-12.89105775065878,-12.473539336538025,-5.011586542983777,-4.664908288964745
fasttrack,bark,eː,209.0223463687151,-12.658567845415076,-4.849221108209989,-12.884799287032276,-12.46382318109584,-5.016984350954711,-4.671371427417768
fasttrack,bark,eː,211.37430167597765,-12.65232131149693,-4.853637207124447,-12.883462389805,-12.453346528449554,-5.022843456125846,-4.676290193017463
fasttrack,bark,eː,213.7262569832402,-12.646273089566385,-4.857877143426876,-12.882170250826325,-12.443387270374119,-5.028605965179534,-4.6837320225016565
fasttrack,bark,eː,216.0782122905028,-12.640428398359957,-4.861936281259064,-12.878366715826285,-12.437225070823281,-5.030413882116674,-4.6893701218663955
fasttrack,bark,eː,218.43016759776538,-12.634792456614163,-4.865809984762801,-12.8714809812583,-12.431328499637678,-5.031889804679948,-4.693038854544328
fasttrack,bark,eː,220.78212290502793,-12.629370483065513,-4.869493618079875,-12.86404134598748,-12.42549932812344,-5.0391659460964995,-4.703499299156891
fasttrack,bark,eː,223.1340782122905,-12.624167696450531,-4.872982545352074,-12.857454212407243,-12.41910042795245,-5.0475823361571,-4.7080894926071375
fasttrack,bark,eː,225.48603351955308,-12.619189315505727,-4.876272130721188,-12.85110817737955,-12.413938713907491,-5.053427115040116,-4.714515178204654
fasttrack,bark,eː,227.83798882681566,-12.614440558967617,-4.879357738329005,-12.840528056632525,-12.408933214865415,-5.059029171186897,-4.714460492627833
fasttrack,bark,eː,230.18994413407822,-12.609926645572722,-4.882234732317314,-12.8349166711717,-12.404156090813075,-5.0652171437351035,-4.71749454464025
fasttrack,bark,eː,232.54189944134077,-12.605652794057551,-4.884898476827904,-12.832071365170187,-12.39790926495849,-5.071742307975623,-4.720032637189275
fasttrack,bark,eː,234.89385474860336,-12.601624223158625,-4.887344336002562,-12.825448231656132,-12.392023975577505,-5.0778950709049715,-4.725968384876286
fasttrack,bark,eː,237.24581005586592,-12.597846151612456,-4.88956767398308,-12.819546215154881,-12.386507914935523,-5.083667509090994,-4.728375784148939
fasttrack,bark,eː,239.59776536312847,-12.594323798155566,-4.891563854911244,-12.814872641229416,-12.380418597274069,-5.08905169910154,-4.731763061220446
fasttrack,bark,eː,241.94972067039106,-12.591062381524463,-4.893328242928843,-12.814436310920511,-12.37393267304621,-5.0938616132197145,-4.732689133233537
fasttrack,bark,eː,244.30167597765364,-12.588067120455666,-4.894856202177666,-12.817102344331078,-12.371460966578187,-5.098157222884968,-4.732592722800765
fasttrack,bark,eː,246.6536312849162,-12.585343233685693,-4.896143096799501,-12.816596183101224,-12.368289805065515,-5.102040677138981,-4.732393042729888
fasttrack,bark,eː,249.00558659217876,-12.582895939951056,-4.8971842909361385,-12.815169497164113,-12.364735272099471,-5.105504049916153,-4.731781319401022
fasttrack,bark,eː,251.35754189944134,-12.580730457988274,-4.897975148729367,-12.813773995164164,-12.361283005891302,-5.108596366616284,-4.732732025525993
fasttrack,bark,eː,253.7094972067039,-12.578852006533861,-4.898511034320974,-12.812621781036865,-12.35817289610876,-5.110941687574062,-4.730594263414986
fasttrack,bark,eː,256.0614525139665,-12.577265804324334,-4.8987873118527485,-12.810725546644186,-12.354929626011941,-5.112010965700922,-4.727855932636383
fasttrack,bark,eː,258.41340782122904,-12.575977070096206,-4.898799345466478,-12.805741779641126,-12.352515098056687,-5.111637667991986,-4.72468523659399
fasttrack,bark,eː,260.76536312849163,-12.574991022585998,-4.898542499303955,-12.804259673862155,-12.353010389101444,-5.110846790195301,-4.722648709386997
fasttrack,bark,eː,263.1173184357542,-12.574312880530222,-4.898012137506964,-12.803037736295448,-12.350486001694753,-5.110975164102095,-4.721019446788285
fasttrack,bark,eː,265.46927374301674,-12.573947862665392,-4.897203624217297,-12.80197992855653,-12.34907642311606,-5.111387127360541,-4.719231732959782
fasttrack,bark,eː,267.8212290502793,-12.57390118772803,-4.89611232357674,-12.800908775011164,-12.346821755849366,-5.111351673134363,-4.717282927047661
fasttrack,bark,eː,270.1731843575419,-12.574178074454645,-4.8947335997270836,-12.801253839606472,-12.346758616162901,-5.110393467003275,-4.715170388198092
fasttrack,bark,eː,272.52513966480444,-12.574783741581758,-4.893062816810115,-12.801799295534678,-12.346445005726219,-5.108538327766768,-4.712891475557243
fasttrack,bark,eː,274.877094972067,-12.575723407845881,-4.891095338967625,-12.804326702232384,-12.346667006779109,-5.10767369531555,-4.70988336573376
fasttrack,bark,eː,277.2290502793296,-12.577002291983534,-4.8888265303414,-12.806498365637463,-12.347432988251102,-5.107045166951463,-4.7065373317447445
fasttrack,bark,eː,279.58100558659214,-12.57862561273123,-4.88625175507323,-12.808546755503881,-12.348751319071717,-5.103816686966368,-4.703161045218152
fasttrack,bark,eː,281.9329608938548,-12.580598588825485,-4.883366377304904,-12.810759832751623,-12.350630368170483,-5.101338777131966,-4.699723139936814
fasttrack,bark,eː,284.2849162011173,-12.582926439002815,-4.88016576117821,-12.813223617968477,-12.353078504476922,-5.098408663285842,-4.69602836759629
fasttrack,bark,eː,286.6368715083799,-12.585614381999735,-4.876645270834937,-12.814229512814372,-12.356104096920559,-5.094946870166556,-4.691285024872019
fasttrack,bark,eː,288.9888268156425,-12.588667636552762,-4.872800270416873,-12.815491119992622,-12.35971551443092,-5.089569167999014,-4.686041332417638
fasttrack,bark,eː,291.340782122905,-12.592091421398411,-4.868626124065807,-12.817529892535552,-12.363277982580446,-5.083650063288546,-4.681692630345222
fasttrack,bark,eː,293.6927374301676,-12.5958909552732,-4.864118195923529,-12.822717407142171,-12.366974042343722,-5.078776074229413,-4.677627403391993
fasttrack,bark,eː,296.0446927374302,-12.600071456913641,-4.859271850131827,-12.828175739730241,-12.372222108843653,-5.0749908965186075,-4.673349944516517
fasttrack,bark,eː,298.3966480446927,-12.604638145056253,-4.854082450832488,-12.833831997522367,-12.377991532839909,-5.07070922022133,-4.668803905587387
fasttrack,bark,eː,300.7486033519553,-12.60959623843755,-4.848545362167303,-12.838140976261531,-12.383241137025609,-5.065868056169593,-4.664040623263407
fasttrack,bark,eː,303.1005586592179,-12.61495095579405,-4.842655948278059,-12.841714686865737,-12.389060964784747,-5.059414356687044,-4.6590572009659805
fasttrack,bark,eː,305.4525139664804,-12.620707515862268,-4.836409573306547,-12.845425509309912,-12.3951306023274,-5.052094391763519,-4.653850742116509
fasttrack,bark,eː,307.80446927374305,-12.626871137378716,-4.8298016013945535,-12.849403877244164,-12.40293128230364,-5.044179521272115,-4.650138072942014
fasttrack,bark,eː,310.1564245810056,-12.633447039079917,-4.822827396683868,-12.85479087328847,-12.410016818920372,-5.03540340598067,-4.646392517457442
fasttrack,bark,eː,312.50837988826817,-12.64044043970238,-4.815482323316279,-12.861027103879259,-12.418192570390836,-5.025423416215002,-4.642481141532417
fasttrack,bark,eː,314.86033519553075,-12.647856557982623,-4.8077617454335755,-12.867136757156251,-12.424950973637937,-5.015051806168478,-4.637800053851991
fasttrack,bark,eː,317.2122905027933,-12.655700612657164,-4.799661027177547,-12.872195903410232,-12.43534229612117,-5.003452101633149,-4.631649732489576
fasttrack,bark,eː,319.56424581005587,-12.663977390254857,-4.791175969938621,-12.877387862265454,-12.447338317232997,-4.991885273705681,-4.62459320781331
fasttrack,bark,eː,321.91620111731845,-12.67267911071572,-4.782315088264339,-12.882708792001644,-12.461425943525398,-4.980673702366321,-4.617285159385155
fasttrack,bark,eː,324.268156424581,-12.681783768269545,-4.7731012883316275,-12.888148892999247,-12.475541912506694,-4.968861945493723,-4.610625578243889
fasttrack,bark,eː,326.62011173184356,-12.691268591513706,-4.763558250879648,-12.893698044982614,-12.488036149235832,-4.955640747199682,-4.604737879098609
fasttrack,bark,eː,328.97206703910615,-12.701110809045584,-4.75370965664756,-12.899346127676091,-12.500049239029385,-4.941553121657829,-4.59848257806398
fasttrack,bark,eː,331.3240223463687,-12.711287649462559,-4.743579186374524,-12.905146714274737,-12.512268540009295,-4.926967417942829,-4.590613197003413
fasttrack,bark,eː,333.6759776536313,-12.721776341362007,-4.7331905207997,-12.911732941871792,-12.524955111865882,-4.9117479080860775,-4.582354299761808
fasttrack,bark,eː,336.02793296089385,-12.732554113341306,-4.7225673406622475,-12.917528058463143,-12.537586432185018,-4.8965214455140345,-4.573379858818118
fasttrack,bark,eː,338.37988826815644,-12.74359819399784,-4.711733326701328,-12.923993329258732,-12.55154765570533,-4.881001803870294,-4.565966930950654
fasttrack,bark,eː,340.731843575419,-12.754885811928979,-4.700712159656099,-12.934050317446673,-12.565348921580092,-4.866448683603086,-4.5588587520775965
fasttrack,bark,eː,343.08379888268155,-12.76639419573211,-4.689527520265724,-12.941968918111229,-12.579502478784196,-4.853183359322945,-4.550672343412229
fasttrack,bark,eː,345.43575418994413,-12.778100574004608,-4.678203089269362,-12.951307730601588,-12.593460635927057,-4.839436435295843,-4.541262397453467
fasttrack,bark,eː,347.7877094972067,-12.78998217534385,-4.6667625474061705,-12.961825264104958,-12.610667478729477,-4.821958392873929,-4.5333313396288695
fasttrack,bark,eː,350.13966480446925,-12.802016228347217,-4.655229575415313,-12.969477441971032,-12.62373199370934,-4.803498545667784,-4.524767458058888
fasttrack,bark,eː,352.49162011173183,-12.814179961612087,-4.643627854035948,-12.978605703862911,-12.638988718681157,-4.787269267980179,-4.515686825119584
fasttrack,bark,eː,354.8435754189944,-12.82645060373584,-4.6319810640072365,-12.990259071214533,-12.654869799009509,-4.770136019746886,-4.506622287663526
fasttrack,bark,eː,357.19553072625695,-12.83880538331585,-4.620312886068338,-12.998397042720825,-12.672813746579445,-4.74978289669381,-4.49759259229989
fasttrack,bark,eː,359.5474860335196,-12.851221528949502,-4.608647000958412,-13.007371653973845,-12.689394983937776,-4.736369378511695,-4.488616485637848
fasttrack,bark,eː,361.8994413407821,-12.86367626923417,-4.5970070894166195,-13.018634649500756,-12.705382901332964,-4.721186670033322,-4.479712714286576
fasttrack,bark,eː,364.2513966480447,-12.876146832767237,-4.585416832182121,-13.032896616064603,-12.717694383220255,-4.705656295135911,-4.470900024855246
fasttrack,bark,eː,366.6033519553073,-12.888610448146077,-4.573899909994076,-13.049341525362507,-12.727490666071008,-4.693025736722508,-4.460502523435835
fasttrack,bark,eː,368.9553072625698,-12.901044343968072,-4.562480003591644,-13.066072380840616,-12.740617032341335,-4.677951900417473,-4.452724659830262
fasttrack,bark,eː,371.3072625698324,-12.913425748830598,-4.5511807937139865,-13.081899178817665,-12.75457279425203,-4.664754864640632,-4.443243696838946
fasttrack,bark,eː,373.659217877095,-12.925731891331035,-4.540025961100263,-13.09618753732142,-12.767767219812612,-4.652099201668171,-4.434151060245006
fasttrack,bark,eː,376.0111731843575,-12.937940000066762,-4.5290391864896336,-13.108474685295114,-12.781444217731424,-4.6408564349530455,-4.426904576478131
fasttrack,bark,eː,378.3631284916201,-12.950027303635157,-4.518244150621258,-13.121156300528957,-12.795247763598205,-4.629722169742322,-4.418617612935806
fasttrack,bark,eː,380.7150837988827,-12.961971030633597,-4.507664534234297,-13.134144862392395,-12.803968272201168,-4.619698006191737,-4.407021238427452
fasttrack,bark,eː,383.0670391061453,-12.973748409659466,-4.49732401806791,-13.146194635737205,-12.814987149116366,-4.610666914026323,-4.395959364724572
fasttrack,bark,eː,385.4189944134078,-12.985336669310136,-4.487246282861258,-13.16018007553873,-12.826184420125486,-4.602166749020218,-4.385613716010266
fasttrack,bark,eː,387.7709497206704,-12.99671303818299,-4.4774550093535,-13.174492186089974,-12.836226344047835,-4.594341754919601,-4.3749089577250615
fasttrack,bark,eː,390.122905027933,-13.007854744875406,-4.467973878283797,-13.186888097932973,-12.846678459308787,-4.586757783790601,-4.365263412984351
fasttrack,bark,eː,392.47486033519556,-13.018739017984762,-4.4588265703913095,-13.19890131110616,-12.857497522587861,-4.577591212077379,-4.355463068206022
fasttrack,bark,eː,394.8268156424581,-13.029343086108437,-4.450036766415197,-13.210501566559548,-12.86808409471854,-4.568750703284149,-4.347068704984928
fasttrack,bark,eː,397.1787709497207,-13.039644177843808,-4.44162814709462,-13.221671559953172,-12.877373272193696,-4.559933370651641,-4.338404426453281
fasttrack,bark,eː,399.53072625698326,-13.049619521788255,-4.433624393168737,-13.231987138141045,-12.884037910729145,-4.548538868405236,-4.3292478501471505
fasttrack,bark,eː,401.8826815642458,-13.059246346539158,-4.42604918537671,-13.24267801938722,-12.890049857218683,-4.537480836316548,-4.31990276776997
fasttrack,bark,eː,404.23463687150837,-13.068501880693894,-4.4189262044577,-13.252403828164626,-12.895855252614837,-4.529725074670103,-4.31301072290333
fasttrack,bark,eː,406.58659217877096,-13.077363352849844,-4.412279131150863,-13.26313208454742,-12.903586667825168,-4.523817770732109,-4.304799829518666
fasttrack,bark,eː,408.93854748603354,-13.085807991604382,-4.406131646195364,-13.272932003860547,-12.910988720315693,-4.517284017754722,-4.2974101069379955
fasttrack,bark,eː,411.29050279329607,-13.093813025554887,-4.40050743033036,-13.282574261738338,-12.915879143905086,-4.510668641795096,-4.2905108722082534
fasttrack,bark,eː,413.64245810055866,-13.101355683298744,-4.3954301642950115,-13.292300949213745,-12.920291750886848,-4.506170993899685,-4.283996311232555
fasttrack,bark,eː,415.99441340782124,-13.108413193433325,-4.3909235288284805,-13.299403959374306,-12.925724988767245,-4.502109029540962,-4.278363233770509
fasttrack,bark,eː,418.3463687150838,-13.114962784556013,-4.387011204669924,-13.306359416631263,-12.929013527539484,-4.499536043439013,-4.27498748101663
fasttrack,bark,eː,420.69832402234636,-13.120981685264184,-4.383716872558505,-13.315111974046431,-12.93295327415772,-4.496969079165557,-4.2730060390030795
fasttrack,bark,eː,423.05027932960894,-13.126447124155217,-4.381064213233382,-13.326004208039318,-12.939586058284586,-4.493973532882245,-4.268286213182832
fasttrack,bark,eː,425.4022346368715,-13.131336329826492,-4.379076907433716,-13.33479778101726,-12.946497730031929,-4.493711562366259,-4.262784529826151
fasttrack,bark,eː,427.75418994413405,-13.135626530875388,-4.377778635898667,-13.337891097193962,-12.953026436583897,-4.49190362849827,-4.260786009006646
fasttrack,bark,eː,430.10614525139664,-13.139294955899281,-4.3771930793673945,-13.340955239702973,-12.955840200350208,-4.490228652556501,-4.259927577872198
fasttrack,bark,eː,432.4581005586592,-13.142318833495551,-4.377343918579059,-13.34386441006287,-12.958257991185372,-4.492336820816552,-4.2602392971734195
fasttrack,bark,eː,434.8100558659218,-13.144675392261576,-4.378254834272821,-13.346162432703805,-12.961196760519215,-4.494736299460286,-4.26123819286073
fasttrack,bark,eː,437.16201117318434,-13.146341860794735,-4.37994950718784,-13.348495652792819,-12.96300936339051,-4.494370756908047,-4.26342296694773
fasttrack,bark,eː,439.5139664804469,-13.147295467692409,-4.382451618063276,-13.351447091908073,-12.962101180731091,-4.495908086146117,-4.266632644407948
fasttrack,bark,eː,441.8659217877095,-13.147513441551974,-4.3857848476382895,-13.353333292176897,-12.962585571572651,-4.498031748842997,-4.270509116931636
fasttrack,bark,eː,444.2178770949721,-13.146973010970811,-4.389972876652041,-13.35553080563981,-12.962608704012467,-4.499393033457325,-4.276172318587997
fasttrack,bark,eː,446.5698324022346,-13.145651404546294,-4.39503938584369,-13.354055220048378,-12.968041966452164,-4.503119183031189,-4.281324911998223
fasttrack,bark,eː,448.9217877094972,-13.143525850875806,-4.4010080559523965,-13.34948760550924,-12.967514539858875,-4.5072292097029605,-4.28727566946368
fasttrack,bark,eː,451.2737430167598,-13.140573578556722,-4.407902567717322,-13.344280690296937,-12.967176359565117,-4.51477562140785,-4.294323533562895
fasttrack,bark,eː,453.6256983240223,-13.136771958677148,-4.415746448275446,-13.339186205166952,-12.966194729304151,-4.521597123445779,-4.302121225168663
fasttrack,bark,eː,455.9776536312849,-13.132113149636629,-4.424547284334432,-13.333463408665608,-12.963763710971758,-4.527921237579077,-4.310796794248825
fasttrack,bark,eː,458.3296089385475,-13.126616795470477,-4.434283033630143,-13.32639741842264,-12.959250102574572,-4.536207120479316,-4.320959973328782
fasttrack,bark,eː,460.6815642458101,-13.120305532533438,-4.444928428237261,-13.316926435946396,-12.952862121036473,-4.54628765195039,-4.3332697158822935
fasttrack,bark,eː,463.0335195530726,-13.113201997180258,-4.456458200230468,-13.305958041661114,-12.948712352773125,-4.56015147229173,-4.346819572336498
fasttrack,bark,eː,465.3854748603352,-13.105328825765689,-4.46884708168445,-13.295771648450335,-12.942380411594115,-4.57670545157057,-4.361545170868509
fasttrack,bark,eː,467.7374301675978,-13.096708654644473,-4.482069804673888,-13.285302197155167,-12.940000461179062,-4.5914575654801135,-4.373987891213682
fasttrack,bark,eː,470.08938547486036,-13.087364120171358,-4.4961011012734655,-13.271186461276963,-12.932550100484349,-4.607650679066811,-4.3887000711014945
fasttrack,bark,eː,472.4413407821229,-13.077317858701091,-4.510915703557864,-13.25788252377011,-12.925660452287993,-4.622129473517643,-4.401587470805208
fasttrack,bark,eː,474.7932960893855,-13.066592506588421,-4.526488343601771,-13.249117066936835,-12.916911522476116,-4.639211775941579,-4.415284339882689
fasttrack,bark,eː,477.14525139664806,-13.055210700188091,-4.542793753479866,-13.239875235908727,-12.907083959478783,-4.659614667964971,-4.428425470275299
fasttrack,bark,eː,479.4972067039106,-13.043195075854847,-4.559806665266832,-13.229392509579599,-12.892023565154629,-4.680536845518543,-4.442914544454742
fasttrack,bark,eː,481.8491620111732,-13.030568269943444,-4.577501811037354,-13.225291261156361,-12.879644461647793,-4.699998959524419,-4.4592556799652066
fasttrack,bark,eː,484.20111731843576,-13.017352918808617,-4.595853922866116,-13.214491629761634,-12.865718963136493,-4.721021239005779,-4.477842105896287
fasttrack,bark,eː,486.55307262569835,-13.003571658805125,-4.614837732827798,-13.193998495993512,-12.851691763446343,-4.740991691819802,-4.493639189829076
fasttrack,bark,eː,488.9050279329609,-12.989247126287705,-4.634427972997084,-13.183785479503397,-12.834829300552677,-4.762825472261075,-4.506866790628149
fasttrack,bark,eː,491.25698324022346,-12.974401957611107,-4.65459937544866,-13.173193377049483,-12.818131488511426,-4.7892732402666915,-4.521753456377952
fasttrack,bark,eː,493.60893854748605,-12.959058789130081,-4.675326672257206,-13.168461391185506,-12.797462449194441,-4.814115487573168,-4.535622653289343
fasttrack,bark,eː,495.96089385474863,-12.94324025719937,-4.696584595497406,-13.159216828628647,-12.77556867795433,-4.839733810561703,-4.549884177247682
fasttrack,bark,eː,498.31284916201116,-12.926968998173724,-4.718347877243943,-13.148903486316945,-12.752111894679976,-4.86624010319012,-4.563965292469786
fasttrack,bark,eː,500.66480446927375,-12.910267648407888,-4.7405912495715,-13.144355714783517,-12.733399003463694,-4.899885594406155,-4.576687102363662
fasttrack,bark,eː,503.01675977653633,-12.893158844256606,-4.763289444554761,-13.142218625688288,-12.711620106221863,-4.937819132143053,-4.589621964846878
fasttrack,bark,eː,505.36871508379886,-12.875665222074629,-4.7864171942684095,-13.13697538338414,-12.683618505189196,-4.971491274908192,-4.604822736814747
fasttrack,bark,eː,507.72067039106145,-12.857809418216704,-4.809949230787126,-13.12909324660515,-12.662561582250639,-5.006004764511019,-4.61989806287925
fasttrack,bark,eː,510.07262569832403,-12.839614069037575,-4.8338602861855975,-13.119952935034732,-12.636546723422414,-5.036253252507232,-4.633053280448277
fasttrack,bark,eː,512.4245810055866,-12.821101810891992,-4.858125092538503,-13.109324615350168,-12.612929801412267,-5.06715727329913,-4.645999424041964
fasttrack,bark,eː,514.7765363128492,-12.802295280134697,-4.88271838192053,-13.101563153062077,-12.585535174242585,-5.100788925572604,-4.659221360395143
fasttrack,bark,eː,517.1284916201117,-12.783217113120443,-4.907614886406358,-13.096542762213875,-12.555358390556517,-5.134082709816906,-4.672553471635646
fasttrack,bark,eː,519.4804469273743,-12.763889946203975,-4.93278933807067,-13.089623807917892,-12.526064482184431,-5.163155467078337,-4.687050315455609
fasttrack,bark,eː,521.8324022346369,-12.744336415740037,-4.958216468988154,-13.082153945464807,-12.496459106953575,-5.199010183902611,-4.701883824677564
fasttrack,bark,eː,524.1843575418994,-12.724579158083378,-4.983871011233487,-13.07543114266187,-12.462418502688436,-5.237109215210692,-4.715194109025802
fasttrack,bark,eː,526.536312849162,-12.704640809588742,-5.009727696881355,-13.073228388014305,-12.430875547187558,-5.2737271853703716,-4.728707952571469
fasttrack,bark,eː,528.8882681564246,-12.68454400661088,-5.035761258006443,-13.06717946152446,-12.398444058635981,-5.310866042313631,-4.7432828970734215
fasttrack,bark,eː,531.2402234636871,-12.664311385504536,-5.061946426683431,-13.05990921130391,-12.366802513115386,-5.348214721796004,-4.757956729127441
fasttrack,bark,eː,533.5921787709497,-12.643965582624459,-5.088257934987002,-13.052603149629762,-12.332246580361025,-5.38778550403864,-4.772411579194376
fasttrack,bark,eː,535.9441340782123,-12.623529234325392,-5.114670514991843,-13.047507629171049,-12.294732726302398,-5.426900137977086,-4.785373118972021
fasttrack,bark,eː,538.2960893854749,-12.603024976962086,-5.141158898772634,-13.044857906699304,-12.259532750928205,-5.46491150602244,-4.79879949826631
fasttrack,bark,eː,540.6480446927374,-12.582475446889287,-5.167697818404057,-13.042440044351451,-12.223284874324893,-5.502990172197132,-4.8132912316542855
fasttrack,bark,eː,543.0,-12.561903280461738,-5.1942620059608,-13.040014484428898,-12.189277983917831,-5.541102487436498,-4.8275757268486235
fasttrack,bark,yː,122.0,-13.164174319296,-3.8496845884333917,-13.610775651471707,-12.913971792541266,-4.093108225162601,-3.6630008262207
fasttrack,bark,yː,124.35195530726257,-13.1598363533889,-3.8503198218149235,-13.595383580748278,-12.91895172359608,-4.088766659679847,-3.6676794848074943
fasttrack,bark,yː,126.70391061452514,-13.155498104406815,-3.85095480719558,-13.579994108181687,-12.92248666744612,-4.083223696463193,-3.671561940891375
fasttrack,bark,yː,129.0558659217877,-13.151159289274757,-3.851589296574487,-13.56460983192877,-12.92791501066442,-4.077203010977554,-3.6754427239375502
fasttrack,bark,yː,131.40782122905028,-13.146819624917738,-3.852223041950768,-13.548776207752624,-12.933591695254382,-4.073411609323954,-3.6793209974271655
fasttrack,bark,yː,133.75977653631284,-13.142478828260774,-3.85285579532355,-13.532264239196142,-12.938744278799122,-4.070422340578768,-3.6830957887543505
fasttrack,bark,yː,136.11173184357543,-13.138136616228875,-3.853487308691956,-13.515859117668656,-12.942269169181369,-4.066965029467985,-3.6864043359936898
fasttrack,bark,yː,138.46368715083798,-13.13379270574706,-3.854117334055112,-13.499520937424904,-12.944373401502174,-4.061424836205935,-3.6897094198861415
fasttrack,bark,yː,140.81564245810057,-13.129446813740337,-3.8547456234121427,-13.48320482108285,-12.950148929479354,-4.0579159515186225,-3.6930104632072243
fasttrack,bark,yː,143.16759776536313,-13.125098657133725,-3.855371928762173,-13.467991212976008,-12.952115097475009,-4.055416919209099,-3.696306888732457
fasttrack,bark,yː,145.51955307262568,-13.120747952852232,-3.855996002104328,-13.45595744823396,-12.953700010785656,-4.052871991333538,-3.6997270071360737
fasttrack,bark,yː,147.87150837988827,-13.116394417820876,-3.856617595437733,-13.442034468018129,-12.956971823450537,-4.050360022251864,-3.7044004516111846
fasttrack,bark,yː,150.22346368715085,-13.112037768964665,-3.8572364607615124,-13.42681387564594,-12.956057876547936,-4.044608791410582,-3.7087662017651755
fasttrack,bark,yː,152.5754189944134,-13.107677723208619,-3.857852350074791,-13.411651003726826,-12.956810195480418,-4.038919968553583,-3.713515066166875
fasttrack,bark,yː,154.92737430167597,-13.103313997477748,-3.858465015376695,-13.396521472163704,-12.958919650372241,-4.035625851537505,-3.7181164561217415
fasttrack,bark,yː,157.27932960893855,-13.098946308697066,-3.859074208666348,-13.38299577925132,-12.960171943199216,-4.031671366055041,-3.721087550257553
fasttrack,bark,yː,159.6312849162011,-13.094574373791584,-3.8596796819428754,-13.370408474880936,-12.962094366479205,-4.02682073215252,-3.7220776610178423
fasttrack,bark,yː,161.9832402234637,-13.09019790968632,-3.8602811872054024,-13.357846727145057,-12.96029033731956,-4.021982311814857,-3.724150754458488
fasttrack,bark,yː,164.33519553072625,-13.085816633306287,-3.860878476453054,-13.34531213333334,-12.95909027241715,-4.020092946347217,-3.72739870764834
fasttrack,bark,yː,166.68715083798884,-13.081430261576495,-3.8614713016849542,-13.332806290735444,-12.956465916696002,-4.0185604754084245,-3.7309382110657423
fasttrack,bark,yː,169.0391061452514,-13.077038511421959,-3.8620594149002296,-13.316064850751514,-12.953340770434131,-4.016187883659141,-3.734696023438135
fasttrack,bark,yː,171.39106145251395,-13.072641099767694,-3.862642568098004,-13.29815837310841,-12.948273815648824,-4.013889322227036,-3.738432361062825
fasttrack,bark,yː,173.74301675977654,-13.068237743538713,-3.8632205132774025,-13.280336225749625,-12.944835112697518,-4.008640078403719,-3.740234588375711
fasttrack,bark,yː,176.09497206703912,-13.063828159660027,-3.8637930024375504,-13.268193351220049,-12.940605063584925,-4.003933982434558,-3.743435097337869
fasttrack,bark,yː,178.44692737430168,-13.059412065056653,-3.8643597875775724,-13.259057682810369,-12.937805203654374,-4.001895002966921,-3.746086390577538
fasttrack,bark,yː,180.79888268156424,-13.054989176653601,-3.8649206206965934,-13.245394326843764,-12.935199995347137,-3.9999796459627572,-3.7464674035445733
fasttrack,bark,yː,183.15083798882682,-13.050559211375889,-3.865475253793739,-13.236610741072223,-12.932429772709224,-3.9981066664183293,-3.7471507810055407
fasttrack,bark,yː,185.50279329608938,-13.046121886148525,-3.866023438868133,-13.229463251516583,-12.928541178756873,-3.996247643682204,-3.7485688331266713
fasttrack,bark,yː,187.85474860335194,-13.041676917896527,-3.866564927918902,-13.221657789943587,-12.924031294123436,-3.99750001636542,-3.751810475118564
fasttrack,bark,yː,190.20670391061452,-13.037224023544907,-3.8670994729451693,-13.213074468990403,-12.920238214523039,-3.9996719863840187,-3.7531083468535003
fasttrack,bark,yː,192.5586592178771,-13.032762920018678,-3.867626825946061,-13.20449588925801,-12.913647866892035,-3.998530564978226,-3.755169757270328
fasttrack,bark,yː,194.91061452513966,-13.028293324242853,-3.868146738920701,-13.19592221423678,-12.906076127646546,-3.99731803003963,-3.7562916457960935
fasttrack,bark,yː,197.26256983240222,-13.023814953142448,-3.8686589638682154,-13.187353607417085,-12.898512518324267,-3.9960950205531853,-3.7563954438966873
fasttrack,bark,yː,199.6145251396648,-13.019327523642474,-3.8691632527877284,-13.178790232289296,-12.891995969670008,-3.9948611986302502,-3.7590350501585243
fasttrack,bark,yː,201.9664804469274,-13.014830752667946,-3.8696593576783656,-13.170232252343784,-12.8854313951722,-3.993085841107037,-3.7588624181183983
fasttrack,bark,yː,204.31843575418995,-13.010324357143874,-3.8701470305392514,-13.160906434671801,-12.879611607766272,-3.9936283929676972,-3.7595976265153825
fasttrack,bark,yː,206.6703910614525,-13.005808053995278,-3.870626023369511,-13.160350791036475,-12.873521724354262,-3.994445152997966,-3.760182299256244
fasttrack,bark,yː,209.0223463687151,-13.001281560147167,-3.8710960881682697,-13.151611715645165,-12.867549018335504,-3.9955823721105226,-3.760487595629663
fasttrack,bark,yː,211.37430167597765,-12.996744592524555,-3.8715569769346514,-13.145581948639773,-12.861959286741564,-3.994718916983674,-3.7599614649388147
fasttrack,bark,yː,213.7262569832402,-12.992196868052456,-3.8720084416677825,-13.134027152201249,-12.85746860596957,-3.9946446929320727,-3.759012196042569
fasttrack,bark,yː,216.0782122905028,-12.987638103655883,-3.8724502343667866,-13.12691690577749,-12.852073064493336,-3.9950907403840756,-3.758131079236443
fasttrack,bark,yː,218.43016759776538,-12.98306801625985,-3.8728821070307897,-13.123569273229856,-12.846099101081998,-3.99577088657095,-3.7572790758818
fasttrack,bark,yː,220.78212290502793,-12.978486322789369,-3.873303811658916,-13.123322644578899,-12.84001526180159,-3.9950906456955644,-3.7551286808216355
fasttrack,bark,yː,223.1340782122905,-12.973892740169456,-3.873715100250291,-13.123064548705651,-12.83253144403237,-3.9937416950923486,-3.753295962566586
fasttrack,bark,yː,225.48603351955308,-12.969286985325123,-3.8741157248040397,-13.122722425403794,-12.824497602536114,-3.9966722435242845,-3.751707391802959
fasttrack,bark,yː,227.83798882681566,-12.964668775181384,-3.8745054373192866,-13.121881876241114,-12.817818316599073,-3.999505712515533,-3.750488502593901
fasttrack,bark,yː,230.18994413407822,-12.960037826663251,-3.874883989795157,-13.121318787853902,-12.812298101162932,-4.001744524565271,-3.749338599095963
fasttrack,bark,yː,232.54189944134077,-12.955393856695741,-3.875251134230776,-13.1185244236459,-12.804467473260056,-4.003063350962994,-3.7482592143249485
fasttrack,bark,yː,234.89385474860336,-12.950736582203863,-3.8756066226252677,-13.113672334389664,-12.794481807704598,-4.002964948476448,-3.7472518812966595
fasttrack,bark,yː,237.24581005586592,-12.946065720112635,-3.8759502069777585,-13.111812359482007,-12.787923796044991,-4.002069229509007,-3.7463181330268984
fasttrack,bark,yː,239.59776536312847,-12.941380987347067,-3.876281639287372,-13.107061501291282,-12.78142472925134,-4.0028351508129685,-3.7454595025314688
fasttrack,bark,yː,241.94972067039106,-12.936682100832174,-3.876600671553234,-13.104705506374986,-12.774989812511148,-4.004047178511481,-3.744895706809216
fasttrack,bark,yː,244.30167597765364,-12.931968777492969,-3.876907055774469,-13.10159984044382,-12.768617477139497,-4.005520047825808,-3.744898027486784
fasttrack,bark,yː,246.6536312849162,-12.927240734254466,-3.877200543950203,-13.100415229599601,-12.763003236877099,-4.006471314387076,-3.7449580135483616
fasttrack,bark,yː,249.00558659217876,-12.922497688041679,-3.877480888079559,-13.099068416688315,-12.7560571988498,-4.007330066532425,-3.7454754410320654
fasttrack,bark,yː,251.35754189944134,-12.91773935577962,-3.877747840161664,-13.09799076712061,-12.749874257441721,-4.007171792628883,-3.7453383172036934
fasttrack,bark,yː,253.7094972067039,-12.912965454393303,-3.8780011521956417,-13.09714575564868,-12.743757724425224,-4.008816622192054,-3.744088904951384
fasttrack,bark,yː,256.0614525139665,-12.908175700807742,-3.878240576180617,-13.094896867760134,-12.736315783579908,-4.0105963586814415,-3.7437963577193707
fasttrack,bark,yː,258.41340782122904,-12.90336981194795,-3.878465864115716,-13.0924269150305,-12.726583460999601,-4.011573949499466,-3.7428926007275902
fasttrack,bark,yː,260.76536312849163,-12.898547504738943,-3.8786767680000627,-13.089382194935807,-12.71757648894282,-4.012425603471074,-3.7429706361425064
fasttrack,bark,yː,263.1173184357542,-12.89370849610573,-3.8788730398327824,-13.085449305133793,-12.708829322152795,-4.013149149271329,-3.7423978392127397
fasttrack,bark,yː,265.46927374301674,-12.888852502973327,-3.8790544316129996,-13.082358311185956,-12.701520793593929,-4.01374241557529,-3.741838080629139
fasttrack,bark,yː,267.8212290502793,-12.883979242266747,-3.87922069533984,-13.079028648175381,-12.695195212250669,-4.014179843665904,-3.741535003056436
fasttrack,bark,yː,270.1731843575419,-12.879088430911004,-3.879371583012428,-13.075456403494481,-12.68904205400014,-4.013551444816025,-3.741192140507728
fasttrack,bark,yː,272.52513966480444,-12.874179785831112,-3.8795068466298894,-13.071637664535672,-12.683093781559444,-4.012914722232636,-3.7402409852454688
fasttrack,bark,yː,274.877094972067,-12.869253023952082,-3.879626238191348,-13.067605519964319,-12.676848309965287,-4.0143526475668505,-3.738938951050143
fasttrack,bark,yː,277.2290502793296,-12.86430786219893,-3.8797295096959297,-13.064191481390708,-12.671122162176461,-4.016468360267597,-3.7377732389770455
fasttrack,bark,yː,279.58100558659214,-12.859344017496667,-3.8798164131427586,-13.061273795643682,-12.665526439818489,-4.0167605562187045,-3.7369214777964137
fasttrack,bark,yː,281.9329608938548,-12.854361206770312,-3.8798867005309607,-13.05672270286438,-12.66006311903426,-4.017542560450959,-3.736385195811248
fasttrack,bark,yː,284.2849162011173,-12.849359146944872,-3.87994012385966,-13.051929956158983,-12.654660994549864,-4.018840254136269,-3.735973161263256
fasttrack,bark,yː,286.6368715083799,-12.844337554945364,-3.879976435127982,-13.046815442748414,-12.647822099913895,-4.019310510144179,-3.7356872013206326
fasttrack,bark,yː,288.9888268156425,-12.8392961476968,-3.879995386335051,-13.041510531464022,-12.641109271730423,-4.019035142548561,-3.7355291431515707
fasttrack,bark,yː,291.340782122905,-12.834234642124194,-3.8799967294799935,-13.036261127583389,-12.636301724643289,-4.018367205918453,-3.735500813924265
fasttrack,bark,yː,293.6927374301676,-12.82915275515256,-3.879980216561933,-13.03060002037278,-12.631641330323236,-4.016961620852363,-3.735140587726883
fasttrack,bark,yː,296.0446927374302,-12.824050203706912,-3.879945599579995,-13.025596060379284,-12.627319716745406,-4.0155992271651035,-3.7347659336823797
fasttrack,bark,yː,298.3966480446927,-12.818926704712261,-3.879892630533304,-13.020768190499403,-12.622357993276655,-4.015165558890673,-3.735394697573212
fasttrack,bark,yː,300.7486033519553,-12.813781975093624,-3.8798210614209863,-13.013990548180244,-12.61624849655018,-4.014242758642842,-3.734887721606821
fasttrack,bark,yː,303.1005586592179,-12.808615731776012,-3.879730644242165,-13.009593004600019,-12.609839103319727,-4.013294633549744,-3.7345628726510043
fasttrack,bark,yː,305.4525139664804,-12.803427691684439,-3.8796211309959663,-13.004077700982243,-12.603181683065936,-4.012345859822947,-3.734809004617315
fasttrack,bark,yː,307.80446927374305,-12.798217571743919,-3.879492273681515,-12.997746007734374,-12.597014023195362,-4.0112754765073415,-3.7352154720433717
fasttrack,bark,yː,310.1564245810056,-12.792985088879465,-3.879343824297936,-12.992359388266314,-12.591008215246084,-4.0100436112879345,-3.7357843305119927
fasttrack,bark,yː,312.50837988826817,-12.78772996001609,-3.8791755348443537,-12.98741751194224,-12.585166307976602,-4.008648220089995,-3.7368201258005445
fasttrack,bark,yː,314.86033519553075,-12.782451902078808,-3.878987157319894,-12.981598276423124,-12.579490350145411,-4.007586801679118,-3.7381281124309793
fasttrack,bark,yː,317.2122905027933,-12.777150631992635,-3.8787784437236814,-12.97647186255013,-12.574604904651427,-4.007015855155896,-3.7396542534517487
fasttrack,bark,yː,319.56424581005587,-12.77182586668258,-3.8785491460548407,-12.9704259592707,-12.571915198749894,-4.006397303259308,-3.7409879716940004
fasttrack,bark,yː,321.91620111731845,-12.766477323073659,-3.8782990163124973,-12.964664533991758,-12.567581862555368,-4.005677037734635,-3.7423346411142417
fasttrack,bark,yː,324.268156424581,-12.761104844737002,-3.878028230181041,-12.956369463061401,-12.562607907757119,-4.004918371490066,-3.744397986631033
fasttrack,bark,yː,326.62011173184356,-12.755709371007152,-3.8777406291407193,-12.94659136354991,-12.55744097819802,-4.004019493216146,-3.7472462132663065
fasttrack,bark,yː,328.97206703910615,-12.750292402665526,-3.87744193295098,-12.937184526096896,-12.552382809339505,-4.001699881456689,-3.7490449147838816
fasttrack,bark,yː,331.3240223463687,-12.744855445052016,-3.877137876621314,-12.927939742809416,-12.549017989733263,-4.000190755380988,-3.7522805758499747
fasttrack,bark,yː,333.6759776536313,-12.739400003506514,-3.8768341951612117,-12.920120119644574,-12.545382568676516,-3.9978009001214554,-3.755734009805812
fasttrack,bark,yː,336.02793296089385,-12.733927583368912,-3.8765366235801655,-12.913911368389256,-12.540927418648927,-3.994504781778152,-3.7593979427001734
fasttrack,bark,yː,338.37988826815644,-12.7284396899791,-3.876250896887665,-12.90895119379535,-12.537198237984812,-3.9914322915483766,-3.7613450350267335
fasttrack,bark,yː,340.731843575419,-12.722937828676974,-3.8759827500932023,-12.906144126688867,-12.534614814978582,-3.9889088664934538,-3.7646316293035484
fasttrack,bark,yː,343.08379888268155,-12.717423504802424,-3.8757379182062683,-12.897617848553098,-12.529522948056492,-3.9888452837023016,-3.768878813451472
fasttrack,bark,yː,345.43575418994413,-12.711898223695343,-3.8755221362363534,-12.887979217524238,-12.523685449974067,-3.9867043597873946,-3.772206622312182
fasttrack,bark,yː,347.7877094972067,-12.706363490695619,-3.8753411391929493,-12.879710910352625,-12.519493617244716,-3.9839372402511275,-3.7753395030258425
fasttrack,bark,yː,350.13966480446925,-12.70082081114315,-3.8752006620855473,-12.873223619381509,-12.515037294651048,-3.9812663585101205,-3.778082393364746
fasttrack,bark,yː,352.49162011173183,-12.695271690377826,-3.8751064399236377,-12.86665581558991,-12.509160837981362,-3.9772279425105537,-3.7824713506233367
fasttrack,bark,yː,354.8435754189944,-12.689717633739535,-3.875064207716712,-12.859614508766171,-12.503321298440042,-3.974585276056662,-3.782339771191161
fasttrack,bark,yː,357.19553072625695,-12.684160146568173,-3.8750797004742608,-12.855985878006917,-12.498646711727904,-3.9756738018277855,-3.782925033536866
fasttrack,bark,yː,359.5474860335196,-12.678600734203632,-3.875158653205776,-12.85192919960702,-12.492469518006777,-3.9754378148296854,-3.7847482707206463
fasttrack,bark,yː,361.8994413407821,-12.673040901985804,-3.8753068009207476,-12.848123071115538,-12.485979538918453,-3.9756088575525137,-3.7844482158462913
fasttrack,bark,yː,364.2513966480447,-12.66748215525458,-3.8755298786286674,-12.84535523639902,-12.477993501188823,-3.9763545724434586,-3.7848093845703827
fasttrack,bark,yː,366.6033519553073,-12.661925999349853,-3.8758336213390265,-12.843012141470458,-12.471037346380543,-3.974730390625943,-3.7861693250522923
fasttrack,bark,yː,368.9553072625698,-12.656373939611514,-3.8762237640613164,-12.838223657489078,-12.46205083344591,-3.9725509172293707,-3.788652685378635
fasttrack,bark,yː,371.3072625698324,-12.650827481379455,-3.8767060418050265,-12.834233609154209,-12.455944550348303,-3.9713331290308185,-3.7906138871816584
fasttrack,bark,yː,373.659217877095,-12.645288129993569,-3.8772861895796495,-12.830158493827703,-12.451273511259703,-3.9691529615031103,-3.7906737669038923
fasttrack,bark,yː,376.0111731843575,-12.639757390793747,-3.877969942394676,-12.825840573549053,-12.445161451466484,-3.967420403298974,-3.791189923806352
fasttrack,bark,yː,378.3631284916201,-12.634236769119884,-3.8787630352595963,-12.822193315213516,-12.439232519242761,-3.965859050880453,-3.791294234404037
fasttrack,bark,yː,380.7150837988827,-12.628727770311867,-3.8796712031839022,-12.819313539263547,-12.433496629963827,-3.9648365954984195,-3.793417399525278
fasttrack,bark,yː,383.0670391061453,-12.623231899709593,-3.8807001811770845,-12.816770868311362,-12.427066619978532,-3.9645555933185084,-3.7920365791668758
fasttrack,bark,yː,385.4189944134078,-12.617750662652949,-3.881855704248635,-12.814744496192809,-12.420248664307554,-3.967983852125,-3.792454044700623
fasttrack,bark,yː,387.7709497206704,-12.612285564481832,-3.8831435074080436,-12.809971891263267,-12.413658576373306,-3.9711900707169487,-3.7937180900724057
fasttrack,bark,yː,390.122905027933,-12.606838110536131,-3.884569325664802,-12.806442790176355,-12.40728538940571,-3.9730277699181697,-3.795573322983188
fasttrack,bark,yː,392.47486033519556,-12.60140980615574,-3.8861388940284014,-12.801959658569617,-12.399582986092623,-3.9760500485638772,-3.79635352304403
fasttrack,bark,yː,394.8268156424581,-12.596002156680548,-3.8878579475083326,-12.799114155212227,-12.39354423337061,-3.9774264115368814,-3.797041628432635
fasttrack,bark,yː,397.1787709497207,-12.59061666745045,-3.889732221114086,-12.794417509769096,-12.385377482511807,-3.9789770678979726,-3.799230551353351
fasttrack,bark,yː,399.53072625698326,-12.585254843805338,-3.891767449855154,-12.789363219426663,-12.377230950050842,-3.9805633270048677,-3.80209460909729
fasttrack,bark,yː,401.8826815642458,-12.5799181910851,-3.8939693687410273,-12.784349880111666,-12.370115409297084,-3.9813422242490715,-3.8046487040407357
fasttrack,bark,yː,404.23463687150837,-12.574608214629635,-3.896343712781196,-12.782102476022716,-12.363259370654761,-3.9863333668343195,-3.806324710641103
fasttrack,bark,yː,406.58659217877096,-12.569326419778829,-3.898896216985152,-12.77847469483782,-12.355329788733021,-3.991733207497539,-3.808439800051568
fasttrack,bark,yː,408.93854748603354,-12.564074311872576,-3.9016326163623867,-12.775179092978854,-12.350605194627093,-3.996829871345627,-3.8106200876950083
fasttrack,bark,yː,411.29050279329607,-12.558853396250768,-3.90455864592239,-12.772429322818205,-12.347257415121065,-4.000794598656715,-3.813713462751452
fasttrack,bark,yː,413.64245810055866,-12.553665178253299,-3.9076800406746535,-12.76739674830021,-12.341993547836466,-4.004065457606387,-3.815863775015884
fasttrack,bark,yː,415.99441340782124,-12.548511163220057,-3.9110025356286693,-12.762717835356712,-12.335652202904726,-4.007938923175042,-3.817631246545623
fasttrack,bark,yː,418.3463687150838,-12.54339285649094,-3.9145318657939265,-12.760253391181479,-12.3305470014968,-4.011193492467474,-3.8211522459105858
fasttrack,bark,yː,420.69832402234636,-12.538311763405833,-3.9182737661799174,-12.755856401379049,-12.326088336323918,-4.015142829817505,-3.8249396522759818
fasttrack,bark,yː,423.05027932960894,-12.533269389304632,-3.922233971796133,-12.751448222848435,-12.321651628416248,-4.01986729966604,-3.8287474680827334
fasttrack,bark,yː,425.4022346368715,-12.52826723952723,-3.9264182176520643,-12.747635818228911,-12.31765730837211,-4.024603464577269,-3.831425159432666
fasttrack,bark,yː,427.75418994413405,-12.523306819413516,-3.930832238757202,-12.741076440782207,-12.31269864683378,-4.029470414452282,-3.8356507350389726
fasttrack,bark,yː,430.10614525139664,-12.518389634303384,-3.9354817701210374,-12.734644001826824,-12.308218842276412,-4.03447704554775,-3.839628652858124
fasttrack,bark,yː,432.4581005586592,-12.513517189536726,-3.9403725467530624,-12.730281516636282,-12.302160498118933,-4.039591966620276,-3.8430232958133246
fasttrack,bark,yː,434.8100558659218,-12.508690990453433,-3.9455103036627666,-12.725076687254365,-12.29911047681748,-4.0450972067919135,-3.847555018372125
fasttrack,bark,yː,437.16201117318434,-12.503912542393397,-3.9509007758596417,-12.718348862118432,-12.297173851325558,-4.050640060230602,-3.853491239658368
fasttrack,bark,yː,439.5139664804469,-12.499183350696514,-3.9565496983531787,-12.711367758180335,-12.292019323478867,-4.0557101323516624,-3.8597387383895523
fasttrack,bark,yː,441.8659217877095,-12.494504920702669,-3.9624628061528684,-12.706561582291586,-12.287418963552343,-4.0611286414524566,-3.8661322775802462
fasttrack,bark,yː,444.2178770949721,-12.48987875775176,-3.9686458342682025,-12.700899762936661,-12.285960754788324,-4.067284356407158,-3.871085494152669
fasttrack,bark,yː,446.5698324022346,-12.485306367183675,-3.975104517708672,-12.694161234120218,-12.285040738230938,-4.073501452444687,-3.876740333375029
fasttrack,bark,yː,448.9217877094972,-12.480789254338308,-3.9818445914837675,-12.687170513321488,-12.284186318150926,-4.08058345449498,-3.8845973004241885
fasttrack,bark,yː,451.2737430167598,-12.476328924555553,-3.98887179060298,-12.678338939926224,-12.280475942191124,-4.085516921406647,-3.8932352348017405
fasttrack,bark,yː,453.6256983240223,-12.471926883175298,-3.996191850075801,-12.671362994442628,-12.281511050432709,-4.091813509309977,-3.9009242610628974
fasttrack,bark,yː,455.9776536312849,-12.467584329182586,-4.003809152393075,-12.662954434834694,-12.282307210387964,-4.100298539320189,-3.9100814606727248
fasttrack,bark,yː,458.3296089385475,-12.463300472432604,-4.011719298284268,-12.656715360361178,-12.279446445341415,-4.1105335918485,-3.918382320066264
fasttrack,bark,yː,460.6815642458101,-12.459073728534268,-4.01991438198012,-12.648474589285291,-12.277567265935287,-4.120569444060776,-3.9257345311381813
fasttrack,bark,yː,463.0335195530726,-12.454902511019473,-4.028386488541614,-12.639987592966955,-12.277391538346468,-4.12916072213181,-3.933405430531948
fasttrack,bark,yː,465.3854748603352,-12.45078523342012,-4.0371277030297295,-12.630313272963328,-12.279622093677224,-4.140422072374929,-3.9413859128669393
fasttrack,bark,yː,467.7374301675978,-12.446720309268109,-4.04613011050545,-12.619343327097805,-12.27965632312385,-4.150520899539538,-3.9487733022969818
fasttrack,bark,yː,470.08938547486036,-12.442706152095335,-4.055385796029756,-12.61357336191029,-12.27554785763304,-4.160730135028966,-3.9552481993166793
fasttrack,bark,yː,472.4413407821229,-12.438741175433702,-4.064886844663629,-12.609974938700331,-12.268652587589775,-4.171050840767063,-3.9669304392143276
fasttrack,bark,yː,474.7932960893855,-12.434823792815104,-4.074625341468053,-12.60661324397021,-12.26267536398435,-4.181559508322024,-3.976075248990424
fasttrack,bark,yː,477.14525139664806,-12.43095241777144,-4.084593371504007,-12.604219571425725,-12.258190107452261,-4.191839893050394,-3.9838484951970115
fasttrack,bark,yː,479.4972067039106,-12.427125463834614,-4.094783019832474,-12.604087679996509,-12.254780850318369,-4.202382830827859,-3.9929316319406025
fasttrack,bark,yː,481.8491620111732,-12.423341344536517,-4.105186371514436,-12.602713793194416,-12.250754632712779,-4.2126322552967,-3.9993952832187896
fasttrack,bark,yː,484.20111731843576,-12.419598473409055,-4.115795511610873,-12.603584097141173,-12.24511229326177,-4.2224890998854,-4.005068533028762
fasttrack,bark,yː,486.55307262569835,-12.415895263984122,-4.126602525182769,-12.604467083839074,-12.231874810758237,-4.234671534277905,-4.014739394481555
fasttrack,bark,yː,488.9050279329609,-12.412230129793619,-4.137599497291104,-12.600671985873902,-12.225812580270423,-4.248097348388085,-4.020769616858792
fasttrack,bark,yː,491.25698324022346,-12.408601484369445,-4.14877851299686,-12.612369314958158,-12.218057072312977,-4.261743731497706,-4.024343476172046
fasttrack,bark,yː,493.60893854748605,-12.405007741243496,-4.16013165736102,-12.622399100445815,-12.19916565451956,-4.27742412433569,-4.029050919377025
fasttrack,bark,yː,495.96089385474863,-12.401447313947676,-4.171651015444563,-12.63614070232084,-12.186478649677893,-4.292419796653807,-4.029629318507025
fasttrack,bark,yː,498.31284916201116,-12.397918616013877,-4.183328672308472,-12.646747678699688,-12.167406595835226,-4.308187174727663,-4.028466961680711
fasttrack,bark,yː,500.66480446927375,-12.394420060974003,-4.195156713013731,-12.664148697804388,-12.149573980887615,-4.328559315374607,-4.029537062948096
fasttrack,bark,yː,503.01675977653633,-12.390950062359952,-4.2071272226213186,-12.682419073077497,-12.13418258663479,-4.34655363523026,-4.033612302309234
fasttrack,bark,yː,505.36871508379886,-12.387507033703619,-4.2192322861922165,-12.693584112651124,-12.114679873690648,-4.36377898937031,-4.038809853017409
fasttrack,bark,yː,507.72067039106145,-12.384089388536907,-4.231463988787408,-12.710835240195019,-12.098080264832435,-4.380712450170485,-4.04366452530242
fasttrack,bark,yː,510.07262569832403,-12.380695540391715,-4.243814415467875,-12.727494824085435,-12.080561576722317,-4.400602564188581,-4.0493172543646825
fasttrack,bark,yː,512.4245810055866,-12.377323902799938,-4.256275651294597,-12.741729205894822,-12.063711004661021,-4.417789529497993,-4.054341403988156
fasttrack,bark,yː,514.7765363128492,-12.37397288929348,-4.268839781328559,-12.7605384452188,-12.045940225054515,-4.439704840347812,-4.056910410962131
fasttrack,bark,yː,517.1284916201117,-12.370640913404234,-4.281498890630739,-12.777437535294146,-12.027181925919686,-4.462822366472843,-4.059484032815254
fasttrack,bark,yː,519.4804469273743,-12.3673263886641,-4.294245064262121,-12.794553703553516,-12.009108193381834,-4.485381879109544,-4.061996426053464
fasttrack,bark,yː,521.8324022346369,-12.364027728604983,-4.307070387283686,-12.813689896023124,-11.990953214087096,-4.506341174773723,-4.069576029594107
fasttrack,bark,yː,524.1843575418994,-12.360743346758774,-4.319966944756416,-12.838595276030993,-11.974340676107353,-4.5301086354559,-4.0764925647543135
fasttrack,bark,yː,526.536312849162,-12.357471656657376,-4.332926821741292,-12.865409943130242,-11.961158998345358,-4.551378788860519,-4.078692417211709
fasttrack,bark,yː,528.8882681564246,-12.354211071832685,-4.345942103299298,-12.885640019954439,-11.947937136252962,-4.57274026335625,-4.079936309575893
fasttrack,bark,yː,531.2402234636871,-12.350960005816601,-4.359004874491412,-12.903581914341125,-11.934588256455717,-4.594180013072932,-4.080475046049734
fasttrack,bark,yː,533.5921787709497,-12.347716872141024,-4.372107220378618,-12.921603874431387,-11.920937525900525,-4.615684992140408,-4.080995658861035
fasttrack,bark,yː,535.9441340782123,-12.344480084337853,-4.385241226021898,-12.941181276798282,-11.909113850935288,-4.637242154688519,-4.083410566860145
fasttrack,bark,yː,538.2960893854749,-12.341248055938985,-4.398398976482232,-12.962611187353023,-11.894418529555123,-4.658838454847108,-4.085503918634138
fasttrack,bark,yː,540.6480446927374,-12.33801920047632,-4.411572556820603,-12.983783264337996,-11.879468786979173,-4.680974369142948,-4.087595180262791
fasttrack,bark,yː,543.0,-12.334791931481755,-4.424754052097993,-13.003728313204007,-11.863683393827367,-4.703573185730676,-4.089685396818775
fasttrack,bark,ʉ̟ː,122.0,-12.5421346196724,-3.8455304637524867,-13.284886099761936,-12.091126840531954,-4.105890203961323,-3.5990664393767546
fasttrack,bark,ʉ̟ː,124.35195530726257,-12.509859215349781,-3.846422923105658,-13.236945033063698,-12.072238961225173,-4.097440335583236,-3.6101339757171584
fasttrack,bark,ʉ̟ː,126.70391061452514,-12.477594288205555,-3.847315652210133,-13.189214644388855,-12.0547289789672,-4.0908162579669725,-3.6208088148032114
fasttrack,bark,ʉ̟ː,129.0558659217877,-12.445350315418121,-3.848208920817216,-13.141513115244104,-12.038412266753475,-4.085828254274961,-3.631476730974218
fasttrack,bark,ʉ̟ː,131.40782122905028,-12.413137774165875,-3.84910299867821,-13.093854875394483,-12.022843133604322,-4.078801031382936,-3.642134262772656
fasttrack,bark,ʉ̟ː,133.75977653631284,-12.380967141627213,-3.8499981555444203,-13.048024931556412,-12.007290857403332,-4.071783387357542,-3.652777948741002
fasttrack,bark,ʉ̟ː,136.11173184357543,-12.348848894980529,-3.850894661167149,-13.00307989790766,-11.991759652387548,-4.063957066027637,-3.6634043274217327
fasttrack,bark,ʉ̟ː,138.46368715083798,-12.316793511404219,-3.8517927852977016,-12.958216510979913,-11.974087255855016,-4.054768228678503,-3.671570619058035
fasttrack,bark,ʉ̟ː,140.81564245810057,-12.28481146807668,-3.852692797687381,-12.909901230799449,-11.95207042817974,-4.051459711635203,-3.6805305624245945
fasttrack,bark,ʉ̟ː,143.16759776536313,-12.252913242176305,-3.8535949680874912,-12.8589671089355,-11.934816177423643,-4.049055381722258,-3.6904613040572554
fasttrack,bark,ʉ̟ː,145.51955307262568,-12.221109310881493,-3.8544995662493364,-12.808178915840747,-11.918814739293149,-4.04632988844464,-3.7018966411535734
fasttrack,bark,ʉ̟ː,147.87150837988827,-12.189410151370637,-3.8554068619242203,-12.757552865822877,-11.90019492230129,-4.042184845197542,-3.712779775531188
fasttrack,bark,ʉ̟ː,150.22346368715085,-12.157826240822134,-3.8563171248634465,-12.70710517318958,-11.87924765511938,-4.0380760478230044,-3.721243911966002
fasttrack,bark,ʉ̟ː,152.5754189944134,-12.126368056414382,-3.8572306248183192,-12.656852052248547,-11.859037740499573,-4.034445844663482,-3.7266362809478215
fasttrack,bark,ʉ̟ː,154.92737430167597,-12.095046075325772,-3.858147631540142,-12.606809717307462,-11.838917155454519,-4.033274998903493,-3.731311660596623
fasttrack,bark,ʉ̟ː,157.27932960893855,-12.063870774734704,-3.8590684147802192,-12.557042521939941,-11.817809513891358,-4.031661837416782,-3.7340077205898434
fasttrack,bark,ʉ̟ː,159.6312849162011,-12.032852631819573,-3.8599932442898544,-12.50794544252192,-11.796761389014563,-4.029915837003485,-3.73536016190046
fasttrack,bark,ʉ̟ː,161.9832402234637,-12.002002123758771,-3.8609223898203515,-12.462287359386378,-11.771530399832548,-4.0268502820498036,-3.7408483898366214
fasttrack,bark,ʉ̟ː,164.33519553072625,-11.971329727730696,-3.8618561211230142,-12.418276589655852,-11.74592376642503,-4.022711146883885,-3.7471936005623534
fasttrack,bark,ʉ̟ː,166.68715083798884,-11.940845920913745,-3.8627947079491465,-12.374536791837613,-11.720321264143342,-4.0156370472988,-3.7555013751744397
fasttrack,bark,ʉ̟ː,169.0391061452514,-11.910561180486315,-3.8637384200500526,-12.331085618751553,-11.691669215651038,-4.008856340188555,-3.7644206571838956
fasttrack,bark,ʉ̟ː,171.39106145251395,-11.880485983626798,-3.8646875271770353,-12.288057920980215,-11.664100531195855,-4.006786086051322,-3.768477485801591
fasttrack,bark,ʉ̟ː,173.74301675977654,-11.85063080751359,-3.8656422990814,-12.241239044907498,-11.635306522498498,-4.0065060088391045,-3.769567442258741
fasttrack,bark,ʉ̟ː,176.09497206703912,-11.82100612932509,-3.866603005514449,-12.197084033180476,-11.602865882943199,-4.001463046285351,-3.7689950598840567
fasttrack,bark,ʉ̟ː,178.44692737430168,-11.791622426239691,-3.8675699162274872,-12.154158370959099,-11.571449201495902,-4.004162797471129,-3.7692877440572956
fasttrack,bark,ʉ̟ː,180.79888268156424,-11.76249017543579,-3.868543300971818,-12.111585479955655,-11.543838955112818,-4.000258853642108,-3.7758199489761823
fasttrack,bark,ʉ̟ː,183.15083798882682,-11.733619854091781,-3.869523429498746,-12.069394959351412,-11.514243536189372,-3.993621530078943,-3.777076394012208
fasttrack,bark,ʉ̟ː,185.50279329608938,-11.705021939386063,-3.8705105715595742,-12.027627395676227,-11.482466245130391,-3.9868686139721152,-3.7792551373257903
fasttrack,bark,ʉ̟ː,187.85474860335194,-11.676706908497028,-3.871504996905607,-11.986255945945336,-11.451030513565225,-3.985559882685692,-3.781826687490259
fasttrack,bark,ʉ̟ː,190.20670391061452,-11.648685238603072,-3.8725069752881476,-11.945295281045563,-11.418611230029732,-3.9900527866940165,-3.7811680300840704
fasttrack,bark,ʉ̟ː,192.5586592178771,-11.620967406882594,-3.873516776458501,-11.903450357137846,-11.38791355260748,-3.9904405700520895,-3.7784963652256907
fasttrack,bark,ʉ̟ː,194.91061452513966,-11.59356389051399,-3.8745346701679697,-11.864664989286675,-11.357856636884582,-3.992618901059527,-3.7774659410431872
fasttrack,bark,ʉ̟ː,197.26256983240222,-11.56648516667565,-3.8755609261678585,-11.82796781792766,-11.324878545515002,-3.9955789886012605,-3.78188765174614
fasttrack,bark,ʉ̟ː,199.6145251396648,-11.539741712545975,-3.876595814209471,-11.801682304531164,-11.294833640494394,-3.9971814317717906,-3.7783884052052663
fasttrack,bark,ʉ̟ː,201.9664804469274,-11.513344005303358,-3.8776396040441115,-11.769780125831582,-11.265397291251103,-4.0000618900952905,-3.7774381016119576
fasttrack,bark,ʉ̟ː,204.31843575418995,-11.487302522126198,-3.8786925654230826,-11.740557515681209,-11.234327213597378,-4.0030033862989205,-3.774828180820363
fasttrack,bark,ʉ̟ː,206.6703910614525,-11.461627740192887,-3.8797549680976897,-11.707893810750292,-11.201955896159816,-4.005018961124407,-3.773277920046501
fasttrack,bark,ʉ̟ː,209.0223463687151,-11.436330136681821,-3.880827081819236,-11.688807897027848,-11.17011910508307,-4.007451875924893,-3.769896950650501
fasttrack,bark,ʉ̟ː,211.37430167597765,-11.411420188771398,-3.881909176339025,-11.667938074399064,-11.138831688321607,-4.01182982944542,-3.76691575457071
fasttrack,bark,ʉ̟ː,213.7262569832402,-11.386908373640015,-3.883001521408361,-11.651878098435327,-11.109007421684488,-4.015094201777985,-3.7640315662715067
fasttrack,bark,ʉ̟ː,216.0782122905028,-11.362805168466062,-3.884104386778548,-11.631948455191209,-11.078387997201078,-4.0189569488641865,-3.7628994775324913
fasttrack,bark,ʉ̟ː,218.43016759776538,-11.33912105042794,-3.8852180422008895,-11.609966807106714,-11.048347635344212,-4.024801355173617,-3.759850204277807
fasttrack,bark,ʉ̟ː,220.78212290502793,-11.315866496704043,-3.8863427574266893,-11.588727742076516,-11.020299252989037,-4.032123636755965,-3.7572290958304424
fasttrack,bark,ʉ̟ː,223.1340782122905,-11.293051984472767,-3.887478802207252,-11.564637753755115,-10.994960289272242,-4.040616467658314,-3.75560105123272
fasttrack,bark,ʉ̟ː,225.48603351955308,-11.270687990912505,-3.8886264462938804,-11.544326428700128,-10.969154828969485,-4.0467748400572,-3.75242760123534
fasttrack,bark,ʉ̟ː,227.83798882681566,-11.248784993201657,-3.889785959437879,-11.52515934714036,-10.944303116731067,-4.050097665473981,-3.7494001025597017
fasttrack,bark,ʉ̟ː,230.18994413407822,-11.227353468518617,-3.890957611390552,-11.509526006320554,-10.91769557795861,-4.05221176112801,-3.7460040761235667
fasttrack,bark,ʉ̟ː,232.54189944134077,-11.20640389404178,-3.8921416719032025,-11.493843987141005,-10.891433397874485,-4.056884097706346,-3.743632851111617
fasttrack,bark,ʉ̟ː,234.89385474860336,-11.185946746949542,-3.893338410727135,-11.477112023133301,-10.866065110632686,-4.061868398699438,-3.741291972522328
fasttrack,bark,ʉ̟ː,237.24581005586592,-11.165992504420299,-3.8945480976136526,-11.460236497107575,-10.839326644527496,-4.06793424575697,-3.739900329484822
fasttrack,bark,ʉ̟ː,239.59776536312847,-11.146551643632447,-3.8957710023140604,-11.443645433189685,-10.813593936866004,-4.073051179768521,-3.738456085802198
fasttrack,bark,ʉ̟ː,241.94972067039106,-11.12763464176438,-3.897007394579661,-11.42933114127976,-10.783340559284138,-4.075536301803255,-3.7371581790942474
fasttrack,bark,ʉ̟ː,244.30167597765364,-11.109251975994498,-3.898257544161759,-11.416910693181162,-10.758386881814074,-4.080453506621286,-3.736009536100462
fasttrack,bark,ʉ̟ː,246.6536312849162,-11.091414123501194,-3.8995217208116575,-11.407103122866694,-10.735253324598851,-4.0863124065244545,-3.73607135899414
fasttrack,bark,ʉ̟ː,249.00558659217876,-11.074131561462861,-3.9008001942806616,-11.397695325866565,-10.712942383628558,-4.089502627181296,-3.7363083552348924
fasttrack,bark,ʉ̟ː,251.35754189944134,-11.057414767057898,-3.902093234320074,-11.388554233925262,-10.691435616433237,-4.092579029680403,-3.736628237151106
fasttrack,bark,ʉ̟ː,253.7094972067039,-11.0412742174647,-3.9034011106811994,-11.376669598122925,-10.666809784654573,-4.095539506278113,-3.735591342200889
fasttrack,bark,ʉ̟ː,256.0614525139665,-11.025720389861664,-3.904724093115341,-11.366104886901338,-10.642832108085441,-4.099046846377377,-3.7341640451891376
fasttrack,bark,ʉ̟ː,258.41340782122904,-11.010763761427185,-3.906062451373803,-11.355132854808296,-10.622608153683746,-4.104063121825042,-3.73282305727263
fasttrack,bark,ʉ̟ː,260.76536312849163,-10.996414809339656,-3.9074164552078896,-11.344483758328765,-10.598799565779531,-4.1089615032692715,-3.730907858760237
fasttrack,bark,ʉ̟ː,263.1173184357542,-10.982684010777476,-3.908786374368904,-11.334163165318145,-10.57834551494808,-4.113102819215547,-3.729976978686593
fasttrack,bark,ʉ̟ː,265.46927374301674,-10.969581842919041,-3.91017247860815,-11.325177874653775,-10.562796681414865,-4.118110805226347,-3.72847189770216
fasttrack,bark,ʉ̟ː,267.8212290502793,-10.957118782942745,-3.9115750376769327,-11.316661706505112,-10.547931501641784,-4.122932204751914,-3.7271937537294377
fasttrack,bark,ʉ̟ː,270.1731843575419,-10.945305308026983,-3.9129943213265546,-11.308454775518936,-10.532861816838059,-4.127563958997407,-3.726798074823817
fasttrack,bark,ʉ̟ː,272.52513966480444,-10.934151895350153,-3.9144305993083206,-11.300562069391413,-10.516980031346488,-4.132003009167987,-3.727117936064445
fasttrack,bark,ʉ̟ː,274.877094972067,-10.92366902209065,-3.9158841413735335,-11.292988575818715,-10.501314050029942,-4.136246296468815,-3.7277946191056284
fasttrack,bark,ʉ̟ː,277.2290502793296,-10.913867165426868,-3.917355217273498,-11.285388043638076,-10.48680504688376,-4.140257909790891,-3.7288531246079164
fasttrack,bark,ʉ̟ː,279.58100558659214,-10.904756802537207,-3.9188440967595173,-11.277791172296643,-10.473470821572096,-4.143011930256686,-3.7300188937829293
fasttrack,bark,ʉ̟ː,281.9329608938548,-10.896348410600055,-3.9203510495828957,-11.270505098341543,-10.461329173759111,-4.145565805382644,-3.7314016698117314
fasttrack,bark,ʉ̟ː,284.2849162011173,-10.888652466793816,-3.9218763454949372,-11.263534460539734,-10.45181451506497,-4.147928328442312,-3.733010071458036
fasttrack,bark,ʉ̟ː,286.6368715083799,-10.881679448296882,-3.9234202542469454,-11.25688389765818,-10.444037502448632,-4.150161963745003,-3.7350064560013947
fasttrack,bark,ʉ̟ː,288.9888268156425,-10.87543983228765,-3.9249830455902246,-11.25055804846384,-10.437343843518955,-4.1521889645183165,-3.737146552233322
fasttrack,bark,ʉ̟ː,291.340782122905,-10.869944095944513,-3.926564989276078,-11.244823410661201,-10.431749014757179,-4.154006378840402,-3.7392885019208135
fasttrack,bark,ʉ̟ː,293.6927374301676,-10.865202716445868,-3.9281663550558097,-11.240865622810736,-10.42726849264454,-4.155611254789412,-3.741330874010151
fasttrack,bark,ʉ̟ː,296.0446927374302,-10.861226170970113,-3.9297874126807235,-11.237270835196503,-10.423917753662282,-4.157000640443499,-3.743487557647776
fasttrack,bark,ʉ̟ː,298.3966480446927,-10.858024936695642,-3.9314284319021233,-11.23404402042448,-10.42171227429164,-4.158171583880814,-3.7462966243709315
fasttrack,bark,ʉ̟ː,300.7486033519553,-10.855609490800848,-3.933089682471314,-11.231190151100643,-10.42006946014812,-4.159096047133923,-3.749438686861953
fasttrack,bark,ʉ̟ː,303.1005586592179,-10.853990310464132,-3.934771434139598,-11.228843880469336,-10.419419512143183,-4.159265281338198,-3.7522576783107056
fasttrack,bark,ʉ̟ː,305.4525139664804,-10.853177872863887,-3.936473956658279,-11.22696321221648,-10.419857011100286,-4.159642450488947,-3.7549520892149535
fasttrack,bark,ʉ̟ː,307.80446927374305,-10.853182655178507,-3.9381975197786625,-11.22547469444444,-10.421396079707245,-4.159960794131988,-3.7579367422108843
fasttrack,bark,ʉ̟ː,310.1564245810056,-10.854015134586392,-3.939942393252051,-11.224383354723482,-10.424050840651883,-4.160051215960168,-3.7612153583509547
fasttrack,bark,ʉ̟ː,312.50837988826817,-10.855685788265934,-3.941708846829749,-11.224617279507198,-10.427835416622015,-4.159910830887225,-3.764063297587174
fasttrack,bark,ʉ̟ː,314.86033519553075,-10.858204393443707,-3.9434971426460383,-11.225738255298063,-10.432763018416216,-4.15953696448845,-3.7679708009337807
fasttrack,bark,ʉ̟ː,317.2122905027933,-10.861562304663302,-3.945307342355726,-11.22368934606959,-10.438822855971917,-4.158932486936544,-3.7725470650830317
fasttrack,bark,ʉ̟ː,319.56424581005587,-10.86573106210547,-3.9471392919895925,-11.222041049158957,-10.445978325300786,-4.1581062318496445,-3.7765370577185093
fasttrack,bark,ʉ̟ː,321.91620111731845,-10.870681227200365,-3.94899282692745,-11.220782377683625,-10.454191547309378,-4.157067327416344,-3.7807006889406476
fasttrack,bark,ʉ̟ː,324.268156424581,-10.876383361378128,-3.950867782549112,-11.220062872619163,-10.463424642904233,-4.155824901825237,-3.785128272671806
fasttrack,bark,ʉ̟ː,326.62011173184356,-10.882808026068908,-3.9527639942343904,-11.222091710688572,-10.473639732991904,-4.15469981741847,-3.7898087667141755
fasttrack,bark,ʉ̟ː,328.97206703910615,-10.889925782702853,-3.9546812973630976,-11.22462544197222,-10.484490885314333,-4.154108921323411,-3.7955502291163645
fasttrack,bark,ʉ̟ː,331.3240223463687,-10.897707192710111,-3.956619527315047,-11.22822488168155,-10.495781616240725,-4.153703874786069,-3.801540711157996
fasttrack,bark,ʉ̟ː,333.6759776536313,-10.906122817520828,-3.958578519470051,-11.23228609099038,-10.508087182568568,-4.153118676513228,-3.8076839566116316
fasttrack,bark,ʉ̟ː,336.02793296089385,-10.915143218565149,-3.960558109207921,-11.236690613107761,-10.521362894444044,-4.153297660838134,-3.8136864998484006
fasttrack,bark,ʉ̟ː,338.37988826815644,-10.924738957273222,-3.9625581319084713,-11.239635842343814,-10.536573049913066,-4.151234779503028,-3.8212758038304435
fasttrack,bark,ʉ̟ː,340.731843575419,-10.934880595075194,-3.9645784229515133,-11.242587216898961,-10.552974883261877,-4.14760983182245,-3.828855666195501
fasttrack,bark,ʉ̟ː,343.08379888268155,-10.945538693401215,-3.96661881771686,-11.24460888108284,-10.569593366582149,-4.144801870558108,-3.83520254314266
fasttrack,bark,ʉ̟ː,345.43575418994413,-10.956683813681426,-3.9686791515843245,-11.246886361124966,-10.58671814685299,-4.143432438829807,-3.8407560956937443
fasttrack,bark,ʉ̟ː,347.7877094972067,-10.968286517345978,-3.9707592599337183,-11.24984066918105,-10.605574832784537,-4.14194625856712,-3.847093862610332
fasttrack,bark,ʉ̟ː,350.13966480446925,-10.980317365825018,-3.9728589781448544,-11.25533912194475,-10.624914709409147,-4.140394003531857,-3.8539207275361025
fasttrack,bark,ʉ̟ː,352.49162011173183,-10.992746920548694,-3.9749781415975463,-11.262031968359022,-10.644761592388516,-4.140295890730086,-3.8601134463728166
fasttrack,bark,ʉ̟ː,354.8435754189944,-11.005545742947149,-3.977116585671605,-11.2708844462658,-10.66741271982696,-4.139095193946294,-3.865560140185551
fasttrack,bark,ʉ̟ː,357.19553072625695,-11.01868439445053,-3.9792741457468446,-11.278943978020356,-10.687680117566364,-4.13847353609309,-3.86959299632042
fasttrack,bark,ʉ̟ː,359.5474860335196,-11.032133436488989,-3.981450657203076,-11.284769025062143,-10.708449566970076,-4.1385632322395765,-3.8760885721485634
fasttrack,bark,ʉ̟ː,361.8994413407821,-11.045863430492666,-3.983645955420114,-11.292417817395934,-10.727160178695087,-4.135009759010216,-3.880870706280589
fasttrack,bark,ʉ̟ː,364.2513966480447,-11.059844937891716,-3.9858598757777695,-11.299047848249531,-10.746361891113091,-4.1324800504485335,-3.885363136531826
fasttrack,bark,ʉ̟ː,366.6033519553073,-11.074048520116282,-3.988092253655855,-11.305896979743403,-10.768100490391408,-4.129914313423386,-3.889019350997236
fasttrack,bark,ʉ̟ː,368.9553072625698,-11.088444738596507,-3.9903429244341844,-11.312860303031634,-10.79000634156139,-4.128225257037812,-3.892603488012428
fasttrack,bark,ʉ̟ː,371.3072625698324,-11.103004154762544,-3.992611723492569,-11.31992165617144,-10.815096714735661,-4.126803354973371,-3.8955371401412413
fasttrack,bark,ʉ̟ː,373.659217877095,-11.117697330044539,-3.9948984862108223,-11.326226101052814,-10.840163457642845,-4.124444053273359,-3.8978166067318027
fasttrack,bark,ʉ̟ː,376.0111731843575,-11.132494825872637,-3.997203047968756,-11.332133520805625,-10.86823048619611,-4.1239912823174585,-3.9020144381322655
fasttrack,bark,ʉ̟ː,378.3631284916201,-11.147367203676986,-3.9995252441461835,-11.337619381345128,-10.89209336403102,-4.126928689841461,-3.9046760353471552
fasttrack,bark,ʉ̟ː,380.7150837988827,-11.162285024887732,-4.001864910122918,-11.346691448650478,-10.916750097665824,-4.127196201953759,-3.905951732158286
fasttrack,bark,ʉ̟ː,383.0670391061453,-11.177218850935022,-4.00422188127877,-11.356799433162118,-10.935114018802878,-4.127358467272016,-3.9095640162967165
fasttrack,bark,ʉ̟ː,385.4189944134078,-11.192139243249002,-4.006595992993553,-11.370461801332501,-10.957579908873964,-4.128644432651438,-3.9132374255403177
fasttrack,bark,ʉ̟ː,387.7709497206704,-11.207016763259823,-4.00898708064708,-11.379925962442503,-10.980144675340973,-4.128405245754737,-3.9164338239332235
fasttrack,bark,ʉ̟ː,390.122905027933,-11.221821972397628,-4.011394979619165,-11.390794110225002,-10.99974929635675,-4.128855798142831,-3.918385240301913
fasttrack,bark,ʉ̟ː,392.47486033519556,-11.23652543209257,-4.013819525289618,-11.400415043327047,-11.017362094393597,-4.128734212999624,-3.9211389140660096
fasttrack,bark,ʉ̟ː,394.8268156424581,-11.251097703774782,-4.016260553038252,-11.409988710070127,-11.03476703958039,-4.127868983037209,-3.926155949693966
fasttrack,bark,ʉ̟ː,397.1787709497207,-11.265509348874428,-4.018717898244881,-11.420504138467535,-11.049278245627894,-4.130143266951268,-3.9285870167121515
fasttrack,bark,ʉ̟ː,399.53072625698326,-11.279730928821646,-4.021191396289316,-11.433717690669395,-11.070049050083885,-4.13085707188416,-3.9289703245208196
fasttrack,bark,ʉ̟ː,401.8826815642458,-11.293733005046583,-4.02368088255137,-11.44806273954636,-11.088570839404627,-4.134063537059594,-3.9291063038776746
fasttrack,bark,ʉ̟ː,404.23463687150837,-11.307486138979387,-4.026186192410858,-11.463524192136092,-11.1013149774313,-4.139677921445584,-3.929798615492981
fasttrack,bark,ʉ̟ː,406.58659217877096,-11.320960892050206,-4.028707161247589,-11.478163276309996,-11.111250775794689,-4.145055574215639,-3.931160512358561
fasttrack,bark,ʉ̟ː,408.93854748603354,-11.334127825689187,-4.031243624441378,-11.492692885990328,-11.127615407089129,-4.15035429306622,-3.9319035970550056
fasttrack,bark,ʉ̟ː,411.29050279329607,-11.346957501326473,-4.033795417372035,-11.506323212536461,-11.142691435456843,-4.153480003897229,-3.9335917241321163
fasttrack,bark,ʉ̟ː,413.64245810055866,-11.359420480392217,-4.036362375419376,-11.520088045748349,-11.158895819333912,-4.1542737160136225,-3.93532652632231
fasttrack,bark,ʉ̟ː,415.99441340782124,-11.371487324316561,-4.038944333963212,-11.531270988930563,-11.172203904402341,-4.158618610491257,-3.9386306811308933
fasttrack,bark,ʉ̟ː,418.3463687150838,-11.383128594529657,-4.041541128383354,-11.542459787350237,-11.183832913271177,-4.160695649677714,-3.9421659918998557
fasttrack,bark,ʉ̟ː,420.69832402234636,-11.394314852461644,-4.044152594059617,-11.555275406636474,-11.194452195419704,-4.163264686835206,-3.9457885916511635
fasttrack,bark,ʉ̟ː,423.05027932960894,-11.405016659542676,-4.046778566371813,-11.563650131311336,-11.205207726895019,-4.163631050587361,-3.9474739849718286
fasttrack,bark,ʉ̟ː,425.4022346368715,-11.415204577202902,-4.049418880699753,-11.5767221844343,-11.2209000953064,-4.165100683536435,-3.947762280167489
fasttrack,bark,ʉ̟ː,427.75418994413405,-11.424849166872459,-4.052073372423252,-11.588181188153978,-11.230781460837303,-4.1684275261565364,-3.948235542319612
fasttrack,bark,ʉ̟ː,430.10614525139664,-11.433920989981505,-4.0547418769221215,-11.595447399926764,-11.240591773410113,-4.1732324230836815,-3.9489809733096704
fasttrack,bark,ʉ̟ː,432.4581005586592,-11.442390607960174,-4.057424229576173,-11.603905325407805,-11.24926717502383,-4.177765847556099,-3.9494155861577296
fasttrack,bark,ʉ̟ː,434.8100558659218,-11.450228582238628,-4.060120265765221,-11.611743168178375,-11.25664952336026,-4.180655322659906,-3.9501420515171923
fasttrack,bark,ʉ̟ː,437.16201117318434,-11.457405474247,-4.0628298208690765,-11.619951203903838,-11.264780550204906,-4.184801553763721,-3.9513599783568663
fasttrack,bark,ʉ̟ː,439.5139664804469,-11.463891845415452,-4.065552730267553,-11.62548078948182,-11.274753332328505,-4.188097031205751,-3.95255552007335
fasttrack,bark,ʉ̟ː,441.8659217877095,-11.469658257174114,-4.068288829340464,-11.630103452473767,-11.283795326665803,-4.191099830770531,-3.9542650972545514
fasttrack,bark,ʉ̟ː,444.2178770949721,-11.474675270953147,-4.071037953467619,-11.633866530810273,-11.292713786084802,-4.192692399637079,-3.956415860819007
fasttrack,bark,ʉ̟ː,446.5698324022346,-11.478913448182688,-4.0737999380288334,-11.637341365345314,-11.299402678606702,-4.192617183342509,-3.960106114979052
fasttrack,bark,ʉ̟ː,448.9217877094972,-11.482343350292894,-4.076574618403919,-11.641253245039971,-11.304683271313285,-4.192087701559794,-3.9625571066659653
fasttrack,bark,ʉ̟ː,451.2737430167598,-11.484943131780835,-4.079361807567943,-11.654418239908255,-11.30974263107582,-4.191184182667656,-3.966657952330455
fasttrack,bark,ʉ̟ː,453.6256983240223,-11.48672450786511,-4.082161219468869,-11.656743355843464,-11.31410289069635,-4.192730269435368,-3.9722418718157027
fasttrack,bark,ʉ̟ː,455.9776536312849,-11.48770846299854,-4.084972540704078,-11.65653371905285,-11.317145521789552,-4.196121936527322,-3.9755744667106274
fasttrack,bark,ʉ̟ː,458.3296089385475,-11.487915981942994,-4.087795457870032,-11.656464392993863,-11.32124788782319,-4.1993316437448795,-3.980338709055975
fasttrack,bark,ʉ̟ː,460.6815642458101,-11.487368049460331,-4.090629657563201,-11.654081153641568,-11.324141485256849,-4.201348239348374,-3.985264481811151
fasttrack,bark,ʉ̟ː,463.0335195530726,-11.486085650312422,-4.093474826380049,-11.652314590022277,-11.323329361941948,-4.20473718463796,-3.9881782492408364
fasttrack,bark,ʉ̟ː,465.3854748603352,-11.484089769261125,-4.096330650917044,-11.648887462006604,-11.324999759835924,-4.20665158119082,-3.9932635713508406
fasttrack,bark,ʉ̟ː,467.7374301675978,-11.481401391068307,-4.099196817770651,-11.648634847184725,-11.322251653194588,-4.208203471852403,-3.998775967748492
fasttrack,bark,ʉ̟ː,470.08938547486036,-11.478041500495834,-4.102073013537337,-11.64809669289803,-11.320377690702975,-4.2072932004262205,-4.002814664684989
fasttrack,bark,ʉ̟ː,472.4413407821229,-11.474031082305565,-4.104958924813568,-11.642570287088104,-11.319479699430644,-4.2124299624167145,-4.005534023608721
fasttrack,bark,ʉ̟ː,474.7932960893855,-11.469391121259369,-4.107854238195809,-11.634725873509355,-11.316815493299577,-4.216886568428012,-4.005655582301847
fasttrack,bark,ʉ̟ː,477.14525139664806,-11.464142602119109,-4.11075864028053,-11.633624758724082,-11.311268065527528,-4.219662570519815,-4.007377226886947
fasttrack,bark,ʉ̟ː,479.4972067039106,-11.458306509646647,-4.113671817664193,-11.633219294879494,-11.30499266876075,-4.224591369543249,-4.0061594597003065
fasttrack,bark,ʉ̟ː,481.8491620111732,-11.45190382860385,-4.116593456943267,-11.631633967421687,-11.296072457468657,-4.227418313644476,-4.006907932472531
fasttrack,bark,ʉ̟ː,484.20111731843576,-11.444955543752583,-4.119523244714218,-11.630739476202706,-11.287414107440748,-4.231353070479189,-4.009874270983514
fasttrack,bark,ʉ̟ː,486.55307262569835,-11.437482639854709,-4.122460867573511,-11.632760777968716,-11.275716692253328,-4.2357230041156955,-4.011955199687985
fasttrack,bark,ʉ̟ː,488.9050279329609,-11.429506101672086,-4.125406012117613,-11.635507088109621,-11.259154991707996,-4.241632186191714,-4.012984166548772
fasttrack,bark,ʉ̟ː,491.25698324022346,-11.421046913966594,-4.12835836494299,-11.642343436125994,-11.241658720213882,-4.247632379728248,-4.013587272472859
fasttrack,bark,ʉ̟ː,493.60893854748605,-11.41212606150008,-4.131317612646109,-11.646123896545253,-11.225203091117198,-4.25410231758551,-4.0106427018399184
fasttrack,bark,ʉ̟ː,495.96089385474863,-11.402764529034421,-4.134283441823436,-11.656835012146201,-11.210250511621828,-4.26309848185646,-4.009128477366244
fasttrack,bark,ʉ̟ː,498.31284916201116,-11.392983301331473,-4.137255539071438,-11.66485600475291,-11.194784594615069,-4.26803440326506,-4.004727631605585
fasttrack,bark,ʉ̟ː,500.66480446927375,-11.382803363153105,-4.140233590986579,-11.673110340193576,-11.175642546473304,-4.273042201946483,-4.0005132616558
fasttrack,bark,ʉ̟ː,503.01675977653633,-11.372245699261182,-4.143217284165328,-11.67770117390489,-11.156760295102389,-4.278495683060497,-3.9935866259895976
fasttrack,bark,ʉ̟ː,505.36871508379886,-11.361331294417564,-4.14620630520415,-11.678916865159566,-11.13575969036051,-4.2862056131312,-3.9868188497077495
fasttrack,bark,ʉ̟ː,507.72067039106145,-11.350081133384116,-4.149200340699511,-11.683558257835545,-11.115432605986214,-4.293625922726931,-3.982144982399568
fasttrack,bark,ʉ̟ː,510.07262569832403,-11.338516200922703,-4.152199077247877,-11.684074899239466,-11.098327440153287,-4.300656043567786,-3.976117437681372
fasttrack,bark,ʉ̟ː,512.4245810055866,-11.326657481795195,-4.155202201445716,-11.684987118834163,-11.07977567139187,-4.308436421999672,-3.967269419328005
fasttrack,bark,ʉ̟ː,514.7765363128492,-11.314525960763449,-4.1582093998894925,-11.68479471277003,-11.053321135375514,-4.3179249912895745,-3.9574851542913927
fasttrack,bark,ʉ̟ː,517.1284916201117,-11.302142622589328,-4.161220359175674,-11.688430663532085,-11.0300474902246,-4.328962807476147,-3.948977859221823
fasttrack,bark,ʉ̟ː,519.4804469273743,-11.289528452034709,-4.164234765900727,-11.689539897607967,-11.006412277099614,-4.338984717303152,-3.9403407573744937
fasttrack,bark,ʉ̟ː,521.8324022346369,-11.276704433861438,-4.167252306661116,-11.692890563838336,-10.980336275775812,-4.347914079453433,-3.9338370109884044
fasttrack,bark,ʉ̟ː,524.1843575418994,-11.26369155283139,-4.170272668053308,-11.696156818441008,-10.9503422291561,-4.359402656909219,-3.926032610390672
fasttrack,bark,ʉ̟ː,526.536312849162,-11.25051079370643,-4.173295536673771,-11.699665367819868,-10.923164361753356,-4.368982108723918,-3.917572673219219
fasttrack,bark,ʉ̟ː,528.8882681564246,-11.237183141248419,-4.176320599118969,-11.705865686380442,-10.899750166535616,-4.37864139079525,-3.9090407490191215
fasttrack,bark,ʉ̟ː,531.2402234636871,-11.22372958021922,-4.17934754198537,-11.71237428624423,-10.87408001471485,-4.389246508685315,-3.9016717546560056
fasttrack,bark,ʉ̟ː,533.5921787709497,-11.210171095380701,-4.182376051869439,-11.718869552852006,-10.846742726898452,-4.40153853002476,-3.894728204903906
fasttrack,bark,ʉ̟ː,535.9441340782123,-11.196528671494725,-4.185405815367643,-11.726265102816063,-10.813051047040558,-4.414291165391803,-3.8860348001282894
fasttrack,bark,ʉ̟ː,538.2960893854749,-11.182823293323162,-4.188436519076448,-11.73470567834198,-10.785184380343093,-4.427072714955448,-3.8775249654733126
fasttrack,bark,ʉ̟ː,540.6480446927374,-11.169075945627865,-4.191467849592321,-11.743441702312948,-10.756964493897767,-4.439873540650158,-3.869025061704424
fasttrack,bark,ʉ̟ː,543.0,-11.155307613170702,-4.194499493511727,-11.752356176251869,-10.726389843968187,-4.452684004410404,-3.8605156224544253
fasttrack,bark,øː,122.0,-11.697657997803828,-4.921985194970386,-12.155310424026425,-11.06623822931606,-5.224568922704364,-4.612082907272522
fasttrack,bark,øː,124.35195530726257,-11.679979090517858,-4.924341110155361,-12.12423868735116,-11.056806454924283,-5.219510332450555,-4.620774556901738
fasttrack,bark,øː,126.70391061452514,-11.66230589197061,-4.926696776214386,-12.095555000613983,-11.047379583563497,-5.215750241477028,-4.629463752142432
fasttrack,bark,øː,129.0558659217877,-11.644644110900806,-4.929051944021515,-12.067455381421452,-11.037962518264694,-5.211993208996502,-4.638148038606081
fasttrack,bark,øː,131.40782122905028,-11.626999456047171,-4.931406364450796,-12.03938158741888,-11.037401329636518,-5.208240764255478,-4.646824961904164
fasttrack,bark,øː,133.75977653631284,-11.609377636148423,-4.933759788376281,-12.011342227002919,-11.036936341457986,-5.201981811444212,-4.655492067648158
fasttrack,bark,øː,136.11173184357543,-11.591784359943288,-4.936111966672022,-11.983345908570218,-11.036469823702422,-5.197266540328489,-4.66685272687049
fasttrack,bark,øː,138.46368715083798,-11.574225336170487,-4.938462650212069,-11.955401240517439,-11.03600147045442,-5.1940940001893665,-4.678584003010532
fasttrack,bark,øː,140.81564245810057,-11.556706273568743,-4.940811589870473,-11.927516831241226,-11.035530975798572,-5.191992427968348,-4.690289549313808
fasttrack,bark,øː,143.16759776536313,-11.539232880876776,-4.9431585365212865,-11.899701289138235,-11.034894058982532,-5.187242430619362,-4.7019067045342275
fasttrack,bark,øː,145.51955307262568,-11.521810866833311,-4.9455032410385575,-11.87196322260512,-11.033994063228251,-5.181089983480024,-4.710881770606547
fasttrack,bark,øː,147.87150837988827,-11.50444594017707,-4.94784545429634,-11.844356663380834,-11.029820875569222,-5.174001463451789,-4.715503839662486
fasttrack,bark,øː,150.22346368715085,-11.487143809646774,-4.950184927168685,-11.81604597625455,-11.020778074547074,-5.168662452354805,-4.726480227866243
fasttrack,bark,øː,152.5754189944134,-11.469910183981145,-4.952521410529641,-11.784301288780224,-11.011574819721027,-5.163375342014746,-4.7390372683019395
fasttrack,bark,øː,154.92737430167597,-11.452750771918907,-4.954854655253262,-11.761969024120633,-11.002395614106087,-5.158115322750969,-4.7501469683736435
fasttrack,bark,øː,157.27932960893855,-11.435671282198783,-4.957184412213597,-11.736246698734972,-11.000265881797679,-5.15289039460843,-4.7604636425567435
fasttrack,bark,øː,159.6312849162011,-11.418677423559494,-4.959510432284699,-11.712680791688491,-10.998150181495184,-5.147703064095792,-4.767886667013278
fasttrack,bark,øː,161.9832402234637,-11.401774904739762,-4.961832466340616,-11.68438746644515,-10.995901659415011,-5.142555837721713,-4.775205197148275
fasttrack,bark,øː,164.33519553072625,-11.38496943447831,-4.964150265255401,-11.656403188857361,-10.993564397368672,-5.137888418667369,-4.781329151063095
fasttrack,bark,øː,166.68715083798884,-11.368266721513859,-4.966463579903105,-11.63260404956528,-10.993048053407845,-5.133895921422983,-4.78929371655248
fasttrack,bark,øː,169.0391061452514,-11.351672474585133,-4.968772161157779,-11.6128721733637,-10.992501384869929,-5.132150503772994,-4.799731307054117
fasttrack,bark,øː,171.39106145251395,-11.335192402430854,-4.971075759893475,-11.58682065645308,-10.986953761760683,-5.130409145754214,-4.8074923512726135
fasttrack,bark,øː,173.74301675977654,-11.318832213789744,-4.973374126984242,-11.559697627273499,-10.981090600547713,-5.131698492037982,-4.815217228248008
fasttrack,bark,øː,176.09497206703912,-11.302597617400526,-4.9756670133041325,-11.538470193477634,-10.978137770155868,-5.127579769909531,-4.8228917883757765
fasttrack,bark,øː,178.44692737430168,-11.28649432200192,-4.977954169727197,-11.524069086055857,-10.963464486417882,-5.123222476982877,-4.830357223413595
fasttrack,bark,øː,180.79888268156424,-11.270528036332651,-4.980235347127487,-11.512068945060554,-10.95945470724486,-5.119589063292293,-4.834521865556416
fasttrack,bark,øː,183.15083798882682,-11.254704469131442,-4.982510296379052,-11.498975799426441,-10.956761668204006,-5.116487274631247,-4.83823619938858
fasttrack,bark,øː,185.50279329608938,-11.239029329137011,-4.9847787683559455,-11.483331037009185,-10.950372256372809,-5.115125387854345,-4.840555530547616
fasttrack,bark,øː,187.85474860335194,-11.223508325088085,-4.987040513932216,-11.46692407613875,-10.934336554882654,-5.11383181820686,-4.845580031076743
fasttrack,bark,øː,190.20670391061452,-11.208147165723386,-4.989295283981917,-11.44695069178864,-10.917789632650239,-5.112540581094243,-4.847583029006937
fasttrack,bark,øː,192.5586592178771,-11.19295155978163,-4.991542829379099,-11.423827582292866,-10.901879821822416,-5.11172005141022,-4.847685492853067
fasttrack,bark,øː,194.91061452513966,-11.17792721600155,-4.993782900997812,-11.408661890675116,-10.88103655417223,-5.110398230561291,-4.847848337989641
fasttrack,bark,øː,197.26256983240222,-11.16307984312186,-4.996015249712107,-11.394196850996305,-10.87013034693532,-5.110120782164927,-4.852994577631301
fasttrack,bark,øː,199.6145251396648,-11.148415149881284,-4.998239626396036,-11.378924157248884,-10.853419281018832,-5.110981794535781,-4.860243340633825
fasttrack,bark,øː,201.9664804469274,-11.133938845018545,-5.000455781923648,-11.369543171985798,-10.83727063881849,-5.115205964507871,-4.863842231877752
fasttrack,bark,øː,204.31843575418995,-11.119656637272366,-5.002663467168998,-11.356410397678918,-10.819429773392175,-5.119134302175237,-4.867444602739866
fasttrack,bark,øː,206.6703910614525,-11.105574235381471,-5.004862433006133,-11.351272384472312,-10.815186873180794,-5.12388788519369,-4.87105055556188
fasttrack,bark,øː,209.0223463687151,-11.091697348084576,-5.007052430309107,-11.341902079486825,-10.80348407092643,-5.128000491505775,-4.8745691520529455
fasttrack,bark,øː,211.37430167597765,-11.078031684120411,-5.00923320995197,-11.331704890509242,-10.786247286880215,-5.133661471413164,-4.87650528132494
fasttrack,bark,øː,213.7262569832402,-11.064582952227694,-5.011404522808772,-11.3253628532372,-10.763957950240991,-5.136647428476548,-4.877935693221252
fasttrack,bark,øː,216.0782122905028,-11.051356861145148,-5.013566119753565,-11.319080318969208,-10.74085468322322,-5.137865126529618,-4.878433211114068
fasttrack,bark,øː,218.43016759776538,-11.038359119611496,-5.0157177516604,-11.31550758403407,-10.722546074370896,-5.139932252167211,-4.877885182573128
fasttrack,bark,øː,220.78212290502793,-11.025595436365458,-5.017859169403328,-11.309251517888791,-10.704860714790605,-5.142516904575249,-4.878592157112816
fasttrack,bark,øː,223.1340782122905,-11.013071520145761,-5.0199901238564,-11.302077902098567,-10.688726046719012,-5.14752948989788,-4.8778225676777325
fasttrack,bark,øː,225.48603351955308,-11.000793079691123,-5.022110365893667,-11.29248857254397,-10.669409412128859,-5.1522265886271175,-4.878730335038211
fasttrack,bark,øː,227.83798882681566,-10.988765823740268,-5.02421964638918,-11.284046909529303,-10.648026293731668,-5.156195988539653,-4.881566259551712
fasttrack,bark,øː,230.18994413407822,-10.976995461031919,-5.02631771621699,-11.277075151228152,-10.632823073316183,-5.16041392735835,-4.882928281580225
fasttrack,bark,øː,232.54189944134077,-10.965487700304797,-5.02840432625115,-11.270183677195671,-10.612969852093872,-5.163210987962438,-4.886073880125834
fasttrack,bark,øː,234.89385474860336,-10.954248250297626,-5.030479227365708,-11.263374232742047,-10.593259431802004,-5.165837259684517,-4.887419159570801
fasttrack,bark,øː,237.24581005586592,-10.943282819749125,-5.032542170434716,-11.256648563177473,-10.575667944000879,-5.169540093868884,-4.892361774755511
fasttrack,bark,øː,239.59776536312847,-10.932597117398021,-5.034592906332225,-11.250008413812132,-10.55868311451639,-5.173336190977581,-4.893811669615882
fasttrack,bark,øː,241.94972067039106,-10.922196851983033,-5.036631185932288,-11.243455529956218,-10.542770791043571,-5.1773794173055165,-4.894333570629285
fasttrack,bark,øː,244.30167597765364,-10.912087732242885,-5.038656760108953,-11.237079904446956,-10.532303573091594,-5.182343357898084,-4.893129397697654
fasttrack,bark,øː,246.6536312849162,-10.902275466916297,-5.040669379736274,-11.232011715280603,-10.51695505311141,-5.1860186453888,-4.894475583920847
fasttrack,bark,øː,249.00558659217876,-10.892765764741993,-5.0426687956883,-11.227051597935905,-10.502610656343043,-5.190147798968238,-4.8963169863431935
fasttrack,bark,øː,251.35754189944134,-10.883564334458697,-5.044654758839083,-11.222269483910742,-10.488948236087309,-5.193994968388158,-4.897856523314552
fasttrack,bark,øː,253.7094972067039,-10.87467688480513,-5.046627020062673,-11.215531929825872,-10.475980421538885,-5.1967569931667805,-4.89882444462831
fasttrack,bark,øː,256.0614525139665,-10.866109124520012,-5.048585330233122,-11.208761669930979,-10.463666534951718,-5.199853709914983,-4.899904479235032
fasttrack,bark,øː,258.41340782122904,-10.857866762342068,-5.05052944022448,-11.205296122317666,-10.451993748352592,-5.204783472231646,-4.901086144797795
fasttrack,bark,øː,260.76536312849163,-10.84995550701002,-5.0524591009107995,-11.200782479424044,-10.44105785785511,-5.2074999313277734,-4.9024182858604775
fasttrack,bark,øː,263.1173184357542,-10.84238106726259,-5.054374063166131,-11.194033165590964,-10.43139984407582,-5.210229406598417,-4.903953481358085
fasttrack,bark,øː,265.46927374301674,-10.835149151838499,-5.056274077864526,-11.191507514402815,-10.423464334966228,-5.213737889967006,-4.905271300828529
fasttrack,bark,øː,267.8212290502793,-10.828265469476472,-5.058158895880034,-11.186500184086144,-10.41601025772589,-5.217079085507373,-4.906179750966217
fasttrack,bark,øː,270.1731843575419,-10.82173572891523,-5.0600282680867075,-11.181626490532658,-10.408536028254922,-5.220250250796107,-4.906121529359942
fasttrack,bark,øː,272.52513966480444,-10.815565638893496,-5.061881945358597,-11.176888589174013,-10.401758318451195,-5.223253760195841,-4.907521288076658
fasttrack,bark,øː,274.877094972067,-10.80976090814999,-5.063719678569754,-11.172288635441877,-10.393751251135757,-5.226478003685293,-4.910632857276769
fasttrack,bark,øː,277.2290502793296,-10.804327245423437,-5.065541218594229,-11.167828784767915,-10.38607589069096,-5.230154729069232,-4.913833730350634
fasttrack,bark,øː,279.58100558659214,-10.799270359452558,-5.067346316306072,-11.16351119258379,-10.38119799851996,-5.232377391509839,-4.915752990397733
fasttrack,bark,øː,281.9329608938548,-10.794595958976075,-5.069134722579336,-11.159338014321166,-10.377076427482864,-5.234349056933846,-4.916833043393414
fasttrack,bark,øː,284.2849162011173,-10.790309752732714,-5.070906188288072,-11.155311405411709,-10.373722465954803,-5.236118395000466,-4.917009294293391
fasttrack,bark,øː,286.6368715083799,-10.78641744946119,-5.07266046430633,-11.15143352128708,-10.371147402310912,-5.237707855821257,-4.917363085388042
fasttrack,bark,øː,288.9888268156425,-10.782924757900233,-5.074397301508161,-11.147706517378946,-10.369362524926322,-5.2392123215220945,-4.918750396450158
fasttrack,bark,øː,291.340782122905,-10.779837386788563,-5.076116450767618,-11.144284455587009,-10.368379122176165,-5.240722619322304,-4.920640112283775
fasttrack,bark,øː,293.6927374301676,-10.777161044864897,-5.077817662958749,-11.14228368552973,-10.368208482435577,-5.242032178859479,-4.92164706669387
fasttrack,bark,øː,296.0446927374302,-10.774901440867968,-5.079500688955607,-11.140453691164408,-10.368752407456386,-5.2431382121021874,-4.921547031154236
fasttrack,bark,øː,298.3966480446927,-10.773064283536486,-5.081165279632241,-11.13867558012772,-10.368128193178544,-5.244043632510871,-4.921885200401923
fasttrack,bark,øː,300.7486033519553,-10.771655281609181,-5.082811185862706,-11.13697980381288,-10.368420773360972,-5.244754843997724,-4.923358266636921
fasttrack,bark,øː,303.1005586592179,-10.770680143824777,-5.08443815852105,-11.135706299102843,-10.371407211661928,-5.245745657974862,-4.925026884390691
fasttrack,bark,øː,305.4525139664804,-10.770144578921991,-5.086045948481325,-11.134515235195085,-10.376036624416118,-5.245549252009746,-4.92735131471359
fasttrack,bark,øː,307.80446927374305,-10.770054295639547,-5.0876343066175815,-11.132299155292184,-10.381660287000132,-5.245626963688088,-4.930198136136465
fasttrack,bark,øː,310.1564245810056,-10.770415002716167,-5.089202983803871,-11.128152267796228,-10.388290946206661,-5.2450894406265585,-4.933988184430472
fasttrack,bark,øː,312.50837988826817,-10.771231845477772,-5.090751685785938,-11.12417514721522,-10.395939987398394,-5.2442923937713655,-4.937041942976665
fasttrack,bark,øː,314.86033519553075,-10.772498917316215,-5.09227923307042,-11.12075601394612,-10.404592090058292,-5.24325954047111,-4.940146881768694
fasttrack,bark,øː,317.2122905027933,-10.77420022534677,-5.0937836382721855,-11.120388565655466,-10.413550428974501,-5.242292467511375,-4.942841620648898
fasttrack,bark,øː,319.56424581005587,-10.776319406909638,-5.0952628843878145,-11.120184461269782,-10.422857184700048,-5.2410313594891,-4.946341093685334
fasttrack,bark,øː,321.91620111731845,-10.778840099345024,-5.096714954413891,-11.120136237129788,-10.432936672727893,-5.23900270247938,-4.948270457697179
fasttrack,bark,øː,324.268156424581,-10.781745939993128,-5.098137831346997,-11.120732311595223,-10.444879020473893,-5.238445258739133,-4.950792700244985
fasttrack,bark,øː,326.62011173184356,-10.785020566194152,-5.0995294981837125,-11.122710330735337,-10.458074140504475,-5.2363850699188905,-4.956113798554099
fasttrack,bark,øː,328.97206703910615,-10.7886476152883,-5.100887937920622,-11.124791990312332,-10.471996077882794,-5.234911488001499,-4.961312126573933
fasttrack,bark,øː,331.3240223463687,-10.792610724615775,-5.102211133554307,-11.124619827060332,-10.485532840330269,-5.2326258112414346,-4.9666645290785025
fasttrack,bark,øː,333.6759776536313,-10.796893531516776,-5.1034970680813485,-11.122722504656753,-10.4964009196892,-5.23167188614799,-4.97089926726927
fasttrack,bark,øː,336.02793296089385,-10.80147967333151,-5.104743724498331,-11.12394494922189,-10.507753073773062,-5.231727232647166,-4.97363858972922
fasttrack,bark,øː,338.37988826815644,-10.806352787400176,-5.105949085801834,-11.127227942894844,-10.5205943578304,-5.232262583105433,-4.977468132631842
fasttrack,bark,øː,340.731843575419,-10.811496511062973,-5.1071111349884415,-11.130620987183834,-10.53394871194447,-5.231835010226279,-4.97961404549773
fasttrack,bark,øː,343.08379888268155,-10.816894481660112,-5.108227855054734,-11.132850959762154,-10.545433050979401,-5.231539948262971,-4.981995406148062
fasttrack,bark,øː,345.43575418994413,-10.82253033653179,-5.1092972289972955,-11.132358216770642,-10.557406460184922,-5.230466096593129,-4.98523453665292
fasttrack,bark,øː,347.7877094972067,-10.82838771301821,-5.110317239812705,-11.129757083014123,-10.569853169594879,-5.229026048973131,-4.9879610895108915
fasttrack,bark,øː,350.13966480446925,-10.834450248459571,-5.111285870497549,-11.129537115193713,-10.577323845550348,-5.225222053900715,-4.991060293418588
fasttrack,bark,øː,352.49162011173183,-10.840701580196082,-5.112201104048406,-11.129632797589931,-10.585345075959902,-5.226153244966747,-4.993885177023011
fasttrack,bark,øː,354.8435754189944,-10.84712534556794,-5.11306092346186,-11.12788881540895,-10.598900210979487,-5.227259747816432,-4.993474549955885
fasttrack,bark,øː,357.19553072625695,-10.85370518191535,-5.113863311734491,-11.128658309507049,-10.608644386309035,-5.227268564421942,-4.993555816384549
fasttrack,bark,øː,359.5474860335196,-10.860424726578515,-5.114606251862884,-11.126002031095135,-10.618820832812006,-5.229955819100611,-4.992169640509678
fasttrack,bark,øː,361.8994413407821,-10.867267616897635,-5.115287726843619,-11.124663691242265,-10.634228161263685,-5.229279111202287,-4.994763030857584
fasttrack,bark,øː,364.2513966480447,-10.874217490212914,-5.115905719673279,-11.1231668773449,-10.64603719316732,-5.230765707384514,-4.996497159547822
fasttrack,bark,øː,366.6033519553073,-10.881257983864552,-5.116458213348446,-11.115908794967092,-10.657870775421603,-5.228706371098577,-4.9973432513038265
fasttrack,bark,øː,368.9553072625698,-10.888372735192753,-5.116943190865701,-11.116118159329655,-10.67089481141365,-5.229395185589692,-4.996567519241101
fasttrack,bark,øː,371.3072625698324,-10.895545381537719,-5.1173586352216285,-11.118427760842387,-10.683302204899247,-5.2294967240101125,-4.9975113171237115
fasttrack,bark,øː,373.659217877095,-10.902759560239653,-5.117702529412808,-11.11945296082867,-10.693062052032738,-5.230340027376466,-4.998717328216614
fasttrack,bark,øː,376.0111731843575,-10.909998908638759,-5.117972856435824,-11.122324385051764,-10.698905762090893,-5.233700425506133,-4.9985534202786335
fasttrack,bark,øː,378.3631284916201,-10.917247064075234,-5.118167599287256,-11.126923159747399,-10.708664188519766,-5.238168384902312,-4.994452093967142
fasttrack,bark,øː,380.7150837988827,-10.924487663889284,-5.118284740963688,-11.130615008683089,-10.719761617218746,-5.243221107730423,-4.9906068462895385
fasttrack,bark,øː,383.0670391061453,-10.931704345421112,-5.1183222644617015,-11.1379463477539,-10.730934900261905,-5.246893892551139,-4.986830273864533
fasttrack,bark,øː,385.4189944134078,-10.93888074601092,-5.118278152777879,-11.146599569284113,-10.741417629027612,-5.248912114184651,-4.983083687336637
fasttrack,bark,øː,387.7709497206704,-10.94600050299891,-5.118150388908803,-11.153974508928014,-10.748457183981605,-5.249856057734391,-4.979408856297471
fasttrack,bark,øː,390.122905027933,-10.953047253725282,-5.117936955851054,-11.160738198603825,-10.755761819931113,-5.253530939116396,-4.976860456058624
fasttrack,bark,øː,392.47486033519556,-10.96000463553024,-5.117635836601215,-11.168581133344881,-10.763731073075308,-5.255416032738039,-4.9768568080775255
fasttrack,bark,øː,394.8268156424581,-10.966856285753988,-5.117245014155868,-11.173311662953203,-10.770616731098432,-5.2569183973387545,-4.977678631502707
fasttrack,bark,øː,397.1787709497207,-10.973585841736725,-5.116762471511596,-11.177243962128584,-10.77662296282182,-5.25986284624781,-4.978526732718648
fasttrack,bark,øː,399.53072625698326,-10.980176940818655,-5.11618619166498,-11.18282548413984,-10.78003706631526,-5.263250671549677,-4.977925310393584
fasttrack,bark,øː,401.8826815642458,-10.986613220339983,-5.115514157612601,-11.186663090222233,-10.786617199872333,-5.265996657670656,-4.977483174029376
fasttrack,bark,øː,404.23463687150837,-10.992878317640908,-5.114744352351044,-11.19286808508616,-10.790957561100683,-5.266341414811615,-4.974684035326709
fasttrack,bark,øː,406.58659217877096,-10.998955870061632,-5.113874758876889,-11.198393370629471,-10.795530652293898,-5.268914529988003,-4.971860722144293
fasttrack,bark,øː,408.93854748603354,-11.00482951494236,-5.11290336018672,-11.204345320860053,-10.801196245771603,-5.270323098586435,-4.969751122830416
fasttrack,bark,øː,411.29050279329607,-11.010482889623292,-5.111828139277117,-11.2077848782878,-10.805932634733077,-5.272218114698724,-4.966887635047293
fasttrack,bark,øː,413.64245810055866,-11.015899631444633,-5.1106470791446625,-11.210129237113582,-10.809171616318409,-5.273797354840781,-4.963703418919774
fasttrack,bark,øː,415.99441340782124,-11.021063377746579,-5.10935816278594,-11.212197496799204,-10.817081208943947,-5.274783587417096,-4.961902302239526
fasttrack,bark,øː,418.3463687150838,-11.02595776586934,-5.10795937319753,-11.216768172151026,-10.82314997975935,-5.27447825967112,-4.960540230093287
fasttrack,bark,øː,420.69832402234636,-11.030566433153114,-5.106448693376015,-11.22810098795396,-10.82735345891986,-5.2716505795529365,-4.957456021882144
fasttrack,bark,øː,423.05027932960894,-11.034873016938104,-5.104824106317978,-11.239844015689023,-10.83134815274702,-5.267430850117032,-4.954905716421259
fasttrack,bark,øː,425.4022346368715,-11.038861154564515,-5.10308359502,-11.24875207024356,-10.8341540799937,-5.266527881891563,-4.952497135398513
fasttrack,bark,øː,427.75418994413405,-11.042514483372546,-5.101225142478664,-11.251123518332802,-10.83734644264099,-5.262766709335966,-4.949927844072118
fasttrack,bark,øː,430.10614525139664,-11.0458166407024,-5.099246731690552,-11.252855386081677,-10.845122380722735,-5.259874209282321,-4.948921951467006
fasttrack,bark,øː,432.4581005586592,-11.048751263894282,-5.097146345652245,-11.254218062294287,-10.851367285968548,-5.257772858876778,-4.947631593693659
fasttrack,bark,øː,434.8100558659218,-11.05130199028839,-5.094921967360326,-11.25517617519219,-10.853826909151485,-5.254683377147759,-4.945605308797108
fasttrack,bark,øː,437.16201117318434,-11.053452457224926,-5.092571579811377,-11.256518319055111,-10.85898710625946,-5.2505194446838654,-4.943795349158311
fasttrack,bark,øː,439.5139664804469,-11.055186302044099,-5.090093166001981,-11.256324903288847,-10.860750460143997,-5.245927177604572,-4.939619225826443
fasttrack,bark,øː,441.8659217877095,-11.056487162086105,-5.087484708928718,-11.257850728272265,-10.8641939874083,-5.240933904624584,-4.93645077376628
fasttrack,bark,øː,444.2178770949721,-11.057338674691149,-5.084744191588172,-11.257573926361424,-10.863870547253619,-5.234895405735597,-4.937089379440896
fasttrack,bark,øː,446.5698324022346,-11.057724477199432,-5.081869596976924,-11.25597069909076,-10.864752202642666,-5.2291510370820475,-4.934340560708716
fasttrack,bark,øː,448.9217877094972,-11.057628206951158,-5.078858908091557,-11.253565544644623,-10.862219369543812,-5.221559389240953,-4.93282100426036
fasttrack,bark,øː,451.2737430167598,-11.057033509031847,-5.075710109398465,-11.252090330638918,-10.8620352573277,-5.216433640947351,-4.931399969606234
fasttrack,bark,øː,453.6256983240223,-11.055930832642417,-5.072422476567139,-11.252234999076652,-10.861501141642712,-5.214984931862437,-4.928740370596859
fasttrack,bark,øː,455.9776536312849,-11.054329900705879,-5.068998942801982,-11.248083403206394,-10.85787846728658,-5.209299448496804,-4.925861090662415
fasttrack,bark,øː,458.3296089385475,-11.052243825210317,-5.065443084443355,-11.243100994976055,-10.86006795166556,-5.2031787859314225,-4.923633420724209
fasttrack,bark,øː,460.6815642458101,-11.04968571814381,-5.061758477831622,-11.241412997764808,-10.857852839792505,-5.2012648025929975,-4.918692021339784
fasttrack,bark,øː,463.0335195530726,-11.046668691494443,-5.05794869930715,-11.238452232775929,-10.86025659833859,-5.195738133414903,-4.913501247987864
fasttrack,bark,øː,465.3854748603352,-11.043205857250294,-5.0540173252103,-11.235817164671321,-10.856540961645234,-5.185586965000455,-4.9106816673053135
fasttrack,bark,øː,467.7374301675978,-11.039310327399448,-5.049967931881437,-11.230657154412505,-10.851393152168505,-5.178136983714414,-4.9111680021817685
fasttrack,bark,øː,470.08938547486036,-11.034995213929985,-5.045804095660928,-11.221175728266386,-10.84771551931481,-5.176006327237201,-4.899178108521878
fasttrack,bark,øː,472.4413407821229,-11.03027362882999,-5.041529392889132,-11.211113702253222,-10.843839760663457,-5.175152987687811,-4.893235254862391
fasttrack,bark,øː,474.7932960893855,-11.02515868408754,-5.037147399906416,-11.20583637685104,-10.837190634099159,-5.173489835847022,-4.887409238228286
fasttrack,bark,øː,477.14525139664806,-11.019663491690721,-5.032661693053143,-11.196862496032582,-10.832489638607958,-5.17178846189276,-4.876822671262273
fasttrack,bark,øː,479.4972067039106,-11.01380116362761,-5.028075848669678,-11.191503854572366,-10.824077030096921,-5.16442474947355,-4.864803817390694
fasttrack,bark,øː,481.8491620111732,-11.007584811886293,-5.023393443096385,-11.19045479915549,-10.813176686475693,-5.16040782550811,-4.852780754275004
fasttrack,bark,øː,484.20111731843576,-11.001027548454847,-5.0186180526736255,-11.188231381601819,-10.803980409411835,-5.160442923603748,-4.8440430705812
fasttrack,bark,øː,486.55307262569835,-10.994142485321362,-5.013753253741767,-11.184274095068838,-10.796173061979054,-5.165734268340732,-4.830430743524581
fasttrack,bark,øː,488.9050279329609,-10.986942734473912,-5.008802622641172,-11.183985771494301,-10.790179738026538,-5.163545821581025,-4.821319374015315
fasttrack,bark,øː,491.25698324022346,-10.97944140790058,-5.003769735712204,-11.182125364435347,-10.779259471903247,-5.160226504230544,-4.810490089487203
fasttrack,bark,øː,493.60893854748605,-10.971651617589453,-4.998658169295228,-11.194663309889862,-10.77150490165039,-5.157194091392684,-4.795000941834735
fasttrack,bark,øː,495.96089385474863,-10.963586475528604,-4.993471499730607,-11.203297826320773,-10.76080020411477,-5.159164187605958,-4.774184810538502
fasttrack,bark,øː,498.31284916201116,-10.955259093706124,-4.988213303358706,-11.203668725327361,-10.743605345756876,-5.166378285839211,-4.755177759205896
fasttrack,bark,øː,500.66480446927375,-10.94668258411009,-4.9828871565198884,-11.211279490336311,-10.722974939742846,-5.169707937858865,-4.736489081285589
fasttrack,bark,øː,503.01675977653633,-10.937870058728585,-4.977496635554519,-11.216698219467334,-10.700700426759303,-5.175356557944433,-4.719523853308782
fasttrack,bark,øː,505.36871508379886,-10.928834629549687,-4.972045316802961,-11.21717930926053,-10.678563078768036,-5.181755352056285,-4.704594081877171
fasttrack,bark,øː,507.72067039106145,-10.919589408561482,-4.966536776605578,-11.222389339926902,-10.663161529304057,-5.18419809252776,-4.683207984659066
fasttrack,bark,øː,510.07262569832403,-10.91014750775205,-4.960974591302736,-11.230270296449698,-10.640993564573076,-5.189815812192577,-4.664524150684134
fasttrack,bark,øː,512.4245810055866,-10.900522039109477,-4.955362337234797,-11.237567220171732,-10.61834432287541,-5.197762606797379,-4.642912172296809
fasttrack,bark,øː,514.7765363128492,-10.890726114621836,-4.949703590742125,-11.246127519007365,-10.598352672270986,-5.204963515171574,-4.619354424903577
fasttrack,bark,øː,517.1284916201117,-10.88077284627722,-4.944001928165085,-11.250545150500278,-10.572442422788788,-5.212389409664404,-4.594428407793553
fasttrack,bark,øː,519.4804469273743,-10.870675346063699,-4.938260925844041,-11.256042675351932,-10.554304552331944,-5.221973499536268,-4.569294041623357
fasttrack,bark,øː,521.8324022346369,-10.860446725969362,-4.932484160119357,-11.26817489287131,-10.52654028019435,-5.227913889577291,-4.543970267216639
fasttrack,bark,øː,524.1843575418994,-10.85010009798229,-4.926675207331397,-11.279383637611172,-10.502513913823902,-5.237241914254306,-4.518476025397054
fasttrack,bark,øː,526.536312849162,-10.839648574090562,-4.920837643820525,-11.29212344070426,-10.48318381582958,-5.248070475133028,-4.492830256988253
fasttrack,bark,øː,528.8882681564246,-10.829105266282262,-4.914975045927104,-11.306882715821825,-10.46246630515065,-5.258969500875458,-4.470911628459655
fasttrack,bark,øː,531.2402234636871,-10.818483286545476,-4.909090989991499,-11.321709277076646,-10.437095243154705,-5.268370725776956,-4.44891432239689
fasttrack,bark,øː,533.5921787709497,-10.807795746868278,-4.903189052354075,-11.336591910112515,-10.409645706565128,-5.277055296034817,-4.426839417441334
fasttrack,bark,øː,535.9441340782123,-10.797055759238752,-4.897272809355194,-11.351602035103886,-10.387129863038016,-5.284306245599224,-4.404464139704168
fasttrack,bark,øː,538.2960893854749,-10.786276435644982,-4.891345837335221,-11.366887081918346,-10.364928272705292,-5.293690903848743,-4.382005889275544
fasttrack,bark,øː,540.6480446927374,-10.775470888075047,-4.88541171263452,-11.38219485841846,-10.340379583585984,-5.303668692204365,-4.355537001644272
fasttrack,bark,øː,543.0,-10.764652228517031,-4.879474011593454,-11.393392810523048,-10.31413974895609,-5.313705016230887,-4.329046908601415
