method,space,vowel,geographic_coordinate,geographic_position,predicted_display_x,predicted_display_y,display_x_lower_95,display_x_upper_95,display_y_lower_95,display_y_upper_95
praat-fixed,hz,uː,raw-y,122.0,-873.7010153398594,-410.4565611985305,-1095.2103049458333,-682.9617091311969,-438.4969692801056,-390.22794467604956
praat-fixed,hz,uː,raw-y,124.35195530726257,-875.062504896414,-410.38217132644877,-1094.3527129465222,-688.7239110520667,-437.23312773660797,-390.6814821234841
praat-fixed,hz,uː,raw-y,126.70391061452514,-876.4228820845404,-410.30776595475754,-1093.6077559287703,-694.140356141225,-436.1763217787435,-391.1274915372761
praat-fixed,hz,uː,raw-y,129.0558659217877,-877.7810345358101,-410.2333295838474,-1092.9909210260978,-699.5525818137282,-435.3618653778664,-391.5731489388042
praat-fixed,hz,uː,raw-y,131.40782122905028,-879.1358498817951,-410.15884671410873,-1092.3707261949965,-704.7490083200805,-434.56157197197876,-392.0834304027283
praat-fixed,hz,uː,raw-y,133.75977653631284,-880.4862157540671,-410.08430184593215,-1090.8889739531137,-710.2449860567499,-434.20144783781456,-392.5947324862635
praat-fixed,hz,uː,raw-y,136.11173184357543,-881.8310197841977,-410.00967947970815,-1087.6886923937368,-716.4868323859845,-433.85121863528946,-393.1200374533457
praat-fixed,hz,uː,raw-y,138.46368715083798,-883.1691496037587,-409.9349641158272,-1084.4885936293629,-721.6732288235185,-433.5143094787764,-393.5525527681615
praat-fixed,hz,uː,raw-y,140.81564245810057,-884.4994928443217,-409.86014025467995,-1081.2887081258257,-726.9532249568825,-432.9664252836114,-393.9404507110973
praat-fixed,hz,uː,raw-y,143.16759776536313,-885.8209371374586,-409.7851923966568,-1078.0890663489592,-732.7732408262974,-432.2975451986714,-394.32738241224547
praat-fixed,hz,uː,raw-y,145.51955307262568,-887.1323701147411,-409.71010504214826,-1074.8896987645971,-738.529543473809,-431.63028141595566,-394.7099803283645
praat-fixed,hz,uː,raw-y,147.87150837988827,-888.4326794077409,-409.63486269154487,-1071.6906358385736,-743.356387355343,-430.91579596687404,-395.09229761202516
praat-fixed,hz,uː,raw-y,150.22346368715085,-889.7207526480298,-409.5594498452371,-1068.4919080367217,-747.5766211184362,-430.05451451858255,-395.5679998850248
praat-fixed,hz,uː,raw-y,152.5754189944134,-890.9954774671794,-409.48385100361565,-1065.2935458248762,-750.9335932333609,-429.0865384937003,-396.02163397470395
praat-fixed,hz,uː,raw-y,154.92737430167597,-892.2557414967614,-409.4080506670708,-1061.8026253858623,-753.558715276613,-428.0596703257394,-396.3651777096295
praat-fixed,hz,uː,raw-y,157.27932960893855,-893.5004323683477,-409.33203333599323,-1058.2151705561694,-757.3747568160732,-426.8528430135146,-396.6172019676335
praat-fixed,hz,uː,raw-y,159.6312849162011,-894.7284377135101,-409.2557835107733,-1054.6302635342718,-761.2829492886752,-426.23446700432225,-396.7272484357263
praat-fixed,hz,uː,raw-y,161.9832402234637,-895.93864516382,-409.1792856918017,-1051.0480741740228,-764.3345748665378,-425.6078634339481,-397.14779791415225
praat-fixed,hz,uː,raw-y,164.33519553072625,-897.1299423508494,-409.1025243794689,-1047.4687723292757,-768.0070520003675,-425.0969483412496,-397.50685018814454
praat-fixed,hz,uː,raw-y,166.68715083798884,-898.30121690617,-409.02548407416526,-1044.0174481138224,-771.668983428466,-424.6309466456826,-397.57687148458683
praat-fixed,hz,uː,raw-y,169.0391061452514,-899.4513564613533,-408.9481492762815,-1041.5382404726547,-777.0209388839673,-424.16587986807775,-397.51894287345857
praat-fixed,hz,uː,raw-y,171.39106145251395,-900.5792486479713,-408.87050448620806,-1038.2015931206404,-782.0669566335876,-423.6769857847835,-397.6896638960609
praat-fixed,hz,uː,raw-y,173.74301675977654,-901.6837810975957,-408.7925342043354,-1037.8507259979351,-785.8517188114431,-423.2426245142722,-397.9731471059423
praat-fixed,hz,uː,raw-y,176.09497206703912,-902.7638414417981,-408.7142229310541,-1038.2414824184577,-789.0636819656545,-422.44808394724254,-398.05165838654455
praat-fixed,hz,uː,raw-y,178.44692737430168,-903.8183173121504,-408.63555516675467,-1037.6079390180441,-792.1669112721124,-421.91494152239125,-398.3082123386982
praat-fixed,hz,uː,raw-y,180.79888268156424,-904.8460963402242,-408.55651541182766,-1038.566096132435,-795.6946736203629,-421.6965271942952,-398.3532255849731
praat-fixed,hz,uː,raw-y,183.15083798882682,-905.8460661575913,-408.47708816666346,-1038.7270113585967,-800.1718721791876,-421.3497804774187,-398.5900204493075
praat-fixed,hz,uː,raw-y,185.50279329608938,-906.8171143958232,-408.3972579316527,-1038.81957233973,-803.8192905974399,-420.9452275989431,-398.4872860408373
praat-fixed,hz,uː,raw-y,187.85474860335194,-907.758128686492,-408.31700920718583,-1037.3149127888398,-806.3486920158057,-420.40404093712317,-398.39469374844293
praat-fixed,hz,uː,raw-y,190.20670391061452,-908.6679966611692,-408.2363264936534,-1035.1753615403302,-808.9449563254188,-419.74562248644685,-398.14260549781125
praat-fixed,hz,uː,raw-y,192.5586592178771,-909.5456059514266,-408.155194291446,-1035.0066956239573,-810.9936355791866,-419.3560662439759,-397.73332282797475
praat-fixed,hz,uː,raw-y,194.91061452513966,-910.3898441888359,-408.073597100954,-1035.4949271799649,-811.8359903511125,-419.344947943565,-397.3759941088988
praat-fixed,hz,uː,raw-y,197.26256983240222,-911.1995990049688,-407.991519422568,-1035.9406330096429,-813.5023040389602,-419.2442355443701,-397.03175967520224
praat-fixed,hz,uː,raw-y,199.6145251396648,-911.9737580313971,-407.90894575667846,-1033.9194741663305,-816.6228143747927,-418.80959498269954,-396.6745493424897
praat-fixed,hz,uː,raw-y,201.9664804469274,-912.7112088996926,-407.825860603676,-1031.5394109888534,-820.0849275801667,-418.6856225635767,-396.7763793516825
praat-fixed,hz,uː,raw-y,204.31843575418995,-913.4108392414269,-407.742248463951,-1031.5479159401104,-820.5576311200155,-418.6134275480523,-396.8288633573933
praat-fixed,hz,uː,raw-y,206.6703910614525,-914.0715366881717,-407.65809383789406,-1032.0188781973065,-821.7845793805928,-418.66982637931034,-396.58057849001364
praat-fixed,hz,uː,raw-y,209.0223463687151,-914.6921888714988,-407.57338122589573,-1032.942571252614,-822.7319037524258,-418.3883204328414,-396.18921815145734
praat-fixed,hz,uː,raw-y,211.37430167597765,-915.27168342298,-407.4880951283464,-1031.198588016934,-824.5193666922894,-417.95536159978303,-396.0216304239903
praat-fixed,hz,uː,raw-y,213.7262569832402,-915.8089079741868,-407.40222004563674,-1029.977448499717,-824.958843115274,-418.0507653271659,-395.87506248025767
praat-fixed,hz,uː,raw-y,216.0782122905028,-916.3027501566912,-407.3157404781571,-1031.0411359488332,-824.7924480198279,-418.35036493940595,-395.5572680039462
praat-fixed,hz,uː,raw-y,218.43016759776538,-916.7520976020649,-407.22864092629817,-1030.8753995013135,-826.017850124626,-418.3880613903693,-395.29189632840166
praat-fixed,hz,uː,raw-y,220.78212290502793,-917.1558379418796,-407.14090589045037,-1031.5833793591632,-827.634816461068,-418.4330772164554,-395.14860347215466
praat-fixed,hz,uː,raw-y,223.1340782122905,-917.5128588077068,-407.05251987100416,-1033.0332786036183,-828.9670615227782,-418.6735289177483,-394.91013263466186
praat-fixed,hz,uː,raw-y,225.48603351955308,-917.8220478311184,-406.9634673683502,-1032.2659113944012,-830.314088265852,-418.8046753027878,-394.5055073974207
praat-fixed,hz,uː,raw-y,227.83798882681566,-918.0822926436863,-406.87373288287887,-1032.8270755433116,-831.7813823589804,-418.69051985906435,-394.0537572967785
praat-fixed,hz,uː,raw-y,230.18994413407822,-918.2924808769819,-406.7833009149807,-1034.6163182982996,-832.2759510067923,-418.894000863845,-393.7015947523719
praat-fixed,hz,uː,raw-y,232.54189944134077,-918.4515001625772,-406.69215596504637,-1035.968398839281,-832.2901275739185,-419.11952023100247,-393.5042590784661
praat-fixed,hz,uː,raw-y,234.89385474860336,-918.5582381320438,-406.60028253346616,-1034.8130610514645,-831.4707389332962,-419.26864681986314,-393.1620379298739
praat-fixed,hz,uː,raw-y,237.24581005586592,-918.6115824169535,-406.5076651206308,-1033.7316578716645,-832.2207484631176,-419.4526895184177,-392.7897871402196
praat-fixed,hz,uː,raw-y,239.59776536312847,-918.6104206488781,-406.4142882269306,-1034.0323747987475,-832.5348735942226,-419.62936467142407,-392.41813015037326
praat-fixed,hz,uː,raw-y,241.94972067039106,-918.5536404593889,-406.32013635275626,-1034.2755468790233,-831.8220775942489,-419.79852192080995,-392.02199914193466
praat-fixed,hz,uː,raw-y,244.30167597765364,-918.4401294800582,-406.2251939984981,-1034.4385941670012,-831.257136018016,-419.96001090850285,-391.65181044514816
praat-fixed,hz,uː,raw-y,246.6536312849162,-918.2687753424575,-406.12944566454684,-1034.4135283388175,-831.4519367903829,-420.1136812764304,-391.26014026814846
praat-fixed,hz,uː,raw-y,249.00558659217876,-918.0384656781584,-406.03287585129294,-1033.3429835846628,-830.877685002764,-420.22517620391386,-390.8951987113515
praat-fixed,hz,uː,raw-y,251.35754189944134,-917.7480881187329,-405.93546905912683,-1032.1728321691887,-830.028399094258,-420.32564821588625,-390.53256192581813
praat-fixed,hz,uː,raw-y,253.7094972067039,-917.3965302957524,-405.8372097884391,-1030.9012295245925,-829.0620601545675,-420.41739526017057,-390.0900279642933
praat-fixed,hz,uː,raw-y,256.0614525139665,-916.9826798407889,-405.73808253962017,-1029.5263310830724,-827.742861098831,-420.50141227113295,-389.6555092492532
praat-fixed,hz,uː,raw-y,258.41340782122904,-916.505424385414,-405.6380718130607,-1028.204948276043,-826.4278087085003,-420.5250613692179,-389.29210243865646
praat-fixed,hz,uː,raw-y,260.76536312849163,-915.9636515611995,-405.53716210915115,-1026.459268538051,-825.7647592119056,-420.5844811853367,-388.9834800252321
praat-fixed,hz,uː,raw-y,263.1173184357542,-915.3562489997171,-405.4353379282819,-1025.0562961682244,-825.1662345903453,-420.65657866569234,-388.4554530498871
praat-fixed,hz,uː,raw-y,265.46927374301674,-914.6821043325385,-405.3325837708437,-1024.5392287594957,-824.5574323086264,-420.7154172733565,-388.0437726878445
praat-fixed,hz,uː,raw-y,267.8212290502793,-913.9401051912355,-405.22888413722694,-1024.4672977361906,-823.9381810724128,-420.76077602711746,-387.71020660965695
praat-fixed,hz,uː,raw-y,270.1731843575419,-913.1291392073798,-405.12422352782215,-1024.337356344775,-823.29033967851,-420.79243394576383,-387.39965888766204
praat-fixed,hz,uː,raw-y,272.52513966480444,-912.2480940125431,-405.0185864430198,-1024.1653798941315,-822.6156215049814,-420.810170048084,-387.1125007856694
praat-fixed,hz,uː,raw-y,274.877094972067,-911.2958572382971,-404.91195738321045,-1023.8498425876451,-821.499294984203,-420.8077127455957,-386.8491035674885
praat-fixed,hz,uː,raw-y,277.2290502793296,-910.2713165162137,-404.80432084878464,-1023.4253020517475,-819.7663550293026,-420.7446833591793,-386.5801029644939
praat-fixed,hz,uː,raw-y,279.58100558659214,-909.1733594778646,-404.6956613401328,-1023.7590500021039,-818.6615848055687,-420.6729489169148,-386.28544925314407
praat-fixed,hz,uː,raw-y,281.9329608938548,-908.0008737548211,-404.5859633576456,-1023.9060224186276,-817.8147906332654,-420.6290680195231,-386.08887786332036
praat-fixed,hz,uː,raw-y,284.2849162011173,-906.7527469786554,-404.47521140171335,-1023.8634316067836,-817.0258798667745,-420.5701123470364,-385.9492052905202
praat-fixed,hz,uː,raw-y,286.6368715083799,-905.4278667809392,-404.36338997272674,-1023.6284898720371,-816.2330067508059,-420.49586021158564,-385.8321770790438
praat-fixed,hz,uː,raw-y,288.9888268156425,-904.0251207932441,-404.25048357107624,-1023.1984095198535,-814.997026459109,-420.307794258024,-385.7381214080407
praat-fixed,hz,uː,raw-y,291.340782122905,-902.543396647142,-404.13647669715226,-1021.9446706843821,-812.8338401211893,-420.0492236017241,-385.6153814187936
praat-fixed,hz,uː,raw-y,293.6927374301676,-900.9815819742043,-404.0213538513455,-1020.1114879379727,-811.2393613573821,-419.81001692672777,-385.40973024235205
praat-fixed,hz,uː,raw-y,296.0446927374302,-899.3385644060029,-403.9050995340463,-1017.8187376501023,-810.1294341457567,-419.60288871441304,-385.31058187642185
praat-fixed,hz,uː,raw-y,298.3966480446927,-897.6132315741097,-403.78769824564534,-1015.4276340703425,-808.6099593220032,-419.37658188138516,-385.3085228636543
praat-fixed,hz,uː,raw-y,300.7486033519553,-895.8044711100963,-403.669134486533,-1013.2718330965038,-807.2039519585185,-419.130837257094,-385.22893176367893
praat-fixed,hz,uː,raw-y,303.1005586592179,-893.9111706455343,-403.5493927570998,-1009.9954208585106,-805.9536287941247,-418.8653956709894,-385.0714033738472
praat-fixed,hz,uː,raw-y,305.4525139664804,-891.9322178119955,-403.42845755773635,-1006.5381174326852,-805.1227828443238,-418.6008661456654,-384.99886842334627
praat-fixed,hz,uː,raw-y,307.80446927374305,-889.8665002410519,-403.3063133888331,-1002.9132662741507,-803.6111335214712,-418.3943830373852,-384.9449283867333
praat-fixed,hz,uː,raw-y,310.1564245810056,-887.7129055642749,-403.1829447507806,-999.1066860114198,-801.9805730810856,-418.21783250080057,-384.9265571117795
praat-fixed,hz,uː,raw-y,312.50837988826817,-885.4703214132362,-403.0583361439693,-995.1128412128921,-800.7857462331976,-418.0246080576195,-384.9487656738085
praat-fixed,hz,uː,raw-y,314.86033519553075,-883.1376354195078,-402.93247206878976,-990.9293910718702,-798.8305612962381,-417.81450128400957,-384.89706172354084
praat-fixed,hz,uː,raw-y,317.2122905027933,-880.7137352146614,-402.8053370256326,-986.5539947816568,-797.0362049509914,-417.5873037561383,-384.9198853057985
praat-fixed,hz,uː,raw-y,319.56424581005587,-878.1975084302685,-402.6769155148881,-982.7774958209118,-795.3177985618277,-417.43116520415634,-384.95319575305666
praat-fixed,hz,uː,raw-y,321.91620111731845,-875.5891790417119,-402.54725489637656,-979.1950404671196,-794.5296792909335,-417.2924581317355,-384.9969790614083
praat-fixed,hz,uː,raw-y,324.268156424581,-872.8957513169936,-402.4167214638051,-975.454026589709,-793.4207437928951,-417.1482895457477,-385.03456898858684
praat-fixed,hz,uː,raw-y,326.62011173184356,-870.1263747141281,-402.28578241711443,-971.4886625312878,-791.7303845259273,-417.0348480253509,-385.09133994288885
praat-fixed,hz,uː,raw-y,328.97206703910615,-867.2901995337618,-402.15490499588134,-966.5632761001491,-790.026689469594,-416.9085008925036,-385.1532250702114
praat-fixed,hz,uː,raw-y,331.3240223463687,-864.3963760765406,-402.0245564396823,-961.4950683338645,-788.3157261562255,-416.7730080729133,-385.1313046753864
praat-fixed,hz,uː,raw-y,333.6759776536313,-861.454054643111,-401.89520398809424,-956.2965787256388,-786.5222161749697,-416.5577349348515,-385.1197488819458
praat-fixed,hz,uː,raw-y,336.02793296089385,-858.4723855341192,-401.7673148806937,-950.9803467686775,-783.8333169598528,-416.33312645185106,-385.3086569122282
praat-fixed,hz,uː,raw-y,338.37988826815644,-855.4605190502111,-401.6413563570573,-945.7892357676711,-781.6537632570413,-416.1033560037232,-385.6367569244317
praat-fixed,hz,uː,raw-y,340.731843575419,-852.4276054920333,-401.51779565676185,-940.6297768373815,-779.9396656631615,-415.78816305117596,-385.79012355810437
praat-fixed,hz,uː,raw-y,343.08379888268155,-849.3827951602318,-401.39710001938397,-935.4075410951881,-778.2423926029177,-415.5354479409255,-385.8948080464154
praat-fixed,hz,uː,raw-y,345.43575418994413,-846.3352383554527,-401.2797366845004,-930.2536068713225,-776.5681708878673,-415.4366899033558,-385.8218703278097
praat-fixed,hz,uː,raw-y,347.7877094972067,-843.2940853783425,-401.16617289168767,-925.0518499219814,-774.9303111062608,-415.26307537137154,-385.91403975889085
praat-fixed,hz,uː,raw-y,350.13966480446925,-840.2684865295472,-401.0568758805226,-919.8138124771308,-772.6473837269613,-414.8850397213794,-385.81117892907895
praat-fixed,hz,uː,raw-y,352.49162011173183,-837.267592109713,-400.9523128905819,-914.5510367667356,-770.0819567670117,-414.6517474851988,-385.79804946554526
praat-fixed,hz,uː,raw-y,354.8435754189944,-834.3005524194863,-400.8529511614422,-909.2855248244815,-768.3327817719697,-414.47503155909186,-385.83619956640257
praat-fixed,hz,uː,raw-y,357.19553072625695,-831.3765177595131,-400.75925793268016,-904.4843277550451,-767.3928229914168,-414.2479158553966,-386.16117124428746
praat-fixed,hz,uː,raw-y,359.5474860335196,-828.5046384304396,-400.6717004438725,-899.807431842137,-766.9713260283154,-414.1387813974125,-386.48797231302603
praat-fixed,hz,uː,raw-y,361.8994413407821,-825.6940647329122,-400.5907459345959,-895.1449882279965,-766.2332556111306,-413.8144004503756,-386.46267886763366
praat-fixed,hz,uː,raw-y,364.2513966480447,-822.953946967577,-400.51686164442697,-889.6483470117763,-765.0331806597246,-413.7755340332386,-386.3956415245721
praat-fixed,hz,uː,raw-y,366.6033519553073,-820.2934354350803,-400.4505148129424,-884.3242706061935,-763.7677320509673,-413.36521519349236,-386.639450067151
praat-fixed,hz,uː,raw-y,368.9553072625698,-817.721680436068,-400.392172679719,-880.2472578985709,-762.3606062991336,-412.95873689329227,-386.66143957326165
praat-fixed,hz,uː,raw-y,371.3072625698324,-815.2478322711868,-400.34230248433335,-876.8029013495996,-761.3464031113209,-412.8131863466426,-386.54701139449253
praat-fixed,hz,uː,raw-y,373.659217877095,-812.8810412410825,-400.3013714663622,-873.7454262082996,-759.7685827430712,-413.1586340133144,-386.3405584786848
praat-fixed,hz,uː,raw-y,376.0111731843575,-810.6304576464014,-400.26984686538214,-869.8338016735934,-759.1249257212946,-413.5639263229357,-386.36552353211493
praat-fixed,hz,uː,raw-y,378.3631284916201,-808.5052317877899,-400.2481959209699,-865.8555814368957,-758.1130345105599,-413.851179557019,-386.4023680605694
praat-fixed,hz,uː,raw-y,380.7150837988827,-806.5145139658939,-400.2368858727022,-861.0662522661821,-756.9932519930492,-413.6601571267829,-386.35627499945906
praat-fixed,hz,uː,raw-y,383.0670391061453,-804.6674544813598,-400.23638396015565,-857.3625697673682,-755.2727636916705,-413.6431489628853,-386.33777828618366
praat-fixed,hz,uː,raw-y,385.4189944134078,-802.9732036348338,-400.24715742290704,-854.1032935286216,-753.7189288515837,-413.69175092693445,-386.4225385951108
praat-fixed,hz,uː,raw-y,387.7709497206704,-801.440911726962,-400.2696735005329,-851.6343844684549,-752.920802061233,-413.7132264884087,-386.3509564260463
praat-fixed,hz,uː,raw-y,390.122905027933,-800.079729058391,-400.30439943261,-849.8561766678819,-752.1134611358877,-413.85150517032,-386.4278884089821
praat-fixed,hz,uː,raw-y,392.47486033519556,-798.8988059297665,-400.35180245871504,-847.8365296540532,-752.3656356330639,-414.04378879685487,-386.4286926543478
praat-fixed,hz,uː,raw-y,394.8268156424581,-797.9072926417348,-400.4123498184247,-845.8904355769023,-751.8109740048395,-414.2163105492831,-386.46491353792317
praat-fixed,hz,uː,raw-y,397.1787709497207,-797.1143394949424,-400.4865087513156,-844.4103745065166,-750.9342414302206,-414.2579615971758,-386.3511841544245
praat-fixed,hz,uː,raw-y,399.53072625698326,-796.5290967900353,-400.57474649696445,-844.8210628535328,-750.8951079125075,-414.50029326884555,-386.49247106768803
praat-fixed,hz,uː,raw-y,401.8826815642458,-796.1607148276596,-400.677530294948,-845.3587603239852,-751.5349941340353,-414.46092772886857,-386.57007333305194
praat-fixed,hz,uː,raw-y,404.23463687150837,-796.0183439084618,-400.7953273848429,-845.3922825064413,-752.3180111720911,-414.53099222590527,-386.634864649148
praat-fixed,hz,uː,raw-y,406.58659217877096,-796.1111343330879,-400.9286050062258,-844.9803951872241,-752.7506843278501,-414.7958843262848,-386.7671513498507
praat-fixed,hz,uː,raw-y,408.93854748603354,-796.4482364021842,-401.0778303986733,-845.1534360980489,-752.9047171059898,-415.1891121938438,-386.79220694059154
praat-fixed,hz,uː,raw-y,411.29050279329607,-797.0388004163968,-401.24347080176227,-846.206841557985,-753.8780810634365,-415.5772817394178,-386.8555632785984
praat-fixed,hz,uː,raw-y,413.64245810055866,-797.8919766763721,-401.42599345506926,-847.711598343627,-754.118467854919,-415.9567698199645,-387.02364792809243
praat-fixed,hz,uː,raw-y,415.99441340782124,-799.0169154827561,-401.62586559817095,-849.4123850795985,-755.5075986566312,-416.4065060285788,-387.028554096881
praat-fixed,hz,uː,raw-y,418.3463687150838,-800.422767136195,-401.84355447064416,-851.9374467634141,-756.9253284624097,-416.6907642533112,-387.0458167297488
praat-fixed,hz,uː,raw-y,420.69832402234636,-802.1186819373353,-402.0795273120654,-854.5436209417733,-758.8655414084028,-417.03724069261335,-387.13097749154963
praat-fixed,hz,uː,raw-y,423.05027932960894,-804.113810186823,-402.33425136201146,-858.1657069490295,-761.0193571468258,-417.40137898884666,-387.2428554946965
praat-fixed,hz,uː,raw-y,425.4022346368715,-806.4173021853042,-402.608193860059,-861.0359783180002,-763.7796521890182,-417.75790518615736,-387.27241875898557
praat-fixed,hz,uː,raw-y,427.75418994413405,-809.0383082334253,-402.9018220457847,-863.3527496209816,-767.3089495823574,-418.0183218962397,-387.38980269817426
praat-fixed,hz,uː,raw-y,430.10614525139664,-811.9859786318323,-403.2156031587652,-865.3353191459443,-769.9828164867565,-418.3205069008799,-387.65770618711207
praat-fixed,hz,uː,raw-y,432.4581005586592,-815.2694636811717,-403.5500044385772,-867.6207582650824,-773.1073902143035,-418.6098811233837,-388.0835068313245
praat-fixed,hz,uː,raw-y,434.8100558659218,-818.8979136820896,-403.90549312479743,-871.0985013228757,-776.4594568911787,-418.8886515721613,-388.54630929741563
praat-fixed,hz,uː,raw-y,437.16201117318434,-822.8804789352321,-404.2825364570026,-874.3151540229424,-780.3867232419709,-419.26419488971845,-388.97102439633187
praat-fixed,hz,uː,raw-y,439.5139664804469,-827.2263097412454,-404.6816016747693,-877.7532210611797,-784.5003529077824,-419.7446211412718,-389.3578417165319
praat-fixed,hz,uː,raw-y,441.8659217877095,-831.9445564007758,-405.1031560176743,-882.0028538893222,-788.6915773560602,-419.8952788067645,-389.78651044593187
praat-fixed,hz,uː,raw-y,444.2178770949721,-837.0443692144696,-405.5476667252941,-886.5171443357457,-794.2926208795359,-420.100577499793,-390.23366605384456
praat-fixed,hz,uː,raw-y,446.5698324022346,-842.5348984829727,-406.01560103720556,-892.0328031006218,-799.7005986330075,-420.63956023924817,-390.76756661765256
praat-fixed,hz,uː,raw-y,448.9217877094972,-848.4252945069318,-406.50742619298535,-896.5613521558245,-805.4530068500337,-421.2695013279265,-391.3204900451461
praat-fixed,hz,uː,raw-y,451.2737430167598,-854.7247075869925,-407.0236094322101,-902.8952809973289,-811.5123511525592,-421.81795016368216,-391.9194438534545
praat-fixed,hz,uː,raw-y,453.6256983240223,-861.4422880238016,-407.5646179944565,-908.8440861273588,-817.5298422130667,-422.26309748102364,-392.56544655937074
praat-fixed,hz,uː,raw-y,455.9776536312849,-868.5871861180048,-408.13091911930127,-915.6012422761447,-823.9114401349461,-422.46690311700837,-393.07307750299947
praat-fixed,hz,uː,raw-y,458.3296089385475,-876.1685521702486,-408.7229800463211,-923.0321758939202,-830.3636107198379,-422.67255141425267,-393.89727080796
praat-fixed,hz,uː,raw-y,460.6815642458101,-884.1955364811795,-409.3412680150926,-931.5671176293887,-836.6147021625909,-422.83361747725576,-394.90994006632405
praat-fixed,hz,uː,raw-y,463.0335195530726,-892.6772893514428,-409.9862502651925,-940.2392017601921,-845.372837804079,-422.94412653354556,-395.95985671458055
praat-fixed,hz,uː,raw-y,465.3854748603352,-901.6229439341308,-410.6583930837658,-950.7377984699735,-853.7786711193909,-423.5185825169602,-397.07392456405614
praat-fixed,hz,uː,raw-y,467.7374301675978,-911.0355609150577,-411.3578254731353,-962.8524262619352,-862.2181921791033,-424.09979514370644,-397.98956675444464
praat-fixed,hz,uː,raw-y,470.08938547486036,-920.9031975112343,-412.0838430935765,-973.2355929490091,-870.8680976538562,-425.0674907351477,-398.5787527864498
praat-fixed,hz,uː,raw-y,472.4413407821229,-931.2116343596842,-412.8356151566186,-984.3379732480768,-880.1746007680752,-425.8900187367877,-399.0580450291473
praat-fixed,hz,uː,raw-y,474.7932960893855,-941.9466520974307,-413.61231087379053,-996.222263120936,-887.9595095666489,-426.37545759931794,-400.13409203125093
praat-fixed,hz,uː,raw-y,477.14525139664806,-953.0940313614977,-414.41309945662135,-1009.3964037132497,-896.2207931361409,-427.4687551015125,-401.2008279999132
praat-fixed,hz,uː,raw-y,479.4972067039106,-964.639552788908,-415.23715011663995,-1023.6221507331762,-904.2614381013,-428.1414777678469,-402.3322849033686
praat-fixed,hz,uː,raw-y,481.8491620111732,-976.5689970166854,-416.0836320653754,-1036.6544483636028,-913.2272546439145,-428.7957430569853,-403.4118895562109
praat-fixed,hz,uː,raw-y,484.20111731843576,-988.8681446818536,-416.9517145143568,-1050.9936119010442,-921.5169842304817,-429.5880794236129,-404.55870229322727
praat-fixed,hz,uː,raw-y,486.55307262569835,-1001.5227764214354,-417.840566675113,-1066.2968095520102,-930.1637456589145,-430.8437526963571,-405.60872967246223
praat-fixed,hz,uː,raw-y,488.9050279329609,-1014.5186728724545,-418.7493577591731,-1082.9901993313713,-941.090394637574,-432.56454146489284,-405.9970044265093
praat-fixed,hz,uː,raw-y,491.25698324022346,-1027.8416146719346,-419.67725697806605,-1099.7023868860144,-949.4591165612397,-433.79485258216675,-406.6507829889519
praat-fixed,hz,uː,raw-y,493.60893854748605,-1041.4773824568992,-420.62343354332097,-1116.7763628001399,-960.1699078803559,-435.06302080654353,-407.7157535825659
praat-fixed,hz,uː,raw-y,495.96089385474863,-1055.4117568643715,-421.5870566664667,-1134.1120421451421,-970.7572396035063,-436.41674984173005,-408.1048970269983
praat-fixed,hz,uː,raw-y,498.31284916201116,-1069.630518531374,-422.5672955590323,-1151.0103502208294,-977.0423009371202,-437.790419784515,-407.89868416479374
praat-fixed,hz,uː,raw-y,500.66480446927375,-1084.1194480949318,-423.56331943254685,-1168.519348457143,-985.0946506462336,-439.47783408754657,-407.83216169584153
praat-fixed,hz,uː,raw-y,503.01675977653633,-1098.864326192068,-424.5742974985393,-1187.7922339506079,-994.0514861015067,-441.48607987379296,-408.48242717671553
praat-fixed,hz,uː,raw-y,505.36871508379886,-1113.8509334598048,-425.5993989685386,-1205.2704706653046,-1002.7918050329425,-442.9594465245318,-408.87745351958625
praat-fixed,hz,uː,raw-y,507.72067039106145,-1129.0650505351668,-426.63779305407394,-1225.6458488995997,-1011.9135392182769,-444.8857048019859,-408.64536787028777
praat-fixed,hz,uː,raw-y,510.07262569832403,-1144.4924580551778,-427.6886489666741,-1245.3920141357053,-1021.6478768443875,-447.0543815976147,-407.9251485685692
praat-fixed,hz,uː,raw-y,512.4245810055866,-1160.1189366568601,-428.7511359178682,-1265.0013721572655,-1031.5125956779095,-449.007552683889,-408.5159894307928
praat-fixed,hz,uː,raw-y,514.7765363128492,-1175.930266977238,-429.82442311918527,-1284.629707655538,-1041.3287356821436,-450.1082030720128,-408.9015670785863
praat-fixed,hz,uː,raw-y,517.1284916201117,-1191.9122296533337,-430.9076797821543,-1304.9745249581736,-1050.7985235027008,-452.557172417048,-409.37919643499066
praat-fixed,hz,uː,raw-y,519.4804469273743,-1208.050605322172,-432.00007511830415,-1325.1567528947503,-1059.7594951911085,-455.0980919222761,-409.2919440595333
praat-fixed,hz,uː,raw-y,521.8324022346369,-1224.331174620777,-433.1007783391641,-1347.0689402284954,-1068.7144093025267,-457.25767927687167,-408.8458652795819
praat-fixed,hz,uː,raw-y,524.1843575418994,-1240.7397181861695,-434.2089586562629,-1369.0559206502196,-1077.6500776919427,-459.18215140613466,-408.3928571289225
praat-fixed,hz,uː,raw-y,526.536312849162,-1257.2620166553747,-435.32378528112963,-1389.9453819018324,-1087.8571619461457,-461.07090345444374,-408.0870259168301
praat-fixed,hz,uː,raw-y,528.8882681564246,-1273.8838506654165,-436.4444274252934,-1411.8292296079658,-1098.6000814461333,-462.9704319096583,-408.4016971410419
praat-fixed,hz,uː,raw-y,531.2402234636871,-1290.591000853317,-437.5700543002831,-1433.8332634664198,-1108.7811686311957,-464.87919728507734,-408.7160736530255
praat-fixed,hz,uː,raw-y,533.5921787709497,-1307.3692478560997,-438.6998351176278,-1456.614982402468,-1118.3126175147713,-466.79566009400014,-408.6554023026931
praat-fixed,hz,uː,raw-y,535.9441340782123,-1324.2043723107904,-439.8329390888565,-1480.0775677976744,-1127.6624214237258,-468.62185744136974,-408.4108824493601
praat-fixed,hz,uː,raw-y,538.2960893854749,-1341.0821548544104,-440.9685354254982,-1504.0932543696017,-1135.8514491653618,-470.4496017461296,-407.89428120380467
praat-fixed,hz,uː,raw-y,540.6480446927374,-1357.9883761239812,-442.10579333908174,-1527.3737188185482,-1143.7548399795612,-472.2798839530132,-407.3764589219086
praat-fixed,hz,uː,raw-y,543.0,-1374.9088167565315,-443.24388204113643,-1550.244985981679,-1151.6637718206725,-474.19879822222015,-406.85802612184204
praat-fixed,hz,oː,raw-y,122.0,-780.9226308720797,-473.0978834577228,-842.4026697992668,-704.1034451818051,-496.6496904758663,-449.34375132147363
praat-fixed,hz,oː,raw-y,124.35195530726257,-781.188922041562,-473.2207983349387,-841.0370867802296,-706.3893090738607,-496.2726100582768,-449.85872202309923
praat-fixed,hz,oː,raw-y,126.70391061452514,-781.4547727106957,-473.34346232736465,-839.8433654029106,-708.6040350262907,-495.8996063398433,-450.37287017725095
praat-fixed,hz,oː,raw-y,129.0558659217877,-781.7197423791323,-473.4656245502106,-838.6535806173283,-710.4956482695266,-495.4404370841049,-450.88077704209655
praat-fixed,hz,oː,raw-y,131.40782122905028,-781.9833905465234,-473.5870341186865,-837.3877267065112,-712.3846991001907,-494.97726520978995,-451.5587781840469
praat-fixed,hz,oː,raw-y,133.75977653631284,-782.2452767125205,-473.7074401480024,-835.9313502296046,-714.2703333807591,-494.514391287246,-452.3180656594511
praat-fixed,hz,oː,raw-y,136.11173184357543,-782.5049603767752,-473.8265917533682,-834.4760468689324,-716.1516969737081,-494.02788207868053,-453.0664411196813
praat-fixed,hz,oː,raw-y,138.46368715083798,-782.7620010389387,-473.944238049994,-833.0220312477419,-718.0248866832046,-493.4094647074244,-453.8963458563951
praat-fixed,hz,oː,raw-y,140.81564245810057,-783.0159581986626,-474.06012815308975,-831.6708650889957,-719.8787851758108,-492.8006985361624,-454.72077739525935
praat-fixed,hz,oː,raw-y,143.16759776536313,-783.2663913555984,-474.17401117786545,-830.3733348987809,-721.7259434246693,-492.19296421633436,-455.3913026288593
praat-fixed,hz,oː,raw-y,145.51955307262568,-783.5128600093977,-474.2856362395311,-829.289819160019,-723.5655188993115,-491.72046855797026,-455.9657548761636
praat-fixed,hz,oː,raw-y,147.87150837988827,-783.7549236597122,-474.39475245329663,-828.2320573423625,-725.3966690692695,-491.3572905629712,-456.5307052662185
praat-fixed,hz,oː,raw-y,150.22346368715085,-783.9921418061928,-474.50110893437216,-827.5423049327194,-727.2185514040741,-491.02807325987914,-457.09127450338104
praat-fixed,hz,oː,raw-y,152.5754189944134,-784.2240739484913,-474.60445479796755,-826.992407809857,-729.0402197024968,-490.7699121205018,-457.64706430102467
praat-fixed,hz,oː,raw-y,154.92737430167597,-784.4502795862593,-474.7045391592929,-826.6631044882319,-731.2078096188399,-490.50906344337375,-458.1976763725229
praat-fixed,hz,oː,raw-y,157.27932960893855,-784.6703182191482,-474.8011111335581,-826.3723280824391,-733.3601626401252,-490.15067571171807,-458.74271243124906
praat-fixed,hz,oː,raw-y,159.6312849162011,-784.8837493468094,-474.89391983597324,-825.4113552334347,-735.4961904167061,-489.76936973189805,-459.2817741905766
praat-fixed,hz,oː,raw-y,161.9832402234637,-785.0901324688945,-474.9827143817482,-824.4914750448032,-737.6148045989353,-489.38562557240573,-459.814463363879
praat-fixed,hz,oː,raw-y,164.33519553072625,-785.289027085055,-475.06724388609314,-823.7148316194296,-739.714916837166,-488.9992908470114,-460.34038166452956
praat-fixed,hz,oː,raw-y,166.68715083798884,-785.4799926949423,-475.1472574642179,-823.0131008148835,-741.7810002769867,-488.6102131694857,-461.00344914881435
praat-fixed,hz,oː,raw-y,169.0391061452514,-785.662588798208,-475.22250423133255,-821.7294173636905,-743.8227117150096,-488.18492724729714,-461.91449648428096
praat-fixed,hz,oː,raw-y,171.39106145251395,-785.8363748945035,-475.2927333026471,-820.4636056484657,-745.8428922459904,-487.6850527310178,-462.439976410727
praat-fixed,hz,oː,raw-y,173.74301675977654,-786.0009104834803,-475.3576937933714,-819.8195026396183,-747.730201981555,-487.22303493374886,-462.8836022441843
praat-fixed,hz,oː,raw-y,176.09497206703912,-786.15575506479,-475.4171348187156,-818.922433619714,-749.018806999281,-486.7367465187928,-463.2479131729557
praat-fixed,hz,oː,raw-y,178.44692737430168,-786.3004681380839,-475.4708054938897,-818.2260852714309,-750.2394784043762,-486.658165717749,-463.56987638172205
praat-fixed,hz,oː,raw-y,180.79888268156424,-786.4346092030139,-475.5184549341036,-817.5450871776414,-751.1096208431921,-486.4746169376265,-463.9596608963968
praat-fixed,hz,oː,raw-y,183.15083798882682,-786.5577377592309,-475.5598322545673,-817.0405078270245,-752.4442779767749,-486.4446626166034,-464.45462450908485
praat-fixed,hz,oː,raw-y,185.50279329608938,-786.6694133063868,-475.59468657049086,-816.8075223876721,-753.7864740102772,-486.2197147380356,-464.77522067597397
praat-fixed,hz,oː,raw-y,187.85474860335194,-786.769195344133,-475.6227669970842,-815.9892697488779,-755.0715043798615,-486.12087708961025,-465.0285576984837
praat-fixed,hz,oː,raw-y,190.20670391061452,-786.856643372121,-475.64382264955736,-815.506429545767,-756.1211643127131,-485.94127958084977,-465.2762215939257
praat-fixed,hz,oː,raw-y,192.5586592178771,-786.9313168900022,-475.6576026431204,-815.1546471889319,-757.3932253105934,-486.03549453660736,-465.50009420076697
praat-fixed,hz,oː,raw-y,194.91061452513966,-786.9927753974282,-475.66385609298317,-814.804627005418,-758.2128538832287,-485.9529628170418,-465.65483611304387
praat-fixed,hz,oː,raw-y,197.26256983240222,-787.0405783940504,-475.66233211435576,-813.9783794804448,-759.3480108895255,-485.8617703640133,-465.76715572015337
praat-fixed,hz,oː,raw-y,199.6145251396648,-787.0742853795203,-475.65277982244805,-813.0127566524367,-760.2177516763356,-485.4174941264844,-465.88109047509016
praat-fixed,hz,oː,raw-y,201.9664804469274,-787.0934558534896,-475.6349483324702,-812.5506190551101,-760.705532708225,-485.2737688945499,-466.2021122834132
praat-fixed,hz,oː,raw-y,204.31843575418995,-787.0976493156096,-475.6085867596321,-812.086202131695,-761.0858907604066,-485.2953014083939,-466.3745970542684
praat-fixed,hz,oː,raw-y,206.6703910614525,-787.0864252655318,-475.5734442191437,-811.7359740265825,-761.3588143950486,-485.20391630703995,-466.2313157714772
praat-fixed,hz,oː,raw-y,209.0223463687151,-787.0593432029076,-475.5292698262151,-811.5027756699642,-761.5353445475208,-485.1035963339616,-466.0285106745934
praat-fixed,hz,oː,raw-y,211.37430167597765,-787.0159626273887,-475.4758126960562,-811.2494984117658,-761.7393598785226,-485.0392929987376,-465.9230769795874
praat-fixed,hz,oː,raw-y,213.7262569832402,-786.9558430386265,-475.41282194387713,-810.9755995789717,-762.2906853627934,-485.14492558853254,-465.59947345499006
praat-fixed,hz,oː,raw-y,216.0782122905028,-786.8785439362725,-475.34004668488774,-810.6805364985661,-762.3609065241291,-485.2114069499925,-465.35719714945344
praat-fixed,hz,oː,raw-y,218.43016759776538,-786.7836248199782,-475.25723603429805,-810.9341233220276,-762.1654844265679,-485.2086945189964,-465.1843368752052
praat-fixed,hz,oː,raw-y,220.78212290502793,-786.670645189395,-475.16413910731814,-810.2755758047853,-762.3042361831624,-485.2716396753465,-464.99391910559353
praat-fixed,hz,oː,raw-y,223.1340782122905,-786.5391645441745,-475.0605050191579,-809.6134945281997,-762.7961060581806,-485.3129008430844,-464.91161085636827
praat-fixed,hz,oː,raw-y,225.48603351955308,-786.3887423839682,-474.9460828850274,-808.846995582297,-762.8145814113121,-485.47360811494804,-464.532111709194
praat-fixed,hz,oː,raw-y,227.83798882681566,-786.2189382084275,-474.8206218201366,-808.4292854337303,-762.8211384212811,-485.762598443032,-464.13800097530833
praat-fixed,hz,oː,raw-y,230.18994413407822,-786.029311517204,-474.68387093969545,-808.3120272464605,-762.6531431511422,-485.91455378290175,-463.80018076455474
praat-fixed,hz,oː,raw-y,232.54189944134077,-785.8194218099491,-474.535579358914,-808.3373785072814,-762.7358673436207,-486.12726513583766,-463.4715414226829
praat-fixed,hz,oː,raw-y,234.89385474860336,-785.5888285863142,-474.3754961930022,-808.0511825698447,-762.7447361032446,-486.2880297379129,-463.05870972107243
praat-fixed,hz,oː,raw-y,237.24581005586592,-785.337091345951,-474.20337055717016,-807.8257391518556,-762.4951503603326,-486.3920235598321,-462.63203609708717
praat-fixed,hz,oː,raw-y,239.59776536312847,-785.063769588511,-474.0189515666277,-807.5704856553502,-761.8483878262061,-486.47381135062847,-462.28336892192
praat-fixed,hz,oː,raw-y,241.94972067039106,-784.7684228136455,-473.821988336585,-807.1455598448147,-761.2200292400814,-486.5154773145467,-461.94967088106955
praat-fixed,hz,oː,raw-y,244.30167597765364,-784.4506105210062,-473.61222998225185,-806.5510304363446,-760.8856722390306,-486.44033774685147,-461.6457542892834
praat-fixed,hz,oː,raw-y,246.6536312849162,-784.1098922102443,-473.38942561883835,-806.6237454771878,-760.4217772454784,-486.3869186016474,-461.17720060889224
praat-fixed,hz,oː,raw-y,249.00558659217876,-783.7458273810117,-473.15332436155455,-806.3202320028621,-759.9346348202528,-486.4790624382971,-460.8306516506611
praat-fixed,hz,oː,raw-y,251.35754189944134,-783.3579755329596,-472.9036753256103,-805.9307360411046,-758.9969783667339,-486.5514465379477,-460.38995614010565
praat-fixed,hz,oː,raw-y,253.7094972067039,-782.9458961657396,-472.64022762621573,-805.3952236935803,-758.1561621150374,-486.5728715519364,-459.91732071070095
praat-fixed,hz,oː,raw-y,256.0614525139665,-782.509148779003,-472.3627303785808,-804.5537523769311,-757.4238615079811,-486.52073465367516,-459.3493920367672
praat-fixed,hz,oː,raw-y,258.41340782122904,-782.0472928724015,-472.07093269791545,-804.1668876376535,-756.6683391116488,-486.44802172501966,-458.7197404683453
praat-fixed,hz,oː,raw-y,260.76536312849163,-781.5598879455866,-471.7645836994297,-803.7859264597382,-755.7877515381431,-486.3543717829804,-458.08259958201575
praat-fixed,hz,oː,raw-y,263.1173184357542,-781.0464934982097,-471.44343249833355,-803.2798766519935,-755.1442548219109,-486.26495070141596,-457.44259610204887
praat-fixed,hz,oː,raw-y,265.46927374301674,-780.5066690299223,-471.107228209837,-802.5149790444598,-754.6660473746322,-486.1825526295708,-456.9719110775076
praat-fixed,hz,oː,raw-y,267.8212290502793,-779.9399740403759,-470.75571994915003,-801.8656879049677,-754.3920067430603,-486.06782773718567,-456.550094172333
praat-fixed,hz,oː,raw-y,270.1731843575419,-779.345968029222,-470.3886568314826,-801.6330881751155,-754.084282977115,-485.9269773443784,-456.2098078849215
praat-fixed,hz,oː,raw-y,272.52513966480444,-778.7242104961123,-470.0057879720448,-801.8594962143741,-753.6228489522497,-485.75958007210994,-455.87082680382656
praat-fixed,hz,oː,raw-y,274.877094972067,-778.0742609406979,-469.6068624860465,-801.3234212731934,-753.077577968698,-485.53789557263656,-455.53317164660905
praat-fixed,hz,oː,raw-y,277.2290502793296,-777.3956788626305,-469.1916294886978,-800.8160960025043,-752.5274795394764,-485.2166761431241,-455.07857869983997
praat-fixed,hz,oː,raw-y,279.58100558659214,-776.6880237615616,-468.75983809520864,-800.2808540647499,-751.9543253670496,-484.8686222109329,-454.5650857240931
praat-fixed,hz,oː,raw-y,281.9329608938548,-775.9508551371425,-468.31123742078904,-799.8250899773279,-751.2055215415337,-484.454462180929,-454.07994651708714
praat-fixed,hz,oː,raw-y,284.2849162011173,-775.1837324890251,-467.8455765806489,-799.3096963320862,-750.4600340211133,-484.09038450501845,-453.63907772627397
praat-fixed,hz,oː,raw-y,286.6368715083799,-774.3862153168606,-467.3626046899984,-798.5281810707445,-749.6620589815625,-483.61643221930694,-453.1880077256791
praat-fixed,hz,oː,raw-y,288.9888268156425,-773.5578631203005,-466.8620708640474,-797.529624099971,-748.8527607190105,-483.09907209312723,-452.69178641521
praat-fixed,hz,oː,raw-y,291.340782122905,-772.6982353989963,-466.3437242180059,-796.4523554274514,-748.0815013411807,-482.5520200182701,-452.16909384707793
praat-fixed,hz,oː,raw-y,293.6927374301676,-771.8068916525997,-465.8073138670839,-795.295266437668,-747.4354074624335,-481.960827785034,-451.6461986598905
praat-fixed,hz,oː,raw-y,296.0446927374302,-770.8833913807619,-465.2525889264914,-794.0572485151033,-746.5329754365837,-481.3225751595195,-451.123098039494
praat-fixed,hz,oː,raw-y,298.3966480446927,-769.9272940831344,-464.6792985114384,-793.0355793762503,-745.7193224053412,-480.6911640242783,-450.55196234075214
praat-fixed,hz,oː,raw-y,300.7486033519553,-768.9381592593688,-464.08719173713484,-791.8444018556085,-745.129436117807,-480.0345276329415,-449.94556476477015
praat-fixed,hz,oː,raw-y,303.1005586592179,-767.9155464091167,-463.4760177187908,-790.4441297123849,-744.621373144299,-479.3378493639273,-449.332366607362
praat-fixed,hz,oː,raw-y,305.4525139664804,-766.8590150320296,-462.84552557161624,-788.7466628036777,-743.9786071590721,-478.60060235042425,-448.71227838719307
praat-fixed,hz,oː,raw-y,307.80446927374305,-765.7681246277588,-462.1954644108211,-787.1972176841538,-743.4109711077023,-477.8222597256208,-448.0843988046214
praat-fixed,hz,oː,raw-y,310.1564245810056,-764.6424346959558,-461.52558335161547,-785.8140830533964,-742.7834081470987,-477.00229462270534,-447.44667043455235
praat-fixed,hz,oː,raw-y,312.50837988826817,-763.4815047362721,-460.8356315092093,-784.2963610991947,-742.2494346303656,-476.14018017486643,-446.80174160594663
praat-fixed,hz,oː,raw-y,314.86033519553075,-762.2848942483594,-460.12535799881255,-782.7542329279877,-741.5890431963459,-475.23538951529235,-446.03389628852625
praat-fixed,hz,oː,raw-y,317.2122905027933,-761.052162731869,-459.39451193563525,-781.3888601948739,-740.6352249846088,-474.34373908726405,-445.4309421882594
praat-fixed,hz,oː,raw-y,319.56424581005587,-759.7828696864525,-458.64284243488737,-780.2029302973783,-739.7349061037218,-473.4631344868065,-444.9206214173724
praat-fixed,hz,oː,raw-y,321.91620111731845,-758.477307240653,-457.8703848059276,-778.8350216470494,-738.9808880161976,-472.54654449744436,-444.3240431347269
praat-fixed,hz,oː,raw-y,324.268156424581,-757.139484708836,-457.0786264395757,-777.3962315201143,-737.9348138704474,-471.5959506456379,-443.61340482930103
praat-fixed,hz,oː,raw-y,326.62011173184356,-755.7745874711133,-456.2695141449722,-775.9247601884334,-737.3117600979061,-470.654724972586,-442.8906029782829
praat-fixed,hz,oː,raw-y,328.97206703910615,-754.3878013695557,-455.4449949117174,-774.1595711316678,-736.634859232247,-469.7324499504225,-442.1619744583836
praat-fixed,hz,oː,raw-y,331.3240223463687,-752.9843122462346,-454.60701572941133,-772.2866374204714,-735.6541909322711,-468.92253969106264,-441.4290926150846
praat-fixed,hz,oː,raw-y,333.6759776536313,-751.5693059432208,-453.7575235876542,-770.6142193632277,-734.945333715459,-467.94348593525643,-440.7080049412118
praat-fixed,hz,oː,raw-y,336.02793296089385,-750.1479683025854,-452.8984654760463,-769.3111418730053,-733.9344573612163,-466.7899350122837,-440.03648526938997
praat-fixed,hz,oː,raw-y,338.37988826815644,-748.7254851663992,-452.0317883841877,-767.3618775210564,-732.6745025386053,-465.99379377108266,-439.36469105177855
praat-fixed,hz,oː,raw-y,340.731843575419,-747.3070423767334,-451.1594393016786,-765.2374133543902,-731.7659244198063,-465.0581541281145,-438.67076919126094
praat-fixed,hz,oː,raw-y,343.08379888268155,-745.8978257756588,-450.2833652181193,-763.3806909673992,-730.6368102911919,-464.01906586826044,-437.94890086194135
praat-fixed,hz,oː,raw-y,345.43575418994413,-744.5030212052466,-449.4055131231098,-761.3875858389117,-729.540315195066,-462.89667043684386,-437.1026163039083
praat-fixed,hz,oː,raw-y,347.7877094972067,-743.1278145075678,-448.5278300062505,-759.5344469107719,-727.844978372426,-461.8688705452571,-436.15343274450964
praat-fixed,hz,oː,raw-y,350.13966480446925,-741.7773915246933,-447.6522628571414,-758.3950050971429,-725.8031763006064,-460.99611239819114,-435.2336158506061
praat-fixed,hz,oː,raw-y,352.49162011173183,-740.4569380986941,-446.7807586653828,-756.9798531489286,-724.2210342063271,-460.0730863526295,-434.6238165446033
praat-fixed,hz,oː,raw-y,354.8435754189944,-739.1716400716413,-445.91526442057483,-755.6428538020918,-722.7821541512664,-459.21796215538143,-433.8575555479061
praat-fixed,hz,oː,raw-y,357.19553072625695,-737.9266832856058,-445.05772711231765,-755.0363782064461,-721.2929590857226,-458.3367545319295,-433.25656324447306
praat-fixed,hz,oː,raw-y,359.5474860335196,-736.7272535826586,-444.21009373021155,-754.4030965369129,-719.9800278937932,-457.33553345556373,-432.5447950955098
praat-fixed,hz,oː,raw-y,361.8994413407821,-735.578536804871,-443.3743112638566,-753.707542797249,-718.5491813823844,-456.5651265352656,-431.879177975719
praat-fixed,hz,oː,raw-y,364.2513966480447,-734.4857187943135,-442.5523267028531,-753.2158549070016,-717.4097664806484,-455.8003456632417,-430.9426121147262
praat-fixed,hz,oː,raw-y,366.6033519553073,-733.4539853930575,-441.74608703680116,-752.8613880946298,-716.5898855540645,-455.04276709899955,-429.91240361395666
praat-fixed,hz,oː,raw-y,368.9553072625698,-732.4885224431738,-440.95753925530096,-752.464249523734,-714.9516050180528,-454.29396710204634,-428.9914873907205
praat-fixed,hz,oː,raw-y,371.3072625698324,-731.5945157867334,-440.18863034795277,-752.5585551852416,-713.8781988348303,-453.4696009629755,-428.213124814126
praat-fixed,hz,oː,raw-y,373.659217877095,-730.7771512658076,-439.44130730435666,-752.3585101017186,-712.7907674612285,-452.7670846611033,-427.4625673238157
praat-fixed,hz,oː,raw-y,376.0111731843575,-730.041614722467,-438.7175171141129,-751.9575611615447,-711.5045987763342,-452.1332246943181,-426.7948886005937
praat-fixed,hz,oː,raw-y,378.3631284916201,-729.3930919987828,-438.0192067668217,-751.771747754637,-710.049073848588,-451.46098020494117,-425.9623352462316
praat-fixed,hz,oː,raw-y,380.7150837988827,-728.836768936826,-437.3483232520831,-751.8660211125738,-709.2179316665786,-450.7368147093759,-425.17018098367447
praat-fixed,hz,oː,raw-y,383.0670391061453,-728.3778313786676,-436.70681355949745,-752.2331919352348,-708.103485211271,-450.03184884279165,-424.31126362591095
praat-fixed,hz,oː,raw-y,385.4189944134078,-728.0214651663787,-436.09662467866485,-752.6747057118039,-707.0998345391504,-449.3022099031497,-423.48461593197317
praat-fixed,hz,oː,raw-y,387.7709497206704,-727.77285614203,-435.5197035991855,-753.5856961704898,-706.249433467624,-448.6071653205183,-422.7120290152339
praat-fixed,hz,oː,raw-y,390.122905027933,-727.6371901476929,-434.9779973106596,-754.426226578935,-705.2013614121448,-448.03886814416416,-422.0314475660138
praat-fixed,hz,oː,raw-y,392.47486033519556,-727.6196530254381,-434.4734528026873,-755.1321422294889,-704.4590701518252,-447.4988609560318,-421.51642571176234
praat-fixed,hz,oː,raw-y,394.8268156424581,-727.7254306173368,-434.00801706486885,-755.9050766458879,-703.7519063821711,-447.07989831438323,-421.0052886325102
praat-fixed,hz,oː,raw-y,397.1787709497207,-727.9597087654597,-433.5836370868044,-756.5631261916097,-703.0606564262857,-446.5702117224052,-420.5500612004118
praat-fixed,hz,oː,raw-y,399.53072625698326,-728.3276733118782,-433.2022598580941,-757.4355995495303,-702.6985026816725,-446.0831153724116,-420.04544615424595
praat-fixed,hz,oː,raw-y,401.8826815642458,-728.834510098663,-432.8658323683382,-758.4105377660564,-702.8075105245168,-445.7496921382378,-419.61468800330556
praat-fixed,hz,oː,raw-y,404.23463687150837,-729.4854049678853,-432.5763016071369,-759.472622480291,-703.4610736404501,-445.41369797746137,-419.3524698711282
praat-fixed,hz,oː,raw-y,406.58659217877096,-730.285543761616,-432.33561456409024,-760.8725042549551,-703.9947753861996,-445.33209560718024,-419.15163803296855
praat-fixed,hz,oː,raw-y,408.93854748603354,-731.2401123219262,-432.1457182287986,-762.5485911023238,-704.7651612419013,-445.2254091487754,-419.1193238803458
praat-fixed,hz,oː,raw-y,411.29050279329607,-732.3542964908868,-432.0085595908621,-764.3868783226668,-705.878620108705,-444.98143887973566,-419.06985997787524
praat-fixed,hz,oː,raw-y,413.64245810055866,-733.6332821105689,-431.92608563988085,-766.2193245025097,-707.1507589259325,-444.9998851250352,-418.9130260194234
praat-fixed,hz,oː,raw-y,415.99441340782124,-735.0822550230432,-431.9002433654551,-768.1541532092147,-707.9926602634744,-445.27649684590364,-418.70648090827433
praat-fixed,hz,oː,raw-y,418.3463687150838,-736.7064010703812,-431.932979757185,-770.2153721744687,-709.1883980073162,-445.5123206642183,-418.68041066576893
praat-fixed,hz,oː,raw-y,420.69832402234636,-738.5109060946535,-432.0262418046708,-772.2485250130215,-710.6460426026524,-445.77197689390715,-418.77903117944305
praat-fixed,hz,oː,raw-y,423.05027932960894,-740.5009559379314,-432.18197649751266,-774.7928243710653,-712.2901577192358,-446.00926097179524,-419.12581970325476
praat-fixed,hz,oː,raw-y,425.4022346368715,-742.6817364422856,-432.4021308253107,-777.5276114984506,-714.2015324727506,-446.27948999718757,-419.501701333282
praat-fixed,hz,oː,raw-y,427.75418994413405,-745.0584334497872,-432.6886517776652,-780.163158953244,-716.3892252217952,-446.63013932784713,-419.7555021612426
praat-fixed,hz,oː,raw-y,430.10614525139664,-747.6362328025075,-433.04348634417636,-782.8930462838549,-718.5834504391917,-447.0241897528759,-420.03817860031296
praat-fixed,hz,oː,raw-y,432.4581005586592,-750.4203203425172,-433.4685815144442,-785.4663880577418,-721.0014262352407,-447.46301516279874,-420.39042638446927
praat-fixed,hz,oː,raw-y,434.8100558659218,-753.4158819118873,-433.96588427806915,-787.9195509362441,-724.2102074241071,-447.93187026917917,-420.8387171188101
praat-fixed,hz,oː,raw-y,437.16201117318434,-756.6281033526889,-434.5373416246513,-790.5500700357615,-727.3126936629624,-448.43134537214644,-421.3671655276684
praat-fixed,hz,oː,raw-y,439.5139664804469,-760.062170506993,-435.18490054379066,-794.0001459495719,-730.9244779507084,-448.96203077183026,-422.10242164441854
praat-fixed,hz,oː,raw-y,441.8659217877095,-763.7232692168706,-435.9105080250876,-797.487075135675,-734.8379083091526,-449.47273512851604,-422.9309489465149
praat-fixed,hz,oː,raw-y,444.2178770949721,-767.6165853243926,-436.71611105814225,-800.3369969425532,-739.089211905107,-450.00990198779203,-423.86490681621353
praat-fixed,hz,oː,raw-y,446.5698324022346,-771.7473046716302,-437.6036566325549,-803.6555325005493,-743.1878101961892,-450.6688137755497,-425.02824467610174
praat-fixed,hz,oː,raw-y,448.9217877094972,-776.1206131006542,-438.57509173792556,-807.5940518015823,-747.1978945475844,-451.127525786331,-426.2929130892403
praat-fixed,hz,oː,raw-y,451.2737430167598,-780.7416964535357,-439.63236336385455,-812.7255942497088,-751.409616925494,-451.90506072787986,-427.7028637271884
praat-fixed,hz,oː,raw-y,453.6256983240223,-785.6157405723457,-440.777418499942,-817.2231546910228,-756.6146806338503,-452.5564634911389,-428.9519209527576
praat-fixed,hz,oː,raw-y,455.9776536312849,-790.7479312991553,-442.01220413578807,-822.6275909493231,-761.7468448466109,-453.53717279830136,-430.2307689449341
praat-fixed,hz,oː,raw-y,458.3296089385475,-796.1434544760352,-443.338667260993,-827.5416253966589,-767.0884815731204,-454.5806288045083,-431.59254396521516
praat-fixed,hz,oː,raw-y,460.6815642458101,-801.8074959450571,-444.758754865157,-833.8129489375797,-772.4650491480658,-455.71525042637603,-433.061868040838
praat-fixed,hz,oː,raw-y,463.0335195530726,-807.745241548291,-446.27441393788024,-840.376912299051,-778.8356613893147,-457.3022369717675,-434.33474923531355
praat-fixed,hz,oː,raw-y,465.3854748603352,-813.9618670562969,-447.8875878465364,-847.0345448942609,-784.4055989285458,-459.31398625684125,-436.00867609967446
praat-fixed,hz,oː,raw-y,467.7374301675978,-820.4589816129965,-449.59893721865,-854.0291199911209,-788.9973546336092,-461.6529242157902,-437.92156221415604
praat-fixed,hz,oː,raw-y,470.08938547486036,-827.2293821663714,-451.40595336910326,-861.2857717401939,-794.4062721071446,-463.6080198794147,-439.6318622632281
praat-fixed,hz,oː,raw-y,472.4413407821229,-834.264528529025,-453.3056467110732,-869.0804533532472,-799.9325837872448,-465.75530558658005,-441.8086399296152
praat-fixed,hz,oː,raw-y,474.7932960893855,-841.555880513562,-455.2950276577368,-877.9186617008927,-805.192530784863,-467.98444977333867,-443.5077143337082
praat-fixed,hz,oː,raw-y,477.14525139664806,-849.0948979325858,-457.3711066222708,-887.3102280477465,-811.1021266133592,-470.3040371774956,-445.0784695313245
praat-fixed,hz,oː,raw-y,479.4972067039106,-856.8730405987003,-459.530894017852,-896.3563556124814,-817.0310004202227,-472.76902062887063,-446.751729347017
praat-fixed,hz,oː,raw-y,481.8491620111732,-864.8817683245097,-461.7714002576575,-906.4218732168042,-822.2178496452968,-475.5468640115022,-448.462557616338
praat-fixed,hz,oː,raw-y,484.20111731843576,-873.1125409226177,-464.08963575486405,-917.2181928265508,-826.9467488865919,-478.84644191507994,-450.1329543071028
praat-fixed,hz,oː,raw-y,486.55307262569835,-881.5568182056281,-466.4826109226485,-928.992620424712,-831.3641023512863,-482.4029740741548,-451.83332683318986
praat-fixed,hz,oː,raw-y,488.9050279329609,-890.2060599861449,-468.94733617418785,-940.7752987403592,-836.1232531841284,-485.8104306395068,-453.31633950133914
praat-fixed,hz,oː,raw-y,491.25698324022346,-899.0517260767722,-471.48082192265883,-952.4684353782457,-840.0663905000646,-489.2329226808178,-454.76112500315116
praat-fixed,hz,oː,raw-y,493.60893854748605,-908.0852762901136,-474.0800785812385,-964.3503410091816,-844.8045013684635,-492.7568368888414,-456.24697742056264
praat-fixed,hz,oː,raw-y,495.96089385474863,-917.2981704387731,-476.7421165631036,-976.5795017651933,-849.6269625876678,-496.5686068352252,-457.85220566784983
praat-fixed,hz,oː,raw-y,498.31284916201116,-926.6818683353545,-479.46394628143105,-989.0290807362139,-854.4408782380071,-500.4727813618439,-459.68613609559173
praat-fixed,hz,oː,raw-y,500.66480446927375,-936.2278297924619,-482.2425781493978,-1001.6909582320536,-859.1011955726613,-504.4398869925587,-461.63091730261044
praat-fixed,hz,oː,raw-y,503.01675977653633,-945.9275146226992,-485.0750225801806,-1014.5902128066214,-864.0562557699457,-508.1643462540646,-463.20311468254977
praat-fixed,hz,oː,raw-y,505.36871508379886,-955.7723826386699,-487.9582899869564,-1027.6821639683187,-869.3717496840128,-512.2036308134653,-464.5951002441173
praat-fixed,hz,oː,raw-y,507.72067039106145,-965.7538936529785,-490.88939078290207,-1040.9554766237857,-874.7565590395304,-516.3693692298796,-466.18801214253244
praat-fixed,hz,oː,raw-y,510.07262569832403,-975.8635074782287,-493.86533538119465,-1054.288714463831,-880.2063516214081,-520.8608339519517,-467.6385915677918
praat-fixed,hz,oː,raw-y,512.4245810055866,-986.0926839270239,-496.88313419501077,-1067.5496217394523,-885.7167952145547,-525.4139644217421,-469.10864384313714
praat-fixed,hz,oː,raw-y,514.7765363128492,-996.432882811969,-499.93979763752753,-1081.1022787177994,-891.2835576038802,-530.0325843003393,-470.52138242006123
praat-fixed,hz,oː,raw-y,517.1284916201117,-1006.8755639456667,-503.0323361219215,-1094.862450784927,-896.3086501842562,-534.7243533660775,-471.90209588868515
praat-fixed,hz,oː,raw-y,519.4804469273743,-1017.4121871407217,-506.15776006136997,-1108.76733167457,-901.0638732345826,-539.464977649052,-473.4693630135281
praat-fixed,hz,oː,raw-y,521.8324022346369,-1028.0342122097381,-509.31307986904966,-1123.9491199204738,-905.2470129913572,-544.1219444451092,-475.01010201668726
praat-fixed,hz,oː,raw-y,524.1843575418994,-1038.733098965319,-512.4953059581372,-1138.8082958780835,-910.0514788069645,-548.5567309377087,-476.4216775007635
praat-fixed,hz,oː,raw-y,526.536312849162,-1049.5003072200684,-515.7014487418097,-1153.4444002528294,-915.3630380217348,-553.0227655999165,-477.8440366716007
praat-fixed,hz,oː,raw-y,528.8882681564246,-1060.3272967865914,-518.9285186332443,-1168.2300631635026,-920.8748334136213,-557.5161424105315,-479.26881930516487
praat-fixed,hz,oː,raw-y,531.2402234636871,-1071.2055274774903,-522.1735260456173,-1183.0813252603555,-926.6054213209525,-562.0329553483524,-480.70095681645086
praat-fixed,hz,oː,raw-y,533.5921787709497,-1082.1264591053696,-525.4334813921059,-1198.0563525138923,-932.3082649660837,-566.5692983921783,-482.13975621527294
praat-fixed,hz,oː,raw-y,535.9441340782123,-1093.081551482834,-528.7053950858873,-1212.9999445264805,-938.0277610790948,-571.1212655208087,-483.8258338380301
praat-fixed,hz,oː,raw-y,538.2960893854749,-1104.0622644224868,-531.986277540138,-1227.3475833490295,-943.7597465430156,-575.6849507130423,-485.28478179595356
praat-fixed,hz,oː,raw-y,540.6480446927374,-1115.0600577369303,-535.2731391680345,-1241.7687971367648,-949.5000582408755,-580.2564479476771,-486.9025554604479
praat-fixed,hz,oː,raw-y,543.0,-1126.0663912387713,-538.5629903827545,-1256.3974767480258,-954.7892666793375,-584.8318512035136,-488.520424545792
praat-fixed,hz,ɑː,raw-y,122.0,-964.2827908624334,-622.679128321826,-1091.5925748171344,-872.8997387600418,-671.2123357472252,-576.0189455350778
praat-fixed,hz,ɑː,raw-y,124.35195530726257,-963.702234090085,-622.0280421998026,-1088.1697237127107,-874.0764027581347,-669.6442812048539,-576.1138830990674
praat-fixed,hz,ɑː,raw-y,126.70391061452514,-963.121634912729,-621.377008621794,-1084.747660362008,-875.252547175015,-668.076482444361,-576.3076418470894
praat-fixed,hz,ɑː,raw-y,129.0558659217877,-962.5409509253584,-620.7260801318154,-1081.3284069606566,-876.4206554548416,-666.5091952476246,-576.5713879378706
praat-fixed,hz,ɑː,raw-y,131.40782122905028,-961.9601397229658,-620.0753092738817,-1077.9506154406654,-877.5739416734855,-664.9426753965231,-576.8029207174721
praat-fixed,hz,ɑː,raw-y,133.75977653631284,-961.3791589005435,-619.424748592008,-1074.5758891918242,-879.2495610485403,-663.3771786729351,-576.961179724849
praat-fixed,hz,ɑː,raw-y,136.11173184357543,-960.7979660530847,-618.7744506302091,-1071.2049945319202,-880.9303723550098,-661.8129608587388,-577.1186284582083
praat-fixed,hz,ɑː,raw-y,138.46368715083798,-960.2165187755816,-618.1244679325,-1067.8386977787404,-882.0988036171565,-660.2502777358125,-577.2751048627465
praat-fixed,hz,ɑː,raw-y,140.81564245810057,-959.634774663027,-617.4748530428959,-1064.477765250073,-883.2606084381364,-658.6898487236898,-577.4276245814672
praat-fixed,hz,ɑː,raw-y,143.16759776536313,-959.0526913104135,-616.8256585054116,-1060.765200681933,-884.4017210974832,-657.1499643871788,-577.5776791686502
praat-fixed,hz,ɑː,raw-y,145.51955307262568,-958.4702263127338,-616.1769368640621,-1057.0444716111792,-885.5383181867358,-655.5774319987787,-577.7263438234487
praat-fixed,hz,ɑː,raw-y,147.87150837988827,-957.8873372649805,-615.5287406628623,-1053.7360376230572,-886.6698979758836,-654.0249111220724,-577.8734641089312
praat-fixed,hz,ɑː,raw-y,150.22346368715085,-957.3039817621462,-614.8811224458273,-1050.543673058058,-887.7959587349162,-652.4751876483484,-578.0188855881662
praat-fixed,hz,ɑː,raw-y,152.5754189944134,-956.7201173992237,-614.234134756972,-1047.3596914778614,-888.9159987338232,-650.8335958333524,-578.1624538242221
praat-fixed,hz,ɑː,raw-y,154.92737430167597,-956.1357017712054,-613.5878301403116,-1044.1847914645346,-890.0295162425941,-649.2301221265044,-578.3036341551883
praat-fixed,hz,ɑː,raw-y,157.27932960893855,-955.550692473084,-612.9422611398606,-1041.1462249855886,-891.1360095312184,-647.8078612102165,-578.3459938874242
praat-fixed,hz,ɑː,raw-y,159.6312849162011,-954.9650470998524,-612.2974802996345,-1038.6091590884541,-892.2349768696855,-646.3093539705147,-578.3868580405534
praat-fixed,hz,ɑː,raw-y,161.9832402234637,-954.378723246503,-611.653540163648,-1036.0876390901292,-893.3259165279852,-644.7774321521322,-578.426126909302
praat-fixed,hz,ɑː,raw-y,164.33519553072625,-953.7916785080284,-611.0104932759159,-1033.5756682756137,-894.4083267761068,-643.3022460247826,-578.4620767897153
praat-fixed,hz,ɑː,raw-y,166.68715083798884,-953.2038704794214,-610.3683921804536,-1031.0712687946927,-895.48170588404,-642.0776736067131,-578.5783608654395
praat-fixed,hz,ɑː,raw-y,169.0391061452514,-952.6152567556746,-609.7272894212759,-1028.5748612770105,-896.5455521217742,-641.0320206841504,-578.8583508551798
praat-fixed,hz,ɑː,raw-y,171.39106145251395,-952.0257949317806,-609.0872375423977,-1026.2451036564664,-897.599363759299,-639.8104990189604,-578.9789931234365
praat-fixed,hz,ɑː,raw-y,173.74301675977654,-951.435442602732,-608.448289087834,-1024.1152407914064,-898.1211151128335,-638.4847246577378,-578.9878928596272
praat-fixed,hz,ɑː,raw-y,176.09497206703912,-950.8441573635215,-607.8104966015999,-1022.0085637165042,-898.5586713917652,-637.1801578311142,-578.9273472203984
praat-fixed,hz,ɑː,raw-y,178.44692737430168,-950.2518968091417,-607.1739126277103,-1019.4466182606585,-898.990709927123,-635.7213175922524,-578.8538876067774
praat-fixed,hz,ɑː,raw-y,180.79888268156424,-949.6586185345853,-606.5385897101801,-1016.6640875836373,-899.4169908170123,-633.9827343598733,-578.7794543980294
praat-fixed,hz,ɑː,raw-y,183.15083798882682,-949.0642801348449,-605.9045803930243,-1013.783621481769,-899.8372741595388,-632.2082712277487,-578.65457892166
praat-fixed,hz,ɑː,raw-y,185.50279329608938,-948.4688392049133,-605.271937220258,-1010.9185727984371,-900.4727952026179,-630.465098689613,-578.4960037747553
praat-fixed,hz,ɑː,raw-y,187.85474860335194,-947.8722533397828,-604.640712735896,-1009.3060404312906,-901.8775780988258,-628.8716812051883,-578.3750547711984
praat-fixed,hz,ɑː,raw-y,190.20670391061452,-947.2744801344463,-604.0109594839535,-1006.7726250767067,-903.0591098230807,-627.6956972969651,-578.252530119608
praat-fixed,hz,ɑː,raw-y,192.5586592178771,-946.6754771838964,-603.3827300084453,-1004.5709488079465,-903.8484651313375,-626.1844735137879,-578.1283735468401
praat-fixed,hz,ɑː,raw-y,194.91061452513966,-946.0752020831255,-602.7560768533864,-1002.2759900068787,-904.9916873465523,-624.6778359120543,-578.0025287797505
praat-fixed,hz,ɑː,raw-y,197.26256983240222,-945.4736124271268,-602.1310525627919,-1000.4301280907697,-905.8588585553963,-623.5905244185898,-577.8749395451955
praat-fixed,hz,ɑː,raw-y,199.6145251396648,-944.8706658108924,-601.5077096806766,-997.4884873220442,-906.2484661377176,-622.7021997751604,-577.7963871119907
praat-fixed,hz,ɑː,raw-y,201.9664804469274,-944.2663198294151,-600.8861007510554,-995.1317482782773,-906.3167310080077,-621.5971335720208,-577.7004661659487
praat-fixed,hz,ɑː,raw-y,204.31843575418995,-943.6605320776877,-600.2662783179437,-992.8456944908215,-906.8858722025523,-620.1553734667167,-577.8309555429261
praat-fixed,hz,ɑː,raw-y,206.6703910614525,-943.0532601507027,-599.6482949253563,-991.0684511352771,-907.3751293122648,-618.578058304606,-578.1216307883418
praat-fixed,hz,ɑː,raw-y,209.0223463687151,-942.4444616434528,-599.0322031173079,-989.3745392583049,-907.3213956286461,-617.3694408421728,-578.0320656281931
praat-fixed,hz,ɑː,raw-y,211.37430167597765,-941.8340941509304,-598.4180554378138,-987.5961863701725,-907.3523465463217,-616.5421494037095,-577.7853000107161
praat-fixed,hz,ɑː,raw-y,213.7262569832402,-941.2221152681285,-597.8059044308887,-986.5613680060458,-907.9577257171554,-615.3742046162234,-577.535005226808
praat-fixed,hz,ɑː,raw-y,216.0782122905028,-940.6084825900396,-597.1958026405478,-984.1908247118935,-907.9453495090904,-614.5532372899027,-577.2843408827646
praat-fixed,hz,ɑː,raw-y,218.43016759776538,-939.9931537116561,-596.5878026108061,-982.2954496256859,-908.0416457952161,-613.6307889561631,-577.1433364731073
praat-fixed,hz,ɑː,raw-y,220.78212290502793,-939.3760862279711,-595.9819568856784,-980.3765572337117,-907.6131266130644,-612.666645655389,-577.1832062427666
praat-fixed,hz,ɑː,raw-y,223.1340782122905,-938.7572377339769,-595.3783180091798,-978.4038178368497,-907.1855448170877,-611.9394969251756,-577.0287858616414
praat-fixed,hz,ɑː,raw-y,225.48603351955308,-938.1365658246661,-594.7769385253252,-977.4628190914135,-907.1829812677845,-611.2496042590493,-576.95791053613
praat-fixed,hz,ɑː,raw-y,227.83798882681566,-937.5140280950317,-594.1778709781297,-976.5731831739679,-907.2179373490752,-610.7482296208424,-576.4574918714343
praat-fixed,hz,ɑː,raw-y,230.18994413407822,-936.8895821400661,-593.5811679116081,-974.5588084505104,-907.3740493347042,-610.3098507047548,-576.3593266973712
praat-fixed,hz,ɑː,raw-y,232.54189944134077,-936.263185554762,-592.9868818697755,-972.9128408855365,-907.3455622349752,-609.5053467098171,-576.2768960322268
praat-fixed,hz,ɑː,raw-y,234.89385474860336,-935.6347959341118,-592.3950653966469,-972.1504052409938,-907.0796895701529,-608.6363040969682,-576.2480842099831
praat-fixed,hz,ɑː,raw-y,237.24581005586592,-935.0043708731084,-591.8057710362373,-970.7891801821656,-906.8035770167376,-607.6469202128549,-575.9565723917462
praat-fixed,hz,ɑː,raw-y,239.59776536312847,-934.3718679667445,-591.2190513325614,-970.1349956567522,-906.5971592645669,-606.4514983093728,-575.7704475114358
praat-fixed,hz,ɑː,raw-y,241.94972067039106,-933.7372448100125,-590.6349588296346,-969.0180465746189,-906.3138659331487,-605.4073919217551,-575.3205669377107
praat-fixed,hz,ɑː,raw-y,244.30167597765364,-933.1004589979053,-590.0535460714715,-968.0300411070338,-906.0117705653746,-604.335215707378,-574.8062432552532
praat-fixed,hz,ɑː,raw-y,246.6536312849162,-932.4614681254153,-589.4748656020873,-967.3171109855514,-905.407050279646,-603.5545974633764,-574.4328701226581
praat-fixed,hz,ɑː,raw-y,249.00558659217876,-931.8202297875353,-588.898969965497,-966.8984786159758,-904.8084270906468,-603.0384017690862,-573.9707694940527
praat-fixed,hz,ɑː,raw-y,251.35754189944134,-931.1767015792578,-588.3259117057154,-966.0167416051573,-904.7246282464,-602.3794403689399,-573.1721963972121
praat-fixed,hz,ɑː,raw-y,253.7094972067039,-930.5308410955756,-587.7557433667575,-965.2824293430316,-904.7956304756356,-601.8574631771376,-572.5255715380554
praat-fixed,hz,ɑː,raw-y,256.0614525139665,-929.8826059314813,-587.1885174926385,-964.7271305562465,-904.2418553442011,-601.4637034226338,-571.9733386086365
praat-fixed,hz,ɑː,raw-y,258.41340782122904,-929.2319536819674,-586.6242866273733,-963.7504077225735,-903.5933356973495,-601.0616367481521,-571.3986046223207
praat-fixed,hz,ɑː,raw-y,260.76536312849163,-928.5788419420268,-586.0631033149767,-962.9697542073292,-902.5232308917599,-600.6511174182541,-570.9042884429319
praat-fixed,hz,ɑː,raw-y,263.1173184357542,-927.9232283066518,-585.5050200994638,-962.5201360216611,-901.6491341745232,-600.1356416784255,-570.5763319612055
praat-fixed,hz,ɑː,raw-y,265.46927374301674,-927.2650703708354,-584.9500895248495,-962.0366256596344,-900.9153363997956,-599.5780892894788,-569.915441309054
praat-fixed,hz,ɑː,raw-y,267.8212290502793,-926.60432572957,-584.3983641351489,-961.5081010587204,-900.2650475866571,-599.0159109410388,-569.0132019305755
praat-fixed,hz,ɑː,raw-y,270.1731843575419,-925.9409519778483,-583.8498964743769,-960.5537071900814,-899.4521740609227,-598.4602407225932,-568.6091598011649
praat-fixed,hz,ɑː,raw-y,272.52513966480444,-925.2749067106629,-583.3047390865486,-959.3200052776865,-898.8341515231227,-597.9121220744998,-567.9416468420025
praat-fixed,hz,ɑː,raw-y,274.877094972067,-924.6061475230066,-582.7629445156788,-957.9498979545757,-898.3403923232767,-597.3740954065046,-567.4900394195358
praat-fixed,hz,ɑː,raw-y,277.2290502793296,-923.9346320098718,-582.2245653057826,-956.8638924730911,-897.5810356323506,-596.642664497882,-567.0898402558236
praat-fixed,hz,ɑː,raw-y,279.58100558659214,-923.2603177662513,-581.6896540008748,-956.1514912869183,-896.4121140912257,-595.9929977074996,-566.6812169367581
praat-fixed,hz,ɑː,raw-y,281.9329608938548,-922.5831623871378,-581.1582631449705,-955.4194077202121,-895.467697193717,-595.7206093508457,-566.197749996181
praat-fixed,hz,ɑː,raw-y,284.2849162011173,-921.9031234675239,-580.6304452820849,-954.675848981521,-895.0454916344304,-595.1324921564544,-565.6206590440974
praat-fixed,hz,ɑː,raw-y,286.6368715083799,-921.220158602402,-580.1062529562327,-953.9106376857095,-894.6818952746814,-594.6442977233429,-564.9668679308372
praat-fixed,hz,ɑː,raw-y,288.9888268156425,-920.534225386765,-579.5857387114288,-953.1234600276018,-894.2616362481251,-594.221673945812,-564.2607305238079
praat-fixed,hz,ɑː,raw-y,291.340782122905,-919.8452814156055,-579.0689550916885,-952.3140022020224,-893.6325235123417,-593.6500510921212,-563.557136329289
praat-fixed,hz,ɑː,raw-y,293.6927374301676,-919.153284283916,-578.5559546410263,-951.4819504037955,-893.1758232201527,-593.0423178140206,-563.004410266182
praat-fixed,hz,ɑː,raw-y,296.0446927374302,-918.4581915866895,-578.0467899034578,-950.6269908277457,-892.7785053139094,-592.4298538855828,-562.4250335188522
praat-fixed,hz,ɑː,raw-y,298.3966480446927,-917.7599609189183,-577.5415134229976,-949.6757379751924,-892.1487529993632,-591.9449188426653,-561.9531931934073
praat-fixed,hz,ɑː,raw-y,300.7486033519553,-917.058549875595,-577.0401777436606,-948.5835675415838,-891.5515383930152,-591.3353914294221,-561.5395225357921
praat-fixed,hz,ɑː,raw-y,303.1005586592179,-916.3539160517125,-576.542835409462,-947.4717227658168,-891.0441268880872,-590.7795648365401,-560.9551039021405
praat-fixed,hz,ɑː,raw-y,305.4525139664804,-915.6460170422633,-576.0495389644167,-946.342705870691,-890.3204387325926,-590.2149555100762,-560.4674871546503
praat-fixed,hz,ɑː,raw-y,307.80446927374305,-914.93481044224,-575.5603409525396,-945.2069529344375,-889.5923386362108,-589.7251670068293,-560.0259093157481
praat-fixed,hz,ɑː,raw-y,310.1564245810056,-914.2202538466354,-575.0752939178458,-944.1694599009219,-888.8888227839534,-589.1873277591196,-559.5086372372544
praat-fixed,hz,ɑː,raw-y,312.50837988826817,-913.502304850442,-574.5944504043501,-943.1675561527878,-888.210202368784,-588.6083605369951,-559.0065254009153
praat-fixed,hz,ɑː,raw-y,314.86033519553075,-912.7809210486524,-574.1178629560678,-942.2484560933601,-887.4153679719168,-588.0108953388434,-558.5744542728244
praat-fixed,hz,ɑː,raw-y,317.2122905027933,-912.0560600362594,-573.6455841170135,-941.3092826699854,-886.4971200422603,-587.3947037945903,-558.3178772427328
praat-fixed,hz,ɑː,raw-y,319.56424581005587,-911.3276794082556,-573.1776664312024,-940.359951601797,-885.9479495773926,-586.8221843808691,-558.0465528328092
praat-fixed,hz,ɑː,raw-y,321.91620111731845,-910.5959650368303,-572.7142082366398,-938.9548978726468,-885.6059396961562,-586.1997839202281,-557.8019874174295
praat-fixed,hz,ɑː,raw-y,324.268156424581,-909.8622610187107,-572.2555402192138,-937.6851387119309,-885.1943765882348,-585.4707748893467,-557.5837648202926
praat-fixed,hz,ɑː,raw-y,326.62011173184356,-909.1282778967127,-571.8020665764413,-936.3078659605474,-884.6784368207776,-584.8211572052339,-557.3912742964242
praat-fixed,hz,ɑː,raw-y,328.97206703910615,-908.3957263575924,-571.3541915347153,-934.8796051158974,-884.1012150484991,-584.3203423305995,-557.2239050244236
praat-fixed,hz,ɑː,raw-y,331.3240223463687,-907.6663170881056,-570.9123193204282,-933.4047388581381,-883.3595381777973,-583.8197136449535,-557.0705242100877
praat-fixed,hz,ɑː,raw-y,333.6759776536313,-906.9417607750086,-570.4768541599725,-932.3303426703383,-882.3817401067035,-583.4233107906795,-556.6628495105978
praat-fixed,hz,ɑː,raw-y,336.02793296089385,-906.2237681050573,-570.0482002797412,-931.4677808176542,-881.8820115324604,-582.9230456035825,-556.4376949634352
praat-fixed,hz,ɑː,raw-y,338.37988826815644,-905.5140497650075,-569.6267619061266,-930.2926707816088,-881.6692955864573,-582.3511364806463,-556.0084452240075
praat-fixed,hz,ɑː,raw-y,340.731843575419,-904.8143164416157,-569.2129432655215,-929.5237746018072,-880.9665523696641,-581.8123130367104,-555.5922657563535
praat-fixed,hz,ɑː,raw-y,343.08379888268155,-904.1262788216375,-568.8071485843186,-928.4011181137975,-880.2794402581311,-581.4120507706026,-555.5487109415689
praat-fixed,hz,ɑː,raw-y,345.43575418994413,-903.4516475918292,-568.4097820889103,-927.3980693903967,-879.6125985382774,-580.9420446142781,-555.1766734213943
praat-fixed,hz,ɑː,raw-y,347.7877094972067,-902.7921334389466,-568.0212480056892,-926.3922618932265,-879.2121808697468,-580.284401322645,-554.9101423700811
praat-fixed,hz,ɑː,raw-y,350.13966480446925,-902.1494470497461,-567.6419505610482,-925.7199158287902,-878.7606334245661,-579.7107678599799,-554.8060854783826
praat-fixed,hz,ɑː,raw-y,352.49162011173183,-901.5252991109833,-567.2722939813798,-924.6986931604125,-878.7150334216009,-579.3321262673485,-554.7545305466067
praat-fixed,hz,ɑː,raw-y,354.8435754189944,-900.9214003094146,-566.9126824930767,-923.405533933122,-878.6290864613962,-578.9378551930419,-554.784959310157
praat-fixed,hz,ɑː,raw-y,357.19553072625695,-900.3394613317957,-566.5635203225312,-922.4556018685611,-878.2799287493291,-578.5475725149423,-554.5763512895575
praat-fixed,hz,ɑː,raw-y,359.5474860335196,-899.781192864883,-566.2252116961363,-921.8310981012171,-877.5848447394278,-578.1305463962719,-554.394345844149
praat-fixed,hz,ɑː,raw-y,361.8994413407821,-899.248305595432,-565.8981608402845,-921.1050339246352,-877.272147719239,-577.5581065790326,-554.0755658475501
praat-fixed,hz,ɑː,raw-y,364.2513966480447,-898.7425102101993,-565.5827719813683,-920.127744225298,-876.5111201887635,-577.1206345026593,-553.9699992541737
praat-fixed,hz,ɑː,raw-y,366.6033519553073,-898.2655173959406,-565.2794493457804,-919.3954639344488,-876.1384629921986,-576.7520743992761,-553.7109778804138
praat-fixed,hz,ɑː,raw-y,368.9553072625698,-897.819037839412,-564.9885971599136,-918.5482599328041,-876.0186941483541,-576.6418818460681,-553.5459750806565
praat-fixed,hz,ɑː,raw-y,371.3072625698324,-897.4047822273695,-564.7106196501603,-917.5360209788759,-876.089318821644,-576.180262879745,-553.148748366276
praat-fixed,hz,ɑː,raw-y,373.659217877095,-897.0244612465692,-564.4459210429131,-916.6102732085499,-875.8470906023957,-575.9685669821549,-552.9862324145724
praat-fixed,hz,ɑː,raw-y,376.0111731843575,-896.6797855837672,-564.1949055645649,-915.8736853154253,-875.8079925286293,-575.7422648338894,-552.6917656081849
praat-fixed,hz,ɑː,raw-y,378.3631284916201,-896.3724659257193,-563.9579774415082,-915.6463100505113,-875.8383062853152,-575.3183766526438,-552.548593826027
praat-fixed,hz,ɑː,raw-y,380.7150837988827,-896.1042129591816,-563.7355409001356,-914.8115024087219,-875.5370023779394,-575.0393941162993,-552.2619145264417
praat-fixed,hz,ɑː,raw-y,383.0670391061453,-895.8767373709102,-563.5280001668395,-914.3870926759442,-875.8024442305295,-574.7932039150481,-551.9985767976691
praat-fixed,hz,ɑː,raw-y,385.4189944134078,-895.6917498476612,-563.335759468013,-913.9928800120762,-876.2015015874001,-574.6556459303325,-551.8851288866546
praat-fixed,hz,ɑː,raw-y,387.7709497206704,-895.5509610761906,-563.1592230300482,-913.7360968961158,-875.8545213228264,-574.3698803240874,-551.9209891541776
praat-fixed,hz,ɑː,raw-y,390.122905027933,-895.4560817432541,-562.9987950793382,-913.954354750193,-875.2563110059681,-574.4128345787236,-551.9682204845819
praat-fixed,hz,ɑː,raw-y,392.47486033519556,-895.4088225356084,-562.8548798422753,-913.5809533867247,-874.8832519828293,-574.2434257710935,-551.8475265711091
praat-fixed,hz,ɑː,raw-y,394.8268156424581,-895.4108941400088,-562.7278815452523,-913.5871057506339,-874.457377368268,-574.1453753648763,-551.719948144538
praat-fixed,hz,ɑː,raw-y,397.1787709497207,-895.4640072432119,-562.6182044146617,-913.7224816129858,-874.3479920286484,-573.8024440876834,-551.432490118562
praat-fixed,hz,ɑː,raw-y,399.53072625698326,-895.5698725319733,-562.5262526768961,-913.7274341242703,-873.691619745704,-573.6619972924802,-551.1750226804453
praat-fixed,hz,ɑː,raw-y,401.8826815642458,-895.7302006930493,-562.4524305583485,-913.9565053855522,-873.3559407662123,-573.6829871409866,-550.9483559029472
praat-fixed,hz,ɑː,raw-y,404.23463687150837,-895.9467024131959,-562.3971422854111,-914.4153329763886,-873.2655641745013,-573.7796032620852,-550.8525837849999
praat-fixed,hz,ɑː,raw-y,406.58659217877096,-896.221088379169,-562.3607920844765,-914.7381768293619,-873.4029918297439,-573.8128246443598,-550.8664365642604
praat-fixed,hz,ɑː,raw-y,408.93854748603354,-896.5550692777247,-562.3437841819377,-915.8056391233367,-873.369420916209,-573.806931431472,-550.882481333205
praat-fixed,hz,ɑː,raw-y,411.29050279329607,-896.9503557956191,-562.3465228041871,-916.3962798498717,-873.8081714778783,-574.017443761331,-550.8675392673359
praat-fixed,hz,ɑː,raw-y,413.64245810055866,-897.4086586196082,-562.3694121776173,-917.2929781545654,-874.2365085594266,-574.1913326369124,-550.7173807521742
praat-fixed,hz,ɑː,raw-y,415.99441340782124,-897.931688436448,-562.4128565286209,-918.2149201379896,-874.791468122087,-574.3216483916838,-550.7915470343002
praat-fixed,hz,ɑː,raw-y,418.3463687150838,-898.5211559328943,-562.4772600835907,-919.1622052235057,-875.3638296567743,-574.4527727909698,-550.7392327731286
praat-fixed,hz,ɑː,raw-y,420.69832402234636,-899.1787717957036,-562.5630270689192,-919.9460357175325,-876.0860069320654,-574.5843390687169,-550.804248090088
praat-fixed,hz,ɑː,raw-y,423.05027932960894,-899.9062467116316,-562.670561710999,-920.8547043615208,-876.9194264205878,-574.7159804588714,-550.6901163225194
praat-fixed,hz,ɑː,raw-y,425.4022346368715,-900.7052913674345,-562.8002682362228,-922.0596542352876,-877.8309301196367,-574.886502323185,-550.8394938704172
praat-fixed,hz,ɑː,raw-y,427.75418994413405,-901.5776164498681,-562.9525508709831,-923.537479789135,-878.4430990822619,-575.1602286271166,-551.2246750506777
praat-fixed,hz,ɑː,raw-y,430.10614525139664,-902.5249326456888,-563.1278138416728,-924.6551678188864,-879.1343616830488,-575.6426076711872,-551.264297773032
praat-fixed,hz,ɑː,raw-y,432.4581005586592,-903.5489506416523,-563.3264613746843,-925.8849622093805,-880.996734809749,-576.165984693852,-551.1100685701252
praat-fixed,hz,ɑː,raw-y,434.8100558659218,-904.6513811245146,-563.5488976964102,-926.6802219648317,-882.0970429215215,-576.3141274783302,-551.2387554739769
praat-fixed,hz,ɑː,raw-y,437.16201117318434,-905.833934781032,-563.7955270332433,-927.9359525375686,-883.4630729570711,-576.4709083091466,-551.4412917836662
praat-fixed,hz,ɑː,raw-y,439.5139664804469,-907.0983222979603,-564.0667536115761,-928.9835719216105,-884.8010851836323,-576.7109822827714,-551.8361790416395
praat-fixed,hz,ɑː,raw-y,441.8659217877095,-908.4462543620557,-564.3629816578011,-930.2195547288095,-885.8233273568549,-576.9271892829081,-552.2891364551571
praat-fixed,hz,ɑː,raw-y,444.2178770949721,-909.8794416600742,-564.6846153983113,-931.9965421020969,-886.7184335561697,-577.0168213759156,-552.8015359389889
praat-fixed,hz,ɑː,raw-y,446.5698324022346,-911.3995948787718,-565.0320590594989,-934.2825788457857,-888.5458971293336,-577.1731075681316,-553.3075048196165
praat-fixed,hz,ɑː,raw-y,448.9217877094972,-913.0084247049044,-565.4057168677568,-935.9609909364322,-890.2879568195694,-577.3884415467235,-553.8217522185415
praat-fixed,hz,ɑː,raw-y,451.2737430167598,-914.7076418252283,-565.8059930494777,-937.9351596701712,-891.6551934565163,-577.8489553797135,-554.3005318497387
praat-fixed,hz,ɑː,raw-y,453.6256983240223,-916.4989569264991,-566.233291831054,-940.7706880358887,-893.332348119823,-578.108716490226,-554.7384839482523
praat-fixed,hz,ɑː,raw-y,455.9776536312849,-918.3840806954734,-566.6880174388783,-942.6554300933839,-895.3374892277603,-578.1601878410454,-555.1381616175883
praat-fixed,hz,ɑː,raw-y,458.3296089385475,-920.3647238189067,-567.1705740993434,-944.4736717151234,-897.7954882336913,-578.1842565392421,-555.5944751487431
praat-fixed,hz,ɑː,raw-y,460.6815642458101,-922.4425969835554,-567.6813660388418,-945.7415530342843,-899.6446940777647,-578.6227213777898,-556.0757771359247
praat-fixed,hz,ɑː,raw-y,463.0335195530726,-924.6194108761754,-568.2207974837663,-947.652319153468,-901.9407450112554,-579.8025479721333,-556.3947962258051
praat-fixed,hz,ɑː,raw-y,465.3854748603352,-926.8968726697386,-568.7892717138354,-950.4694440478645,-903.6349230772537,-580.7784546076093,-556.7737601062574
praat-fixed,hz,ɑː,raw-y,467.7374301675978,-929.2754452000913,-569.3868567629437,-954.0026057080044,-906.1216804859174,-581.7203365359119,-557.3905374241409
praat-fixed,hz,ɑː,raw-y,470.08938547486036,-931.7525168734627,-570.0127923607661,-957.7663102161731,-908.5834493986449,-582.5291913407306,-557.8983780935705
praat-fixed,hz,ɑː,raw-y,472.4413407821229,-934.3250095916333,-570.6661925526553,-962.5251484821947,-910.728212798227,-583.7829447585443,-558.0374992178985
praat-fixed,hz,ɑː,raw-y,474.7932960893855,-936.9898452563839,-571.3461713839641,-965.7030543119643,-912.5442200150536,-585.1457748988169,-558.6566632301456
praat-fixed,hz,ɑː,raw-y,477.14525139664806,-939.7439457694952,-572.051842900045,-969.0622142798691,-914.2932316552085,-586.5621039205123,-559.2534443699168
praat-fixed,hz,ɑː,raw-y,479.4972067039106,-942.5842330327478,-572.7823211462508,-973.6500892602747,-916.3143554885584,-588.218328368258,-559.4013066982504
praat-fixed,hz,ɑː,raw-y,481.8491620111732,-945.5076289479224,-573.536720167934,-977.9658386512031,-919.1242017882728,-589.9495760241306,-559.0760065585591
praat-fixed,hz,ɑː,raw-y,484.20111731843576,-948.5110554167998,-574.3141540104476,-981.7881553149252,-921.4776205555906,-591.1614130355287,-558.8973395693265
praat-fixed,hz,ɑː,raw-y,486.55307262569835,-951.5914343411603,-575.1137367191442,-986.6102811312459,-923.1729617227875,-592.5439457964745,-559.1351551729922
praat-fixed,hz,ɑː,raw-y,488.9050279329609,-954.7456876227848,-575.9345823393762,-992.9657284258085,-924.8671064013228,-594.2149339629627,-559.2961021705553
praat-fixed,hz,ɑː,raw-y,491.25698324022346,-957.970737163454,-576.7758049164967,-999.9924010856134,-926.6082960395298,-595.7602666350764,-559.4112287724997
praat-fixed,hz,ɑː,raw-y,493.60893854748605,-961.2635048649486,-577.636518495858,-1006.449246225473,-928.3757971770777,-597.3393494791222,-559.2524751365256
praat-fixed,hz,ɑː,raw-y,495.96089385474863,-964.6209126290491,-578.5158371228131,-1013.048073271151,-930.1881849433123,-599.3047592549648,-558.7721166334618
praat-fixed,hz,ɑː,raw-y,498.31284916201116,-968.0398823575363,-579.4128748427144,-1019.8259680633594,-931.8698737510088,-601.4071945420312,-558.4586342238591
praat-fixed,hz,ɑː,raw-y,500.66480446927375,-971.5173359521908,-580.3267457009148,-1026.7318601006648,-933.7810828616298,-603.4799183102217,-558.347643507862
praat-fixed,hz,ɑː,raw-y,503.01675977653633,-975.0501953147932,-581.2565637427668,-1033.0521602586257,-935.5429322330834,-605.5758251835418,-558.1565041013097
praat-fixed,hz,ɑː,raw-y,505.36871508379886,-978.6353823471244,-582.2014430136232,-1038.7808034537297,-937.9895172633056,-607.5025766297332,-557.9315398107815
praat-fixed,hz,ɑː,raw-y,507.72067039106145,-982.2698189509648,-583.1604975588368,-1045.4111291953068,-940.4735164882941,-609.441301720372,-558.0887561996361
praat-fixed,hz,ɑː,raw-y,510.07262569832403,-985.9504270280954,-584.13284142376,-1052.3765411353959,-942.9925915208757,-611.1788668658625,-557.9674272126758
praat-fixed,hz,ɑː,raw-y,512.4245810055866,-989.6741284802964,-585.1175886537458,-1059.4323713522203,-945.5165972021363,-613.32153756952,-557.3134251375811
praat-fixed,hz,ɑː,raw-y,514.7765363128492,-993.437845209349,-586.1138532941467,-1066.5703562658273,-947.7517465789448,-615.1614025745514,-556.6506557300047
praat-fixed,hz,ɑː,raw-y,517.1284916201117,-997.2384991170334,-587.1207493903153,-1073.784176284156,-950.09618484884,-617.4450096836767,-556.1763204291985
praat-fixed,hz,ɑː,raw-y,519.4804469273743,-1001.0730121051304,-588.1373909876044,-1080.9526508400384,-952.0579986982133,-620.0397728730082,-555.4061872062008
praat-fixed,hz,ɑː,raw-y,521.8324022346369,-1004.938306075421,-589.1628921313667,-1088.199582185133,-953.441792347999,-622.5062146399906,-554.5742493066105
praat-fixed,hz,ɑː,raw-y,524.1843575418994,-1008.8313029296853,-590.1963668669548,-1095.5725724901247,-954.256127302162,-624.8141891045566,-553.8683369014684
praat-fixed,hz,ɑː,raw-y,526.536312849162,-1012.7489245697045,-591.2369292397215,-1103.4654607848772,-956.5011318689243,-627.1531966346092,-553.4702349648745
praat-fixed,hz,ɑː,raw-y,528.8882681564246,-1016.688092897259,-592.2836932950195,-1111.4110050060026,-958.7595601304623,-629.5047290060439,-552.9575345513373
praat-fixed,hz,ɑː,raw-y,531.2402234636871,-1020.6457298141293,-593.3357730782011,-1119.5395149828664,-959.7123312221598,-632.1962202557859,-552.3445719477389
praat-fixed,hz,ɑː,raw-y,533.5921787709497,-1024.6187572220963,-594.3922826346195,-1127.416345297776,-961.7343918255058,-634.9036510653447,-551.572866788664
praat-fixed,hz,ɑː,raw-y,535.9441340782123,-1028.604097022941,-595.4523360096272,-1135.4605517976008,-963.7629586145782,-637.6359984620233,-550.7975732663458
praat-fixed,hz,ɑː,raw-y,538.2960893854749,-1032.5986711184435,-596.5150472485768,-1143.396323164183,-965.7964050429456,-640.1804974654768,-550.0195884715952
praat-fixed,hz,ɑː,raw-y,540.6480446927374,-1036.5994014103842,-597.5795303968209,-1151.6258347556782,-967.1023525880776,-642.5873786478957,-549.2398094952233
praat-fixed,hz,ɑː,raw-y,543.0,-1040.6032098005448,-598.6448994997126,-1159.927132044017,-968.5844659389943,-645.0094632552385,-548.314595588699
praat-fixed,hz,æː,raw-y,122.0,-1611.7989370417358,-692.2869984451775,-1693.1492605964252,-1483.4536088062985,-729.2913330915748,-662.86493818561
praat-fixed,hz,æː,raw-y,124.35195530726257,-1613.49753943891,-691.165845452799,-1691.9758687686888,-1488.8215757692763,-727.3096124090634,-662.5689120008709
praat-fixed,hz,æː,raw-y,126.70391061452514,-1615.1958620122546,-690.0449375623149,-1690.8091074604329,-1494.023362713198,-725.3283543402162,-662.2729026154102
praat-fixed,hz,æː,raw-y,129.0558659217877,-1616.89362493794,-688.9245198756194,-1689.7419806276405,-1499.2222945081676,-723.3480214986971,-661.9685966801383
praat-fixed,hz,æː,raw-y,131.40782122905028,-1618.5905483921365,-687.8048374946068,-1688.7551129397948,-1504.4169435797103,-721.3836442755644,-661.6476769065081
praat-fixed,hz,æː,raw-y,133.75977653631284,-1620.2863525510147,-686.6861355211715,-1687.7736677129474,-1509.6058823533501,-719.4228634691171,-661.2437749279034
praat-fixed,hz,æː,raw-y,136.11173184357543,-1621.9807575907444,-685.5686590572079,-1686.7948279147843,-1514.752217591605,-717.4643851756028,-660.8289191080335
praat-fixed,hz,æː,raw-y,138.46368715083798,-1623.6734836874964,-684.4526532046102,-1685.7279706441466,-1519.8832407269429,-715.2708966496871,-660.4080799976783
praat-fixed,hz,æː,raw-y,140.81564245810057,-1625.3642510174413,-683.3383630652727,-1684.4797963192561,-1525.3219159927191,-712.9312296881247,-659.8964550944435
praat-fixed,hz,æː,raw-y,143.16759776536313,-1627.052779756749,-682.22603374109,-1683.6642008238887,-1530.792866051343,-710.5966703360871,-659.2829426172774
praat-fixed,hz,æː,raw-y,145.51955307262568,-1628.7387900815904,-681.115910333956,-1682.9494459836114,-1535.9827535732643,-708.2876773192671,-658.8307775668148
praat-fixed,hz,æː,raw-y,147.87150837988827,-1630.4220021681351,-680.0082379457651,-1682.240452221568,-1540.9065220133261,-706.2453961128755,-658.2716521894209
praat-fixed,hz,æː,raw-y,150.22346368715085,-1632.1021361925543,-678.903261678412,-1682.0251012135184,-1545.7975385509924,-704.4553403668622,-657.6835950354927
praat-fixed,hz,æː,raw-y,152.5754189944134,-1633.7789123310179,-677.8012266337907,-1681.4365536243392,-1550.6437151692733,-702.9204445644123,-657.0517736525844
praat-fixed,hz,æː,raw-y,154.92737430167597,-1635.4520507596962,-676.7023779137958,-1681.1733046378968,-1555.1783915362898,-701.5704477997448,-656.4409436455708
praat-fixed,hz,æː,raw-y,157.27932960893855,-1637.1212716547602,-675.606960620321,-1680.8603945640089,-1559.2660144388165,-699.9061198583968,-655.8311970851828
praat-fixed,hz,æː,raw-y,159.6312849162011,-1638.7862951923794,-674.5152198552613,-1680.5296068878724,-1563.3392763156278,-697.8139197379074,-655.3715010297154
praat-fixed,hz,æː,raw-y,161.9832402234637,-1640.446841548725,-673.4274007205108,-1680.4495762806737,-1567.388243094398,-695.8601766618519,-654.9346470742555
praat-fixed,hz,æː,raw-y,164.33519553072625,-1642.1026308999665,-672.3437483179638,-1680.7678314999835,-1571.7503023205065,-693.7354910760669,-654.4875864482609
praat-fixed,hz,æː,raw-y,166.68715083798884,-1643.7533834222752,-671.2645077495145,-1681.128652608152,-1576.1559654465464,-691.8060359389426,-653.9769113410625
praat-fixed,hz,æː,raw-y,169.0391061452514,-1645.3988192918207,-670.1899241170574,-1682.1567466171207,-1581.5659219824065,-689.9470688932621,-653.7360426484737
praat-fixed,hz,æː,raw-y,171.39106145251395,-1647.0386586847737,-669.1202425224867,-1683.0760341276223,-1588.3328188775,-688.0971873137677,-653.0197469196381
praat-fixed,hz,æː,raw-y,173.74301675977654,-1648.672621777305,-668.0557080676969,-1684.192132628045,-1593.6062962394944,-686.3967715431597,-652.303031600033
praat-fixed,hz,æː,raw-y,176.09497206703912,-1650.3004287455842,-666.9965658545822,-1686.18315432339,-1598.1862235230892,-684.8782664601852,-651.4084804503291
praat-fixed,hz,æː,raw-y,178.44692737430168,-1651.9217997657822,-665.9430609850368,-1688.4865145050196,-1602.7373671597416,-683.3927278866133,-650.5303552759358
praat-fixed,hz,æː,raw-y,180.79888268156424,-1653.5364550140691,-664.8954385609552,-1689.2446900463462,-1606.5328958137748,-681.7931277518338,-649.6332891055958
praat-fixed,hz,æː,raw-y,183.15083798882682,-1655.1441146666157,-663.8539436842317,-1691.1071473665338,-1610.4630907199971,-680.2711235535417,-648.93112396913
praat-fixed,hz,æː,raw-y,185.50279329608938,-1656.744498899592,-662.8188214567606,-1693.2705588500428,-1614.3895513885875,-678.7774467435524,-648.223096622359
praat-fixed,hz,æː,raw-y,187.85474860335194,-1658.337327889168,-661.7903169804363,-1694.849184658314,-1618.7267496966292,-677.6191618738968,-647.6484871175418
praat-fixed,hz,æː,raw-y,190.20670391061452,-1659.922321811515,-660.7686753571529,-1695.792848672384,-1621.339566117545,-676.2536655282396,-647.1237960450959
praat-fixed,hz,æː,raw-y,192.5586592178771,-1661.4992008428026,-659.7541416888049,-1697.1969754796378,-1624.8559227468304,-675.2176032678225,-646.4481096957427
praat-fixed,hz,æː,raw-y,194.91061452513966,-1663.0676851592018,-658.7469610772866,-1698.3924270242817,-1627.2275810272183,-674.0242172617925,-645.1863622837622
praat-fixed,hz,æː,raw-y,197.26256983240222,-1664.6274949368822,-657.7473786244924,-1699.8841419352666,-1629.6759396409718,-672.9388859583353,-644.2044964195117
praat-fixed,hz,æː,raw-y,199.6145251396648,-1666.178350352015,-656.7556394323165,-1701.6413793821582,-1631.5181580628507,-671.7725556561006,-643.3854381856432
praat-fixed,hz,æː,raw-y,201.9664804469274,-1667.71997158077,-655.7719886026531,-1703.9129442567526,-1632.1560413479956,-670.6809095607043,-642.5711736559135
praat-fixed,hz,æː,raw-y,204.31843575418995,-1669.2520787993178,-654.7966712373968,-1705.5467719687792,-1633.4618653666614,-669.6849410348519,-641.6563061301428
praat-fixed,hz,æː,raw-y,206.6703910614525,-1670.774392183829,-653.8299324384418,-1708.3982632013624,-1633.6131609995261,-668.5926766829132,-640.1886197984395
praat-fixed,hz,æː,raw-y,209.0223463687151,-1672.2866319104733,-652.8720173076825,-1711.1434838984537,-1634.267274135592,-667.6356712880478,-638.779707437878
praat-fixed,hz,æː,raw-y,211.37430167597765,-1673.7885181554218,-651.9231709470131,-1714.102090224814,-1635.0138771934535,-666.8711374460396,-637.6515906544666
praat-fixed,hz,æː,raw-y,213.7262569832402,-1675.2797710948444,-650.983638458328,-1716.5536447894915,-1635.2837194542917,-665.8943145074121,-636.5344078542217
praat-fixed,hz,æː,raw-y,216.0782122905028,-1676.7601109049117,-650.0536649435214,-1721.3442402279748,-1636.147129958018,-664.7401904638182,-635.4235666973194
praat-fixed,hz,æː,raw-y,218.43016759776538,-1678.2292577617943,-649.1334955044878,-1724.2820598776377,-1637.287313968869,-664.110396371636,-634.1095957341239
praat-fixed,hz,æː,raw-y,220.78212290502793,-1679.6869318416618,-648.2233752431214,-1727.9062983101546,-1637.8918937432277,-663.2145329176476,-632.897043510381
praat-fixed,hz,æː,raw-y,223.1340782122905,-1681.1328533206856,-647.3235492613165,-1732.7047944509482,-1638.3733126754066,-662.4037046054748,-631.7459539875745
praat-fixed,hz,æː,raw-y,225.48603351955308,-1682.5667423750353,-646.4342626609676,-1736.6078718641563,-1638.4305306571355,-661.6007611666694,-630.3748356350052
praat-fixed,hz,æː,raw-y,227.83798882681566,-1683.9883191808817,-645.555760543969,-1739.5190972320322,-1638.5132497340371,-660.677382964857,-629.0436385084964
praat-fixed,hz,æː,raw-y,230.18994413407822,-1685.3973039143948,-644.6882880122148,-1742.3674095545891,-1638.5866707683454,-659.8655606752721,-627.73363447997
praat-fixed,hz,æː,raw-y,232.54189944134077,-1686.793416751745,-643.8320901675994,-1745.1677519553234,-1639.0015836675188,-658.984502512599,-626.812221548358
praat-fixed,hz,æː,raw-y,234.89385474860336,-1688.1763778691034,-642.9874121120173,-1748.5734573464383,-1639.337964217302,-658.1113780681578,-625.7294945079506
praat-fixed,hz,æː,raw-y,237.24581005586592,-1689.5459074426394,-642.1544989473626,-1752.3254968623564,-1639.488875980169,-657.2994405325387,-624.6693833118824
praat-fixed,hz,æː,raw-y,239.59776536312847,-1690.9017256485242,-641.3335957755298,-1755.468633191332,-1639.8890861499483,-656.5592986894849,-623.4777341456878
praat-fixed,hz,æː,raw-y,241.94972067039106,-1692.2435526629274,-640.5249476984131,-1758.293785202522,-1640.3058388292893,-655.9709531135038,-622.2511248960108
praat-fixed,hz,æː,raw-y,244.30167597765364,-1693.57110866202,-639.728799817907,-1761.043064505924,-1640.7394648683828,-655.693467247087,-621.0124143442146
praat-fixed,hz,æː,raw-y,246.6536312849162,-1694.884113821972,-638.9453972359056,-1764.2319612785768,-1640.6624395782194,-655.3811113435607,-619.7922747935264
praat-fixed,hz,æː,raw-y,249.00558659217876,-1696.1822883189539,-638.1749850543033,-1767.9763289127907,-1641.0442599855912,-654.8312352846025,-618.5556674878551
praat-fixed,hz,æː,raw-y,251.35754189944134,-1697.4653523291363,-637.4178083749944,-1771.631295074554,-1641.1403633578159,-654.3294250176937,-617.4347709291671
praat-fixed,hz,æː,raw-y,253.7094972067039,-1698.7330260286892,-636.6741122998733,-1774.214727447418,-1641.1427422031543,-653.7552895135535,-616.5048090466652
praat-fixed,hz,æː,raw-y,256.0614525139665,-1699.985029593783,-635.9441419308343,-1776.6657543573222,-1640.8509445579227,-653.0593447079352,-615.5976994948539
praat-fixed,hz,æː,raw-y,258.41340782122904,-1701.2210832005885,-635.2281423697718,-1779.0414083902474,-1640.813070228767,-652.4535380402731,-614.6604628940045
praat-fixed,hz,æː,raw-y,260.76536312849163,-1702.440907025276,-634.52635871858,-1781.3371412850051,-1641.1196487050245,-651.828623853472,-613.7241015775131
praat-fixed,hz,æː,raw-y,263.1173184357542,-1703.6442212440152,-633.8390360791532,-1783.5515750909374,-1641.4229069362354,-651.2713328449929,-612.8189759242063
praat-fixed,hz,æː,raw-y,265.46927374301674,-1704.830746032977,-633.1664195533858,-1785.683331857386,-1641.939250083809,-650.687450989932,-611.9456153521039
praat-fixed,hz,æː,raw-y,267.8212290502793,-1706.000201568332,-632.5087542431721,-1787.7310336336934,-1642.5563274598678,-650.0218770801113,-611.0032687282926
praat-fixed,hz,æː,raw-y,270.1731843575419,-1707.1523080262498,-631.8662852504065,-1789.693302469201,-1643.2070756180165,-649.4038698666079,-609.9235661037145
praat-fixed,hz,æː,raw-y,272.52513966480444,-1708.2867855829018,-631.2392576769831,-1791.5687604132506,-1643.8920376353853,-648.8360174097814,-608.8684413530756
praat-fixed,hz,æː,raw-y,274.877094972067,-1709.4033544144575,-630.6279166247964,-1793.3560295151847,-1644.2570914119306,-648.2732780410581,-607.847628376649
praat-fixed,hz,æː,raw-y,277.2290502793296,-1710.5017346970876,-630.0325071957408,-1795.0537318243448,-1644.5439712437603,-647.7157316524398,-606.8616632959071
praat-fixed,hz,æː,raw-y,279.58100558659214,-1711.581646606963,-629.4532744917104,-1796.660489390073,-1644.8641192289615,-647.3236734698728,-605.8674987808195
praat-fixed,hz,æː,raw-y,281.9329608938548,-1712.6428103202531,-628.8904636145998,-1798.5059577576174,-1645.2180394304642,-646.8440971124326,-604.8979051519851
praat-fixed,hz,æː,raw-y,284.2849162011173,-1713.684946013129,-628.344319666303,-1800.737463405042,-1645.6062359111982,-646.2560886670511,-604.0812371418809
praat-fixed,hz,æː,raw-y,286.6368715083799,-1714.7077738617606,-627.8150877487146,-1802.8907001697607,-1646.0292127340933,-645.8206648690592,-603.2709289260215
praat-fixed,hz,æː,raw-y,288.9888268156425,-1715.7110140423188,-627.3030129637287,-1804.9348468653238,-1646.5528874037532,-645.382954995866,-602.5062109806955
praat-fixed,hz,æː,raw-y,291.340782122905,-1716.6943867309733,-626.8083404132399,-1805.9731913501093,-1647.5681836237115,-644.9066685652012,-601.7843781373325
praat-fixed,hz,æː,raw-y,293.6927374301676,-1717.657612103895,-626.3313151991422,-1807.0760202164788,-1648.625566142351,-644.4873389365293,-601.2722238356534
praat-fixed,hz,æː,raw-y,296.0446927374302,-1718.6004103372543,-625.8721824233302,-1808.0540219978998,-1649.4441242179432,-644.3645187465265,-600.6592758678307
praat-fixed,hz,æː,raw-y,298.3966480446927,-1719.5225016072213,-625.4311871876979,-1808.9861866800961,-1650.0557500920272,-644.242781984516,-600.0774877951327
praat-fixed,hz,æː,raw-y,300.7486033519553,-1720.4236060899666,-625.00857459414,-1810.431313425909,-1650.684651450221,-643.8124812891351,-599.534560415973
praat-fixed,hz,æː,raw-y,303.1005586592179,-1721.3034439616602,-624.6045897445506,-1811.7561343873006,-1651.3246067570497,-643.3898256044617,-599.0310118729326
praat-fixed,hz,æː,raw-y,305.4525139664804,-1722.161735398473,-624.2194777408241,-1812.9590665934236,-1652.2093827905549,-642.9610002653562,-598.6519357751246
praat-fixed,hz,æː,raw-y,307.80446927374305,-1722.9982005765748,-623.8534836848547,-1813.4644590773946,-1653.2444963061735,-642.6189733623107,-598.3963697737777
praat-fixed,hz,æː,raw-y,310.1564245810056,-1723.8125596721366,-623.5068526785369,-1813.8705557781743,-1654.3127250703149,-642.1545096599505,-598.1828585601904
praat-fixed,hz,æː,raw-y,312.50837988826817,-1724.6045328613284,-623.179829823765,-1814.147747879313,-1655.414716524926,-641.5170849591884,-598.0087863172547
praat-fixed,hz,æː,raw-y,314.86033519553075,-1725.3738403203204,-622.8726602224332,-1814.2831295286928,-1656.5543036956706,-640.8970498099989,-597.8596106576614
praat-fixed,hz,æː,raw-y,317.2122905027933,-1726.1202022252835,-622.5855889764358,-1814.274949979996,-1657.7319507271918,-640.2747527312283,-597.6637263668442
praat-fixed,hz,æː,raw-y,319.56424581005587,-1726.8433387523876,-622.3188611876673,-1814.5968089546745,-1658.9481217641342,-639.9078044943755,-597.4379212377456
praat-fixed,hz,æː,raw-y,321.91620111731845,-1727.5429535490641,-622.072631768573,-1814.9149594554538,-1660.2029177879767,-639.6463144526073,-597.1446136476895
praat-fixed,hz,æː,raw-y,324.268156424581,-1728.2186663998286,-621.8465980316539,-1815.1260325943242,-1661.4945971761485,-639.4026336300018,-597.0700819869355
praat-fixed,hz,æː,raw-y,326.62011173184356,-1728.87007055614,-621.6403125111707,-1815.2325295433309,-1662.8208353318578,-639.1947628896603,-597.116726357451
praat-fixed,hz,æː,raw-y,328.97206703910615,-1729.4967592590347,-621.4533276845152,-1815.0899891360984,-1664.0757334279567,-639.0905585308145,-597.1853767819363
praat-fixed,hz,æː,raw-y,331.3240223463687,-1730.0983257495495,-621.2851960290795,-1814.455056456591,-1664.8839206704374,-639.0022129566873,-597.3424069022109
praat-fixed,hz,æː,raw-y,333.6759776536313,-1730.6743632687212,-621.1354700222553,-1813.649551619166,-1665.7502214954416,-638.9286181233683,-597.5396508929502
praat-fixed,hz,æː,raw-y,336.02793296089385,-1731.2244650575858,-621.0037021414347,-1812.8027546040964,-1666.39403237594,-638.6471394917744,-597.6419729228331
praat-fixed,hz,æː,raw-y,338.37988826815644,-1731.7482243571806,-620.8894448640094,-1812.1771078727545,-1667.1982417126414,-638.4529978401087,-597.672829873875
praat-fixed,hz,æː,raw-y,340.731843575419,-1732.245234408542,-620.7922506673714,-1811.5512843719641,-1667.9882589703125,-638.4556252093342,-598.0102648064858
praat-fixed,hz,æː,raw-y,343.08379888268155,-1732.7150884527064,-620.7116720289124,-1810.0130200106187,-1668.1647256187312,-638.3513583288758,-598.3086045295207
praat-fixed,hz,æː,raw-y,345.43575418994413,-1733.1573797307108,-620.6472614260247,-1808.3910975493018,-1667.9467050107348,-638.1488630477338,-598.5390059079416
praat-fixed,hz,æː,raw-y,347.7877094972067,-1733.5717014835916,-620.5985713360997,-1806.6764462866465,-1667.7162251491388,-637.9283282464842,-598.8005307366566
praat-fixed,hz,æː,raw-y,350.13966480446925,-1733.9576469523854,-620.5651542365297,-1804.689181914754,-1668.1242636988916,-637.5839250646109,-599.0500431264932
praat-fixed,hz,æː,raw-y,352.49162011173183,-1734.3148093781288,-620.5465626047063,-1802.707714772412,-1668.908207209144,-637.4547678314459,-599.067319675237
praat-fixed,hz,æː,raw-y,354.8435754189944,-1734.6427820018584,-620.5423489180215,-1801.3655579793808,-1669.7253344488922,-637.4083987850798,-599.0974786288677
praat-fixed,hz,æː,raw-y,357.19553072625695,-1734.9411580646113,-620.5520656538673,-1800.2542962315492,-1670.6206309429224,-637.5046126031125,-599.5850596280613
praat-fixed,hz,æː,raw-y,359.5474860335196,-1735.2095308074236,-620.5752652896356,-1800.0644514641776,-1671.4420407015662,-637.6090664098454,-600.1555425179201
praat-fixed,hz,æː,raw-y,361.8994413407821,-1735.447493471332,-620.611500302718,-1800.4722439128398,-1672.272263822792,-637.6745571139746,-600.7508252889694
praat-fixed,hz,æː,raw-y,364.2513966480447,-1735.6546392973733,-620.6603231705067,-1801.0844085345002,-1673.319291659745,-637.7222883577863,-601.3518873454175
praat-fixed,hz,æː,raw-y,366.6033519553073,-1735.830561526584,-620.7212863703934,-1799.4864207892822,-1673.4998453030403,-637.8889982535353,-601.9817524159814
praat-fixed,hz,æː,raw-y,368.9553072625698,-1735.974853400001,-620.7939423797701,-1797.7208311060779,-1674.0658754676629,-638.1389246018103,-602.4520725624191
praat-fixed,hz,æː,raw-y,371.3072625698324,-1736.0871081586604,-620.8778436760288,-1796.4660893210773,-1674.704882352584,-638.4460714595426,-602.7548818879777
praat-fixed,hz,æː,raw-y,373.659217877095,-1736.1669190435991,-620.9725427365611,-1795.1716622963295,-1674.9266064033231,-638.7241675747576,-603.0470627314337
praat-fixed,hz,æː,raw-y,376.0111731843575,-1736.213879295854,-621.077592038759,-1794.0203930391715,-1675.0147593445577,-639.048380315104,-603.3843801655987
praat-fixed,hz,æː,raw-y,378.3631284916201,-1736.2275821564613,-621.1925440600145,-1793.4695957177569,-1675.118107199486,-639.0295502682076,-603.6390878585478
praat-fixed,hz,æː,raw-y,380.7150837988827,-1736.2076208664578,-621.3169512777195,-1791.587142069457,-1676.4968058972581,-638.932445447294,-603.9876643758246
praat-fixed,hz,æː,raw-y,383.0670391061453,-1736.15358866688,-621.4503661692656,-1790.3454436536656,-1677.5518211539097,-639.1736610750982,-604.5376905152956
praat-fixed,hz,æː,raw-y,385.4189944134078,-1736.0650787987647,-621.5923412120453,-1789.60387196471,-1676.5690361724235,-639.4202132864763,-605.153878224639
praat-fixed,hz,æː,raw-y,387.7709497206704,-1735.9416845031485,-621.7424288834499,-1789.0941639791379,-1676.382156417561,-639.6663557506656,-605.6735251463057
praat-fixed,hz,æː,raw-y,390.122905027933,-1735.7829990210682,-621.9001816608713,-1787.8313310714618,-1675.4508479971894,-639.9494536335919,-605.9333150601323
praat-fixed,hz,æː,raw-y,392.47486033519556,-1735.58861559356,-622.065152021702,-1786.0321060409228,-1674.8212846173965,-640.3608567063665,-606.3093673037625
praat-fixed,hz,æː,raw-y,394.8268156424581,-1735.3581274616608,-622.2368924433331,-1785.8387027523795,-1674.607429453187,-640.7656702903802,-606.4970182650567
praat-fixed,hz,æː,raw-y,397.1787709497207,-1735.0911278664073,-622.4149554031571,-1783.8459247638266,-1675.3624663932917,-641.047519023095,-606.6678946080605
praat-fixed,hz,æː,raw-y,399.53072625698326,-1734.787210048836,-622.5988933785657,-1781.8421041382003,-1675.7287913613432,-641.3100419663871,-606.7842473121898
praat-fixed,hz,æː,raw-y,401.8826815642458,-1734.4459672499831,-622.7882588469507,-1780.5074161573123,-1674.3414072820362,-641.277331401569,-606.8901938693169
praat-fixed,hz,æː,raw-y,404.23463687150837,-1734.066992710886,-622.982604285704,-1780.0204053447865,-1673.240900740317,-641.4276871836533,-606.9704864154575
praat-fixed,hz,æː,raw-y,406.58659217877096,-1733.6498796725812,-623.1814821722176,-1779.8175207403074,-1673.2943800593634,-641.3619615590924,-607.0272570595766
praat-fixed,hz,æː,raw-y,408.93854748603354,-1733.194221376105,-623.3844449838834,-1779.6968479524755,-1673.3247196840896,-641.3638730560189,-607.0834504567565
praat-fixed,hz,æː,raw-y,411.29050279329607,-1732.6996110624937,-623.5910451980931,-1778.1584724492723,-1672.9992538222348,-641.7835683284467,-607.1912051439895
praat-fixed,hz,æː,raw-y,413.64245810055866,-1732.1656419727847,-623.8008352922388,-1776.269629203882,-1672.1761387411195,-642.0475712304867,-607.1974525343836
praat-fixed,hz,æː,raw-y,415.99441340782124,-1731.591907348014,-624.0133677437124,-1775.4545770481807,-1671.83566156316,-642.1417012995173,-607.12257303085
praat-fixed,hz,æː,raw-y,418.3463687150838,-1730.9780004292188,-624.2281950299055,-1775.0978552137678,-1671.4741826298882,-642.1994709582743,-607.3065005153612
praat-fixed,hz,æː,raw-y,420.69832402234636,-1730.3235144574355,-624.4448696282103,-1774.9232281888228,-1670.2740015083184,-642.4072049242645,-607.5136644715128
praat-fixed,hz,æː,raw-y,423.05027932960894,-1729.6280426737007,-624.6629440160186,-1773.9367111709057,-1669.4911755278347,-642.6104077534521,-607.7788456142306
praat-fixed,hz,æː,raw-y,425.4022346368715,-1728.8911783190506,-624.8819706707224,-1772.458501529739,-1668.704108601122,-642.7907093203634,-608.0693632716053
praat-fixed,hz,æː,raw-y,427.75418994413405,-1728.1125146345225,-625.1015020697132,-1771.9213375094894,-1668.047631524766,-643.0450320001845,-608.3734481265319
praat-fixed,hz,æː,raw-y,430.10614525139664,-1727.2916448611527,-625.3210906903835,-1771.2618096591727,-1668.631617789446,-643.3319331922867,-608.6118672000964
praat-fixed,hz,æː,raw-y,432.4581005586592,-1726.4281622399778,-625.5402890101246,-1770.6664405768158,-1669.0895180887564,-643.5998221180499,-608.858737371684
praat-fixed,hz,æː,raw-y,434.8100558659218,-1725.5216600120343,-625.7586495063288,-1769.0207512324534,-1669.435856227133,-643.8542169944719,-609.2085585153767
praat-fixed,hz,æː,raw-y,437.16201117318434,-1724.5717314183594,-625.9757246563879,-1767.536627451756,-1669.2829033562148,-644.0156066748629,-609.4970037323552
praat-fixed,hz,æː,raw-y,439.5139664804469,-1723.5779696999891,-626.1910669376936,-1765.9744052171975,-1668.9695647183996,-644.224231165427,-609.5871954379292
praat-fixed,hz,æː,raw-y,441.8659217877095,-1722.5399680979601,-626.404228827638,-1764.2848294234216,-1668.2505536477015,-644.2863794565258,-609.6423213014738
praat-fixed,hz,æː,raw-y,444.2178770949721,-1721.4573198533096,-626.6147628036128,-1763.6351490046284,-1667.521475709738,-644.2196216872239,-610.0702023582221
praat-fixed,hz,æː,raw-y,446.5698324022346,-1720.3296182070735,-626.8222213430101,-1763.0651385319238,-1667.5574733466385,-644.1246199286365,-610.4725687257657
praat-fixed,hz,æː,raw-y,448.9217877094972,-1719.1564564002888,-627.026156923222,-1762.321017087311,-1667.2017995293793,-644.0003979949474,-611.0613219798408
praat-fixed,hz,æː,raw-y,451.2737430167598,-1717.9374276739923,-627.2261220216398,-1760.919855592734,-1668.3661412568679,-644.1408451246169,-611.5770171465392
praat-fixed,hz,æː,raw-y,453.6256983240223,-1716.67212526922,-627.4216691156557,-1758.8769327245113,-1668.2457320226115,-644.2712708950746,-611.7768272195615
praat-fixed,hz,æː,raw-y,455.9776536312849,-1715.3601424270091,-627.6123506826616,-1756.8667248266993,-1667.640319947176,-644.2579895758902,-612.0243270740395
praat-fixed,hz,æː,raw-y,458.3296089385475,-1714.001072388396,-627.7977192000493,-1755.4246501898192,-1667.6117199240346,-644.3739610277061,-612.3897917600253
praat-fixed,hz,æː,raw-y,460.6815642458101,-1712.5945083944175,-627.9773271452109,-1753.451760571857,-1667.1019143526996,-644.6955860344914,-612.7674403247977
praat-fixed,hz,æː,raw-y,463.0335195530726,-1711.1400436861102,-628.1507269955382,-1751.9712574976581,-1667.0847950737268,-645.1278894039368,-613.1304372019431
praat-fixed,hz,æː,raw-y,465.3854748603352,-1709.6372728793006,-628.3174717123284,-1751.6713393901973,-1665.1012323531372,-645.0546881784678,-613.5908869037419
praat-fixed,hz,æː,raw-y,467.7374301675978,-1708.0862774445627,-628.4772856224182,-1750.0673574718544,-1662.693225309962,-644.9191737758413,-614.0930517641619
praat-fixed,hz,æː,raw-y,470.08938547486036,-1706.488341742445,-628.6303164518,-1748.896154748789,-1660.8494859038321,-645.1518878950374,-614.3370869561963
praat-fixed,hz,æː,raw-y,472.4413407821229,-1704.8449326563032,-628.7767761717464,-1747.133285090365,-1659.2565489940603,-645.4795468312221,-614.2939369778893
praat-fixed,hz,æː,raw-y,474.7932960893855,-1703.1575170694928,-628.916876753529,-1744.3940356043965,-1658.0522504163955,-645.4145867597084,-614.4764874258871
praat-fixed,hz,æː,raw-y,477.14525139664806,-1701.4275618653692,-629.0508301684204,-1743.0388784041372,-1655.698354364999,-645.3233807033096,-614.9862262967883
praat-fixed,hz,æː,raw-y,479.4972067039106,-1699.6565339272886,-629.1788483876921,-1742.9157139379083,-1652.3668745116977,-645.20253985463,-615.1874847624571
praat-fixed,hz,æː,raw-y,481.8491620111732,-1697.8459001386063,-629.3011433826168,-1742.6015886962286,-1649.426739669559,-645.1098570290951,-614.9960116394598
praat-fixed,hz,æː,raw-y,484.20111731843576,-1695.9971273826775,-629.4179271244665,-1742.156414402032,-1646.7874545653697,-645.0145650369574,-614.7475351360009
praat-fixed,hz,æː,raw-y,486.55307262569835,-1694.1116825428585,-629.5294115845131,-1742.0656884272203,-1644.1431135828227,-644.8188553611911,-615.2705697175586
praat-fixed,hz,æː,raw-y,488.9050279329609,-1692.1910325025046,-629.635808734029,-1742.2441752892107,-1641.4543192706622,-645.4228071087603,-615.8277922713941
praat-fixed,hz,æː,raw-y,491.25698324022346,-1690.2366441449715,-629.737330544286,-1744.9862790150976,-1639.4022574865903,-645.492130728237,-615.6913181148914
praat-fixed,hz,æː,raw-y,493.60893854748605,-1688.2499843536148,-629.8341889865565,-1746.1191648622996,-1634.6076555621391,-645.4384539953982,-615.4884269188409
praat-fixed,hz,æː,raw-y,495.96089385474863,-1686.23252001179,-629.9265960321125,-1747.5234942594006,-1630.7542421497885,-645.6333830032809,-615.3473925645517
praat-fixed,hz,æː,raw-y,498.31284916201116,-1684.1857180028528,-630.0147636522261,-1749.7806601363518,-1625.9110264478577,-645.5979891113775,-614.8650241386797
praat-fixed,hz,æː,raw-y,500.66480446927375,-1682.1110452101589,-630.0989038181692,-1752.5258150718694,-1622.853675674596,-646.11198493155,-614.3873335634235
praat-fixed,hz,æː,raw-y,503.01675977653633,-1680.0099685170635,-630.1792285012145,-1754.0024994041673,-1618.3914762244833,-646.7289562455859,-614.0016341200143
praat-fixed,hz,æː,raw-y,505.36871508379886,-1677.8839548069232,-630.2559496726337,-1754.2317063140724,-1614.060011345416,-648.243003149365,-613.2674899144844
praat-fixed,hz,æː,raw-y,507.72067039106145,-1675.7344709630925,-630.329279303699,-1757.8990858516386,-1609.798085621174,-649.41158332462,-612.5381141061222
praat-fixed,hz,æː,raw-y,510.07262569832403,-1673.5629838689279,-630.3994293656824,-1761.8093546378334,-1605.5107872371345,-650.7111421981846,-612.3487186199803
praat-fixed,hz,æː,raw-y,512.4245810055866,-1671.3709604077842,-630.4666118298562,-1764.3211532616149,-1601.16730060429,-651.558647606841,-611.9710987427217
praat-fixed,hz,æː,raw-y,514.7765363128492,-1669.1598674630177,-630.5310386674926,-1767.5739618399862,-1596.4092569092556,-652.6241969660563,-611.4117905744047
praat-fixed,hz,æː,raw-y,517.1284916201117,-1666.9311719179836,-630.5929218498634,-1771.6647777174837,-1590.7979045641803,-653.8991371059512,-610.489586443206
praat-fixed,hz,æː,raw-y,519.4804469273743,-1664.6863406560378,-630.6524733482408,-1775.8389157368574,-1586.8059757142203,-655.1834971302692,-609.5387546862712
praat-fixed,hz,æː,raw-y,521.8324022346369,-1662.426840560536,-630.7099051338972,-1778.7323069434808,-1581.200337523854,-656.0948398941507,-608.3481493392203
praat-fixed,hz,æː,raw-y,524.1843575418994,-1660.1541385148332,-630.7654291781046,-1781.6427730825505,-1574.722697122026,-657.198850006506,-607.4387510534547
praat-fixed,hz,æː,raw-y,526.536312849162,-1657.869701402286,-630.8192574521348,-1784.5812742030641,-1568.6797712828284,-658.6861516552015,-606.7575214776086
praat-fixed,hz,æː,raw-y,528.8882681564246,-1655.5749961062488,-630.8716019272604,-1788.1146543586037,-1562.604083916847,-660.179967647329,-605.9033632535585
praat-fixed,hz,æː,raw-y,531.2402234636871,-1653.2714895100785,-630.922674574753,-1791.8866944980907,-1556.500315242194,-661.8542281696581,-604.8556547935285
praat-fixed,hz,æː,raw-y,533.5921787709497,-1650.9606484971298,-630.9726873658853,-1795.684367256917,-1550.6723421686538,-663.3902586101112,-603.7119118758769
praat-fixed,hz,æː,raw-y,535.9441340782123,-1648.6439399507585,-631.0218522719291,-1799.848817474809,-1545.5644405385628,-664.9330028870987,-602.4513887344875
praat-fixed,hz,æː,raw-y,538.2960893854749,-1646.3228307543204,-631.0703812641564,-1804.437229078964,-1540.3984563286865,-666.4143818170983,-600.7558775366775
praat-fixed,hz,æː,raw-y,540.6480446927374,-1643.9987877911715,-631.1184863138395,-1809.0371916736,-1535.645622373019,-667.3369977066696,-599.048597997418
praat-fixed,hz,æː,raw-y,543.0,-1641.6732779446666,-631.1663793922505,-1813.1686830577162,-1530.1664761995144,-668.3567933282499,-597.4225965302736
praat-fixed,hz,eː,raw-y,122.0,-1930.2912559388258,-469.929615670914,-2061.2711727716605,-1834.1672529839118,-500.4298921729285,-435.29551661719955
praat-fixed,hz,eː,raw-y,124.35195530726257,-1929.6162816865215,-470.4423665348319,-2057.729994216786,-1835.9103417740268,-500.25523304242057,-436.4856652188752
praat-fixed,hz,eː,raw-y,126.70391061452514,-1928.9419994724244,-470.9547138669805,-2055.166822024341,-1837.8404304599335,-500.0718241918151,-437.59285936751627
praat-fixed,hz,eː,raw-y,129.0558659217877,-1928.2691013347423,-471.4662541355906,-2052.640950502145,-1839.770109875459,-499.795128808058,-438.8438954916843
praat-fixed,hz,eː,raw-y,131.40782122905028,-1927.598279311682,-471.976583808893,-2050.1178222357044,-1841.278832994778,-499.5178881567211,-440.16560184906257
praat-fixed,hz,eː,raw-y,133.75977653631284,-1926.9302254414515,-472.4852993551184,-2046.3401048519254,-1842.243935297998,-499.2399204819444,-441.6185835246017
praat-fixed,hz,eː,raw-y,136.11173184357543,-1926.265631762258,-472.99199724249763,-2042.3974881403526,-1843.0790739570355,-498.91244011219305,-443.06814990359186
praat-fixed,hz,eː,raw-y,138.46368715083798,-1925.6051903123084,-473.4962739392614,-2038.4811477332523,-1844.5238509894314,-498.50391519219846,-444.51361792672304
praat-fixed,hz,eː,raw-y,140.81564245810057,-1924.9495931298106,-473.99772591364047,-2034.9997670452526,-1846.2310651962807,-498.09450227715956,-445.92999216839155
praat-fixed,hz,eː,raw-y,143.16759776536313,-1924.2995322529719,-474.4959496338656,-2031.9521379293137,-1847.8848980112596,-497.68407451064155,-447.14794776022046
praat-fixed,hz,eː,raw-y,145.51955307262568,-1923.6556997199996,-474.99054156816766,-2028.9133962792657,-1850.1161287583802,-497.2725050362095,-448.3581490424061
praat-fixed,hz,eː,raw-y,147.87150837988827,-1923.018787569101,-475.4810981847772,-2025.9730938860632,-1852.6936762923854,-497.21317733795587,-449.5624170088408
praat-fixed,hz,eː,raw-y,150.22346368715085,-1922.3894878384835,-475.9672159519251,-2023.3587052599441,-1853.6659732431458,-497.2358102813317,-450.58590422149405
praat-fixed,hz,eː,raw-y,152.5754189944134,-1921.7684925663548,-476.44849133784203,-2020.756620152908,-1855.8325447326304,-497.02931435996123,-451.5791387812285
praat-fixed,hz,eː,raw-y,154.92737430167597,-1921.1564937909216,-476.9245208107589,-2018.1678638582116,-1857.247504177979,-496.8420029744627,-452.7203776393847
praat-fixed,hz,eː,raw-y,157.27932960893855,-1920.5541835503918,-477.39490083890644,-2015.5934616691118,-1857.7502099818628,-496.92966642239827,-453.8946858760374
praat-fixed,hz,eː,raw-y,159.6312849162011,-1919.9622538829726,-477.8592278905153,-2013.034438878866,-1857.3326099332417,-497.0269684531839,-454.95733881245735
praat-fixed,hz,eː,raw-y,161.9832402234637,-1919.3813968268719,-478.3170984338163,-2009.7820694765733,-1857.174562099843,-497.39971412466906,-455.9584111406527
praat-fixed,hz,eː,raw-y,164.33519553072625,-1918.8123044202962,-478.7681089370401,-2005.660061246165,-1857.922252895556,-497.2845034461051,-456.7997728419186
praat-fixed,hz,eː,raw-y,166.68715083798884,-1918.2556687014533,-479.2118558684177,-2001.5054938108876,-1857.6743549779083,-497.0798673774763,-457.63254242730926
praat-fixed,hz,eː,raw-y,169.0391061452514,-1917.7121817085506,-479.6479356961797,-1998.1930248257813,-1857.6212613009238,-496.9644314285735,-458.4562425570538
praat-fixed,hz,eː,raw-y,171.39106145251395,-1917.1825354797957,-480.0759448885567,-1995.1760542398542,-1858.4501145002675,-496.53117273234477,-459.2666080868393
praat-fixed,hz,eː,raw-y,173.74301675977654,-1916.6674220533953,-480.4954799137798,-1992.2624705338455,-1859.4600018108235,-496.28109444559647,-460.03993315169464
praat-fixed,hz,eː,raw-y,176.09497206703912,-1916.1675334675574,-480.90613724007954,-1989.3760184362286,-1859.4558895413252,-496.242648775325,-460.8305327186846
praat-fixed,hz,eː,raw-y,178.44692737430168,-1915.6835617604893,-481.3075133356867,-1986.061289284506,-1859.5156730015374,-496.369545176983,-461.56052953534066
praat-fixed,hz,eː,raw-y,180.79888268156424,-1915.216198970398,-481.69920466883207,-1983.4113441882312,-1860.2770087571953,-496.7228155216376,-462.2341753922199
praat-fixed,hz,eː,raw-y,183.15083798882682,-1914.7661371354911,-482.0808077077464,-1980.8373795067976,-1860.9408801521265,-497.24347806185307,-462.9180766437883
praat-fixed,hz,eː,raw-y,185.50279329608938,-1914.3340682939763,-482.4519189206605,-1978.9959093094515,-1861.56355634305,-497.6036508219616,-463.8879180281032
praat-fixed,hz,eː,raw-y,187.85474860335194,-1913.9206844840608,-482.812134775805,-1977.3627244666473,-1862.377361601812,-498.0330641023771,-464.6199142430802
praat-fixed,hz,eː,raw-y,190.20670391061452,-1913.5266777439515,-483.16105174141074,-1975.236028813353,-1862.169276954803,-498.50173300148947,-465.43019130888496
praat-fixed,hz,eː,raw-y,192.5586592178771,-1913.152740111856,-483.49826628570855,-1972.916572763719,-1861.404669957778,-498.95578381621857,-466.3393009605847
praat-fixed,hz,eː,raw-y,194.91061452513966,-1912.799563625982,-483.82337487692905,-1970.908005861895,-1860.9945459625835,-499.33303963712365,-466.7864661737013
praat-fixed,hz,eː,raw-y,197.26256983240222,-1912.467840324537,-484.1359739833031,-1969.8129754546876,-1860.5444378226275,-499.5522660541772,-467.80124810054593
praat-fixed,hz,eː,raw-y,199.6145251396648,-1912.1582622457279,-484.4356600730614,-1968.2822339158554,-1860.2463172776902,-499.77045382319386,-468.24786353865454
praat-fixed,hz,eː,raw-y,201.9664804469274,-1911.871521427762,-484.7220296144347,-1966.1319263979703,-1860.407097880373,-500.20558206125685,-468.58181159021206
praat-fixed,hz,eː,raw-y,204.31843575418995,-1911.608309908847,-484.99467907565383,-1964.971576176719,-1862.2142769749216,-500.4796900750092,-468.7944214108516
praat-fixed,hz,eː,raw-y,206.6703910614525,-1911.3693197271905,-485.2532049249495,-1964.6043150528167,-1863.9063944885695,-501.03944072527656,-468.9702951875676
praat-fixed,hz,eː,raw-y,209.0223463687151,-1911.1552429209994,-485.49720363055246,-1963.4877058416398,-1863.6838869165304,-501.47317573057234,-469.24610765494725
praat-fixed,hz,eː,raw-y,211.37430167597765,-1910.966771528481,-485.7262716606935,-1963.5007649360805,-1863.2140522341745,-501.6196870312008,-470.1316555379121
praat-fixed,hz,eː,raw-y,213.7262569832402,-1910.8045975878435,-485.94000548360333,-1963.9065066484932,-1862.9817360665352,-501.6290230233211,-470.5336582082195
praat-fixed,hz,eː,raw-y,216.0782122905028,-1910.6694131372933,-486.1380015675128,-1963.3389830123035,-1862.8061898013943,-502.0700170471123,-470.484366752421
praat-fixed,hz,eː,raw-y,218.43016759776538,-1910.5619102150383,-486.31985638065254,-1961.9970167492447,-1861.7714929728807,-502.729428703229,-470.42628039907464
praat-fixed,hz,eː,raw-y,220.78212290502793,-1910.4827808592856,-486.48516639125336,-1961.7112821485878,-1860.6811612607776,-503.19852008713343,-470.4846832410815
praat-fixed,hz,eː,raw-y,223.1340782122905,-1910.432717108243,-486.63352806754614,-1961.69789811837,-1859.6455938075687,-503.7273533407558,-470.6812053633323
praat-fixed,hz,eː,raw-y,225.48603351955308,-1910.4124110001176,-486.7645378777614,-1961.3773754316805,-1858.6660945241806,-504.0625637576947,-471.1573841632508
praat-fixed,hz,eː,raw-y,227.83798882681566,-1910.4225545731165,-486.8777922901301,-1961.676529672518,-1858.5413802582034,-504.04084575348537,-471.5274701332212
praat-fixed,hz,eː,raw-y,230.18994413407822,-1910.4638398654477,-486.972887772883,-1961.742909959326,-1858.1536327272904,-504.23797556517377,-471.76257237612776
praat-fixed,hz,eː,raw-y,232.54189944134077,-1910.536958915318,-487.0494207942507,-1962.6831496838627,-1857.623137354285,-504.1907297703106,-471.8916944537
praat-fixed,hz,eː,raw-y,234.89385474860336,-1910.6426037609353,-487.1069878224641,-1964.2344238888013,-1857.6760968678707,-504.40000114343627,-471.8890834398178
praat-fixed,hz,eː,raw-y,237.24581005586592,-1910.7814664405064,-487.1451853257538,-1963.2463711589287,-1857.0932250030446,-504.5829946464098,-471.8465802222688
praat-fixed,hz,eː,raw-y,239.59776536312847,-1910.9542389922394,-487.16360977235075,-1963.787871032165,-1856.2811837608606,-504.6916830404655,-471.7351910180596
praat-fixed,hz,eː,raw-y,241.94972067039106,-1911.161613454341,-487.16185763048566,-1964.231079338639,-1855.5358641604469,-504.8048558752525,-471.46342609902223
praat-fixed,hz,eː,raw-y,244.30167597765364,-1911.4042818650187,-487.1395253683891,-1964.7884744141475,-1854.8586006346393,-504.97705506304857,-471.14851189277067
praat-fixed,hz,eː,raw-y,246.6536312849162,-1911.68293626248,-487.09620945429214,-1965.8288503800572,-1854.2507276162726,-505.1335405350444,-470.8244718608531
praat-fixed,hz,eː,raw-y,249.00558659217876,-1911.9982686849328,-487.03150635642527,-1966.8767768396478,-1853.70039877528,-505.25699583909073,-470.4871527275804
praat-fixed,hz,eː,raw-y,251.35754189944134,-1912.3509711705835,-486.9450125430194,-1967.9259174787285,-1853.214477669544,-505.3467977644716,-470.0189073918467
praat-fixed,hz,eː,raw-y,253.7094972067039,-1912.74173575764,-486.8363244823053,-1968.976294782104,-1852.4339840021842,-505.4336164966896,-469.7516833487622
praat-fixed,hz,eː,raw-y,256.0614525139665,-1913.1712544843097,-486.70503864251356,-1970.0279312345804,-1851.7112436531136,-505.4942736471544,-469.49853025333005
praat-fixed,hz,eː,raw-y,258.41340782122904,-1913.6402193888002,-486.55075149187513,-1971.1718767392756,-1851.8929462214357,-505.4140432134022,-469.20643092139767
praat-fixed,hz,eː,raw-y,260.76536312849163,-1914.1493225093182,-486.3730594986207,-1972.6303570984837,-1852.1673499019187,-505.1913118197478,-468.90184516696775
praat-fixed,hz,eː,raw-y,263.1173184357542,-1914.6992558840714,-486.17155913098094,-1974.0890022726257,-1852.403955640582,-504.9575607043118,-468.5845577068938
praat-fixed,hz,eː,raw-y,265.46927374301674,-1915.2907115512676,-485.9458468571868,-1975.0813746797262,-1852.7061966119609,-504.71650474615103,-468.23992682713117
praat-fixed,hz,eː,raw-y,267.8212290502793,-1915.9243815491136,-485.6955191454688,-1976.0818856936671,-1853.062000032012,-504.4380264358495,-467.8566222259498
praat-fixed,hz,eː,raw-y,270.1731843575419,-1916.6009579158167,-485.4201724640579,-1977.0906687342326,-1853.2425513670712,-504.1215122922245,-467.462994475003
praat-fixed,hz,eː,raw-y,272.52513966480444,-1917.3211326895848,-485.11940328118476,-1978.262673095235,-1853.57455422191,-503.76634883409355,-467.0923044200798
praat-fixed,hz,eː,raw-y,274.877094972067,-1918.0855979086252,-484.7928080650802,-1979.5368331159423,-1854.1135578022083,-503.3719225802738,-466.75499642625675
praat-fixed,hz,eː,raw-y,277.2290502793296,-1918.8950456111452,-484.43998328397487,-1980.1873680545505,-1854.7369064628667,-502.9726972184103,-466.28083967037
praat-fixed,hz,eː,raw-y,279.58100558659214,-1919.7501678353517,-484.0605254060996,-1981.3499659988413,-1855.4772482945205,-502.68310040210486,-465.8547800466752
praat-fixed,hz,eː,raw-y,281.9329608938548,-1920.6516566194528,-483.6540308996852,-1982.9177309256802,-1856.2947036886399,-502.34787970098995,-465.3471378740721
praat-fixed,hz,eː,raw-y,284.2849162011173,-1921.6002040016554,-483.22009623296236,-1984.2199614174685,-1857.0657594952033,-501.9666006677451,-464.79556756001057
praat-fixed,hz,eː,raw-y,286.6368715083799,-1922.596502020167,-482.75831787416183,-1985.5530155491497,-1857.9986772759316,-501.5353817132588,-464.2087582133791
praat-fixed,hz,eː,raw-y,288.9888268156425,-1923.641242713195,-482.2682922915144,-1986.6288012987277,-1859.3433955720654,-501.0534990705567,-463.60387001553744
praat-fixed,hz,eː,raw-y,291.340782122905,-1924.735118118947,-481.7496159532508,-1987.6626602518377,-1860.7597148296263,-500.52022897266414,-462.91280055500033
praat-fixed,hz,eː,raw-y,293.6927374301676,-1925.87882027563,-481.2018853276019,-1988.3361420384426,-1861.5717403214562,-499.98506620729984,-462.41273651459966
praat-fixed,hz,eː,raw-y,296.0446927374302,-1927.0730412214514,-480.6246968827983,-1988.9377146136076,-1862.1826594579957,-499.4523756743861,-462.0076759157643
praat-fixed,hz,eː,raw-y,298.3966480446927,-1928.3184729946188,-480.01764708707077,-1989.7636593662442,-1862.865063422933,-498.8676076030041,-461.4978719672445
praat-fixed,hz,eː,raw-y,300.7486033519553,-1929.6158076333397,-479.3803324086502,-1990.690737723242,-1863.790442665406,-498.088914152197,-460.95097175466896
praat-fixed,hz,eː,raw-y,303.1005586592179,-1930.965737175821,-478.71234931576726,-1991.599439552049,-1864.8402467820886,-497.24344251879853,-460.3885331804304
praat-fixed,hz,eː,raw-y,305.4525139664804,-1932.3689536602703,-478.0132942766527,-1992.5006926318642,-1866.1604388530336,-496.3422103551051,-459.8103517924018
praat-fixed,hz,eː,raw-y,307.80446927374305,-1933.8261491248954,-477.28276375953726,-1993.6327241597717,-1868.18381385496,-495.3844934983856,-459.2162231384559
praat-fixed,hz,eː,raw-y,310.1564245810056,-1935.3380156079031,-476.52035423265175,-1995.2110968572422,-1870.013294610945,-494.43822363978757,-458.6059427664657
praat-fixed,hz,eː,raw-y,312.50837988826817,-1936.9052451475009,-475.725662164227,-1996.8156511169138,-1871.883261569092,-493.4459986506389,-458.02816864889473
praat-fixed,hz,eː,raw-y,314.86033519553075,-1938.5285297818964,-474.89828402249367,-1998.4786725705771,-1873.8944173185835,-492.39570099285515,-457.33115929540827
praat-fixed,hz,eː,raw-y,317.2122905027933,-1940.2085615492967,-474.0378162756824,-2000.071795493072,-1876.0485049309175,-491.34096568954277,-456.5763672051927
praat-fixed,hz,eː,raw-y,319.56424581005587,-1941.9460324879094,-473.14385539202425,-2001.7453863892301,-1878.347267477593,-490.36712121098276,-455.81704705068614
praat-fixed,hz,eː,raw-y,321.91620111731845,-1943.7410331977912,-472.2163565505043,-2002.7740768118902,-1880.8479141196542,-489.2428734052164,-455.03443533574114
praat-fixed,hz,eː,raw-y,324.268156424581,-1945.5906027239896,-471.25709494368704,-2003.5665553455333,-1883.4011517706851,-488.12276182531383,-454.23139251557905
praat-fixed,hz,eː,raw-y,326.62011173184356,-1947.4908146421092,-470.26842159104734,-2004.7728534227024,-1885.348402704823,-486.9661464236428,-453.41275054703357
praat-fixed,hz,eː,raw-y,328.97206703910615,-1949.437742148518,-469.2526877382453,-2006.583175353265,-1887.0572192705442,-485.6975200980918,-452.59312141574947
praat-fixed,hz,eː,raw-y,331.3240223463687,-1951.4274584395844,-468.2122446309409,-2008.93208406806,-1889.1793351353413,-484.4187105734137,-451.88379556640393
praat-fixed,hz,eː,raw-y,333.6759776536313,-1953.4560367116767,-467.14944351479414,-2011.3060187433637,-1891.9580290501256,-483.28573403494164,-451.1719343712219
praat-fixed,hz,eː,raw-y,336.02793296089385,-1955.5195501611627,-466.0666356354651,-2013.7002732102487,-1894.4519666889432,-482.1674192762336,-450.45901122027715
praat-fixed,hz,eː,raw-y,338.37988826815644,-1957.6140719844104,-464.9661722386138,-2016.1101412997891,-1896.0974755447944,-480.87895491790505,-449.73916279495694
praat-fixed,hz,eː,raw-y,340.731843575419,-1959.735675377789,-463.8504045699003,-2018.5309168430583,-1899.2108107719607,-479.5862223470066,-448.9650088026993
praat-fixed,hz,eː,raw-y,343.08379888268155,-1961.8804335376656,-462.7216838749847,-2020.9841533145132,-1902.5614124448955,-478.30168461923114,-448.1319973976299
praat-fixed,hz,eː,raw-y,345.43575418994413,-1964.0444196604085,-461.5823613995269,-2023.6482077617059,-1906.669519807579,-476.998681155433,-447.34851783344885
praat-fixed,hz,eː,raw-y,347.7877094972067,-1966.2237069423868,-460.43478838918685,-2026.3065013750038,-1909.8224488274504,-475.59448083349696,-446.56279350008697
praat-fixed,hz,eː,raw-y,350.13966480446925,-1968.4143685799675,-459.2813160896248,-2028.955020086861,-1911.592320403343,-474.0102636401297,-445.6327793720737
praat-fixed,hz,eː,raw-y,352.49162011173183,-1970.612477769519,-458.1242957465007,-2031.5963609697399,-1914.9024092957236,-472.6664111567861,-444.6015870709928
praat-fixed,hz,eː,raw-y,354.8435754189944,-1972.8141077074101,-456.96607860547454,-2034.2144722894336,-1916.6758935742546,-471.3248189816146,-443.64954456569063
praat-fixed,hz,eː,raw-y,357.19553072625695,-1975.0153315900081,-455.80901591220646,-2036.594727871013,-1917.439786442481,-469.9906248023902,-442.7180713734565
praat-fixed,hz,eː,raw-y,359.5474860335196,-1977.2122226136823,-454.65545891235627,-2038.226547899802,-1919.1979205559091,-468.7164420843123,-441.72886147274846
praat-fixed,hz,eː,raw-y,361.8994413407821,-1979.4008539747997,-453.50775885158424,-2040.0170533289793,-1921.048759666598,-467.52918540012485,-440.91373088793
praat-fixed,hz,eː,raw-y,364.2513966480447,-1981.5772988697292,-452.3682669755502,-2041.682237394934,-1923.240266095373,-466.34121021858186,-440.15438648494955
praat-fixed,hz,eː,raw-y,366.6033519553073,-1983.7376304948382,-451.2393345299144,-2044.077598787277,-1925.5816141829487,-465.00945022029975,-439.19568558923845
praat-fixed,hz,eː,raw-y,368.9553072625698,-1985.8779220464958,-450.1233127603367,-2045.6424963968268,-1927.7084430954455,-463.58536607305814,-438.07697169245915
praat-fixed,hz,eː,raw-y,371.3072625698324,-1987.9942467210697,-449.0225529124773,-2047.19842988737,-1929.369755282028,-462.0605552765497,-437.16860434018
praat-fixed,hz,eː,raw-y,373.659217877095,-1990.0826777149282,-447.939406231996,-2048.932433080878,-1931.52267457189,-461.02987384643154,-436.3389268950945
praat-fixed,hz,eː,raw-y,376.0111731843575,-1992.139288224439,-446.87622396455305,-2051.6822996938927,-1933.9276640035482,-459.5253086111634,-435.45221011051893
praat-fixed,hz,eː,raw-y,378.3631284916201,-1994.160151445971,-445.83535735580824,-2053.1262626671946,-1935.1308969732588,-458.1553229016945,-434.591445093866
praat-fixed,hz,eː,raw-y,380.7150837988827,-1996.1413405758915,-444.8191576514219,-2055.160127334689,-1936.6891396899573,-457.2409438942882,-433.71870740970013
praat-fixed,hz,eː,raw-y,383.0670391061453,-1998.0789288105698,-443.8299760970538,-2057.2183074518553,-1938.6933584732055,-456.1207999004462,-432.8080982856465
praat-fixed,hz,eː,raw-y,385.4189944134078,-1999.9689893463728,-442.87016393836416,-2059.4959955126164,-1940.5755400271282,-455.2025388675153,-432.0418439447902
praat-fixed,hz,eː,raw-y,387.7709497206704,-2001.80759537967,-441.9420724210129,-2061.6910600715105,-1941.952601604548,-454.3563111314001,-431.1309095630717
praat-fixed,hz,eː,raw-y,390.122905027933,-2003.590820106828,-441.04805279066,-2063.7919472796043,-1943.2778334595455,-453.7019588450605,-430.33573723115757
praat-fixed,hz,eː,raw-y,392.47486033519556,-2005.3147367242166,-440.1904562929656,-2065.6247516992034,-1944.8583600768054,-453.08106945313125,-429.75235497076613
praat-fixed,hz,eː,raw-y,394.8268156424581,-2006.9754184282028,-439.3716341735898,-2066.813904232555,-1947.1924694548204,-452.1822471343787,-428.9287974329173
praat-fixed,hz,eː,raw-y,397.1787709497207,-2008.568938415155,-438.59393767819256,-2068.487073774277,-1948.4204224849243,-451.1611594123303,-427.9442388345431
praat-fixed,hz,eː,raw-y,399.53072625698326,-2010.0913698814418,-437.8597180524338,-2070.2194764928286,-1949.0673100882677,-450.39926502608665,-427.14753248892174
praat-fixed,hz,eː,raw-y,401.8826815642458,-2011.5387860234307,-437.17132654197366,-2071.570880488369,-1950.5426095886328,-449.55168745801467,-426.2842433479843
praat-fixed,hz,eː,raw-y,404.23463687150837,-2012.9072600374902,-436.53111439247215,-2072.6650360640606,-1951.8436958013745,-448.8735234654716,-425.6203001850826
praat-fixed,hz,eː,raw-y,406.58659217877096,-2014.1928651199887,-435.9414328495893,-2073.6594314099734,-1953.5698064932722,-448.10040314124285,-424.860751991679
praat-fixed,hz,eː,raw-y,408.93854748603354,-2015.3916744672943,-435.4046331589852,-2074.508887335902,-1955.379196306816,-447.45395403726377,-424.3354052669725
praat-fixed,hz,eː,raw-y,411.29050279329607,-2016.4997612757747,-434.9230665663198,-2075.291053729412,-1956.6920665712673,-446.93636241458813,-423.9327261708196
praat-fixed,hz,eː,raw-y,413.64245810055866,-2017.5131987417988,-434.49908431725316,-2076.4888042915354,-1958.2804863625988,-446.6784411531545,-423.4336266671601
praat-fixed,hz,eː,raw-y,415.99441340782124,-2018.4280600617337,-434.13503765744525,-2077.4952220406562,-1959.9053895828777,-446.39071649793317,-422.95171427460656
praat-fixed,hz,eː,raw-y,418.3463687150838,-2019.2404184319485,-433.83327783255623,-2077.243331392186,-1961.2172526467289,-446.02514301947923,-422.54700969412005
praat-fixed,hz,eː,raw-y,420.69832402234636,-2019.9463470488115,-433.59615608824606,-2077.4477971478077,-1962.225637143101,-445.4794612426847,-422.3538756046114
praat-fixed,hz,eː,raw-y,423.05027932960894,-2020.54191910869,-433.4260236701748,-2078.2540495340677,-1962.824954231595,-445.0873634753402,-422.39227353854193
praat-fixed,hz,eː,raw-y,425.4022346368715,-2021.0232078079525,-433.32523182400234,-2078.884341923838,-1963.4322331901667,-444.98328362823185,-422.1314243244204
praat-fixed,hz,eː,raw-y,427.75418994413405,-2021.3862863429674,-433.296131795389,-2079.8703022993914,-1963.949020177603,-445.0229529799136,-422.05490042538327
praat-fixed,hz,eː,raw-y,430.10614525139664,-2021.6272279101029,-433.34107482999457,-2079.8285309715407,-1964.5031025532273,-445.2244518723308,-422.0908220804868
praat-fixed,hz,eː,raw-y,432.4581005586592,-2021.7421057057268,-433.4624121734791,-2079.510966874224,-1964.9675982188828,-445.37482452740613,-422.23766839307376
praat-fixed,hz,eː,raw-y,434.8100558659218,-2021.7269929262072,-433.6624950715027,-2079.4020568211463,-1965.2151325084403,-445.4593136614965,-422.5000793673942
praat-fixed,hz,eː,raw-y,437.16201117318434,-2021.5779627679128,-433.9436747697254,-2079.190263421944,-1965.4171412469707,-445.60611923851593,-422.88160063607324
praat-fixed,hz,eː,raw-y,439.5139664804469,-2021.2910884272117,-434.3083025138072,-2078.6234391150933,-1965.1145397395167,-445.8082131991012,-423.360562680997
praat-fixed,hz,eː,raw-y,441.8659217877095,-2020.8624431004714,-434.7587295494081,-2077.6389474090693,-1965.269817780968,-446.0270604316686,-423.8417093344061
praat-fixed,hz,eː,raw-y,444.2178770949721,-2020.2880999840609,-435.2973071221883,-2076.6258503041518,-1965.623892250711,-446.3252821260167,-424.5171704497792
praat-fixed,hz,eː,raw-y,446.5698324022346,-2019.5641322743481,-435.92638647780757,-2075.498041093471,-1965.897850117503,-446.6347889450024,-425.39454925034545
praat-fixed,hz,eː,raw-y,448.9217877094972,-2018.6866131677004,-436.6483188619261,-2074.4688133911563,-1966.9785327507686,-446.9845032916831,-426.2521908421239
praat-fixed,hz,eː,raw-y,451.2737430167598,-2017.6516158604868,-437.46545552020393,-2072.930053286419,-1966.9139842288805,-447.56122821205116,-427.28236564494193
praat-fixed,hz,eː,raw-y,453.6256983240223,-2016.4552135490756,-438.380147698301,-2071.4048995514318,-1966.6390377731345,-448.23676926591156,-428.16880479612223
praat-fixed,hz,eː,raw-y,455.9776536312849,-2015.0934794298344,-439.3947466418774,-2069.548679544508,-1966.5441416972174,-449.4435070917972,-429.07588008170177
praat-fixed,hz,eː,raw-y,458.3296089385475,-2013.5624866991316,-440.5116035965932,-2067.4676680869943,-1965.38491384739,-450.6651777110641,-429.9770501234078
praat-fixed,hz,eː,raw-y,460.6815642458101,-2011.8583085533355,-441.73306980810844,-2065.1432078715684,-1964.6034009601904,-451.51566019708935,-431.26097380589107
praat-fixed,hz,eː,raw-y,463.0335195530726,-2009.9770181888139,-443.0614965220831,-2063.301064572727,-1963.4222457749465,-452.49359240278665,-432.56160413481
praat-fixed,hz,eː,raw-y,465.3854748603352,-2007.9146957613762,-444.4992307969213,-2061.3243847180315,-1962.546849240696,-453.5772099435108,-434.0520159717426
praat-fixed,hz,eː,raw-y,467.7374301675978,-2005.6698859752296,-446.0471368572093,-2058.4276141600753,-1960.984195913526,-454.878486286087,-435.65760926307183
praat-fixed,hz,eː,raw-y,470.08938547486036,-2003.2472227851795,-447.70241523534435,-2055.266762433687,-1959.1273673735957,-456.903673090961,-437.1439939524019
praat-fixed,hz,eː,raw-y,472.4413407821229,-2000.6522641100973,-449.4617105463936,-2052.2743745792113,-1956.7016655272096,-458.66950110880714,-438.67459243487446
praat-fixed,hz,eː,raw-y,474.7932960893855,-1997.8905678688557,-451.32166740542436,-2048.41384471553,-1953.9922237349492,-461.1020763236346,-440.2854947598099
praat-fixed,hz,eː,raw-y,477.14525139664806,-1994.9676919803262,-453.27893042750406,-2045.0592484850538,-1951.385298602524,-463.4233432821438,-442.0947374455251
praat-fixed,hz,eː,raw-y,479.4972067039106,-1991.8891943633807,-455.3301442276999,-2040.9403044323403,-1948.742633238374,-466.08504063010815,-443.961354116438
praat-fixed,hz,eː,raw-y,481.8491620111732,-1988.660632936892,-457.4719534210791,-2037.0795427026083,-1944.7870268918232,-468.60399297528335,-445.58943991632026
praat-fixed,hz,eː,raw-y,484.20111731843576,-1985.2875656197307,-459.70100262270904,-2033.7425624100101,-1941.1016932443947,-471.29790443345814,-447.528146678736
praat-fixed,hz,eː,raw-y,486.55307262569835,-1981.7755503307699,-462.013936447657,-2030.6258703131966,-1937.5836874804938,-474.31340610382057,-449.52548047420504
praat-fixed,hz,eː,raw-y,488.9050279329609,-1978.1301449888813,-464.4073995109901,-2027.559346663454,-1933.7332939405503,-477.3307950033163,-451.34473133544145
praat-fixed,hz,eː,raw-y,491.25698324022346,-1974.356907512937,-466.87803642777584,-2022.7089551563372,-1929.2424825843166,-480.44425865994464,-453.2978249843722
praat-fixed,hz,eː,raw-y,493.60893854748605,-1970.4613958218088,-469.42249181308136,-2019.6647826252831,-1925.0008814469684,-483.6392125274104,-455.1030270845382
praat-fixed,hz,eː,raw-y,495.96089385474863,-1966.449167834369,-472.037410281974,-2017.331742183276,-1920.4246702683172,-486.9913738321092,-456.6275989401253
praat-fixed,hz,eː,raw-y,498.31284916201116,-1962.3257814694891,-474.7194364495209,-2014.3193712915102,-1914.4335402651168,-490.67088564743295,-458.496751652008
praat-fixed,hz,eː,raw-y,500.66480446927375,-1958.0967946460414,-477.46521493078956,-2013.041717081695,-1908.5159591935355,-494.2920799902813,-460.23654555991646
praat-fixed,hz,eː,raw-y,503.01675977653633,-1953.7677652828977,-480.2713903408472,-2013.377809358042,-1902.793263051957,-497.9727239724047,-462.12992174006007
praat-fixed,hz,eː,raw-y,505.36871508379886,-1949.3442512989304,-483.13460729476094,-2011.8347562982644,-1896.5200360640074,-501.7565915503541,-463.8146838584746
praat-fixed,hz,eː,raw-y,507.72067039106145,-1944.8318106130112,-486.0515104075982,-2010.9895012174254,-1889.8556353175595,-505.42795616621237,-465.784107401159
praat-fixed,hz,eː,raw-y,510.07262569832403,-1940.2360011440117,-489.01874429442637,-2010.2600808724626,-1883.3812781606064,-509.26799520000316,-467.3129715316554
praat-fixed,hz,eː,raw-y,512.4245810055866,-1935.5623808108048,-492.0329535703125,-2008.643509436653,-1875.61403579209,-513.2649888406578,-468.87203700447776
praat-fixed,hz,eː,raw-y,514.7765363128492,-1930.8165075322615,-495.09078285032405,-2008.3275804593288,-1868.083818889958,-517.1561245333355,-470.3648517495548
praat-fixed,hz,eː,raw-y,517.1284916201117,-1926.0039392272547,-498.1888767495281,-2007.8964821942347,-1859.738352923313,-521.135306229301,-471.9959343856822
praat-fixed,hz,eː,raw-y,519.4804469273743,-1921.130233814656,-501.3238798829922,-2007.5565246884619,-1851.9593474193614,-525.5026162312771,-473.48499842432557
praat-fixed,hz,eː,raw-y,521.8324022346369,-1916.2009492133373,-504.49243686578353,-2006.1965522447176,-1841.946465216327,-530.2169594247131,-475.1407716558806
praat-fixed,hz,eː,raw-y,524.1843575418994,-1911.2216433421704,-507.6911923129692,-2005.815779658056,-1833.2371985527127,-534.744572291181,-477.32515245790665
praat-fixed,hz,eː,raw-y,526.536312849162,-1906.197874120028,-510.91679083961657,-2006.2642533896474,-1824.6922724100377,-539.3159828170791,-479.01961853197145
praat-fixed,hz,eː,raw-y,528.8882681564246,-1901.1351994657814,-514.1658770607932,-2006.8050679186365,-1815.9638365893652,-544.0560954957049,-480.68854082049
praat-fixed,hz,eː,raw-y,531.2402234636871,-1896.039177298303,-517.4350955915659,-2006.644699303463,-1807.5923296626256,-548.5293665961664,-482.35853912527494
praat-fixed,hz,eː,raw-y,533.5921787709497,-1890.9153655364648,-520.7210910470022,-2006.7630294998944,-1799.1799649905927,-552.7997773112627,-484.15991587464487
praat-fixed,hz,eː,raw-y,535.9441340782123,-1885.769322099138,-524.0205080421696,-2007.3291877802692,-1790.734914122324,-557.1039753275868,-485.8971492446164
praat-fixed,hz,eː,raw-y,538.2960893854749,-1880.6066049051956,-527.3299911921351,-2007.9363852109357,-1782.0402424615809,-561.4957646829941,-487.63975783942334
praat-fixed,hz,eː,raw-y,540.6480446927374,-1875.4327718735099,-530.6461851119658,-2008.8931686663177,-1773.243638553642,-565.8955824526561,-489.3859499174537
praat-fixed,hz,eː,raw-y,543.0,-1870.253380922951,-533.9657344167294,-2010.3278056681995,-1764.4384300890704,-570.2994144294464,-491.1155900647583
praat-fixed,hz,yː,raw-y,122.0,-2011.906490601265,-362.4217004412901,-2112.1256081145593,-1949.165401417803,-393.5578276417377,-331.5702765069207
praat-fixed,hz,yː,raw-y,124.35195530726257,-2012.1453600592392,-362.4991432725684,-2109.8983387227813,-1951.2339994273882,-392.9596993148069,-332.07249078744945
praat-fixed,hz,yː,raw-y,126.70391061452514,-2012.3837275058465,-362.57660038523187,-2107.6713273335736,-1953.3014435355212,-392.3127042881314,-332.5746444052147
praat-fixed,hz,yː,raw-y,129.0558659217877,-2012.6210909297206,-362.65408606066563,-2105.444831949505,-1955.3665798407496,-391.6661895336671,-333.076676697453
praat-fixed,hz,yː,raw-y,131.40782122905028,-2012.8569483194942,-362.7316145802548,-2103.2191105731463,-1957.4117350740541,-391.0325084438738,-333.80059119037026
praat-fixed,hz,yː,raw-y,133.75977653631284,-2013.090797663801,-362.80920022538464,-2100.9944212070673,-1959.0715005847276,-390.4080367142073,-334.5824539730716
praat-fixed,hz,yː,raw-y,136.11173184357543,-2013.3221369512735,-362.88685727744013,-2098.771021853837,-1960.6934535640257,-389.6000284589039,-335.34387468755983
praat-fixed,hz,yː,raw-y,138.46368715083798,-2013.550464170546,-362.96460001780656,-2096.5491705160266,-1962.5727677491136,-388.8343024263269,-335.97686051086004
praat-fixed,hz,yː,raw-y,140.81564245810057,-2013.775277310251,-363.04244272786894,-2094.1887830453884,-1964.8698766211478,-388.08844649297026,-336.4762394667776
praat-fixed,hz,yː,raw-y,143.16759776536313,-2013.9960743590223,-363.1203996890125,-2091.7554407808525,-1967.4775672079595,-387.4544410773984,-336.97505629465405
praat-fixed,hz,yː,raw-y,145.51955307262568,-2014.2123533054928,-363.19848518262245,-2089.12453690832,-1970.0712487620567,-386.8024648101372,-337.4967397142801
praat-fixed,hz,yː,raw-y,147.87150837988827,-2014.4236121382955,-363.27671349008375,-2086.9527879854163,-1971.9548668983507,-386.1941173391815,-338.29006857083215
praat-fixed,hz,yː,raw-y,150.22346368715085,-2014.6293488460642,-363.35509889278177,-2084.8293924829045,-1974.7678614924448,-385.7878224784997,-338.7427093795004
praat-fixed,hz,yː,raw-y,152.5754189944134,-2014.8290614174318,-363.43365567210145,-2083.031973251399,-1977.6311559015273,-385.36842458740483,-339.19448463814507
praat-fixed,hz,yː,raw-y,154.92737430167597,-2015.0222478410317,-363.5123981094281,-2081.5015199110926,-1979.2137954593359,-384.82296808060624,-339.6453222175974
praat-fixed,hz,yː,raw-y,157.27932960893855,-2015.208406105497,-363.5913404861468,-2079.9528494586157,-1980.3391410528293,-384.22103927938457,-340.14866246251535
praat-fixed,hz,yː,raw-y,159.6312849162011,-2015.3870341994611,-363.67049708364266,-2078.0801342473574,-1981.699851549009,-383.6179456043982,-340.9787924373396
praat-fixed,hz,yː,raw-y,161.9832402234637,-2015.557630111557,-363.7498821833009,-2076.2112932609148,-1983.2651688473359,-383.02013169364204,-341.7904034220404
praat-fixed,hz,yː,raw-y,164.33519553072625,-2015.7196918304185,-363.82951006650654,-2074.3465686383383,-1984.7502210369632,-382.42916039376945,-342.6033237970986
praat-fixed,hz,yː,raw-y,166.68715083798884,-2015.8727173446784,-363.9093950146449,-2072.486202518679,-1984.7043331539317,-382.0482055545374,-343.4537539186041
praat-fixed,hz,yː,raw-y,169.0391061452514,-2016.01620464297,-363.989551309101,-2070.6348661711972,-1985.053855318517,-381.7653048751407,-344.10604696774755
praat-fixed,hz,yː,raw-y,171.39106145251395,-2016.1496517139265,-364.06999323126,-2068.7935739152754,-1986.9723480036535,-381.39091291430555,-344.51306502923717
praat-fixed,hz,yː,raw-y,173.74301675977654,-2016.2725565461812,-364.1507350625071,-2066.6566518231743,-1988.1462060667034,-380.9942162650553,-344.9197305638961
praat-fixed,hz,yː,raw-y,176.09497206703912,-2016.3844171283674,-364.23179108422744,-2064.7735776304708,-1989.6953266845846,-380.43844042111795,-345.3260267847325
praat-fixed,hz,yː,raw-y,178.44692737430168,-2016.4847314491185,-364.31317557780613,-2062.8956102742795,-1990.3848316799192,-379.9719791494985,-345.9974813239824
praat-fixed,hz,yː,raw-y,180.79888268156424,-2016.5729974970677,-364.39490282462833,-2061.0174163698603,-1991.4775105219874,-379.65192549039335,-346.62716701176817
praat-fixed,hz,yː,raw-y,183.15083798882682,-2016.648713260848,-364.47698710607915,-2059.1389864777025,-1991.3826870823502,-379.62630495794826,-346.766925809893
praat-fixed,hz,yː,raw-y,185.50279329608938,-2016.7113767290925,-364.5594427035439,-2057.2603111582966,-1991.1388777798863,-379.34380337797825,-346.818294464306
praat-fixed,hz,yː,raw-y,187.85474860335194,-2016.7604858904351,-364.64228389840747,-2055.3813809721337,-1991.3974238678343,-379.12065535009424,-346.9976131173217
praat-fixed,hz,yː,raw-y,190.20670391061452,-2016.7955387335087,-364.7255249720552,-2053.5021864797036,-1992.0401917188278,-378.9884675154565,-347.16195933221644
praat-fixed,hz,yː,raw-y,192.5586592178771,-2016.8160332469465,-364.8091802058721,-2051.7474239010435,-1991.8689062589058,-378.7963704102151,-347.5032317405319
praat-fixed,hz,yː,raw-y,194.91061452513966,-2016.8214674193816,-364.8932638812434,-2050.410497325267,-1991.0314509690086,-378.487229574824,-348.1578614662356
praat-fixed,hz,yː,raw-y,197.26256983240222,-2016.8113392394478,-364.9777902795543,-2050.159470465644,-1989.6595203317743,-378.284851362679,-348.7072412044079
praat-fixed,hz,yː,raw-y,199.6145251396648,-2016.7851466957775,-365.06277368218986,-2048.818262393601,-1989.2238583641565,-378.25860743230174,-349.40528556483935
praat-fixed,hz,yː,raw-y,201.9664804469274,-2016.7423877770048,-365.14822837053526,-2048.3359007305794,-1988.0871178919017,-378.0939972667763,-349.85889272750205
praat-fixed,hz,yː,raw-y,204.31843575418995,-2016.6825604717624,-365.2341686259756,-2048.020928574961,-1986.8272061745115,-378.0945607010924,-350.0000650856924
praat-fixed,hz,yː,raw-y,206.6703910614525,-2016.6051627686838,-365.32060872989604,-2048.9546289983946,-1986.00564509323,-378.2188918696087,-350.26963743813104
praat-fixed,hz,yː,raw-y,209.0223463687151,-2016.5096926564024,-365.40756296368176,-2050.234307912624,-1985.2415537179374,-378.11509729388126,-350.62480801558024
praat-fixed,hz,yː,raw-y,211.37430167597765,-2016.395648123551,-365.4950456087179,-2050.340768073176,-1985.221160129839,-378.10723538317376,-350.7486562742491
praat-fixed,hz,yː,raw-y,213.7262569832402,-2016.2625271587629,-365.5830709463896,-2051.206498671399,-1985.1779293920074,-378.3648017234918,-351.16595759627694
praat-fixed,hz,yː,raw-y,216.0782122905028,-2016.109827750672,-365.671653258082,-2051.7250606918174,-1984.4521775357846,-378.55094389324876,-351.3142739512361
praat-fixed,hz,yː,raw-y,218.43016759776538,-2015.9370478879107,-365.7608068251802,-2052.328765421661,-1982.9920586271387,-378.5852252773513,-351.55720655839457
praat-fixed,hz,yː,raw-y,220.78212290502793,-2015.743685559113,-365.85054592906954,-2054.092803816054,-1981.2959495676155,-378.71684102355727,-351.6133254388548
praat-fixed,hz,yː,raw-y,223.1340782122905,-2015.5292387529114,-365.9408848511349,-2055.107652826812,-1979.6104245117651,-378.9001583345582,-351.72992733967266
praat-fixed,hz,yː,raw-y,225.48603351955308,-2015.2932054579396,-366.0318378727616,-2056.182837091002,-1977.9186860102423,-378.99111768340225,-351.8939500099006
praat-fixed,hz,yː,raw-y,227.83798882681566,-2015.0350836628309,-366.12341927533475,-2057.531199155069,-1976.366969669964,-379.35956796645013,-351.96098185911086
praat-fixed,hz,yː,raw-y,230.18994413407822,-2014.7543713562184,-366.21564334023947,-2059.0264670434035,-1975.1046846204756,-379.5955656467888,-351.97649093655366
praat-fixed,hz,yː,raw-y,232.54189944134077,-2014.4505665267354,-366.3085243488609,-2059.8559420329975,-1973.8410383712833,-379.82473478341205,-351.73158964561003
praat-fixed,hz,yː,raw-y,234.89385474860336,-2014.1231671630153,-366.4020765825842,-2060.615911791352,-1972.5903495722139,-380.20197943775645,-351.5767157513528
praat-fixed,hz,yː,raw-y,237.24581005586592,-2013.771671253691,-366.49631432279455,-2061.304897483759,-1971.3559354166225,-380.47215680403474,-351.5678583092383
praat-fixed,hz,yː,raw-y,239.59776536312847,-2013.3955767873958,-366.59125185087703,-2061.895456119753,-1970.4285650729228,-380.676084214226,-351.4865900013514
praat-fixed,hz,yː,raw-y,241.94972067039106,-2012.9943817527633,-366.68690344821687,-2062.2787515704927,-1969.6006055534608,-380.85066332605896,-351.21914591301345
praat-fixed,hz,yː,raw-y,244.30167597765364,-2012.5675841384266,-366.78328339619907,-2062.58423936301,-1968.8333379569417,-381.02068570744814,-351.1546656223576
praat-fixed,hz,yː,raw-y,246.6536312849162,-2012.1146819330186,-366.8804059762089,-2062.810393856948,-1967.8469025845154,-381.3368864452451,-351.2268249998555
praat-fixed,hz,yː,raw-y,249.00558659217876,-2011.6351731251732,-366.9782854696316,-2062.95568941195,-1966.487013061312,-381.70753981706633,-351.2687793433344
praat-fixed,hz,yː,raw-y,251.35754189944134,-2011.1285557035228,-367.0769361578521,-2063.0186003876574,-1965.5308899316701,-382.21688246285635,-351.3198151903281
praat-fixed,hz,yː,raw-y,253.7094972067039,-2010.5943276567014,-367.1763723222557,-2062.9976011437134,-1964.4101162113259,-382.65045094121893,-351.38010071682766
praat-fixed,hz,yː,raw-y,256.0614525139665,-2010.031986973342,-367.2766082442274,-2063.087933696287,-1963.2074570293921,-382.856494346769,-351.4475397623324
praat-fixed,hz,yː,raw-y,258.41340782122904,-2009.4410316420779,-367.3776582051525,-2063.1583588117796,-1961.7833832121323,-383.1820842352641,-351.5210509237306
praat-fixed,hz,yː,raw-y,260.76536312849163,-2008.8209596515421,-367.4795364864161,-2063.0664156471767,-1960.5169641213695,-383.6650877879614,-351.53235839667053
praat-fixed,hz,yː,raw-y,263.1173184357542,-2008.1712689903682,-367.5822573694033,-2062.5751257791608,-1959.226531517777,-384.010636811466,-351.4762045680849
praat-fixed,hz,yː,raw-y,265.46927374301674,-2007.491457647189,-367.68583513549936,-2062.3074898820487,-1957.9601731301675,-384.45479399938273,-351.3652563793847
praat-fixed,hz,yː,raw-y,267.8212290502793,-2006.7810236106382,-367.7902840660892,-2062.0091115007986,-1956.7780673682591,-384.88256808738424,-351.1810748248859
praat-fixed,hz,yː,raw-y,270.1731843575419,-2006.0394648693489,-367.89561844255826,-2061.8538861224515,-1955.981304148695,-385.29333452161103,-350.9686141996747
praat-fixed,hz,yː,raw-y,272.52513966480444,-2005.2662794119544,-368.0018525462914,-2061.585524262892,-1954.8584204789195,-385.5498557492353,-350.72711967348073
praat-fixed,hz,yː,raw-y,274.877094972067,-2004.4609652270879,-368.10900065867395,-2061.2022301049565,-1953.4536663413699,-385.74890409693614,-350.68819694471534
praat-fixed,hz,yː,raw-y,277.2290502793296,-2003.6230203033824,-368.21707706109106,-2060.702207831483,-1951.709786510539,-385.93283513440997,-350.6056636731173
praat-fixed,hz,yː,raw-y,279.58100558659214,-2002.7519426294714,-368.32609603492773,-2060.0836616253114,-1950.155386860178,-386.2354287874732,-350.6515862687628
praat-fixed,hz,yː,raw-y,281.9329608938548,-2001.8472301939883,-368.4360718615693,-2059.3447956692776,-1948.8551930270355,-386.6340695882778,-350.7424296686736
praat-fixed,hz,yː,raw-y,284.2849162011173,-2000.908380985566,-368.54701882240073,-2058.4838141462196,-1947.5866104711884,-386.83960622551086,-350.93794528981516
praat-fixed,hz,yː,raw-y,286.6368715083799,-1999.9348929928383,-368.65895119880724,-2057.4989212389764,-1946.3400373975878,-387.0298208145464,-351.1787540773605
praat-fixed,hz,yː,raw-y,288.9888268156425,-1998.9262642044378,-368.7718832721741,-2056.641234398213,-1945.101406004001,-387.2044912967147,-351.40265116564944
praat-fixed,hz,yː,raw-y,291.340782122905,-1997.8819926089977,-368.88582932388624,-2055.7474178692555,-1944.102474036521,-387.3633956133463,-351.6418433013476
praat-fixed,hz,yː,raw-y,293.6927374301676,-1996.801576195152,-369.00080363532896,-2054.5911924381835,-1943.1830410193334,-387.50631170577174,-351.89654590765804
praat-fixed,hz,yː,raw-y,296.0446927374302,-1995.6845129515334,-369.1168204878873,-2053.1456523719335,-1941.8397959406072,-387.74132232840776,-352.0437136430489
praat-fixed,hz,yː,raw-y,298.3966480446927,-1994.5303008667754,-369.2338941629465,-2051.3034538629076,-1940.9692029502494,-387.9636072963348,-352.19061813306354
praat-fixed,hz,yː,raw-y,300.7486033519553,-1993.3384379295112,-369.35203894189175,-2049.3079742072514,-1940.1091295806405,-388.17154690808337,-352.3518651006792
praat-fixed,hz,yː,raw-y,303.1005586592179,-1992.1084221283736,-369.471269106108,-2047.4603272925522,-1938.550876790162,-388.3101688076728,-352.52545585282155
praat-fixed,hz,yː,raw-y,305.4525139664804,-1990.8397514519963,-369.5915989369806,-2045.5729882622782,-1937.5662362107105,-388.3302278789531,-352.6524376606179
praat-fixed,hz,yː,raw-y,307.80446927374305,-1989.5319238890127,-369.7130427158945,-2043.6505760910693,-1936.5963741857568,-388.3379208931184,-352.73193141303733
praat-fixed,hz,yː,raw-y,310.1564245810056,-1988.1844374280558,-369.8356147242351,-2041.95295449538,-1935.0603286561318,-388.3320383684846,-352.82370902174114
praat-fixed,hz,yː,raw-y,312.50837988826817,-1986.7967900577587,-369.9593292433873,-2040.1672803077515,-1933.508579086915,-388.38294646848146,-352.9279259785811
praat-fixed,hz,yː,raw-y,314.86033519553075,-1985.368479766755,-370.08420055473636,-2038.1544662659935,-1932.4914976707523,-388.4363663285014,-353.0447377754089
praat-fixed,hz,yː,raw-y,317.2122905027933,-1983.8990045436774,-370.21024293966747,-2036.2215911576277,-1931.8891028296878,-388.4754061311482,-353.1742999040762
praat-fixed,hz,yː,raw-y,319.56424581005587,-1982.38786237716,-370.3374706795656,-2033.4946085483496,-1930.9622153508424,-388.51089627195006,-353.3167678564348
praat-fixed,hz,yː,raw-y,321.91620111731845,-1980.834727048903,-370.4659338963745,-2031.4612620604482,-1930.2229622161774,-388.53134660784286,-353.47229846030973
praat-fixed,hz,yː,raw-y,324.268156424581,-1979.2401642730792,-370.5958645585585,-2029.3852623369162,-1929.507261100338,-388.48949794055665,-353.7766152011424
praat-fixed,hz,yː,raw-y,326.62011173184356,-1977.6050219588556,-370.7275521682853,-2027.2008917021083,-1928.7322766997124,-388.4014253695256,-354.20671510429025
praat-fixed,hz,yː,raw-y,328.97206703910615,-1975.9301481262444,-370.8612862503215,-2024.75382304361,-1927.6290916708742,-388.1295021279124,-354.6690431019249
praat-fixed,hz,yː,raw-y,331.3240223463687,-1974.2163907952583,-370.9973563294339,-2022.4704483359392,-1926.3280719148286,-388.0311862858155,-355.15158641971055
praat-fixed,hz,yː,raw-y,333.6759776536313,-1972.46459798591,-371.1360519303894,-2020.272117882256,-1924.8620451550219,-387.8107211183561,-355.60529294821487
praat-fixed,hz,yː,raw-y,336.02793296089385,-1970.6756177182122,-371.2776625779546,-2017.9897678119694,-1924.15316148052,-387.78178684056616,-355.87462359555116
praat-fixed,hz,yː,raw-y,338.37988826815644,-1968.850298012177,-371.42247779689626,-2015.6255369030366,-1923.1529707335258,-387.819591535862,-356.30412560019977
praat-fixed,hz,yː,raw-y,340.731843575419,-1966.989486887818,-371.57078711198125,-2013.3811423843547,-1920.4605306001806,-387.45919282354924,-356.7432126603736
praat-fixed,hz,yː,raw-y,343.08379888268155,-1965.0940323651473,-371.7228800479762,-2011.4400836588918,-1918.2043234457926,-387.06296452320834,-357.10880838472224
praat-fixed,hz,yː,raw-y,345.43575418994413,-1963.1647824641777,-371.8790461296479,-2009.17655223055,-1916.0728799717901,-386.66403372473764,-357.4897718873816
praat-fixed,hz,yː,raw-y,347.7877094972067,-1961.2025852049214,-372.0395748817632,-2007.7250409358717,-1914.3976610408236,-386.4174091993625,-357.7076870120818
praat-fixed,hz,yː,raw-y,350.13966480446925,-1959.208288607392,-372.20475582908875,-2006.0179864640843,-1913.5715156113495,-386.3705453645308,-358.25675284632086
praat-fixed,hz,yː,raw-y,352.49162011173183,-1957.182740691601,-372.3748784963913,-2003.6907055858876,-1910.4415577120517,-386.5177425286647,-358.7105887694131
praat-fixed,hz,yː,raw-y,354.8435754189944,-1955.126789477562,-372.55023240843775,-2000.9036914647027,-1906.526020359883,-386.43658654767177,-359.0363921153805
praat-fixed,hz,yː,raw-y,357.19553072625695,-1953.0412829852871,-372.73110708999474,-1998.2907393313055,-1903.2472733360694,-386.47572711550157,-359.42494684667923
praat-fixed,hz,yː,raw-y,359.5474860335196,-1950.927069234789,-372.917792065829,-1995.7905236225033,-1899.9222855790304,-386.653025039059,-359.8170552416685
praat-fixed,hz,yː,raw-y,361.8994413407821,-1948.7849962460807,-373.11057686070734,-1993.7829316118327,-1897.3471983521936,-386.8370162454589,-360.20598519806487
praat-fixed,hz,yː,raw-y,364.2513966480447,-1946.6159120391746,-373.3097509993965,-1992.1713799597906,-1895.541639039226,-387.0187510848517,-360.71814550997243
praat-fixed,hz,yː,raw-y,366.6033519553073,-1944.4206646340836,-373.5156040066633,-1989.4888883963185,-1894.2946460779417,-387.19826384703543,-361.0822022451563
praat-fixed,hz,yː,raw-y,368.9553072625698,-1942.2001020508196,-373.7284254072744,-1987.6901348550828,-1891.71895008307,-387.29689047510504,-361.72087918415974
praat-fixed,hz,yː,raw-y,371.3072625698324,-1939.9550723093962,-373.9485047259966,-1986.71344468269,-1888.7105139601754,-387.313467839673,-362.0579200854803
praat-fixed,hz,yː,raw-y,373.659217877095,-1937.6864234298255,-374.1761314875967,-1984.9384126575073,-1885.118170834397,-387.3567889459534,-362.41407954988904
praat-fixed,hz,yː,raw-y,376.0111731843575,-1935.3950034321201,-374.41159521684136,-1982.916261447288,-1881.9282448905826,-387.66413506193396,-362.8625209606777
praat-fixed,hz,yː,raw-y,378.3631284916201,-1933.0816603362928,-374.6551854384974,-1982.2633042003774,-1878.9774736129689,-387.7649886129336,-363.2978390770178
praat-fixed,hz,yː,raw-y,380.7150837988827,-1930.7472421623565,-374.9071916773316,-1981.6356182352522,-1875.3541589740796,-388.0066796193743,-363.6183711965385
praat-fixed,hz,yː,raw-y,383.0670391061453,-1928.3925969303236,-375.16790345811063,-1979.9372512557427,-1872.8198471943294,-388.046722505152,-364.13385636196745
praat-fixed,hz,yː,raw-y,385.4189944134078,-1926.0185726602067,-375.43761030560137,-1978.1484471085892,-1870.0252830585157,-388.27185367209154,-364.61635075789553
praat-fixed,hz,yː,raw-y,387.7709497206704,-1923.6260173720184,-375.7166017445705,-1976.9130724786996,-1866.7644774293724,-388.8262061557725,-364.8611291251174
praat-fixed,hz,yː,raw-y,390.122905027933,-1921.2157790857718,-376.0051672997847,-1975.6078658093968,-1862.8299422539703,-389.3363990866748,-365.14969587230445
praat-fixed,hz,yː,raw-y,392.47486033519556,-1918.788705821479,-376.3035964960109,-1974.0259612328803,-1859.368683036387,-389.5297879046143,-365.30047328697106
praat-fixed,hz,yː,raw-y,394.8268156424581,-1916.3456455991527,-376.6121788580158,-1971.716762392317,-1855.518658822558,-389.9586176285335,-365.5900433431548
praat-fixed,hz,yː,raw-y,397.1787709497207,-1913.8874464388061,-376.9312039105661,-1969.575424534484,-1851.2484134050446,-390.46066498798683,-365.97859307058644
praat-fixed,hz,yː,raw-y,399.53072625698326,-1911.414956360451,-377.26096117842854,-1968.1321230642254,-1847.0813929656535,-390.8546003322037,-366.26564828365764
praat-fixed,hz,yː,raw-y,401.8826815642458,-1908.9290233841011,-377.60174018636997,-1966.7851583214751,-1842.9689825181251,-391.15245342115014,-366.50217081936376
praat-fixed,hz,yː,raw-y,404.23463687150837,-1906.4304955297682,-377.9538304591571,-1965.9778085156445,-1838.7200091746804,-391.4410394040299,-366.6161215676093
praat-fixed,hz,yː,raw-y,406.58659217877096,-1903.920220817465,-378.3175215215566,-1964.029095272928,-1835.1254525141799,-391.7030850450923,-366.84176016143783
praat-fixed,hz,yː,raw-y,408.93854748603354,-1901.3990472672047,-378.69310289833544,-1961.531063230164,-1831.2803764126209,-392.02712670194796,-367.22279362630195
praat-fixed,hz,yː,raw-y,411.29050279329607,-1898.8678228989993,-379.0808641142602,-1958.9663132676274,-1827.1583621273533,-392.4232506486356,-367.6562220898367
praat-fixed,hz,yː,raw-y,413.64245810055866,-1896.327395732862,-379.4810946940977,-1957.0707013370059,-1823.5820247612708,-392.8397024886085,-368.0779549581245
praat-fixed,hz,yː,raw-y,415.99441340782124,-1893.7786137888052,-379.8940841626147,-1955.0647247222605,-1820.488176433001,-393.3328759560082,-368.52073416698556
praat-fixed,hz,yː,raw-y,418.3463687150838,-1891.2223250868415,-380.3201220445779,-1953.0503486787577,-1817.5573990605446,-393.82031779561265,-368.94586813947325
praat-fixed,hz,yː,raw-y,420.69832402234636,-1888.6593776469836,-380.7594978647541,-1951.6946058353515,-1815.284805514789,-394.3203700389054,-369.3722328148587
praat-fixed,hz,yː,raw-y,423.05027932960894,-1886.0906194892443,-381.2125011479101,-1950.6914251808867,-1813.2140482651873,-394.7668270256502,-369.81192935613217
praat-fixed,hz,yː,raw-y,425.4022346368715,-1883.516898633636,-381.6794214188126,-1948.8264451815173,-1810.5134542476046,-395.2242603665831,-370.34671705765174
praat-fixed,hz,yː,raw-y,427.75418994413405,-1880.9390631001716,-382.1605482022283,-1947.1976350768166,-1807.0292085864123,-395.67039566342334,-370.8105947803217
praat-fixed,hz,yː,raw-y,430.10614525139664,-1878.3579609088633,-382.65617102292407,-1945.134370885116,-1804.7120740882801,-396.1054866414485,-371.088290038503
praat-fixed,hz,yː,raw-y,432.4581005586592,-1875.7744400797242,-383.16657940566665,-1942.735711144623,-1802.319270338374,-396.5286448869783,-371.29760464934935
praat-fixed,hz,yː,raw-y,434.8100558659218,-1873.189348632767,-383.69206287522275,-1940.3125433360576,-1800.065884117809,-396.91731890344596,-371.62509708835563
praat-fixed,hz,yː,raw-y,437.16201117318434,-1870.6035345880043,-384.2329109563592,-1938.5361938308004,-1797.5110868244547,-397.33712305074334,-372.1117688961583
praat-fixed,hz,yː,raw-y,439.5139664804469,-1868.0178459654483,-384.78941317384266,-1936.6846663261374,-1794.780610522062,-397.6482633068987,-372.5942717255928
praat-fixed,hz,yː,raw-y,441.8659217877095,-1865.4331307851119,-385.3618590524399,-1934.3517492520955,-1792.2771309174605,-397.7752151347814,-373.0705436798291
praat-fixed,hz,yː,raw-y,444.2178770949721,-1862.850237067008,-385.95053811691776,-1931.8993088302323,-1790.160206687061,-398.1291591022829,-373.54954093670386
praat-fixed,hz,yː,raw-y,446.5698324022346,-1860.2700128311492,-386.555739892043,-1929.3653602644567,-1788.160380327446,-398.38068710219625,-374.14571498023116
praat-fixed,hz,yː,raw-y,448.9217877094972,-1857.6933060975477,-387.17775390258225,-1926.7059432560272,-1786.435792641039,-398.83965622087993,-374.86236709907126
praat-fixed,hz,yː,raw-y,451.2737430167598,-1855.1209648862166,-387.81686967330234,-1924.4468600829575,-1785.3673626178236,-399.3847149167625,-375.5930789961757
praat-fixed,hz,yː,raw-y,453.6256983240223,-1852.5538372171684,-388.47337672897004,-1921.2182158210032,-1782.7342635822113,-400.02461947008476,-376.2019423989885
praat-fixed,hz,yː,raw-y,455.9776536312849,-1849.9927711104158,-389.1475645943521,-1917.5364958030125,-1780.9186523848175,-400.4226733818705,-376.944396915338
praat-fixed,hz,yː,raw-y,458.3296089385475,-1847.4386145859714,-389.8397227942153,-1914.011892565235,-1780.5084860247011,-401.12469486962476,-377.5183701833367
praat-fixed,hz,yː,raw-y,460.6815642458101,-1844.8922156638478,-390.5501408533263,-1910.362764706649,-1779.6788593391268,-401.6583239052691,-378.48745662185195
praat-fixed,hz,yː,raw-y,463.0335195530726,-1842.3544223640579,-391.27910829645197,-1906.9223989671566,-1777.7232497146913,-402.5341430472617,-379.69541600944154
praat-fixed,hz,yː,raw-y,465.3854748603352,-1839.8260818595274,-392.0269140137518,-1904.1196641300878,-1776.9097095340567,-403.4499910774091,-380.6006144407239
praat-fixed,hz,yː,raw-y,467.7374301675978,-1837.307741344191,-392.79362216179794,-1901.2315557017207,-1776.4015960168265,-404.29807307225406,-381.67765570426644
praat-fixed,hz,yː,raw-y,470.08938547486036,-1834.799206842829,-393.57874163960173,-1899.8185807432583,-1773.7673182976437,-405.1947939772959,-382.5788597468261
praat-fixed,hz,yː,raw-y,472.4413407821229,-1832.3001719175047,-394.3816970931081,-1898.1855747561299,-1770.4751463900473,-405.8952822696914,-383.0404408433373
praat-fixed,hz,yː,raw-y,474.7932960893855,-1829.8103301302815,-395.2019131682622,-1895.4479798013003,-1766.6538174089753,-406.6644872379318,-384.04906434405206
praat-fixed,hz,yː,raw-y,477.14525139664806,-1827.3293750432222,-396.03881451100926,-1893.8790318719427,-1763.271726507881,-407.5170029766917,-384.98772257403874
praat-fixed,hz,yː,raw-y,479.4972067039106,-1824.8570002183908,-396.89182576729405,-1894.4169970970543,-1759.5232428840347,-408.55997997741116,-385.9565726787661
praat-fixed,hz,yː,raw-y,481.8491620111732,-1822.39289921785,-397.7603715830619,-1892.0204502716676,-1756.2276973428754,-409.8588977705751,-386.22899241271847
praat-fixed,hz,yː,raw-y,484.20111731843576,-1819.9367656036634,-398.6438766042578,-1891.8174198508734,-1752.4093912726871,-411.19261474954925,-386.2436967514595
praat-fixed,hz,yː,raw-y,486.55307262569835,-1817.4882929378944,-399.5417654768268,-1892.5574749370928,-1749.323326049667,-412.44255262095714,-386.5398510827423
praat-fixed,hz,yː,raw-y,488.9050279329609,-1815.0471747826061,-400.453462846714,-1892.023669818976,-1745.0482173190956,-413.4731012727597,-386.84433196154623
praat-fixed,hz,yː,raw-y,491.25698324022346,-1812.6131046998619,-401.3783933598645,-1893.9776288175874,-1742.4589636112066,-414.69819232467745,-386.76777325367493
praat-fixed,hz,yː,raw-y,493.60893854748605,-1810.1857762517252,-402.31598166222335,-1894.3901665993956,-1738.7875838238822,-416.1742333793628,-386.8261913623903
praat-fixed,hz,yː,raw-y,495.96089385474863,-1807.7648830002588,-403.26565239973564,-1896.3697558399701,-1734.4000386621296,-417.8845607692243,-386.90935607308813
praat-fixed,hz,yː,raw-y,498.31284916201116,-1805.3501185075268,-404.2268302183463,-1899.491918116098,-1729.0192004865178,-419.86753652569047,-386.7323910137519
praat-fixed,hz,yː,raw-y,500.66480446927375,-1802.9411763355918,-405.19893976400067,-1902.2265666128953,-1724.2627362542257,-421.8562957476599,-386.6099201720106
praat-fixed,hz,yː,raw-y,503.01675977653633,-1800.5377500465174,-406.18140568264363,-1903.7697263349953,-1718.6240811571179,-423.71144804727896,-386.8311766700073
praat-fixed,hz,yː,raw-y,505.36871508379886,-1798.1395332023671,-407.1736526202203,-1905.59564399568,-1712.562823058139,-425.23687903387923,-386.6808937430053
praat-fixed,hz,yː,raw-y,507.72067039106145,-1795.7462193652038,-408.17510522267577,-1908.987888258901,-1706.889833925268,-426.9105576140898,-386.82845352734466
praat-fixed,hz,yː,raw-y,510.07262569832403,-1793.3575020970911,-409.1851881359552,-1912.8756344895673,-1699.503352616875,-428.70027194300934,-386.5967653524882
praat-fixed,hz,yː,raw-y,512.4245810055866,-1790.973074960092,-410.20332600600346,-1918.1803515750742,-1693.6213160921266,-430.69341725115,-386.2390952022664
praat-fixed,hz,yː,raw-y,514.7765363128492,-1788.5926315162699,-411.2289434787658,-1923.4459915500968,-1689.4136080528947,-432.77405823905946,-385.6444461723322
praat-fixed,hz,yː,raw-y,517.1284916201117,-1786.2158653276886,-412.2614652001873,-1927.4853153851695,-1683.8837866599,-434.7879627488111,-385.23135805432696
praat-fixed,hz,yː,raw-y,519.4804469273743,-1783.8424699564107,-413.30031581621284,-1931.5458873331377,-1677.5691833090805,-436.7104238300991,-384.99470489934254
praat-fixed,hz,yː,raw-y,521.8324022346369,-1781.4721389644997,-414.3449199727877,-1936.773922714626,-1670.7113230865746,-438.65264332686166,-384.75298127833315
praat-fixed,hz,yː,raw-y,524.1843575418994,-1779.1045659140193,-415.3947023158569,-1942.2254832153328,-1664.3088611675566,-440.8375674662382,-384.49752588632055
praat-fixed,hz,yː,raw-y,526.536312849162,-1776.7394443670323,-416.4490874913654,-1946.316854165055,-1658.8265131211488,-443.0515557866117,-384.23613200427087
praat-fixed,hz,yː,raw-y,528.8882681564246,-1774.3764678856023,-417.5075001452585,-1949.7607725103567,-1653.3365148897642,-445.27644143029494,-383.7521333124238
praat-fixed,hz,yː,raw-y,531.2402234636871,-1772.0153300317922,-418.5693649234811,-1953.3952640043,-1647.8399593569713,-447.3527373091817,-383.09019035687703
praat-fixed,hz,yː,raw-y,533.5921787709497,-1769.655724367666,-419.6341064719783,-1957.1140589080485,-1640.3357175634221,-449.07729143647316,-382.8497346696724
praat-fixed,hz,yː,raw-y,535.9441340782123,-1767.2973444552863,-420.7011494366953,-1963.6807235357903,-1631.7180490750534,-450.83592066037426,-382.59919506611783
praat-fixed,hz,yː,raw-y,538.2960893854749,-1764.9398838567167,-421.769918463577,-1970.2845612488716,-1624.1309498790354,-452.73099855159955,-382.34086389429496
praat-fixed,hz,yː,raw-y,540.6480446927374,-1762.5830361340206,-422.8398381985685,-1976.907312537954,-1618.1834393329084,-454.9411291275164,-382.302423111502
praat-fixed,hz,yː,raw-y,543.0,-1760.2264948492611,-423.910333287615,-1983.5395206150397,-1612.546301778015,-457.1873704476398,-382.32823455044
praat-fixed,hz,ʉ̟ː,raw-y,122.0,-1702.2504203215262,-368.98961502728906,-1808.8750173613992,-1632.1140479825249,-391.9028879625567,-344.3132471273455
praat-fixed,hz,ʉ̟ː,raw-y,124.35195530726257,-1699.7218487696987,-368.99687519605857,-1804.1934198284825,-1631.0423059346556,-391.14180247663273,-344.9113445218462
praat-fixed,hz,ʉ̟ː,raw-y,126.70391061452514,-1697.1941141678456,-369.00422338740447,-1798.9024584597164,-1629.9708387909982,-390.61246589282916,-345.50932548873425
praat-fixed,hz,ʉ̟ː,raw-y,129.0558659217877,-1694.668053465941,-369.0117476239031,-1793.5659348296688,-1628.8599039200665,-389.8997062866131,-346.1070736003968
praat-fixed,hz,ʉ̟ː,raw-y,131.40782122905028,-1692.1445036139596,-369.01953592813095,-1787.9095401188147,-1627.7241851334982,-389.10636929957406,-346.7044724292212
praat-fixed,hz,ʉ̟ː,raw-y,133.75977653631284,-1689.6243015618757,-369.0276763226644,-1783.0672473355742,-1626.523283154398,-388.4678069167134,-347.30140554759475
praat-fixed,hz,ʉ̟ː,raw-y,136.11173184357543,-1687.1082842596632,-369.0362568300799,-1778.232479337209,-1625.236325916417,-388.04695201603624,-347.89775652790473
praat-fixed,hz,ʉ̟ː,raw-y,138.46368715083798,-1684.5972886572968,-369.0453654729537,-1773.4067410806947,-1624.643505862483,-387.6293740586688,-348.4934089425385
praat-fixed,hz,ʉ̟ː,raw-y,140.81564245810057,-1682.092151704751,-369.0550902738622,-1768.6312360191555,-1624.167637693057,-387.2134070165038,-349.09620344711993
praat-fixed,hz,ʉ̟ː,raw-y,143.16759776536313,-1679.5937103519996,-369.065519255382,-1763.8764932960296,-1623.8105338279363,-386.79928102028447,-349.7865523198032
praat-fixed,hz,ʉ̟ː,raw-y,145.51955307262568,-1677.1028015490176,-369.07674044008934,-1759.1351018367993,-1623.241482853823,-386.26924677090295,-350.4755086211477
praat-fixed,hz,ʉ̟ː,raw-y,147.87150837988827,-1674.6202622457788,-369.08884185056064,-1754.4085451152314,-1623.3289087160201,-385.9774726886553,-351.1607261344102
praat-fixed,hz,ʉ̟ː,raw-y,150.22346368715085,-1672.1469293922578,-369.1019115093723,-1749.6983066050914,-1622.8448849955525,-385.57025061473195,-351.83593716094236
praat-fixed,hz,ʉ̟ː,raw-y,152.5754189944134,-1669.6836399384288,-369.11603743910075,-1745.2292478944057,-1622.8502384298101,-385.165790109727,-352.50932932398246
praat-fixed,hz,ʉ̟ː,raw-y,154.92737430167597,-1667.2312308342666,-369.1313076623223,-1741.0400133128535,-1621.3341008722523,-384.7521471419036,-353.1807510515728
praat-fixed,hz,ʉ̟ː,raw-y,157.27932960893855,-1664.7905390297449,-369.1478102016134,-1736.88250994616,-1618.7735181542166,-384.3536682844616,-353.608620462504
praat-fixed,hz,ʉ̟ː,raw-y,159.6312849162011,-1662.3624014748382,-369.16563307955056,-1732.743998964994,-1617.2047778315105,-383.9712793156547,-354.03098688274605
praat-fixed,hz,ʉ̟ː,raw-y,161.9832402234637,-1659.947655119521,-369.18486431870997,-1728.6257465283902,-1615.1370171692597,-383.58016639375546,-354.440785095447
praat-fixed,hz,ʉ̟ː,raw-y,164.33519553072625,-1657.5471369137676,-369.20559194166816,-1724.5290187953838,-1613.5424447852051,-383.1692847684684,-354.9661818716375
praat-fixed,hz,ʉ̟ː,raw-y,166.68715083798884,-1655.1616838075527,-369.22790397100147,-1720.45508192501,-1611.988322718443,-382.6415605774468,-355.544370144364
praat-fixed,hz,ʉ̟ː,raw-y,169.0391061452514,-1652.7921327508498,-369.25188842928634,-1716.4052020763042,-1609.8385010013053,-382.4232397522349,-356.0806941423371
praat-fixed,hz,ʉ̟ː,raw-y,171.39106145251395,-1650.4393206936338,-369.2776333390991,-1712.0442981367214,-1607.3182982389353,-382.09519500467286,-356.6163889021056
praat-fixed,hz,ʉ̟ː,raw-y,173.74301675977654,-1648.104084585879,-369.30522672301623,-1707.561693586595,-1603.7250530241865,-381.80346927926917,-357.0376718405948
praat-fixed,hz,ʉ̟ː,raw-y,176.09497206703912,-1645.7872613775598,-369.3347566036141,-1705.653029492895,-1600.4390597928323,-381.3619439811934,-357.7464225270577
praat-fixed,hz,ʉ̟ː,raw-y,178.44692737430168,-1643.4896880186504,-369.36631100346904,-1703.0577397033674,-1597.6756084011392,-380.927099360179,-358.28648020608154
praat-fixed,hz,ʉ̟ː,raw-y,180.79888268156424,-1641.2122014591253,-369.3999779451576,-1700.9079153918417,-1594.5204810543385,-380.4640790883701,-358.90578069530926
praat-fixed,hz,ʉ̟ː,raw-y,183.15083798882682,-1638.9556386489585,-369.435845451256,-1697.7098646944646,-1591.280589449767,-380.3939098106008,-359.36518850182557
praat-fixed,hz,ʉ̟ː,raw-y,185.50279329608938,-1636.7208365381246,-369.4740015443407,-1694.569346270348,-1588.6740187646105,-380.3957642571144,-359.73014193067047
praat-fixed,hz,ʉ̟ː,raw-y,187.85474860335194,-1634.5086320765981,-369.51453424698815,-1692.2267505582622,-1586.532551194801,-380.34320166572223,-359.7327916792172
praat-fixed,hz,ʉ̟ː,raw-y,190.20670391061452,-1632.319862214353,-369.5575315817747,-1689.6587384045845,-1585.0188807550692,-380.4208137587556,-359.7144499406884
praat-fixed,hz,ʉ̟ː,raw-y,192.5586592178771,-1630.1553639013637,-369.6030815712768,-1685.8959089761381,-1583.1029512428045,-380.0350258928033,-359.5499599896625
praat-fixed,hz,ʉ̟ː,raw-y,194.91061452513966,-1628.0159740876047,-369.6512722380707,-1682.1975180283757,-1580.4463078943302,-380.24133415593457,-359.6097594341216
praat-fixed,hz,ʉ̟ː,raw-y,197.26256983240222,-1625.90252972305,-369.70219160473295,-1678.1979252726894,-1576.9780114634402,-380.6369481376026,-359.7333240173744
praat-fixed,hz,ʉ̟ː,raw-y,199.6145251396648,-1623.8158677576748,-369.7559276938399,-1675.4362298447659,-1574.795839786224,-380.9170600937865,-359.5597745588701
praat-fixed,hz,ʉ̟ː,raw-y,201.9664804469274,-1621.7568251414525,-369.8125685279679,-1674.7023822447316,-1571.837925533425,-380.96306236656346,-359.3194462591135
praat-fixed,hz,ʉ̟ː,raw-y,204.31843575418995,-1619.7262388243578,-369.8722021296935,-1671.0150907050856,-1568.4995288212478,-381.2564733804384,-359.4336574526616
praat-fixed,hz,ʉ̟ː,raw-y,206.6703910614525,-1617.7249457563648,-369.9349165215929,-1667.431546782958,-1564.7856067420805,-381.48375121434344,-359.4943437976511
praat-fixed,hz,ʉ̟ː,raw-y,209.0223463687151,-1615.7537828874483,-370.00079972624263,-1665.4836561982502,-1561.1397688540067,-381.6073346822731,-359.5121270556263
praat-fixed,hz,ʉ̟ː,raw-y,211.37430167597765,-1613.8135871675827,-370.06993976621897,-1663.3145273912833,-1557.5639063845572,-381.7566123244661,-359.5009114387527
praat-fixed,hz,ʉ̟ː,raw-y,213.7262569832402,-1611.9051955467417,-370.1424246640984,-1660.6619720364595,-1554.059910561262,-381.87406419829466,-359.5199239661282
praat-fixed,hz,ʉ̟ː,raw-y,216.0782122905028,-1610.0294449749,-370.2183424424574,-1659.180090693393,-1550.629672611652,-381.8256665171513,-359.4284557821929
praat-fixed,hz,ʉ̟ː,raw-y,218.43016759776538,-1608.1871724020318,-370.29778112387214,-1656.7268963041452,-1547.2750837632573,-381.9445322292902,-359.2746953128869
praat-fixed,hz,ʉ̟ː,raw-y,220.78212290502793,-1606.379214778112,-370.38082873091923,-1654.5131845116093,-1543.8815459343296,-382.06035589209193,-359.2528453154744
praat-fixed,hz,ʉ̟ː,raw-y,223.1340782122905,-1604.6064090531142,-370.4675732861749,-1652.9419184600806,-1541.0398706995977,-382.3809982744744,-359.2661568807912
praat-fixed,hz,ʉ̟ː,raw-y,225.48603351955308,-1602.8695921770131,-370.5581028122157,-1652.298301941151,-1537.9641381691895,-382.5620867268796,-359.1723316986947
praat-fixed,hz,ʉ̟ː,raw-y,227.83798882681566,-1601.169601099783,-370.652505331618,-1651.2785295591555,-1534.5347571522677,-382.89712417487374,-359.17312881773194
praat-fixed,hz,ʉ̟ː,raw-y,230.18994413407822,-1599.5072727713982,-370.75086886695806,-1650.2072274744821,-1531.7076895359683,-383.28652169343155,-359.1939959600246
praat-fixed,hz,ʉ̟ː,raw-y,232.54189944134077,-1597.8834441418335,-370.8532814408124,-1649.3001803745665,-1529.6415688686266,-383.70895478372535,-359.2251143835488
praat-fixed,hz,ʉ̟ː,raw-y,234.89385474860336,-1596.2989521610623,-370.95983107575734,-1647.15619921233,-1527.6478734408088,-384.1214838198471,-359.2667069422442
praat-fixed,hz,ʉ̟ː,raw-y,237.24581005586592,-1594.7546337790595,-371.0706057943694,-1645.92974407066,-1525.497588218571,-384.52389807724,-359.26865905675095
praat-fixed,hz,ʉ̟ː,raw-y,239.59776536312847,-1593.2513259457996,-371.1856936192249,-1644.8204793176926,-1523.3228386978492,-384.91598683134714,-359.1986462110715
praat-fixed,hz,ʉ̟ː,raw-y,241.94972067039106,-1591.7898656112566,-371.30518257290015,-1643.959883317964,-1521.237874207486,-385.29753935761175,-359.146452319261
praat-fixed,hz,ʉ̟ː,raw-y,244.30167597765364,-1590.3710897254052,-371.4291606779717,-1643.092728041865,-1518.9006348445055,-385.66834493147684,-359.07634568071677
praat-fixed,hz,ʉ̟ː,raw-y,246.6536312849162,-1588.9958352382193,-371.55771595701583,-1642.2188848761327,-1516.376391934784,-386.02819282838567,-358.90888720440546
praat-fixed,hz,ʉ̟ː,raw-y,249.00558659217876,-1587.6649390996736,-371.690936432609,-1641.3000389065803,-1513.9532249461515,-386.30914828140754,-358.76094925519556
praat-fixed,hz,ʉ̟ː,raw-y,251.35754189944134,-1586.3792382597421,-371.8289101273277,-1640.2099713224957,-1511.6003156684164,-386.4861252343727,-358.6297611192016
praat-fixed,hz,ʉ̟ː,raw-y,253.7094972067039,-1585.1395696683996,-371.9717250637481,-1639.1760317191417,-1509.351860302431,-386.670474169579,-358.529582785708
praat-fixed,hz,ʉ̟ː,raw-y,256.0614525139665,-1583.94677027562,-372.11946926444676,-1638.69313393087,-1507.2105850238243,-386.8513981434207,-358.5201611233218
praat-fixed,hz,ʉ̟ː,raw-y,258.41340782122904,-1582.801677031378,-372.272230752,-1638.0968809902372,-1505.1784037627283,-387.02632020764224,-358.55395396159463
praat-fixed,hz,ʉ̟ː,raw-y,260.76536312849163,-1581.7051268856476,-372.4300975489843,-1637.543980332416,-1503.0777155238363,-387.3017841063254,-358.62847982023203
praat-fixed,hz,ʉ̟ː,raw-y,263.1173184357542,-1580.6579567884032,-372.593157677976,-1636.9832211308703,-1501.0560898894391,-387.6209359693991,-358.6693988756909
praat-fixed,hz,ʉ̟ː,raw-y,265.46927374301674,-1579.6610036896195,-372.76149916155146,-1636.0995666410058,-1499.0938068873502,-387.9328824729521,-358.72465721053777
praat-fixed,hz,ʉ̟ː,raw-y,267.8212290502793,-1578.7151045392704,-372.93521002228715,-1635.6585345700325,-1497.1752318840718,-388.16835420402236,-358.79087726859075
praat-fixed,hz,ʉ̟ː,raw-y,270.1731843575419,-1577.8210962873306,-373.1143782827594,-1635.2513812446348,-1495.4699340163884,-388.3632861922362,-358.86239610998217
praat-fixed,hz,ʉ̟ː,raw-y,272.52513966480444,-1576.9798158837743,-373.2990919655447,-1634.6564886372644,-1493.8640653257505,-388.55698779543815,-358.9518481475023
praat-fixed,hz,ʉ̟ː,raw-y,274.877094972067,-1576.1921002785757,-373.4894390932194,-1634.0525542440762,-1492.5887834428854,-388.761765268002,-359.0816557306416
praat-fixed,hz,ʉ̟ː,raw-y,277.2290502793296,-1575.4587864217094,-373.68550768835985,-1633.4394367871662,-1491.4711422277007,-389.11273157612965,-359.19917915608175
praat-fixed,hz,ʉ̟ː,raw-y,279.58100558659214,-1574.7807112631492,-373.88738577354246,-1632.816994988631,-1490.4780740039912,-389.50792788791057,-359.31888764840966
praat-fixed,hz,ʉ̟ː,raw-y,281.9329608938548,-1574.1587117528702,-374.09516137134364,-1632.1850875705677,-1489.6114662413243,-389.89850542454803,-359.46245117931306
praat-fixed,hz,ʉ̟ː,raw-y,284.2849162011173,-1573.5936248408461,-374.3089225043398,-1631.5435732550723,-1488.8732064092678,-390.12542525131045,-359.63022579414377
praat-fixed,hz,ʉ̟ː,raw-y,286.6368715083799,-1573.086287477052,-374.52875719510746,-1631.0914904791605,-1488.2651819773896,-390.27024178331857,-359.8225675382536
praat-fixed,hz,ʉ̟ː,raw-y,288.9888268156425,-1572.6375366114614,-374.7547534662228,-1630.9213207173914,-1487.7885070832015,-390.40054273215884,-360.0344184943779
praat-fixed,hz,ʉ̟ː,raw-y,291.340782122905,-1572.248209194049,-374.9869993402623,-1630.8010429192093,-1487.4222184195667,-390.5673590682919,-360.2696360425627
praat-fixed,hz,ʉ̟ː,raw-y,293.6927374301676,-1571.9191421747892,-375.2255828398023,-1630.694784953048,-1487.19146247416,-390.72795138798733,-360.6065564284778
praat-fixed,hz,ʉ̟ː,raw-y,296.0446927374302,-1571.6511725036562,-375.47059198741937,-1630.5594782637986,-1487.098121645845,-390.8589179016704,-360.9705080978528
praat-fixed,hz,ʉ̟ː,raw-y,298.3966480446927,-1571.4451371306245,-375.7221148056898,-1630.1289340522394,-1487.144078333486,-390.9521745237566,-361.3494712870709
praat-fixed,hz,ʉ̟ː,raw-y,300.7486033519553,-1571.3018730056683,-375.9802393171899,-1629.7052522583897,-1487.3312149359474,-391.03370637779403,-361.78384521642226
praat-fixed,hz,ʉ̟ː,raw-y,303.1005586592179,-1571.2222170787622,-376.2450535444962,-1629.4930012330262,-1487.6614138520933,-391.11100086147957,-362.28213365399824
praat-fixed,hz,ʉ̟ː,raw-y,305.4525139664804,-1571.2070062998803,-376.516645510185,-1629.130265914464,-1488.582208020099,-391.3245462015067,-362.7910625737961
praat-fixed,hz,ʉ̟ː,raw-y,307.80446927374305,-1571.2570776189968,-376.79510323683286,-1628.723954365521,-1489.7111710582835,-391.5408334476996,-363.22867675636974
praat-fixed,hz,ʉ̟ː,raw-y,310.1564245810056,-1571.3732679860864,-377.08051474701597,-1628.328291462224,-1490.9957378063998,-391.6237430478856,-363.6098188545123
praat-fixed,hz,ʉ̟ː,raw-y,312.50837988826817,-1571.556414351123,-377.37296806331085,-1627.9277551426578,-1492.3116862309662,-391.68347584081846,-364.0461350505454
praat-fixed,hz,ʉ̟ː,raw-y,314.86033519553075,-1571.8073536640813,-377.67255120829384,-1627.5222844891196,-1493.6862414116638,-391.77040209252596,-364.563777119168
praat-fixed,hz,ʉ̟ː,raw-y,317.2122905027933,-1572.1269228749359,-377.9793522045413,-1627.233786097901,-1495.1804562988134,-391.84552445897,-365.0811536125114
praat-fixed,hz,ʉ̟ː,raw-y,319.56424581005587,-1572.5159589336604,-378.2934590746298,-1626.9515597161565,-1496.8154697091227,-391.9086989903303,-365.5226024333081
praat-fixed,hz,ʉ̟ː,raw-y,321.91620111731845,-1572.9747664928766,-378.614915601536,-1626.206920910622,-1498.8233295997115,-392.10764413366104,-366.0366651782743
praat-fixed,hz,ʉ̟ː,raw-y,324.268156424581,-1573.500949454258,-378.94354110696537,-1625.8170989438038,-1501.0595519342307,-392.33461245729535,-366.6344613849973
praat-fixed,hz,ʉ̟ː,raw-y,326.62011173184356,-1574.0912572395484,-379.2790838962079,-1625.816088837486,-1503.4465071825937,-392.53884075760203,-367.2340245065795
praat-fixed,hz,ʉ̟ː,raw-y,328.97206703910615,-1574.742438934852,-379.62129224665847,-1625.9762637219465,-1505.9763616170312,-392.5785093565354,-367.67518492317674
praat-fixed,hz,ʉ̟ː,raw-y,331.3240223463687,-1575.4512436262721,-379.96991443571164,-1625.9615972131028,-1507.468953399202,-392.64210599335985,-368.2028698439257
praat-fixed,hz,ʉ̟ː,raw-y,333.6759776536313,-1576.2144203999133,-380.32469874076236,-1625.579984082737,-1508.8825099959224,-392.8897535848736,-368.82051614710343
praat-fixed,hz,ʉ̟ː,raw-y,336.02793296089385,-1577.0287183418786,-380.6853934392053,-1625.204760343202,-1510.7311186058942,-393.1349122472035,-369.4702918603596
praat-fixed,hz,ʉ̟ː,raw-y,338.37988826815644,-1577.8908865382723,-381.05174680843515,-1625.7637239875078,-1513.2295608149925,-393.3990266121633,-370.0248010973604
praat-fixed,hz,ʉ̟ː,raw-y,340.731843575419,-1578.7976740751985,-381.4235071258468,-1626.088063452365,-1515.9541151179128,-393.4800434979675,-370.6826102648485
praat-fixed,hz,ʉ̟ː,raw-y,343.08379888268155,-1579.7458300387607,-381.8004226688348,-1625.4736049221729,-1518.771958924791,-393.7426645291856,-371.55677430557694
praat-fixed,hz,ʉ̟ː,raw-y,345.43575418994413,-1580.732103515063,-382.1822417147941,-1625.194970015507,-1521.634344805652,-394.07966281340055,-372.34686600526294
praat-fixed,hz,ʉ̟ː,raw-y,347.7877094972067,-1581.753243590209,-382.5687125411193,-1625.644597678204,-1523.9768594804839,-394.2888508309429,-372.7909210431079
praat-fixed,hz,ʉ̟ː,raw-y,350.13966480446925,-1582.8059993503027,-382.9595834252052,-1626.1951819421606,-1525.7548548834015,-394.7919420228122,-373.10412945546216
praat-fixed,hz,ʉ̟ː,raw-y,352.49162011173183,-1583.8871198814481,-383.35460264444663,-1626.946204606537,-1528.2964821734092,-395.3499117143304,-373.54750118695415
praat-fixed,hz,ʉ̟ː,raw-y,354.8435754189944,-1584.993354269749,-383.7535184762382,-1627.199283614099,-1530.894156609838,-395.84390501804256,-374.07731527133365
praat-fixed,hz,ʉ̟ː,raw-y,357.19553072625695,-1586.121451601309,-384.15607919797475,-1627.2981652774206,-1532.5962668450545,-396.10879271449033,-374.5158100305211
praat-fixed,hz,ʉ̟ː,raw-y,359.5474860335196,-1587.2681609622323,-384.562033087051,-1627.7116019678122,-1535.3745432103076,-396.51046277076625,-375.10737228213196
praat-fixed,hz,ʉ̟ː,raw-y,361.8994413407821,-1588.4302314386223,-384.9711284208617,-1628.067992793268,-1539.1656825072798,-397.0750418863378,-375.7061563591482
praat-fixed,hz,ʉ̟ː,raw-y,364.2513966480447,-1589.6044121165835,-385.38311347680155,-1628.7536606361855,-1542.073286753059,-397.5715023210627,-376.16320945169116
praat-fixed,hz,ʉ̟ː,raw-y,366.6033519553073,-1590.787452082219,-385.79773653226545,-1629.24936143972,-1544.974603027581,-398.02253599250315,-376.5367763677236
praat-fixed,hz,ʉ̟ː,raw-y,368.9553072625698,-1591.9761004216336,-386.214745864648,-1630.5819312841013,-1546.767847658331,-398.5046842055736,-376.9056458246427
praat-fixed,hz,ʉ̟ː,raw-y,371.3072625698324,-1593.1671062209302,-386.6338897513441,-1631.0940950930026,-1549.382623761543,-398.9259102401721,-377.2456733883926
praat-fixed,hz,ʉ̟ː,raw-y,373.659217877095,-1594.3572185662133,-387.0549164697483,-1631.550679619336,-1552.7350137054552,-399.27357038328574,-377.3554253624922
praat-fixed,hz,ʉ̟ː,raw-y,376.0111731843575,-1595.5431865435864,-387.47757429725544,-1632.2067151368624,-1554.8969874903746,-399.5289724325741,-377.5510628324928
praat-fixed,hz,ʉ̟ː,raw-y,378.3631284916201,-1596.7217592391537,-387.90161151126034,-1634.0900970717237,-1556.9606711322147,-399.72771693830526,-377.8151486867435
praat-fixed,hz,ʉ̟ː,raw-y,380.7150837988827,-1597.8896857390187,-388.3267763891577,-1635.6737174336295,-1557.9411948135287,-400.1545435743331,-377.99802549505694
praat-fixed,hz,ʉ̟ː,raw-y,383.0670391061453,-1599.0437151292856,-388.75281720834226,-1636.6785279001854,-1559.8079740927408,-400.76686504797266,-378.1390648551154
praat-fixed,hz,ʉ̟ː,raw-y,385.4189944134078,-1600.1805964960581,-389.1794822462087,-1637.7249412839167,-1560.9633321276617,-401.37200449537744,-378.2917063955017
praat-fixed,hz,ʉ̟ː,raw-y,387.7709497206704,-1601.29707892544,-389.6065197801519,-1638.5595510157864,-1562.5577356526642,-401.9692242679061,-378.4753182496844
praat-fixed,hz,ʉ̟ː,raw-y,390.122905027933,-1602.3899115035351,-390.03367808756656,-1639.4289036076516,-1563.8186508045412,-402.4463218529735,-378.7133637527492
praat-fixed,hz,ʉ̟ː,raw-y,392.47486033519556,-1603.4558433164475,-390.4607054458474,-1640.2584715921957,-1565.6862399178362,-402.9363901549018,-378.87216388254166
praat-fixed,hz,ʉ̟ː,raw-y,394.8268156424581,-1604.4916234502807,-390.8873501323892,-1641.2212427791676,-1566.807768952946,-403.4245890782212,-379.04108050724886
praat-fixed,hz,ʉ̟ː,raw-y,397.1787709497207,-1605.4940009911388,-391.3133604245867,-1642.2624680888755,-1566.8354680493555,-404.0639170589182,-379.24806830485636
praat-fixed,hz,ʉ̟ː,raw-y,399.53072625698326,-1606.4597250251263,-391.73848459983463,-1642.8638568808751,-1567.1799389727726,-404.7587255538601,-379.4976271671078
praat-fixed,hz,ʉ̟ː,raw-y,401.8826815642458,-1607.3855446383457,-392.1624709355277,-1644.4780862678708,-1567.132091966807,-405.261556249392,-379.7231778222074
praat-fixed,hz,ʉ̟ː,raw-y,404.23463687150837,-1608.268208916902,-392.5850677090608,-1645.8183554994703,-1567.2587300078242,-405.7379793196493,-379.8697351226378
praat-fixed,hz,ʉ̟ː,raw-y,406.58659217877096,-1609.1044669468984,-393.0060231978286,-1647.2092207698834,-1567.169622717293,-406.19050999308143,-380.11784270676907
praat-fixed,hz,ʉ̟ː,raw-y,408.93854748603354,-1609.8910678144389,-393.42508567922584,-1648.7465344401141,-1567.0731352889654,-406.8798321385663,-380.3834066234717
praat-fixed,hz,ʉ̟ː,raw-y,411.29050279329607,-1610.6247606056274,-393.84200343064725,-1650.1937276009887,-1566.9709625004696,-407.55771415866536,-380.71282140527325
praat-fixed,hz,ʉ̟ː,raw-y,413.64245810055866,-1611.302294406568,-394.2565247294876,-1651.532505325117,-1566.983280226108,-408.1294281848324,-381.0291101450524
praat-fixed,hz,ʉ̟ː,raw-y,415.99441340782124,-1611.9204183033648,-394.6683978531417,-1652.9577552386208,-1567.2701326350245,-408.7671808929974,-381.2475412771616
praat-fixed,hz,ʉ̟ː,raw-y,418.3463687150838,-1612.4758813821204,-395.0773710790042,-1654.5626808665997,-1567.256488249852,-409.2038151948274,-381.5942310276293
praat-fixed,hz,ʉ̟ː,raw-y,420.69832402234636,-1612.9654327289402,-395.4831926844698,-1655.0808489474873,-1567.0409806173984,-409.6218271033831,-381.9667414599202
praat-fixed,hz,ʉ̟ː,raw-y,423.05027932960894,-1613.385821429927,-395.8856109469335,-1656.0537002181438,-1567.112339536027,-410.1576399344447,-382.3337220316083
praat-fixed,hz,ʉ̟ː,raw-y,425.4022346368715,-1613.733796571185,-396.2843741437898,-1656.9807496118365,-1567.3854734636743,-410.66998503088035,-382.712916570211
praat-fixed,hz,ʉ̟ː,raw-y,427.75418994413405,-1614.006107238818,-396.6792305524336,-1657.8286840058524,-1567.6773209684238,-411.0842889255242,-383.1044965445119
praat-fixed,hz,ʉ̟ː,raw-y,430.10614525139664,-1614.1995025189303,-397.0699284502596,-1657.8437443470557,-1568.1938400359918,-411.5141925606896,-383.5086334232949
praat-fixed,hz,ʉ̟ː,raw-y,432.4581005586592,-1614.310731497625,-397.45621611466254,-1657.656669792431,-1568.878329990292,-411.9098308894076,-383.9825327226225
praat-fixed,hz,ʉ̟ː,raw-y,434.8100558659218,-1614.3365432610065,-397.8378418230371,-1657.7280342650354,-1569.115173536151,-412.2699685475328,-384.55326522185186
praat-fixed,hz,ʉ̟ː,raw-y,437.16201117318434,-1614.2736868951781,-398.2145538527781,-1658.3619838771674,-1569.0597730756624,-412.5933701709196,-385.1351508317107
praat-fixed,hz,ʉ̟ː,raw-y,439.5139664804469,-1614.1189114862445,-398.58610048128037,-1658.6465817146943,-1568.8354211842984,-412.8272975460108,-385.7343923484691
praat-fixed,hz,ʉ̟ː,raw-y,441.8659217877095,-1613.868966120309,-398.9522299859386,-1659.262611402301,-1568.2232414223497,-412.9423165473821,-386.353435443807
praat-fixed,hz,ʉ̟ː,raw-y,444.2178770949721,-1613.520599883476,-399.3126906441474,-1659.4818189952452,-1567.9015194530546,-413.19639793315764,-386.85369725142306
praat-fixed,hz,ʉ̟ː,raw-y,446.5698324022346,-1613.0705618618485,-399.6672307333017,-1658.9679613234703,-1567.5510444154302,-413.3763958558649,-387.3164981245626
praat-fixed,hz,ʉ̟ː,raw-y,448.9217877094972,-1612.5156011415309,-400.0155985307962,-1658.2671556870334,-1567.2584049968004,-413.65531179007064,-387.7908553809317
praat-fixed,hz,ʉ̟ː,raw-y,451.2737430167598,-1611.8524668086272,-400.35754231402564,-1658.7515043661394,-1566.6722835015191,-413.73905322953595,-388.26697477928445
praat-fixed,hz,ʉ̟ː,raw-y,453.6256983240223,-1611.0779079492409,-400.6928103603847,-1658.1355327103693,-1566.2070642633985,-413.8135624823313,-388.54389565660375
praat-fixed,hz,ʉ̟ː,raw-y,455.9776536312849,-1610.1886736494757,-401.0211509472683,-1656.717372361558,-1565.7135035372653,-413.8960599386396,-388.72296035527336
praat-fixed,hz,ʉ̟ː,raw-y,458.3296089385475,-1609.1815129954357,-401.342312352071,-1655.8499936216447,-1565.96374701286,-413.9410720331413,-389.08868926410025
praat-fixed,hz,ʉ̟ː,raw-y,460.6815642458101,-1608.053175073225,-401.6560428521877,-1654.6803544170746,-1565.5237110204937,-414.0893884539673,-389.7800956959167
praat-fixed,hz,ʉ̟ː,raw-y,463.0335195530726,-1606.8004089689475,-401.96209072501307,-1652.2896185278664,-1563.5684585975694,-413.983857715782,-390.3763488673237
praat-fixed,hz,ʉ̟ː,raw-y,465.3854748603352,-1605.4199690391179,-402.26020461284844,-1650.6201478119754,-1561.1340406926106,-413.8196380233699,-390.65211259288856
praat-fixed,hz,ʉ̟ː,raw-y,467.7374301675978,-1603.9104760520881,-402.55026238244636,-1649.3032541249922,-1558.526008985573,-413.9772904111079,-391.12434056042633
praat-fixed,hz,ʉ̟ː,raw-y,470.08938547486036,-1602.275162188756,-402.8324611801755,-1648.1247279466118,-1556.3249602736316,-414.15682631576595,-391.36142950596474
praat-fixed,hz,ʉ̟ː,raw-y,472.4413407821229,-1600.5179593515047,-403.1070465989067,-1646.1744702562796,-1554.9306657499048,-414.75798795127616,-391.73655610343843
praat-fixed,hz,ʉ̟ː,raw-y,474.7932960893855,-1598.64279944272,-403.37426423151095,-1643.2275217304314,-1553.1323007889473,-415.0491041136793,-391.6634577697745
praat-fixed,hz,ʉ̟ː,raw-y,477.14525139664806,-1596.6536143647854,-403.6343596708591,-1640.8148945631222,-1551.1243742233307,-415.3636805917388,-391.85530796372313
praat-fixed,hz,ʉ̟ː,raw-y,479.4972067039106,-1594.554336020086,-403.88757850982205,-1639.720766322491,-1548.6123891433185,-415.82064370939855,-392.5317929985866
praat-fixed,hz,ʉ̟ː,raw-y,481.8491620111732,-1592.348896311006,-404.13416634127077,-1638.920170227482,-1547.014340002715,-416.4306398556767,-392.8682632272392
praat-fixed,hz,ʉ̟ː,raw-y,484.20111731843576,-1590.041227139929,-404.374368758076,-1637.8521801232218,-1545.3639380284462,-416.9523645381978,-393.11827929771414
praat-fixed,hz,ʉ̟ː,raw-y,486.55307262569835,-1587.6352604092413,-404.60843135310876,-1636.8864476229548,-1543.7167689218873,-417.5186149265943,-392.7584705305204
praat-fixed,hz,ʉ̟ː,raw-y,488.9050279329609,-1585.1349280213258,-404.8365997192399,-1635.0874628705149,-1540.3960739893787,-418.2482165737525,-392.37305496265805
praat-fixed,hz,ʉ̟ː,raw-y,491.25698324022346,-1582.544161878568,-405.0591194493404,-1635.007387481303,-1536.5306356390524,-419.2616859617361,-392.0213097845064
praat-fixed,hz,ʉ̟ː,raw-y,493.60893854748605,-1579.8668938833514,-405.27623613628117,-1634.5432872902304,-1533.4801259299202,-420.5042779020769,-391.6902601164307
praat-fixed,hz,ʉ̟ː,raw-y,495.96089385474863,-1577.1070559380614,-405.4881953729329,-1634.4699299588026,-1529.907022762172,-421.33720814794435,-391.3431950540321
praat-fixed,hz,ʉ̟ː,raw-y,498.31284916201116,-1574.268579945082,-405.69524275216673,-1635.9814286886187,-1525.4927678233335,-422.38837015981915,-391.0010170099471
praat-fixed,hz,ʉ̟ː,raw-y,500.66480446927375,-1571.3553978067973,-405.8976238668535,-1638.5876393216458,-1521.5973048024362,-423.7531916569377,-390.41609912642247
praat-fixed,hz,ʉ̟ː,raw-y,503.01675977653633,-1568.3714414255924,-406.095584309864,-1640.3185402103168,-1516.3783823813656,-424.8906314079657,-389.49921286087476
praat-fixed,hz,ʉ̟ː,raw-y,505.36871508379886,-1565.3206427038515,-406.28936967406923,-1642.2849769339657,-1511.8126488405092,-426.10394283342316,-388.3110695072463
praat-fixed,hz,ʉ̟ː,raw-y,507.72067039106145,-1562.2069335439596,-406.47922555234004,-1643.611814075916,-1507.2537505566452,-427.23633325933446,-387.3688365188166
praat-fixed,hz,ʉ̟ː,raw-y,510.07262569832403,-1559.0342458483,-406.66539753754734,-1645.3229982026544,-1501.9434480399357,-428.65085465509407,-386.5588937549325
praat-fixed,hz,ʉ̟ː,raw-y,512.4245810055866,-1555.806511519258,-406.8481312225621,-1646.2789589941583,-1494.9652746939576,-429.92279926504085,-385.6847132468891
praat-fixed,hz,ʉ̟ː,raw-y,514.7765363128492,-1552.5276624592184,-407.02767220025515,-1648.5362130432109,-1488.1842102307849,-431.04150449932047,-384.45090265541796
praat-fixed,hz,ʉ̟ː,raw-y,517.1284916201117,-1549.2016305705647,-407.20426606349736,-1650.1206492201193,-1482.2941282389568,-432.5039124740647,-383.52054961230584
praat-fixed,hz,ʉ̟ː,raw-y,519.4804469273743,-1545.8323477556821,-407.37815840515975,-1651.587931783914,-1475.9168573385625,-434.21362786025804,-382.4568141481451
praat-fixed,hz,ʉ̟ː,raw-y,521.8324022346369,-1542.4237459169544,-407.54959481811306,-1654.3138502017036,-1470.9481239403153,-435.93604125559426,-381.39662353978053
praat-fixed,hz,ʉ̟ː,raw-y,524.1843575418994,-1538.979756956767,-407.7188208952283,-1656.9580527962241,-1465.2558578538412,-437.6698828591591,-380.12763229937957
praat-fixed,hz,ʉ̟ː,raw-y,526.536312849162,-1535.5043127775039,-407.8860822293763,-1659.6620972158087,-1458.5807207925113,-439.4138828700384,-378.6695578189899
praat-fixed,hz,ʉ̟ː,raw-y,528.8882681564246,-1532.001345281549,-408.0516244134281,-1662.2253522186552,-1453.4556185770812,-441.16677148731765,-377.30058556743006
praat-fixed,hz,ʉ̟ː,raw-y,531.2402234636871,-1528.4747863712878,-408.21569304025445,-1664.5040415965461,-1446.8890717639583,-442.93525928917666,-375.9749673497111
praat-fixed,hz,ʉ̟ː,raw-y,533.5921787709497,-1524.9285679491045,-408.3785337027263,-1666.7889979587826,-1439.6675452765687,-444.7133904831074,-374.6717973011477
praat-fixed,hz,ʉ̟ː,raw-y,535.9441340782123,-1521.3666219173826,-408.5403919937146,-1669.0789679084949,-1433.5214512511257,-446.49664509064644,-373.25850554359056
praat-fixed,hz,ʉ̟ː,raw-y,538.2960893854749,-1517.7928801785072,-408.7015135060901,-1671.3726980488143,-1426.880452320298,-448.2075633198989,-371.8258272118789
praat-fixed,hz,ʉ̟ː,raw-y,540.6480446927374,-1514.2112746348637,-408.8621438327239,-1673.6689349828716,-1419.015369421529,-449.61538902353624,-370.4755106613641
praat-fixed,hz,ʉ̟ː,raw-y,543.0,-1510.625737188835,-409.02252856648676,-1675.9664253137985,-1410.8545965054186,-451.0393449502354,-369.1200756147695
praat-fixed,hz,øː,raw-y,122.0,-1606.7049563871649,-483.8774406422808,-1674.0358622305694,-1457.0530813388991,-518.5718799760568,-442.5941734882016
praat-fixed,hz,øː,raw-y,124.35195530726257,-1603.4764488712049,-484.68961318603357,-1669.2124571381466,-1456.761560399936,-518.7301599276265,-444.0631724992285
praat-fixed,hz,øː,raw-y,126.70391061452514,-1600.2489272020098,-485.5015580412201,-1664.2736716110956,-1456.434573777089,-518.798102457602,-445.4861709989484
praat-fixed,hz,øː,raw-y,129.0558659217877,-1597.0233772263448,-486.31304751927433,-1659.5157582656614,-1456.0158097632498,-518.5616864462304,-447.1850730343488
praat-fixed,hz,øː,raw-y,131.40782122905028,-1593.8007847909753,-487.12385393163004,-1655.0828313000557,-1455.050189999004,-518.3263397901333,-448.88256122379494
praat-fixed,hz,øː,raw-y,133.75977653631284,-1590.582135742666,-487.93374958972095,-1650.5633066717585,-1453.7888353005164,-518.1576355024715,-450.55531810265927
praat-fixed,hz,øː,raw-y,136.11173184357543,-1587.3684159281825,-488.74250680498113,-1646.5220841972591,-1452.5309269796699,-518.1457962192745,-452.2641536206225
praat-fixed,hz,øː,raw-y,138.46368715083798,-1584.1606111942892,-489.5498978888442,-1642.732251544398,-1451.2771543119923,-518.1592001273283,-454.1180689908276
praat-fixed,hz,øː,raw-y,140.81564245810057,-1580.9597073877517,-490.3556951527441,-1638.914968738429,-1450.028206573012,-518.1797222373305,-455.96791406147986
praat-fixed,hz,øː,raw-y,143.16759776536313,-1577.7666903553352,-491.15967090811455,-1634.5737003458278,-1448.7847730382575,-518.200598134879,-457.8131073612142
praat-fixed,hz,øː,raw-y,145.51955307262568,-1574.5825459438042,-491.96159746638943,-1630.087158776093,-1448.1122574949923,-518.2215368249061,-459.65306741866607
praat-fixed,hz,øː,raw-y,147.87150837988827,-1571.4082599999244,-492.76124713900265,-1625.8727721984694,-1448.148237370697,-518.2425452843536,-461.3522945412048
praat-fixed,hz,øː,raw-y,150.22346368715085,-1568.2448183704605,-493.5583922373879,-1621.7367748207596,-1448.184913757435,-518.4516751239117,-462.81530337781254
praat-fixed,hz,øː,raw-y,152.5754189944134,-1565.093206902178,-494.3528050729791,-1618.0425057664684,-1448.2223499743918,-518.3896927112529,-464.27372117892287
praat-fixed,hz,øː,raw-y,154.92737430167597,-1561.9544114418416,-495.14425795720996,-1613.6770347220508,-1448.2606093407521,-518.479475402918,-465.71209066451837
praat-fixed,hz,øː,raw-y,157.27932960893855,-1558.8294178362166,-495.93252320151447,-1610.0381192212553,-1448.2986864150557,-518.9694522868731,-467.3502247570786
praat-fixed,hz,øː,raw-y,159.6312849162011,-1555.719211932068,-496.71737311732636,-1606.4100967084444,-1448.106790900602,-519.4870728866027,-469.1499739686877
praat-fixed,hz,øː,raw-y,161.9832402234637,-1552.624779576161,-497.4985800160795,-1602.4214297684873,-1447.0569554463154,-519.3893128861091,-470.94005479976386
praat-fixed,hz,øː,raw-y,164.33519553072625,-1549.5471066152606,-498.2759162092076,-1598.922071668647,-1446.0161280267907,-519.6612425372144,-472.71986297652387
praat-fixed,hz,øː,raw-y,166.68715083798884,-1546.4871788961318,-499.04915400814457,-1595.2865057225888,-1444.9740054372014,-519.7526843981537,-474.4821120399797
praat-fixed,hz,øː,raw-y,169.0391061452514,-1543.4459822655404,-499.8180657243243,-1592.020937204133,-1443.9276189694622,-520.3106159777032,-476.1420407536479
praat-fixed,hz,øː,raw-y,171.39106145251395,-1540.4245025702503,-500.5824236691805,-1589.1004956712138,-1442.8921018197195,-520.5155549725415,-477.56485058096683
praat-fixed,hz,øː,raw-y,173.74301675977654,-1537.4237256570275,-501.3420001541471,-1586.5593640905715,-1441.8679974538732,-520.4505291807085,-478.7986997953231
praat-fixed,hz,øː,raw-y,176.09497206703912,-1534.4446373726366,-502.0965674906579,-1583.8345743192915,-1440.5453362029673,-520.8988995134897,-479.8372620571168
praat-fixed,hz,øː,raw-y,178.44692737430168,-1531.4882235638433,-502.8458979901466,-1581.4392665844887,-1439.1873497812958,-520.9471022229071,-480.86631751612873
praat-fixed,hz,øː,raw-y,180.79888268156424,-1528.555470077412,-503.58976396404717,-1579.6307613885415,-1437.3835889207287,-521.2508076455632,-481.88072966516603
praat-fixed,hz,øː,raw-y,183.15083798882682,-1525.647362760108,-504.3279377237934,-1577.7171018102526,-1435.2997202153292,-521.383164955293,-483.0306569910277
praat-fixed,hz,øː,raw-y,185.50279329608938,-1522.764887458697,-505.06019158081915,-1575.523116387199,-1434.9651293585223,-521.8859261241116,-484.6236219224476
praat-fixed,hz,øː,raw-y,187.85474860335194,-1519.9090300199432,-505.7862978465582,-1573.3640330545418,-1435.381084220615,-522.4529867416962,-485.99646512630886
praat-fixed,hz,øː,raw-y,190.20670391061452,-1517.0807762906124,-506.5060288324443,-1571.1410264183025,-1435.3120443939802,-523.0300212054044,-486.90730910493056
praat-fixed,hz,øː,raw-y,192.5586592178771,-1514.2811121174693,-507.2191568499115,-1569.6582631747701,-1435.7917665377663,-523.3125961786825,-487.86816795477216
praat-fixed,hz,øː,raw-y,194.91061452513966,-1511.5110233472792,-507.92545421039335,-1567.9725303776725,-1435.3259746034907,-523.5125933608488,-488.8930925768301
praat-fixed,hz,øː,raw-y,197.26256983240222,-1508.7714958268068,-508.6246932253239,-1565.9495272763302,-1434.1488559902261,-523.9947704514836,-490.0485468189087
praat-fixed,hz,øː,raw-y,199.6145251396648,-1506.0635154028178,-509.3166462061368,-1564.2342786804886,-1432.6746805148937,-524.6516776253201,-491.03195899389266
praat-fixed,hz,øː,raw-y,201.9664804469274,-1503.3880679220765,-510.00108546426605,-1562.6377365204512,-1430.5506678716586,-525.6978408714458,-491.816685673765
praat-fixed,hz,øː,raw-y,204.31843575418995,-1500.746139231349,-510.6777833111454,-1560.4621766566256,-1428.589449654574,-526.0168320951144,-492.7695483116064
praat-fixed,hz,øː,raw-y,206.6703910614525,-1498.1387151773997,-511.34651205820853,-1558.2501556338082,-1428.1803202469246,-527.0314967743587,-493.47592609624087
praat-fixed,hz,øː,raw-y,209.0223463687151,-1495.5667816069938,-512.0070440168896,-1556.050638546896,-1425.2135579745532,-527.9073411519653,-494.45049208080354
praat-fixed,hz,øː,raw-y,211.37430167597765,-1493.0313243668966,-512.6591514986221,-1553.8089599772834,-1422.3103163223702,-528.635969427267,-495.2843675333936
praat-fixed,hz,øː,raw-y,213.7262569832402,-1490.5333293038727,-513.30260681484,-1551.7844301601106,-1419.4502918817966,-529.517748721875,-496.0015065260106
praat-fixed,hz,øː,raw-y,216.0782122905028,-1488.073782264688,-513.9371822769772,-1550.0551015885878,-1417.02408006935,-530.4933858782721,-496.83147164117116
praat-fixed,hz,øː,raw-y,218.43016759776538,-1485.653669096107,-514.5626501964673,-1548.3424623428655,-1414.7491171823851,-531.3346309082024,-497.59181878982105
praat-fixed,hz,øː,raw-y,220.78212290502793,-1483.273975644895,-515.1787828847444,-1546.7619754871885,-1413.741116182428,-531.7530888537983,-498.41226857892786
praat-fixed,hz,øː,raw-y,223.1340782122905,-1480.935687757817,-515.7853526532422,-1545.1634967715647,-1411.6684367392286,-532.2751206804711,-499.568254448729
praat-fixed,hz,øː,raw-y,225.48603351955308,-1478.6397912816383,-516.3821318133945,-1543.570146140758,-1410.732678372637,-532.9917814824208,-500.28949689628774
praat-fixed,hz,øː,raw-y,227.83798882681566,-1476.3872720631239,-516.9688926766352,-1542.0069705078054,-1409.7020119577405,-533.7841309817245,-500.7663941759098
praat-fixed,hz,øː,raw-y,230.18994413407822,-1474.1791159490385,-517.5454075543979,-1540.4516313214929,-1407.6197476270459,-534.5770839335837,-501.30648130893627
praat-fixed,hz,øː,raw-y,232.54189944134077,-1472.0163087861479,-518.1114487581167,-1538.901127182668,-1405.2211823913613,-535.3511267143913,-501.5737434844406
praat-fixed,hz,øː,raw-y,234.89385474860336,-1469.8998364212166,-518.6667885992255,-1537.5970279399708,-1403.7440998875106,-536.0873388741137,-501.97536918488555
praat-fixed,hz,øː,raw-y,237.24581005586592,-1467.83068470101,-519.2111993891577,-1536.3464177949477,-1401.5859940895618,-536.7135899823508,-502.29584208703005
praat-fixed,hz,øː,raw-y,239.59776536312847,-1465.809839472293,-519.7444534393475,-1535.0989007445912,-1399.504056781236,-537.3431068925129,-502.6579377993247
praat-fixed,hz,øː,raw-y,241.94972067039106,-1463.838286581831,-520.2663230612286,-1533.8545399132822,-1397.8985190558149,-537.8067326329732,-502.85923340462546
praat-fixed,hz,øː,raw-y,244.30167597765364,-1461.917011876389,-520.7765805662349,-1532.5879631135354,-1396.357329138342,-538.3837568893387,-503.3818345771708
praat-fixed,hz,øː,raw-y,246.6536312849162,-1460.0470012027317,-521.2749982658,-1531.4190023778103,-1393.8834453513412,-538.9377879812472,-503.6719279189432
praat-fixed,hz,øː,raw-y,249.00558659217876,-1458.229240407625,-521.761348471358,-1530.2845291548435,-1391.3894912546436,-539.4683837324588,-503.87841657272867
praat-fixed,hz,øː,raw-y,251.35754189944134,-1456.464715337833,-522.2354034943427,-1528.9099212661386,-1388.9927738393992,-540.085142711839,-504.14734996069285
praat-fixed,hz,øː,raw-y,253.7094972067039,-1454.7544118401215,-522.6969356461876,-1527.4067904045041,-1386.6950937848937,-540.6990617726478,-504.6106220233683
praat-fixed,hz,øː,raw-y,256.0614525139665,-1453.0993157612556,-523.1457172383269,-1525.9175076526774,-1384.5025322885865,-541.2976165783534,-504.93841275816254
praat-fixed,hz,øː,raw-y,258.41340782122904,-1451.5004129480003,-523.5815205821943,-1524.5571785548325,-1382.9012925793897,-541.8436394178445,-505.3295889786259
praat-fixed,hz,øː,raw-y,260.76536312849163,-1449.9586892471202,-524.0041179892237,-1522.9907942620373,-1381.3949926505886,-542.2351608725731,-505.7198689521148
praat-fixed,hz,øː,raw-y,263.1173184357542,-1448.475130505381,-524.4132817708487,-1521.4464744323857,-1379.7149705519366,-542.5995020374063,-506.1453125121796
praat-fixed,hz,øː,raw-y,265.46927374301674,-1447.0507225695476,-524.8087842385033,-1519.962936383618,-1377.7633192196881,-543.0274941623584,-506.554686505588
praat-fixed,hz,øː,raw-y,267.8212290502793,-1445.686451286385,-525.1903977036213,-1518.7332922649327,-1376.3539017807025,-543.4317831895407,-506.9465097286983
praat-fixed,hz,øː,raw-y,270.1731843575419,-1444.3833025026584,-525.5578944776366,-1517.4378650184256,-1374.9678208269706,-543.8080722477179,-507.22829885884016
praat-fixed,hz,øː,raw-y,272.52513966480444,-1443.1422620651329,-525.911046871983,-1516.0923241692758,-1373.8253989384054,-544.1559097244865,-507.41107029409056
praat-fixed,hz,øː,raw-y,274.877094972067,-1441.9643158205736,-526.2496271980941,-1514.750546756387,-1372.7752780235594,-544.4748440074432,-507.7428026722251
praat-fixed,hz,øː,raw-y,277.2290502793296,-1440.8504496157457,-526.573407767404,-1513.5194538230353,-1371.49599014222,-544.7644234841847,-508.1488908972968
praat-fixed,hz,øː,raw-y,279.58100558659214,-1439.8016492974139,-526.8821608913464,-1512.3594352700818,-1370.2680514817157,-545.0241965423077,-508.55913089774845
praat-fixed,hz,øː,raw-y,281.9329608938548,-1438.8189007123437,-527.1756588813552,-1511.2079485667955,-1369.535441143085,-545.253711569409,-508.9654320871435
praat-fixed,hz,øː,raw-y,284.2849162011173,-1437.9031897073003,-527.4536740488641,-1510.0651210542164,-1369.2528488654862,-545.4525169530851,-509.2595774137538
praat-fixed,hz,øː,raw-y,286.6368715083799,-1437.0555021290484,-527.715978705307,-1509.0565516837096,-1368.8856174968714,-545.6201610809328,-509.53173558581614
praat-fixed,hz,øː,raw-y,288.9888268156425,-1436.2768238243532,-527.9623451621178,-1507.8059529653392,-1368.8479422421422,-545.7160011933405,-509.8005786723519
praat-fixed,hz,øː,raw-y,291.340782122905,-1435.56814063998,-528.1925457307302,-1506.5898894858915,-1368.355436064548,-545.774427698746,-510.0713980502142
praat-fixed,hz,øː,raw-y,293.6927374301676,-1434.9304384226934,-528.406352722578,-1505.4751832439154,-1368.3678899396637,-545.9316098054722,-510.34491346902223
praat-fixed,hz,øː,raw-y,296.0446927374302,-1434.364703019259,-528.6035384490953,-1504.8036847826106,-1368.8632163509058,-545.9900816572294,-510.60407333077586
praat-fixed,hz,øː,raw-y,298.3966480446927,-1433.8719202764419,-528.7838752217157,-1504.3360833885229,-1368.8254212024508,-546.0852999190656,-510.87472472112677
praat-fixed,hz,øː,raw-y,300.7486033519553,-1433.4530760410069,-528.947135351873,-1502.9798789628715,-1368.6292863660224,-546.0509859683175,-511.2807654948793
praat-fixed,hz,øː,raw-y,303.1005586592179,-1433.1091561597195,-529.0930911510011,-1501.8752676125425,-1368.8545620776945,-545.9882969268377,-511.6165880306913
praat-fixed,hz,øː,raw-y,305.4525139664804,-1432.8411464793442,-529.2215149305338,-1501.6337904067316,-1369.300393073752,-545.953874088579,-511.95004164214896
praat-fixed,hz,øː,raw-y,307.80446927374305,-1432.6500328466466,-529.332179001905,-1501.3804217859074,-1369.8726425411537,-545.8499160706687,-512.2259646318525
praat-fixed,hz,øː,raw-y,310.1564245810056,-1432.5368011083915,-529.4248556765484,-1500.9445066088176,-1370.572931229532,-545.6769679168448,-512.3804345381046
praat-fixed,hz,øː,raw-y,312.50837988826817,-1432.5024371113443,-529.499317265898,-1500.281628447225,-1371.4028798885192,-545.4451312405907,-512.5864605677153
praat-fixed,hz,øː,raw-y,314.86033519553075,-1432.54792670227,-529.5553360813874,-1499.8565938939084,-1372.3641092677487,-545.1027678068506,-512.6038407092724
praat-fixed,hz,øː,raw-y,317.2122905027933,-1432.6742557279335,-529.5926844344506,-1498.8401577964369,-1373.458240116852,-544.9656275125396,-512.6766124328886
praat-fixed,hz,øː,raw-y,319.56424581005587,-1432.8824100350998,-529.6111346365213,-1498.2331990270275,-1374.6868931854628,-544.6613725119938,-512.7837085102105
praat-fixed,hz,øː,raw-y,321.91620111731845,-1433.1728175664673,-529.6105412485706,-1498.1975617350465,-1375.7929403843198,-544.6434711992719,-512.943483646037
praat-fixed,hz,øː,raw-y,324.268156424581,-1433.543075591372,-529.5911761462789,-1497.5223010889529,-1376.9577118713728,-544.7002903975537,-513.199519529413
praat-fixed,hz,øː,raw-y,326.62011173184356,-1433.9898857935802,-529.5534432378801,-1496.2694000369518,-1378.252262850119,-544.8392252371835,-513.6277530022643
praat-fixed,hz,øː,raw-y,328.97206703910615,-1434.5099495050727,-529.4977464834705,-1494.9946126527886,-1379.6713065204694,-544.3899076134513,-513.9866553463037
praat-fixed,hz,øː,raw-y,331.3240223463687,-1435.0999680578295,-529.4244898431464,-1494.2567707303517,-1381.2095560823338,-544.2249265477548,-514.3901026586508
praat-fixed,hz,øː,raw-y,333.6759776536313,-1435.756642783831,-529.3340772770042,-1494.1183349524117,-1382.9521755899923,-543.8206713998702,-514.9233440649359
praat-fixed,hz,øː,raw-y,336.02793296089385,-1436.4766750150575,-529.2269127451402,-1493.9658859113597,-1385.140441354114,-543.3928182434247,-515.3094442292778
praat-fixed,hz,øː,raw-y,338.37988826815644,-1437.2567660834893,-529.1034002076508,-1493.6649281868342,-1386.7648687762553,-542.7987919262721,-515.5910395156385
praat-fixed,hz,øː,raw-y,340.731843575419,-1438.0936173211066,-528.9639436246322,-1492.9307072629517,-1389.4794972302643,-542.4692222867865,-515.437821123506
praat-fixed,hz,øː,raw-y,343.08379888268155,-1438.9839300598896,-528.8089469561808,-1492.1914609756018,-1392.2700041828127,-542.141674552226,-515.2730518697913
praat-fixed,hz,øː,raw-y,345.43575418994413,-1439.9244056318194,-528.6388141623928,-1492.016100366174,-1394.2954023737836,-541.9903803443935,-515.2090719267442
praat-fixed,hz,øː,raw-y,347.7877094972067,-1440.9117453688755,-528.4539492033648,-1491.655115437863,-1396.1528095511442,-542.0202793499654,-515.2046461516017
praat-fixed,hz,øː,raw-y,350.13966480446925,-1441.9426506030381,-528.2547560391929,-1491.7789835207302,-1398.6644669686798,-541.5326184659772,-515.2366107231272
praat-fixed,hz,øː,raw-y,352.49162011173183,-1443.013822666288,-528.0416386299735,-1492.226681273462,-1401.449577661415,-541.6934262971868,-515.0441105327908
praat-fixed,hz,øː,raw-y,354.8435754189944,-1444.1219628906053,-527.8150009358028,-1491.8812037159037,-1403.6305392601053,-541.6991161903787,-515.048962220214
praat-fixed,hz,øː,raw-y,357.19553072625695,-1445.2637726079704,-527.5752469167774,-1490.6815180117876,-1405.1774801474842,-541.474504091918,-514.5971889638543
praat-fixed,hz,øː,raw-y,359.5474860335196,-1446.4359531503633,-527.3227805329933,-1490.0609058340035,-1406.8312598193158,-541.3749589470702,-514.1932572464154
praat-fixed,hz,øː,raw-y,361.8994413407821,-1447.6352058497646,-527.0580057445471,-1490.90900536817,-1408.321467095316,-541.2815642762585,-513.9045029002257
praat-fixed,hz,øː,raw-y,364.2513966480447,-1448.8582320381547,-526.7813265115351,-1492.1024440456868,-1409.8456968397143,-541.1870177185987,-513.5295313057463
praat-fixed,hz,øː,raw-y,366.6033519553073,-1450.1017330475138,-526.4931467940535,-1493.7675552910748,-1411.4035259505356,-541.157534490901,-513.0508654819012
praat-fixed,hz,øː,raw-y,368.9553072625698,-1451.3624102098222,-526.1938705521986,-1494.5577405096262,-1413.5547005633182,-541.1079161784396,-512.6457750805153
praat-fixed,hz,øː,raw-y,371.3072625698324,-1452.6369648570599,-525.8839017460668,-1495.2317393044489,-1415.4885365726932,-541.1800418365935,-512.2781792640286
praat-fixed,hz,øː,raw-y,373.659217877095,-1453.9220983212074,-525.5636443357546,-1495.529438160745,-1417.4394726384623,-541.3863514621875,-511.63585272533027
praat-fixed,hz,øː,raw-y,376.0111731843575,-1455.2145119342454,-525.2335022813579,-1495.2678766372399,-1419.2512769500813,-541.582722516001,-511.19156585459683
praat-fixed,hz,øː,raw-y,378.3631284916201,-1456.5109070281537,-524.8938795429735,-1495.412312961986,-1420.8231628636252,-541.6844991349052,-510.37192986176785
praat-fixed,hz,øː,raw-y,380.7150837988827,-1457.8079849349126,-524.5451800806975,-1495.8699453543097,-1422.068189991759,-541.9366587563067,-510.003418723466
praat-fixed,hz,øː,raw-y,383.0670391061453,-1459.1024469865029,-524.1878078546262,-1497.0281920315806,-1423.4327450931685,-542.3635060649176,-509.3429711421521
praat-fixed,hz,øː,raw-y,385.4189944134078,-1460.3909945149044,-523.8221668248559,-1498.294257690242,-1424.7438676063357,-542.7728709495224,-508.59013847008816
praat-fixed,hz,øː,raw-y,387.7709497206704,-1461.6703288520976,-523.4486609514831,-1500.2318891610757,-1425.7810267131126,-543.0290291106869,-507.8473896054941
praat-fixed,hz,øː,raw-y,390.122905027933,-1462.9371513300628,-523.067694194604,-1502.2114300856583,-1426.3933301297368,-542.9212906688434,-507.3921993085825
praat-fixed,hz,øː,raw-y,392.47486033519556,-1464.1881632807801,-522.6796705143149,-1504.2173700244439,-1426.724266797879,-542.8671821823464,-506.98743388524457
praat-fixed,hz,øː,raw-y,394.8268156424581,-1465.4200660362303,-522.2849938707122,-1505.665498434859,-1427.7289386391467,-542.8807840680035,-506.53856359287954
praat-fixed,hz,øː,raw-y,397.1787709497207,-1466.6295609283932,-521.8840682238922,-1507.5015296423412,-1429.0316063153716,-542.7622719261193,-505.9375579697536
praat-fixed,hz,øː,raw-y,399.53072625698326,-1467.8133492892493,-521.4772975339512,-1508.963547323293,-1429.817131274719,-542.6076022814585,-505.0914245047612
praat-fixed,hz,øː,raw-y,401.8826815642458,-1468.9681324507792,-521.0650857609857,-1510.9940616105685,-1429.650187948201,-542.4158097706523,-504.25780711970265
praat-fixed,hz,øː,raw-y,404.23463687150837,-1470.0906117449626,-520.6478368650917,-1512.5439646724685,-1428.9164217314442,-542.1867928566583,-503.6126564032435
praat-fixed,hz,øː,raw-y,406.58659217877096,-1471.1774885037803,-520.2259548063657,-1514.216081534616,-1428.8062331021479,-541.9239935405426,-503.0800433552386
praat-fixed,hz,øː,raw-y,408.93854748603354,-1472.2254640592123,-519.7998435449042,-1515.713972686874,-1428.4416234950984,-541.6207285985332,-502.4193344220706
praat-fixed,hz,øː,raw-y,411.29050279329607,-1473.2312397432388,-519.3699070408032,-1517.600291520384,-1428.2996805243877,-541.3711332901149,-501.74530938053505
praat-fixed,hz,øː,raw-y,413.64245810055866,-1474.1915168878404,-518.9365492541593,-1519.2485303803937,-1428.1339358801358,-541.2526267572873,-501.05153371965685
praat-fixed,hz,øː,raw-y,415.99441340782124,-1475.102996824998,-518.5001741450687,-1520.5951074243542,-1428.0854522904588,-540.7427730443627,-500.5977452709655
praat-fixed,hz,øː,raw-y,418.3463687150838,-1475.9623808866909,-518.0611856736277,-1522.0544327948296,-1428.781041326417,-540.3630939195144,-499.9615383215619
praat-fixed,hz,øː,raw-y,420.69832402234636,-1476.7663704048994,-517.6199877999327,-1523.4813282190185,-1429.0750586363886,-540.4904929804646,-499.30387568095045
praat-fixed,hz,øː,raw-y,423.05027932960894,-1477.511666711605,-517.1769844840801,-1524.6620056658508,-1428.8275464919154,-540.4112669898763,-498.85974880425147
praat-fixed,hz,øː,raw-y,425.4022346368715,-1478.194971138786,-516.732579686166,-1525.3571335184213,-1429.3806018280466,-540.067876981852,-498.51685426090955
praat-fixed,hz,øː,raw-y,427.75418994413405,-1478.8129850184246,-516.2871773662869,-1525.8992258751064,-1429.8498955193827,-539.5812153367635,-498.21570157932223
praat-fixed,hz,øː,raw-y,430.10614525139664,-1479.3624096825001,-515.841181484539,-1526.6425242705516,-1429.9177980380023,-538.8010373298694,-497.7675561742115
praat-fixed,hz,øː,raw-y,432.4581005586592,-1479.8399464629933,-515.3949960010187,-1527.26939025413,-1429.6399807157172,-538.1916588354577,-497.2975453938267
praat-fixed,hz,øː,raw-y,434.8100558659218,-1480.242296691884,-514.9490248758225,-1528.0578271685415,-1429.419951447599,-537.4338781687575,-496.6675654315093
praat-fixed,hz,øː,raw-y,437.16201117318434,-1480.566161701153,-514.5036720690464,-1528.8009138118593,-1429.52655291426,-536.9289482447064,-496.0619017590653
praat-fixed,hz,øː,raw-y,439.5139664804469,-1480.8082428227806,-514.059341540787,-1529.7206087165187,-1429.3411635576495,-536.5255023682688,-495.4817841555434
praat-fixed,hz,øː,raw-y,441.8659217877095,-1480.9652413887463,-513.6164372511405,-1530.5115130589807,-1429.1569289064275,-536.2754379318623,-495.04598744179543
praat-fixed,hz,øː,raw-y,444.2178770949721,-1481.0338587310316,-513.1753631602032,-1530.5580537199844,-1428.546075930445,-535.9775266962633,-494.6679789722628
praat-fixed,hz,øː,raw-y,446.5698324022346,-1481.0107961816157,-512.7365232280714,-1530.436456976306,-1429.1976948849565,-535.6497504576215,-494.40063750068185
praat-fixed,hz,øː,raw-y,448.9217877094972,-1480.8927550724793,-512.3003214148416,-1530.0472708921236,-1428.5657110657157,-535.0739768805802,-494.3492628224142
praat-fixed,hz,øː,raw-y,451.2737430167598,-1480.6764367356036,-511.86716168061,-1528.9395424320974,-1427.8719001096686,-534.3191366623228,-494.1868590440213
praat-fixed,hz,øː,raw-y,453.6256983240223,-1480.3585425029673,-511.43744798547294,-1527.6092504991852,-1428.2140242588548,-533.4001281752767,-494.0683475981238
praat-fixed,hz,øː,raw-y,455.9776536312849,-1479.935773706552,-511.01158428952675,-1526.3213960201933,-1428.2454910843242,-532.2911142799861,-493.70516587167543
praat-fixed,hz,øː,raw-y,458.3296089385475,-1479.4048316783371,-510.5899745528678,-1525.7673643606456,-1427.9247690382103,-531.6423081079322,-493.29652845500505
praat-fixed,hz,øː,raw-y,460.6815642458101,-1478.762417750304,-510.1730227355923,-1525.0279833657507,-1426.3975926048122,-530.6508247586248,-493.01647320128137
praat-fixed,hz,øː,raw-y,463.0335195530726,-1478.005233254432,-509.76113279779673,-1523.580285122894,-1426.4120491305587,-530.0778787916872,-492.4429426316787
praat-fixed,hz,øː,raw-y,465.3854748603352,-1477.129984616417,-509.35470827476576,-1522.2618385380306,-1425.8805622811933,-529.5126355330281,-492.10591978634443
praat-fixed,hz,øː,raw-y,467.7374301675978,-1476.135182100581,-508.95400226316633,-1520.8942050871894,-1425.4758313033826,-529.0002611869489,-491.7378059159299
praat-fixed,hz,øː,raw-y,470.08938547486036,-1475.0237927818473,-508.55889616542567,-1518.3461812806236,-1425.4641124314549,-527.9337980398324,-491.43864610194237
praat-fixed,hz,øː,raw-y,472.4413407821229,-1473.799459997807,-508.1692149842356,-1515.606516806145,-1425.039124069765,-527.3186943581096,-491.44298888948373
praat-fixed,hz,øː,raw-y,474.7932960893855,-1472.46582708605,-507.78478372228807,-1513.7542005162568,-1424.8449040882579,-526.7808481911854,-491.3349923299504
praat-fixed,hz,øː,raw-y,477.14525139664806,-1471.0265373841667,-507.405427382275,-1512.8540684884,-1424.2856597231491,-525.941374527036,-490.5291049262498
praat-fixed,hz,øː,raw-y,479.4972067039106,-1469.485234229748,-507.0309709668884,-1511.852098162549,-1423.0741579716303,-526.1955782874329,-489.4909545032407
praat-fixed,hz,øː,raw-y,481.8491620111732,-1467.8455609603845,-506.66123947882,-1510.7599878242002,-1421.656947626174,-526.5181530096309,-489.01021844306024
praat-fixed,hz,øː,raw-y,484.20111731843576,-1466.1111609136674,-506.29605792076177,-1509.091691183651,-1419.352563142063,-526.6501783419783,-487.91579912766315
praat-fixed,hz,øː,raw-y,486.55307262569835,-1464.2856774271852,-505.9352512954057,-1508.1430506672855,-1416.996923042969,-526.4174268853235,-486.9359219791405
praat-fixed,hz,øː,raw-y,488.9050279329609,-1462.3727538385308,-505.5786446054436,-1507.080072688964,-1414.5592296604366,-526.5406826310679,-486.29510916320265
praat-fixed,hz,øː,raw-y,491.25698324022346,-1460.3760334852939,-505.22606285356756,-1505.3358805536525,-1412.6187126228185,-526.6882260663137,-485.1525873901301
praat-fixed,hz,øː,raw-y,493.60893854748605,-1458.299159705064,-504.8773310424694,-1505.6830355018562,-1411.2132505741354,-526.8595084631357,-483.0418058696777
praat-fixed,hz,øː,raw-y,495.96089385474863,-1456.1457758354331,-504.53227417484095,-1504.966724322209,-1408.6796443782519,-527.7937629546777,-480.9126596537534
praat-fixed,hz,øː,raw-y,498.31284916201116,-1453.9195252139912,-504.19071725337426,-1503.706178050933,-1406.4127399109293,-528.6454097565584,-479.1449780420491
praat-fixed,hz,øː,raw-y,500.66480446927375,-1451.6240511783287,-503.85248528076113,-1505.947348677041,-1403.7019612772624,-528.856039375742,-476.63756848215985
praat-fixed,hz,øː,raw-y,503.01675977653633,-1449.2629970660366,-503.5174032596935,-1506.7292027568851,-1399.8907999225976,-529.4320173604845,-474.07646119884447
praat-fixed,hz,øː,raw-y,505.36871508379886,-1446.8400062147052,-503.18529619286335,-1507.532834208856,-1395.8065459513048,-529.2295244716877,-472.0820794992354
praat-fixed,hz,øː,raw-y,507.72067039106145,-1444.3587219619244,-502.8559890829626,-1508.103012727489,-1390.3879395344366,-529.8405912037757,-470.1359392400373
praat-fixed,hz,øː,raw-y,510.07262569832403,-1441.8227876452859,-502.5293069326831,-1509.2126455119335,-1385.6264812866518,-530.555156288694,-467.8396352963093
praat-fixed,hz,øː,raw-y,512.4245810055866,-1439.2358466023793,-502.2050747447168,-1511.8624341667369,-1382.1187941077162,-531.4724920203336,-465.34258702873893
praat-fixed,hz,øː,raw-y,514.7765363128492,-1436.6015421707957,-501.8831175217555,-1513.0831507965052,-1379.2052905838182,-532.6464357855224,-462.90793052477443
praat-fixed,hz,øː,raw-y,517.1284916201117,-1433.9235176881257,-501.5632602664913,-1514.4690597339409,-1375.1423943766815,-534.3840121645675,-460.8642869418431
praat-fixed,hz,øː,raw-y,519.4804469273743,-1431.2054164919593,-501.2453279816161,-1514.9343664128282,-1369.3597463175997,-536.009129421502,-458.8067848465704
praat-fixed,hz,øː,raw-y,521.8324022346369,-1428.4508819198875,-500.92914566982165,-1515.888307634091,-1363.5395968082537,-537.1559467500208,-456.6443017553995
praat-fixed,hz,øː,raw-y,524.1843575418994,-1425.663557309501,-500.61453833379994,-1517.794947558522,-1359.2144017976734,-538.4966349215866,-454.18320240128537
praat-fixed,hz,øː,raw-y,526.536312849162,-1422.84708599839,-500.301330976243,-1520.9591979439463,-1354.7476451746531,-540.0268371581053,-451.67972874517113
praat-fixed,hz,øː,raw-y,528.8882681564246,-1420.0051113241448,-499.98934859984263,-1523.3048852453376,-1348.8654710142735,-541.4099481873022,-449.6535500554476
praat-fixed,hz,øː,raw-y,531.2402234636871,-1417.1412766243566,-499.67841620729075,-1525.1782160464634,-1342.005939025602,-542.9592100707879,-446.5714844827825
praat-fixed,hz,øː,raw-y,533.5921787709497,-1414.2592252366157,-499.3683588012792,-1527.0263280949944,-1334.6989057502017,-544.5320075923842,-443.45982040068355
praat-fixed,hz,øː,raw-y,535.9441340782123,-1411.3626004985128,-499.0590013845001,-1528.8028951051283,-1328.6254925719456,-546.1206022567189,-440.8470023473615
praat-fixed,hz,øː,raw-y,538.2960893854749,-1408.4550457476375,-498.75016895964524,-1531.0489060139005,-1323.384019286221,-547.7145186199392,-438.4016212229274
praat-fixed,hz,øː,raw-y,540.6480446927374,-1405.5402043215815,-498.44168652940664,-1533.2970785390096,-1316.80227908834,-549.3119827824162,-435.8311367541263
praat-fixed,hz,øː,raw-y,543.0,-1402.6217195579352,-498.13337909647595,-1535.5463318722873,-1310.1205054057161,-550.4188519957949,-433.1738599905106
