method,space,vowel,geo_y,predicted_display_x,predicted_display_y,display_x_lower_95,display_x_upper_95,display_y_lower_95,display_y_upper_95
pca,pca,uː,122.0,30.110082501278935,0.9596800099888689,20.79456520003303,36.84419421611283,-8.76963561323968,6.72790017517284
pca,pca,uː,124.35195530726257,30.170062745094533,1.1396128459967425,21.05409063474699,36.77764580806292,-8.35225101926271,6.713283929497489
pca,pca,uː,126.70391061452514,30.230075641860207,1.3194707015394087,21.313589832417804,36.724408781417,-7.910208951526148,6.6986725874302255
pca,pca,uː,129.0558659217877,30.29015384452602,1.4991785961516602,21.573036556002315,36.678955558577066,-7.477151454917918,6.684211726366043
pca,pca,uː,131.40782122905028,30.35033000604205,1.6786615493682948,21.83240456845738,36.63538137787163,-7.100022822573804,6.717657506485085
pca,pca,uː,133.75977653631284,30.41063677935836,1.8578445807241017,22.091667632739842,36.56321306668961,-6.726716863149765,6.8225160957755655
pca,pca,uː,136.11173184357543,30.471106817425035,2.0366527097538807,22.35079951180656,36.4523028704515,-6.3552958895723455,6.89016444889044
pca,pca,uː,138.46368715083798,30.53177277319213,2.2150109559924207,22.62743820649491,36.381552566842366,-5.984648078138038,6.986771140698214
pca,pca,uː,140.81564245810057,30.592667299609726,2.3928443389745144,22.92355353114927,36.3166027623319,-5.585986880749228,7.078447689495663
pca,pca,uː,143.16759776536313,30.653823049627892,2.57007787823496,23.219313916526506,36.250232209906606,-5.210481008543473,7.1399001680261325
pca,pca,uː,145.51955307262568,30.7152726761967,2.746636593308544,23.51467499521697,36.17332765675134,-4.878443702203553,7.240832486665597
pca,pca,uː,147.87150837988827,30.77704883226622,2.9224455037300707,23.809592399811038,36.127453697523414,-4.556399391386036,7.335333254067156
pca,pca,uː,150.22346368715085,30.839184170786528,3.097429629034327,24.10402176289906,36.05140615816421,-4.227388884512717,7.444978239967917
pca,pca,uː,152.5754189944134,30.901711344707685,3.2715139887561033,24.397918717071388,35.94778850987652,-3.8208508327142443,7.563264445669363
pca,pca,uː,154.92737430167597,30.964663006979773,3.4446236024302,24.69123889491839,35.87432668101205,-3.4202957334258173,7.671801325069644
pca,pca,uː,157.27932960893855,31.02807181055286,3.6166834895914093,24.981626014148244,35.80180108615457,-3.082267897279694,7.774491897037482
pca,pca,uː,159.6312849162011,31.091970408377012,3.7876186697745204,25.245832462116674,35.730278599161714,-2.763298436686607,7.876849477371745
pca,pca,uː,161.9832402234637,31.156391453402307,3.957354162514333,25.47982666301753,35.65982609389114,-2.4239363975078514,7.98136557562336
pca,pca,uː,164.33519553072625,31.221367598578816,4.1258149873456365,25.710644960992905,35.590510444200476,-2.083801348406163,8.098838211361052
pca,pca,uː,166.68715083798884,31.28693149685661,4.292926163803228,25.91517359626401,35.522398523947366,-1.7510767425373135,8.171462104120462
pca,pca,uː,169.0391061452514,31.35311580118575,4.458612711421898,26.11716187505479,35.45555720698946,-1.4523459836294381,8.216549029644538
pca,pca,uː,171.39106145251395,31.419953164516322,4.622799649736439,26.343971552534153,35.41893154679885,-1.1557154594443175,8.3000939747536
pca,pca,uː,173.74301675977654,31.48747623979839,4.785411998281651,26.625919387722774,35.437230788127906,-0.861290181718096,8.396604702743945
pca,pca,uː,176.09497206703912,31.555717679982028,4.946374776592323,26.853355210551626,35.48591027741585,-0.5705241633128212,8.524134423273594
pca,pca,uː,178.44692737430168,31.624710138017303,5.1056130042032475,27.08455301593398,35.50961641382534,-0.2826749921683308,8.699850730968175
pca,pca,uː,180.79888268156424,31.694486266854287,5.263051700649223,27.292330817744133,35.46676574385616,0.00854519760215093,8.881876512326464
pca,pca,uː,183.15083798882682,31.765078719443057,5.418615885465037,27.499802200616717,35.41208909955344,0.30385271749600296,8.985841159652542
pca,pca,uː,185.50279329608938,31.836520148733676,5.57223057818549,27.706954907794234,35.39976806709929,0.5921194085528753,9.106040003911483
pca,pca,uː,187.85474860335194,31.908843207676224,5.723820798345368,27.930214008134914,35.39573543919592,0.8522046750911045,9.211804921437547
pca,pca,uː,190.20670391061452,31.982080549220765,5.873311565479474,28.20522091819102,35.41626281120573,1.1094076062847038,9.348311149963596
pca,pca,uː,192.5586592178771,32.056264826317374,6.020627899122594,28.427161352092124,35.42047341959996,1.361666039539372,9.420491543167605
pca,pca,uː,194.91061452513966,32.13142869191613,6.1656948188095235,28.644440932946875,35.40014500117995,1.5929418486809526,9.509765388036474
pca,pca,uː,197.26256983240222,32.20760479896708,6.308437344075058,28.866184020944832,35.412248972644385,1.8766611565602935,9.587305426940475
pca,pca,uː,199.6145251396648,32.28482580042032,6.44878049445399,29.082067355370736,35.49103330858508,2.1446371333874925,9.664231738843567
pca,pca,uː,201.9664804469274,32.36312434922591,6.586649289481112,29.209764234452084,35.519534289691556,2.4003296671997623,9.791276624545816
pca,pca,uː,204.31843575418995,32.44253309833393,6.72196874869122,29.2994474782461,35.550972215821,2.6438241513918848,9.927780297303588
pca,pca,uː,206.6703910614525,32.52308470069444,6.854663891619104,29.385446620914422,35.492732300249244,2.8831082373460677,10.030355211809564
pca,pca,uː,209.0223463687151,32.60481180925752,6.984659737799564,29.4985345895371,35.59342545908589,3.1102108470443826,10.11980784681823
pca,pca,uː,211.37430167597765,32.68774707697323,7.111881306767389,29.51955901787255,35.71837097533381,3.323468899414826,10.206231274657146
pca,pca,uː,213.7262569832402,32.77192315679166,7.236253618057374,29.629756839671085,35.741538808495534,3.4828040131566937,10.304202260203418
pca,pca,uː,216.0782122905028,32.85737270166286,7.35770169120431,29.783347035103095,35.835343700443694,3.644472173334501,10.432390160156764
pca,pca,uː,218.43016759776538,32.944128364536915,7.476150545742994,29.87779334482178,35.95804716751138,3.8020180151329024,10.562366997356717
pca,pca,uː,220.78212290502793,33.03222279836389,7.591525201208219,30.003638103017938,36.093517037609665,3.9183997736076854,10.687846927884014
pca,pca,uː,223.1340782122905,33.121688656093866,7.703750677134778,30.093896298031407,36.19675430046224,4.026396769341172,10.808720271088104
pca,pca,uː,225.48603351955308,33.212558590676906,7.812751993057464,30.19425268778073,36.28396054958126,4.050438636825769,10.924877346318434
pca,pca,uː,227.83798882681566,33.30486525506308,7.918454168511076,30.276567189786398,36.360978854444895,4.1762695876828815,11.03735112227933
pca,pca,uː,230.18994413407822,33.39864130220246,8.020782223030396,30.426975669278583,36.44093022596415,4.3160486937566205,11.14569383575633
pca,pca,uː,232.54189944134077,33.49391938504512,8.11966117615023,30.55527513805874,36.538836490589745,4.446963072280116,11.248924593748939
pca,pca,uː,234.89385474860336,33.59073215654114,8.215016047405365,30.619292240133625,36.6907953877778,4.524738705425591,11.35954989693049
pca,pca,uː,237.24581005586592,33.68911226964057,8.306771856330597,30.72475217346778,36.79469050599297,4.601229772448455,11.449653239030928
pca,pca,uː,239.59776536312847,33.78909237729349,8.394853622460719,30.81584812736627,36.88311143385884,4.698418186317923,11.533433004098637
pca,pca,uː,241.94972067039106,33.89070513244998,8.479186365330524,30.910026833691777,37.045015590139045,4.862040119884798,11.581736532281655
pca,pca,uː,244.30167597765364,33.993983188060106,8.559695104474809,30.982745584498318,37.158865016791985,5.012931054979936,11.642249750575818
pca,pca,uː,246.6536312849162,34.098959197073945,8.63630485942836,31.06284779278096,37.30890250523555,5.114803738430464,11.767471997680454
pca,pca,uː,249.00558659217876,34.20566581244155,8.70894064972598,31.120110455886845,37.416330944914534,5.176080453972651,11.897620071000171
pca,pca,uː,251.35754189944134,34.314135687113016,8.777527494902456,31.181395993184367,37.52785163141533,5.248552732993773,11.96873068901266
pca,pca,uː,253.7094972067039,34.4244014740384,8.841990414492585,31.246778902343756,37.66222922015712,5.315024243440032,12.034107803930938
pca,pca,uː,256.0614525139665,34.53649582616777,8.90225442803116,31.325317137775485,37.77165059549316,5.334372216224578,12.09937606270673
pca,pca,uː,258.41340782122904,34.6504513964512,8.958244555052973,31.400546445376808,37.90352538537109,5.351659712433987,12.190235511821877
pca,pca,uː,260.76536312849163,34.766300837838784,9.009885815092822,31.462822903164305,38.00528667991692,5.427396110568093,12.241828017578241
pca,pca,uː,263.1173184357542,34.88407680328056,9.057103227685495,31.5270233340444,38.181947422010936,5.484475260030887,12.287437306002218
pca,pca,uː,265.46927374301674,35.00381194572661,9.09982181236579,31.597794655575292,38.34316184535676,5.518676399598636,12.33109446495159
pca,pca,uː,267.8212290502793,35.12553891812702,9.1379665886685,31.66730076358969,38.466197771597706,5.548911365103812,12.376246585752206
pca,pca,uː,270.1731843575419,35.24929037343184,9.171462576128414,31.758335835277844,38.623553223986775,5.564298556661458,12.404181197110068
pca,pca,uː,272.52513966480444,35.375098964591146,9.20023479428033,31.869613950037238,38.7936058382846,5.569449243162894,12.408565681723294
pca,pca,uː,274.877094972067,35.50299734455503,9.224208262659042,31.96919791377876,38.94859518213646,5.572243273300837,12.418220581397078
pca,pca,uː,277.2290502793296,35.63301816627354,9.243308000799345,32.07452626555263,39.07146508851528,5.57264382431961,12.403927607389198
pca,pca,uː,279.58100558659214,35.76519408269675,9.257459028236028,32.197689438098365,39.17975292198433,5.566692236816418,12.419214218578148
pca,pca,uː,281.9329608938548,35.89955774677475,9.26658636450389,32.33930634193776,39.36384783416357,5.566117197976925,12.490636661591738
pca,pca,uː,284.2849162011173,36.03614181145758,9.27061502913772,32.502346027895136,39.564696357848526,5.559116375104106,12.515280952922954
pca,pca,uː,286.6368715083799,36.17497892969534,9.26947004167231,32.65152382174908,39.726636968750405,5.549507453960082,12.52558862559445
pca,pca,uː,288.9888268156425,36.316101754438094,9.26307642164246,32.79134664976305,39.884242549877456,5.53732278811866,12.535426714341558
pca,pca,uː,291.340782122905,36.4595429386359,9.251359188582963,32.92769341739153,40.037451172232885,5.540190983497846,12.516635274369262
pca,pca,uː,293.6927374301676,36.60533513523884,9.234243362028607,33.06914295085837,40.18620090681993,5.5052403095900155,12.489422204706523
pca,pca,uː,296.0446927374302,36.75351099719698,9.211653961514191,33.217032776478646,40.34888246673332,5.474023590608374,12.452972383976208
pca,pca,uː,298.3966480446927,36.90410317746041,9.183516006574505,33.37935727677377,40.51465998551661,5.462466468438735,12.435527199715942
pca,pca,uː,300.7486033519553,37.05714432897918,9.149754516744348,33.54792143238873,40.67641187847494,5.44836879533767,12.398961034547288
pca,pca,uː,303.1005586592179,37.21266710470336,9.110294511558507,33.72280843872782,40.834084470597276,5.432768736104261,12.379596327348555
pca,pca,uː,305.4525139664804,37.370704157583035,9.06506101055178,33.90410149119529,40.987624086872636,5.419244667004725,12.337423026652981
pca,pca,uː,307.80446927374305,37.53128814056827,9.013979033258959,34.07613063633259,41.13697705229003,5.447335994296148,12.269352622019534
pca,pca,uː,310.1564245810056,37.69445170660914,8.95697359921484,34.24874552653396,41.30130647429677,5.4716533579744295,12.19113949527323
pca,pca,uː,312.50837988826817,37.86022750865128,8.893969727956186,34.42535911272111,41.485669243444434,5.480324445530272,12.120747594952274
pca,pca,uː,314.86033519553075,38.02854932249087,8.824936544279305,34.603247149462945,41.65361738891545,5.454803745012786,12.044161455353041
pca,pca,uː,317.2122905027933,38.19895962027374,8.7500177183547,34.78351444340016,41.78470670421572,5.394110537154349,11.958574653726888
pca,pca,uː,319.56424581005587,38.370904088317445,8.669400092755167,34.96817323114499,41.9116007587685,5.343826710504013,11.865774773084981
pca,pca,uː,321.91620111731845,38.54382841293955,8.58327051005352,35.15594942451552,42.0359964374265,5.289718830620888,11.765724879561018
pca,pca,uː,324.268156424581,38.71717828045759,8.491815812822566,35.37875669871538,42.190720506604364,5.220816040080016,11.633556807251358
pca,pca,uː,326.62011173184356,38.89039937718913,8.395222843635096,35.52150096554597,42.35735240445314,5.1382089146379615,11.451167864701667
pca,pca,uː,328.97206703910615,39.062937389451726,8.293678445063925,35.70842874007038,42.50936143060409,5.097594468376585,11.301664523179642
pca,pca,uː,331.3240223463687,39.23423800356292,8.187369459681857,35.930520044544615,42.69370351757767,5.0629327395861266,11.117061558115147
pca,pca,uː,333.6759776536313,39.40374690584028,8.076482730061691,36.15070828375364,42.85457073396849,5.0224556397437485,10.928730434284015
pca,pca,uː,336.02793296089385,39.57090978260135,7.961205098776244,36.37077307502819,42.96667983917573,4.9797867097314406,10.739067528458682
pca,pca,uː,338.37988826815644,39.735172320163684,7.841723408398309,36.590171327154614,43.08674007726515,4.882576147925931,10.485667195466103
pca,pca,uː,340.731843575419,39.89598020484485,7.718224501500696,36.738957324695896,43.28497512263431,4.783646107893208,10.34545550351185
pca,pca,uː,343.08379888268155,40.05277912296238,7.590895220656208,36.89028298719398,43.4373018846453,4.718940516915647,10.18651514844226
pca,pca,uː,345.43575418994413,40.20501476083383,7.459922408437656,37.03955888228743,43.60617025004191,4.591228582327445,10.036853673909656
pca,pca,uː,347.7877094972067,40.35213280477678,7.325492907417832,37.16960957640228,43.73092148025211,4.490701760335511,9.902083079457869
pca,pca,uː,350.13966480446925,40.49357894110875,7.187793560169553,37.2849102152203,43.906172294653835,4.402558124260487,9.707908510106478
pca,pca,uː,352.49162011173183,40.62879885614732,7.047011209265616,37.418142556939486,44.02756393274052,4.319121111434517,9.515038148691884
pca,pca,uː,354.8435754189944,40.75723823621002,6.903332697278831,37.474273622371314,44.07267439439137,4.234025143788092,9.348157565900095
pca,pca,uː,357.19553072625695,40.87834276761443,6.756944866782003,37.605315748715995,44.17693478105089,4.118392656892606,9.176693690323859
pca,pca,uː,359.5474860335196,40.99155813667808,6.608034560347928,37.73599592664724,44.26343718879699,3.996263258502366,9.046382939826092
pca,pca,uː,361.8994413407821,41.09633002971854,6.456788620549425,37.85844883596784,44.37966525937342,3.866502048202842,8.898889515004466
pca,pca,uː,364.2513966480447,41.192104133053355,6.303393889959285,37.939481119517545,44.45695897800042,3.7356405131943204,8.759537273050592
pca,pca,uː,366.6033519553073,41.27832613300008,6.148037211150321,37.970216967784566,44.559973627659005,3.59884016926986,8.563333979993905
pca,pca,uː,368.9553072625698,41.35444171587627,5.990905426695338,37.9862032424359,44.68081160090845,3.3981581291367338,8.371123348004616
pca,pca,uː,371.3072625698324,41.41989656799948,5.832185379167136,38.02998993465017,44.764744254042675,3.228944230222449,8.165940864200431
pca,pca,uː,373.659217877095,41.474136375687266,5.672063911138526,38.045836798797986,44.83792508072235,3.0605417523868717,7.99954333745899
pca,pca,uː,376.0111731843575,41.51660682525717,5.510727865182311,38.05323588578084,44.91130426750688,2.882628945903433,7.84523154921908
pca,pca,uː,378.3631284916201,41.54675360302676,5.348364083871285,38.052579912683534,44.98617729484157,2.736344843326123,7.737593709985028
pca,pca,uː,380.7150837988827,41.56402239531357,5.185159409778272,38.043493679646865,45.024479467934874,2.553947060021719,7.682838764603712
pca,pca,uː,383.0670391061453,41.56785888843518,5.0213006854760565,38.00404885777175,45.04545936383639,2.3784912124026696,7.549286943994208
pca,pca,uː,385.4189944134078,41.557708768709126,4.8569747535374646,37.98563542716166,45.04839865808437,2.1879801547236974,7.396959103457028
pca,pca,uː,387.7709497206704,41.533017722452975,4.692368456535281,37.94204111043308,45.054509780369436,1.9663469258193822,7.250889868350249
pca,pca,uː,390.122905027933,41.493231435984264,4.5276686370423285,37.88064564536554,45.054627908001414,1.730726807789818,7.117760918669355
pca,pca,uː,392.47486033519556,41.43779559562055,4.363062137631399,37.78691539893258,45.02157473531996,1.5072214565141127,6.99055435522154
pca,pca,uː,394.8268156424581,41.366155887679405,4.198735800875298,37.72383205590878,44.95383809975439,1.3319121442838195,6.8564219172977525
pca,pca,uː,397.1787709497207,41.27775799847836,4.034876469346841,37.63830981130921,44.886858073912784,1.1831086870874232,6.701344441238694
pca,pca,uː,399.53072625698326,41.17204761433497,3.8716709856188203,37.48371704174684,44.827100408171226,1.0017991661208259,6.575563227141869
pca,pca,uː,401.8826815642458,41.04847042156681,3.7093061922640516,37.32239040883427,44.784750165492916,0.8253390139796324,6.5029443998230265
pca,pca,uː,404.23463687150837,40.90647210649142,3.5479689318553227,37.15796972944935,44.73870866073976,0.6689131750024015,6.411703454931882
pca,pca,uː,406.58659217877096,40.745498355426356,3.38784604696545,36.97264086359585,44.61123339518238,0.5046744969183274,6.305744606147735
pca,pca,uː,408.93854748603354,40.564994854689154,3.2291243801672422,36.77238216038287,44.46175685917203,0.33739485498419386,6.110627911172482
pca,pca,uː,411.29050279329607,40.364407290597406,3.071990774033509,36.5342892406917,44.28217545081106,0.16576893124295988,5.916045296700857
pca,pca,uː,413.64245810055866,40.14318134946862,2.9166320711370517,36.26900747964057,44.04624917620815,-0.037353205393114285,5.757438374064717
pca,pca,uː,415.99441340782124,39.90076271762039,2.7632351140506444,35.96302790338807,43.80493792257958,-0.1957442117578882,5.613090221124262
pca,pca,uː,418.3463687150838,39.63659708137024,2.6119867453471315,35.65515682799079,43.52018246929519,-0.36398025257774635,5.476966371185055
pca,pca,uː,420.69832402234636,39.35013012703575,2.463073807599301,35.362788981167775,43.15306670413172,-0.5617746811734772,5.367764016830993
pca,pca,uː,423.05027932960894,39.040807540934445,2.3166831433799686,35.080486986857295,42.74694291578062,-0.724264298720165,5.264349595011333
pca,pca,uː,425.4022346368715,38.7080750093839,2.1730015952619155,34.76042760311005,42.32435231676259,-0.8739489591976934,5.124905804817097
pca,pca,uː,427.75418994413405,38.35137821870167,2.032216005817972,34.4381848206586,41.87927041249018,-0.9863135838728394,5.022714466751104
pca,pca,uː,430.10614525139664,37.970162855205295,1.8945132176209327,34.08051290126843,41.47017906430039,-1.0960148024330665,4.918060649729561
pca,pca,uː,432.4581005586592,37.56387460521233,1.7600800732436,33.694775300579835,40.979498635220224,-1.208754231685698,4.810949928638207
pca,pca,uː,434.8100558659218,37.131959155040335,1.6291034152587756,33.284077243964006,40.48630533335234,-1.3262972246531564,4.655483728447128
pca,pca,uː,437.16201117318434,36.67386219100686,1.5017700862392829,32.870567904408865,39.946918442711194,-1.4627380175653912,4.484833963670399
pca,pca,uː,439.5139664804469,36.18902939942947,1.3782669287579097,32.533426634215004,39.41360969474019,-1.5750294319747857,4.311242158097533
pca,pca,uː,441.8659217877095,35.6769064666257,1.258780785387458,32.10397242127242,38.93644448410734,-1.7044609813710223,4.175426597549101
pca,pca,uː,444.2178770949721,35.13693907891311,1.1434984987007368,31.626700721195718,38.44396475957984,-1.803347998144677,4.075974543200745
pca,pca,uː,446.5698324022346,34.56857292260928,1.0326069112705625,31.12501228218354,37.86689608871441,-1.900486618796959,3.9766489962856473
pca,pca,uː,448.9217877094972,33.97125368403172,0.9262928656697227,30.618062753555623,37.26645188325199,-1.995658941217409,3.878462086611589
pca,pca,uː,451.2737430167598,33.34446164942223,0.8247350110237051,30.114318860966144,36.696838220799776,-2.0874843061347907,3.7181173277381863
pca,pca,uː,453.6256983240223,32.688336708643405,0.7279557987882868,29.49678230484081,36.04059172425559,-2.1673592039990175,3.5936360190912477
pca,pca,uː,455.9776536312849,32.00361053899128,0.6358375419859499,28.851639045269927,35.378439676917225,-2.239127839693032,3.4922287730119574
pca,pca,uː,458.3296089385475,31.29103580438359,0.5482575838947525,28.182887304855324,34.64707265622132,-2.2994711026263737,3.4206912387480273
pca,pca,uː,460.6815642458101,30.551365168738045,0.4650932677928239,27.509409241681276,33.96382265106288,-2.349754792405072,3.3479553894092757
pca,pca,uː,463.0335195530726,29.785351295972376,0.3862219369581865,26.782779386812056,33.32930106806099,-2.3902583416167706,3.2736912403494522
pca,pca,uː,465.3854748603352,28.993746850004285,0.31152093466894826,25.924227052726128,32.57542011666038,-2.459121375719082,3.141544816292202
pca,pca,uː,467.7374301675978,28.177304494751482,0.240867604203153,24.96468565613983,31.951645073289068,-2.4939503502074327,2.9701445909325557
pca,pca,uː,470.08938547486036,27.33677689413171,0.17413928883892282,23.9756870403124,31.24872243769422,-2.524865547008943,2.817720999440401
pca,pca,uː,472.4413407821229,26.47291671206269,0.1112133318543016,22.977571012731147,30.6294836317357,-2.5327633488616983,2.716543796467318
pca,pca,uː,474.7932960893855,25.586476612462114,0.051967076527375866,21.965128815447773,29.952119575955102,-2.5467802784065867,2.6287071579361863
pca,pca,uː,477.14525139664806,24.678209259247705,-0.0037221338637678514,20.951565570889176,29.200630036955097,-2.518454044270747,2.5819687363636845
pca,pca,uː,479.4972067039106,23.748867316337197,-0.055976956041071446,19.914852553613926,28.28196909042162,-2.502349448940471,2.5395115743341488
pca,pca,uː,481.8491620111732,22.7992034476483,-0.10492004672644129,18.835498370869658,27.47993748681046,-2.5451879645761526,2.515361083042885
pca,pca,uː,484.20111731843576,21.829970317098724,-0.15067406264181216,17.861286868597595,26.849038227802254,-2.5642517109866105,2.3998757388056795
pca,pca,uː,486.55307262569835,20.841920588606197,-0.19336166050909753,16.71256237711024,26.29031189247407,-2.5732465973361602,2.340001205722183
pca,pca,uː,488.9050279329609,19.835806926088456,-0.2331054970502322,15.530306876974349,25.710630330598057,-2.6383627115841812,2.2941808913470725
pca,pca,uː,491.25698324022346,18.812381993463166,-0.27002822898713674,14.389308448830125,25.014037093405587,-2.779714091475563,2.250011464839402
pca,pca,uː,493.60893854748605,17.772398454648087,-0.3042525130417246,13.052117849916954,24.35379276415102,-2.961417712438506,2.2117186074286193
pca,pca,uː,495.96089385474863,16.71660897356093,-0.33590100593593064,11.74023796735506,23.77302591554415,-3.065666148201693,2.086635698633866
pca,pca,uː,498.31284916201116,15.645766214119426,-0.36509636439166826,10.408428916528381,23.25482743981856,-3.2065511115683996,1.9708963352277549
pca,pca,uː,500.66480446927375,14.560622840241265,-0.39196124513087227,9.084103180540902,22.738291347161297,-3.3506846498230916,1.9517901669094635
pca,pca,uː,503.01675977653633,13.461931515844157,-0.41661830487545615,7.725535702173983,22.020544383602495,-3.505327527157615,1.9618387756155709
pca,pca,uː,505.36871508379886,12.350444904845887,-0.43919020034734046,6.3543458079653625,21.428218947538728,-3.6597572749188294,2.0594868704725826
pca,pca,uː,507.72067039106145,11.226915671164093,-0.4597995882684529,4.957869883788029,20.810492890630474,-3.7717953543745693,2.1511781687234657
pca,pca,uː,510.07262569832403,10.092096478716535,-0.47856912536072116,3.472209013965937,20.132762044663817,-3.9680275298562417,2.2866096851310793
pca,pca,uː,512.4245810055866,8.946739991420941,-0.4956214683460729,1.9698861641119838,19.432790276415336,-4.133377004030909,2.354566947743253
pca,pca,uː,514.7765363128492,7.79159887319495,-0.5110792739463932,0.45430614086456145,18.746765211180488,-4.314246054066682,2.470654984145149
pca,pca,uː,517.1284916201117,6.627425787956405,-0.5250651988836665,-1.0735112732074372,18.057357367933975,-4.526253852967028,2.5185487771575996
pca,pca,uː,519.4804469273743,5.454973399622965,-0.537701899879778,-2.6105938348310245,17.363084941055067,-4.755662226397614,2.5924325415737846
pca,pca,uː,521.8324022346369,4.274994372112282,-0.5491120336566695,-4.11112330797303,16.664390165419405,-4.956988014279196,2.7129714159838065
pca,pca,uː,524.1843575418994,3.0882413693421995,-0.5594182569362118,-5.627787817128151,15.961715275902721,-5.1587991133668964,2.8727641214850745
pca,pca,uː,526.536312849162,1.8954670552303625,-0.5687432264404038,-7.191065720563622,15.241448206691048,-5.363240383156108,3.0000592617154327
pca,pca,uː,528.8882681564246,0.6974240936944369,-0.5772095988911019,-8.7749768283053,14.48810581987497,-5.570356171511659,3.214529434155312
pca,pca,uː,531.2402234636871,-0.5051348513477194,-0.584940031010305,-10.337659100156314,13.736197223819737,-5.778493775496784,3.432561047524837
pca,pca,uː,533.5921787709497,-1.711457115978483,-0.5920571795198697,-11.86877470393126,13.037455773053662,-6.010204985554227,3.6460188487635614
pca,pca,uː,535.9441340782123,-2.920790036280202,-0.5986837011417236,-13.404636382721245,12.33721939543346,-6.24593348211883,3.8779497493385686
pca,pca,uː,538.2960893854749,-4.132380948335026,-0.6049422525978372,-14.958042337215149,11.635861822672702,-6.481820394331531,4.110887972414775
pca,pca,uː,540.6480446927374,-5.345477188225182,-0.6109554906101096,-16.56282166520474,10.935681382879231,-6.717812916976283,4.315753323061569
pca,pca,uː,543.0,-6.559326092033196,-0.6168460719004116,-18.17363873791651,10.239308850134048,-6.953858244837069,4.518390145778266
pca,pca,oː,122.0,27.42860407840903,-3.2694352161982283,18.344116413974355,37.30827033287131,-6.743271830419135,2.6596999142031006
pca,pca,oː,124.35195530726257,27.415901165737175,-3.28143120993459,18.501365717041054,37.12352973804326,-6.676769779431438,2.543634669341705
pca,pca,oː,126.70391061452514,27.40328780987933,-3.293396257396375,18.65865786756241,36.93891354179128,-6.601870145465141,2.40994659377517
pca,pca,oː,129.0558659217877,27.3908535676495,-3.3052994123090054,18.81436189668794,36.7545461426914,-6.525652151488282,2.2739299410013554
pca,pca,oː,131.40782122905028,27.378687995861696,-3.317109728397905,18.98448811217083,36.57055193931971,-6.4608037552739095,2.1440448548553865
pca,pca,oː,133.75977653631284,27.36688065132993,-3.328796259388496,19.23389881327836,36.35947366925026,-6.410927600020013,2.0150230899521104
pca,pca,oː,136.11173184357543,27.35552109086821,-3.340328059006203,19.481553633747765,36.14420053612485,-6.3624232530822304,1.8863287075708695
pca,pca,oː,138.46368715083798,27.344698871290547,-3.351674180976447,19.72731381563471,35.93084109813319,-6.289087791810185,1.7580271842160746
pca,pca,oː,140.81564245810057,27.334503549410943,-3.362803679024653,19.954410513777134,35.72217655217542,-6.205520614106343,1.6301839963921296
pca,pca,oː,143.16759776536313,27.325024682043413,-3.373685606876242,20.151174972854765,35.51472102940657,-6.143440273262921,1.5028646206034453
pca,pca,oː,145.51955307262568,27.316351826001963,-3.3842890182566387,20.349524419312356,35.30862565772528,-6.097314736139601,1.3761345333544277
pca,pca,oː,147.87150837988827,27.3085745381006,-3.394582966891265,20.550490138428703,35.10404156503015,-6.0762028558367325,1.2427973657251579
pca,pca,oː,150.22346368715085,27.301782375153344,-3.4045365065055444,20.70302756883949,34.901119879219806,-6.052181586356757,1.1007915535794277
pca,pca,oː,152.5754189944134,27.296064893974194,-3.4141186908248993,20.920643463814102,34.68389089336005,-5.979976988323998,0.959695878345143
pca,pca,oː,154.92737430167597,27.29151165137716,-3.4232985735747534,21.14308012148557,34.45993336045325,-5.900163454452709,0.819586184764923
pca,pca,oː,157.27932960893855,27.288212204176254,-3.4320452084805293,21.300820316429427,34.20215459442398,-5.83143251572155,0.6805383175813869
pca,pca,oː,159.6312849162011,27.286256109185484,-3.4403276492676502,21.459268221547,34.01461660186549,-5.788295377077894,0.5460449100505418
pca,pca,oː,161.9832402234637,27.28573292321886,-3.4481149496615395,21.618471017516537,33.82936843511759,-5.744846795973793,0.41844911054119627
pca,pca,oː,164.33519553072625,27.286732203090388,-3.455376163387619,21.841559913098234,33.65327766551534,-5.7023734016527365,0.2919296606972364
pca,pca,oː,166.68715083798884,27.289343505614077,-3.4620803441713126,21.99366696071611,33.585624350621565,-5.676866714627538,0.1666392309470735
pca,pca,oː,169.0391061452514,27.293656387603942,-3.468196545738043,22.144400173085433,33.51999554666448,-5.684866246050228,0.043031573312946235
pca,pca,oː,171.39106145251395,27.299760405873986,-3.4736938218132334,22.288628341811574,33.44918076793021,-5.661568799985956,-0.07932185989301888
pca,pca,oː,173.74301675977654,27.307745117238216,-3.478541226122307,22.396256218249153,33.32199482630248,-5.628708657321596,-0.19736819782261325
pca,pca,oː,176.09497206703912,27.317700078510654,-3.4827078123906867,22.57928274993016,33.19459401756093,-5.5933497090237125,-0.29033794847797445
pca,pca,oː,178.44692737430168,27.329714846505293,-3.4861626343437946,22.687055846437776,32.9947354082648,-5.547812758406142,-0.3770929765306085
pca,pca,oː,180.79888268156424,27.34387897803615,-3.4888747457070544,22.814053474249455,32.79673953466819,-5.523982624207125,-0.4927833826402977
pca,pca,oː,183.15083798882682,27.360282029917236,-3.490813200205889,22.984520775919542,32.54866618472012,-5.529125637482863,-0.6175656692870284
pca,pca,oː,185.50279329608938,27.379013558962555,-3.4919470515657216,23.116313210882733,32.37840295100073,-5.5171518769311865,-0.6910035265737569
pca,pca,oː,187.85474860335194,27.400163121986118,-3.4922453535119753,23.24637131117754,32.31295381833054,-5.458259314018772,-0.7573210238355857
pca,pca,oː,190.20670391061452,27.42382027580194,-3.491677159770073,23.375195436819254,32.222651299088014,-5.398988288058059,-0.820316121668152
pca,pca,oː,192.5586592178771,27.45007457722402,-3.4902115240654368,23.45701271713029,32.06907961790712,-5.366455112131238,-0.9102956764515632
pca,pca,oː,194.91061452513966,27.479015583066367,-3.487817500123491,23.551249583314988,31.992565957547267,-5.369802007719887,-1.011921639094386
pca,pca,oː,197.26256983240222,27.510732850143,-3.4844641416696582,23.668963911874624,31.92812632973146,-5.34160144040351,-1.111548501588249
pca,pca,oː,199.6145251396648,27.545315935267922,-3.4801205024293607,23.75873262908889,31.884515644698105,-5.342378030533502,-1.2056400992896643
pca,pca,oː,201.9664804469274,27.582854395255143,-3.4747556361280223,23.926865529688932,31.91658494268549,-5.310148288106631,-1.3053171240080912
pca,pca,oː,204.31843575418995,27.62343778691867,-3.4683385964910656,23.997263153172778,31.853144570383606,-5.301776358878651,-1.4034244544520704
pca,pca,oː,206.6703910614525,27.667155667072514,-3.460838437243914,24.025507700991515,31.918329830058155,-5.3219364788939965,-1.471294804502768
pca,pca,oː,209.0223463687151,27.714097592530685,-3.4522242121119895,24.076320968745854,31.9158434594018,-5.340358833722325,-1.5338317665922163
pca,pca,oː,211.37430167597765,27.764353120107188,-3.4424649748207163,24.124795923902607,31.843168633670324,-5.358186522691122,-1.6097213893849744
pca,pca,oː,213.7262569832402,27.81801180661604,-3.431529779095517,24.10746659013593,31.76268134595989,-5.36823506742481,-1.6592599583599719
pca,pca,oː,216.0782122905028,27.87516320887124,-3.4193876786618143,24.265192803070224,31.700092489312368,-5.353012411237718,-1.6687494283829056
pca,pca,oː,218.43016759776538,27.935896883686805,-3.406007727245031,24.34379609278734,31.75323859284052,-5.321660398582291,-1.6678505821045886
pca,pca,oː,220.78212290502793,28.000302387876737,-3.391358978570591,24.42146685117221,31.844249442422306,-5.310013997716507,-1.622254142687476
pca,pca,oː,223.1340782122905,28.06846927825505,-3.3754104863639167,24.47355985668198,31.901304305929123,-5.291455880693094,-1.6236064917317912
pca,pca,oː,225.48603351955308,28.140487111635757,-3.3581313043504313,24.519407954767065,31.96291719283779,-5.29352094163274,-1.65008414557797
pca,pca,oː,227.83798882681566,28.21644544483286,-3.339490486255557,24.62570948325127,32.02377087712992,-5.274578973622435,-1.598647043864133
pca,pca,oː,230.18994413407822,28.29643383466037,-3.319457085804718,24.692401902274913,32.04674150014929,-5.246980302703665,-1.5423411009303416
pca,pca,oː,232.54189944134077,28.38054183793229,-3.2980001567233366,24.739077905602933,32.00299166385226,-5.217335954410446,-1.5454327835209247
pca,pca,oː,234.89385474860336,28.468859011462644,-3.275088752736836,24.795814093643255,31.961726052357633,-5.184475910963918,-1.5646088500251778
pca,pca,oː,237.24581005586592,28.561474912065428,-3.250691927570639,24.88113050437657,31.969743935075368,-5.1499169800289435,-1.5497790736543158
pca,pca,oː,239.59776536312847,28.658479096554657,-3.2247787349501693,24.98806923953856,32.07828736920047,-5.108192307362507,-1.5394488232014423
pca,pca,oː,241.94972067039106,28.75996112174434,-3.1973182286008486,25.081408725074073,32.211266859730856,-5.074669689539209,-1.5281634824314352
pca,pca,oː,244.30167597765364,28.866010544448482,-3.168279462248101,25.11760222637284,32.301377011854676,-5.032197720096551,-1.5103429341647256
pca,pca,oː,246.6536312849162,28.976716921481092,-3.137631489617349,25.19363895893136,32.437264930240026,-5.000756308804443,-1.4636573230086414
pca,pca,oː,249.00558659217876,29.092169809656184,-3.105343364434016,25.286192640936786,32.60967664807297,-4.9695915716551085,-1.4599481772446274
pca,pca,oː,251.35754189944134,29.21245876578777,-3.0713841404235245,25.362133642742997,32.773435458938295,-4.924154057592837,-1.443755190675905
pca,pca,oː,253.7094972067039,29.337673346689844,-3.0357228713112976,25.45877623782441,32.94214846641515,-4.87641629101793,-1.3823220591650112
pca,pca,oː,256.0614525139665,29.467903109176433,-2.9983286108227576,25.53904686102382,33.11147975912209,-4.826336449157427,-1.3224746107150354
pca,pca,oː,258.41340782122904,29.60323761006153,-2.9591704126833296,25.604197921368232,33.29092591606279,-4.775244568573083,-1.2733479889556796
pca,pca,oː,260.76536312849163,29.743766406159157,-2.9182173306184347,25.686108289494022,33.52939544711844,-4.737796968738185,-1.2270816490183603
pca,pca,oː,263.1173184357542,29.889579054283317,-2.8754384183534962,25.810273353529578,33.71306687050481,-4.69879657148705,-1.169585273577092
pca,pca,oː,265.46927374301674,30.04076511124802,-2.830802729613939,25.962466033605207,33.82604749053452,-4.657966635309781,-1.1111216122322247
pca,pca,oː,267.8212290502793,30.197414133867273,-2.784279318125183,26.128034694976495,33.992350704025654,-4.6220867731425495,-1.0454785085073288
pca,pca,oː,270.1731843575419,30.35961567895509,-2.7358372376126523,26.297240865144456,34.17663564419169,-4.585795803872203,-0.9739555701231473
pca,pca,oː,272.52513966480444,30.527459303325475,-2.6854455418017715,26.39412894664445,34.33692386945499,-4.545944117871107,-0.9048919785407753
pca,pca,oː,274.877094972067,30.701034563792437,-2.6330732844179616,26.545460049562863,34.52812585687819,-4.502475195826071,-0.8428179997400714
pca,pca,oː,277.2290502793296,30.880431017169997,-2.5786895191866455,26.721344908884568,34.73967881692333,-4.4666117137802575,-0.7922326502740196
pca,pca,oː,279.58100558659214,31.065738220272145,-2.522263299833249,26.907007402636957,34.95106840354499,-4.436546430996714,-0.7266097193523249
pca,pca,oː,281.9329608938548,31.257045729912903,-2.4637636800831904,27.102595676796277,35.1663721755899,-4.404130611405941,-0.6606737148233823
pca,pca,oː,284.2849162011173,31.454443102906275,-2.403159713661898,27.308257877338722,35.364684288871075,-4.3676793965514324,-0.5950962745366529
pca,pca,oː,286.6368715083799,31.658019896066264,-2.340420454294791,27.524142150240536,35.53807367602901,-4.327133442385189,-0.5298826714956951
pca,pca,oː,288.9888268156425,31.867865666206896,-2.2755149557072936,27.713046474930962,35.73569827966987,-4.2720923831837965,-0.46381756754519543
pca,pca,oː,291.340782122905,32.08406997014217,-2.2084122716248302,27.881282614787075,35.941164480686815,-4.209006350958297,-0.38527189073474616
pca,pca,oː,293.6927374301676,32.30672236468609,-2.139081455772821,28.06017139040302,36.15033460076646,-4.142645422051336,-0.30637675861714614
pca,pca,oː,296.0446927374302,32.535912406652685,-2.0674915618766905,28.294894515504502,36.35779687430117,-4.069200642812918,-0.2303656314772206
pca,pca,oː,298.3966480446927,32.77172965285593,-1.9936116436618632,28.56110285956164,36.58569068859993,-3.9713732747902037,-0.15993864380592174
pca,pca,oː,300.7486033519553,33.01426366010986,-1.9174107548537584,28.795209112495233,36.81792155679563,-3.8690946159300976,-0.0893452759352941
pca,pca,oː,303.1005586592179,33.263603985228485,-1.8388579491778012,29.040911899410773,37.0578577190655,-3.769529682518962,-0.018398635119925805
pca,pca,oː,305.4525139664804,33.5198401850258,-1.7579222803594168,29.29726061004866,37.287179759322434,-3.686234796113469,0.05279058588092898
pca,pca,oː,307.80446927374305,33.78306181631583,-1.6745728021240218,29.591966970428665,37.51044957085415,-3.61840162261895,0.12384685395620536
pca,pca,oː,310.1564245810056,34.05335843591256,-1.588778568197048,29.921856070089934,37.74804835441173,-3.548879312932788,0.20491377920081238
pca,pca,oː,312.50837988826817,34.330800145992754,-1.5005162013997781,30.27913194574073,38.01921651843034,-3.4479295894770843,0.28645146496430557
pca,pca,oː,314.86033519553075,34.61507542558539,-1.4099108003204848,30.650939395011683,38.29605640883508,-3.3303388586173424,0.3693893307125832
pca,pca,oː,317.2122905027933,34.90552447471238,-1.3172229663150463,31.024246279556245,38.57435733466869,-3.18683721570834,0.45330653739360643
pca,pca,oː,319.56424581005587,35.20147472506704,-1.2227182684342792,31.302986023505042,38.83850539431307,-3.0388357496851883,0.5301874473071935
pca,pca,oː,321.91620111731845,35.502253608342656,-1.1266622757290092,31.64148592532433,39.09213041091329,-2.930199171338678,0.5985712035117228
pca,pca,oː,324.268156424581,35.80718855623254,-1.0293205572500594,31.987128818875025,39.35377348381068,-2.7966030531363204,0.7018487533285451
pca,pca,oː,326.62011173184356,36.11560700042999,-0.930958682048248,32.29438218450381,39.582900029312434,-2.65499639169396,0.8075144863767888
pca,pca,oː,328.97206703910615,36.426836372628316,-0.8318422191743984,32.609444205566625,39.76375608417595,-2.5493006996319525,0.8948367065915324
pca,pca,oː,331.3240223463687,36.74020410452081,-0.7322367376793366,32.91594012669176,39.985291152348964,-2.4375934641957704,0.9705781813236475
pca,pca,oː,333.6759776536313,37.05503762780079,-0.6324078066138754,33.31060823387142,40.28990115257414,-2.3575041693187697,1.036817490606688
pca,pca,oː,336.02793296089385,37.370664374161535,-0.5326209950288485,33.76214243469597,40.58147558643312,-2.2769996670007586,1.1026880947028788
pca,pca,oː,338.37988826815644,37.686411775296385,-0.43314187197506904,34.180864868178,40.83864622943392,-2.1591692485134626,1.1993515179698924
pca,pca,oː,340.731843575419,38.00160726289862,-0.3342360065033634,34.5832886889205,41.091983155544185,-2.0590519340891538,1.2989188061223294
pca,pca,oː,343.08379888268155,38.31557826866152,-0.23616896766455464,34.95521716295974,41.36685037708875,-1.9549737114525507,1.3964922305473428
pca,pca,oː,345.43575418994413,38.627652224278435,-0.13920632450946013,35.32128007915904,41.62527709861175,-1.848619632915346,1.4916603298793136
pca,pca,oː,347.7877094972067,38.93715656144264,-0.04361364608890339,35.686907845600985,41.8780861487452,-1.742733266054812,1.5988421328374935
pca,pca,oː,350.13966480446925,39.24341871184745,0.05034349854628806,36.044617672256756,42.12689766804256,-1.614585196523348,1.6803955622514624
pca,pca,oː,352.49162011173183,39.545766107186154,0.14239954034530067,36.472825645723624,42.37584200330482,-1.4796544514381593,1.761785794314839
pca,pca,oː,354.8435754189944,39.843526179152065,0.2322889102573069,36.806692917306584,42.69167711061982,-1.3847342454601155,1.8734718634867027
pca,pca,oː,357.19553072625695,40.136026359438475,0.3197460392314837,37.13241388373242,42.9528793364247,-1.289510679103679,1.973777007539726
pca,pca,oː,359.5474860335196,40.42259407973872,0.4045053582170173,37.45447132520757,43.20217816413796,-1.2188970873211473,2.0512986247834823
pca,pca,oː,361.8994413407821,40.70255677174606,0.4863012981630739,37.72069013982057,43.51859667488727,-1.1635684778988253,2.131257533572984
pca,pca,oː,364.2513966480447,40.97524186715383,0.5648682900188393,38.00007255444183,43.87092552025655,-1.10651351217962,2.2432130500388494
pca,pca,oː,366.6033519553073,41.23997679765531,0.63994076473349,38.27098804305843,44.12028250822096,-1.0159578524215989,2.3260723931247203
pca,pca,oː,368.9553072625698,41.49608899494381,0.7112531532562025,38.47877174967452,44.35198408277981,-0.9401774513841545,2.406599813457152
pca,pca,oː,371.3072625698324,41.74290589071264,0.7785398865361555,38.75609018140724,44.54814358763543,-0.8678853808359199,2.5080729794458887
pca,pca,oː,373.659217877095,41.9797549166551,0.8415353955225267,38.976718751904386,44.766092962716236,-0.8113339521901373,2.5704965164365587
pca,pca,oː,376.0111731843575,42.205963504464485,0.8999741111644943,39.20413249115233,44.96547900267625,-0.7605921681364192,2.6890137486023953
pca,pca,oː,378.3631284916201,42.42085908583412,0.9535904644112363,39.39299338497998,45.16396436288383,-0.690400955287598,2.814104313093346
pca,pca,oː,380.7150837988827,42.62376909245729,1.0021188862119317,39.612618119128136,45.43788745423486,-0.6372664809423976,2.906379216613948
pca,pca,oː,383.0670391061453,42.8140209560273,1.0452938075157578,39.82284225981086,45.688362118222116,-0.6168985499027092,2.9672018330811083
pca,pca,oː,385.4189944134078,42.99094210823744,1.08284965927189,40.03781161377023,45.90753789133952,-0.6016274055577121,3.004162244959028
pca,pca,oː,387.7709497206704,43.15385998078105,1.1145208724295115,40.170288861254214,46.089077909363276,-0.5900642489411037,3.0425497502439764
pca,pca,oː,390.122905027933,43.302102005351394,1.140041877937794,40.29986392316254,46.24001033703963,-0.5831709708879228,3.0843387118412577
pca,pca,oː,392.47486033519556,43.4349956136418,1.1591471067459214,40.40051184126148,46.411760167798654,-0.5550278642224614,3.1223709017477934
pca,pca,oː,394.8268156424581,43.55186823734556,1.1715709898030644,40.461225641336306,46.57900790781494,-0.5529628349852332,3.172758747308823
pca,pca,oː,397.1787709497207,43.65204730815597,1.1770479580584086,40.50764129268759,46.663307250396024,-0.602842743104138,3.2210308820116325
pca,pca,oː,399.53072625698326,43.734860257766364,1.175312442461128,40.55349242900718,46.76301258305918,-0.6328070475688125,3.269773917313571
pca,pca,oː,401.8826815642458,43.799634517870004,1.1660988739604017,40.59406260537985,46.84057546264472,-0.6763353288303208,3.330079213951126
pca,pca,oː,404.23463687150837,43.845697520160215,1.149141683505408,40.631905911896936,46.9038304478283,-0.6976989308330567,3.320146371266037
pca,pca,oː,406.58659217877096,43.872376696330306,1.1241753020453222,40.67359726835168,46.922833261191485,-0.7486455696362375,3.2748728483404927
pca,pca,oː,408.93854748603354,43.87899947807357,1.0909341605293248,40.58131967720878,46.925241322071045,-0.8150979267809402,3.2581076042134165
pca,pca,oː,411.29050279329607,43.864893297083306,1.0491526899065926,40.53718306397039,46.89701328458651,-0.8826834928577098,3.2506802819448053
pca,pca,oː,413.64245810055866,43.829385585052826,0.9985653211263026,40.477925591917995,46.865232910349675,-0.9471709704737898,3.2344552239468487
pca,pca,oː,415.99441340782124,43.77180377367543,0.9389064851376379,40.40312251731655,46.812054463509504,-1.0177574836267156,3.206281227646685
pca,pca,oː,418.3463687150838,43.69147529464442,0.8699106128897691,40.31234909643096,46.73993020254609,-1.0945957576031964,3.1657749904142785
pca,pca,oː,420.69832402234636,43.5877275796531,0.7913121353318786,40.20437121325596,46.64863546886475,-1.170461313486269,3.1125532096196005
pca,pca,oː,423.05027932960894,43.459888060394775,0.702845483413145,40.07930849316276,46.53048510522552,-1.2690479488738347,3.0462325826326184
pca,pca,oː,425.4022346368715,43.307284168562745,0.6042450880827417,39.96644648932004,46.41763744992898,-1.3756580605236155,2.96487242921288
pca,pca,oː,427.75418994413405,43.12924333585032,0.49524538028985354,39.797289515784236,46.275741073166394,-1.491886653538538,2.8564838348357067
pca,pca,oː,430.10614525139664,42.925092993950784,0.37558079098365305,39.58918753508537,46.10506786031872,-1.616850675440742,2.730306474063215
pca,pca,oː,432.4581005586592,42.69416057455746,0.24498575111332066,39.34308619338696,45.89550598125442,-1.752508771518426,2.586064603049424
pca,pca,oː,434.8100558659218,42.43577350936363,0.10319469162802797,39.11987350422892,45.61119117021945,-1.909900080298467,2.4262342698505472
pca,pca,oː,437.16201117318434,42.149259230062626,-0.050057956523035685,38.90998899838741,45.33007790364328,-2.074532163981911,2.2504349010772233
pca,pca,oː,439.5139664804469,41.83394516834774,-0.21503776239069694,38.6455984987033,45.03504744776441,-2.2265351835881315,2.0497867030327255
pca,pca,oː,441.8659217877095,41.489158755912264,-0.392010295025786,38.33226746627327,44.70515158960342,-2.38476358214512,1.815119112759631
pca,pca,oː,444.2178770949721,41.11422742444951,-0.5812411234791153,37.93836534086614,44.32352641258492,-2.552320185808576,1.5669900051811119
pca,pca,oː,446.5698324022346,40.70847860565278,-0.7829958168015096,37.53575546420056,43.910518113536504,-2.7273969938594878,1.303500334499966
pca,pca,oː,448.9217877094972,40.27123973121536,-0.9975399440437887,37.08384141045605,43.42308430105646,-2.9136093286721207,1.083656204736516
pca,pca,oː,451.2737430167598,39.80183862962428,-1.2251389151925096,36.631199929712885,42.94263857699959,-3.108080824210656,0.8613204578170041
pca,pca,oː,453.6256983240223,39.299951705067976,-1.4659184053020358,36.08310379432772,42.42561997664064,-3.339114954743894,0.5901081468928818
pca,pca,oː,455.9776536312849,38.766242756981576,-1.719608268354719,35.53543665405181,41.81680906992023,-3.599583276608782,0.30943204910533734
pca,pca,oː,458.3296089385475,38.201549207036926,-1.9858687576941527,35.0249328176695,41.23333044527878,-3.837796602532692,0.040729025881349856
pca,pca,oː,460.6815642458101,37.606708476905865,-2.264360126663947,34.3959975528021,40.61280435685833,-4.085036241788616,-0.25492510321721495
pca,pca,oː,463.0335195530726,36.98255798826027,-2.5547426286076877,33.73839965158628,39.99253235063167,-4.351393263031271,-0.5959031481152812
pca,pca,oː,465.3854748603352,36.32993516277195,-2.8566765168689905,33.04499692708908,39.357807048119234,-4.664441405662922,-0.9019678008451577
pca,pca,oː,467.7374301675978,35.64967742211277,-3.1698220447914487,32.315477082110185,38.59347314339266,-4.96655236666317,-1.235268940526477
pca,pca,oː,470.08938547486036,34.94262218795455,-3.493839465718679,31.50514817679784,37.953204759399036,-5.246306097077107,-1.5615069044188052
pca,pca,oː,472.4413407821229,34.20960688196918,-3.8283890329942523,30.664415611456473,37.315541322773726,-5.571598537069851,-1.8905116089702239
pca,pca,oː,474.7932960893855,33.45146892582848,-4.173130999961799,29.797197938153104,36.646103280468154,-5.872620009057422,-2.230956316308552
pca,pca,oː,477.14525139664806,32.669045741204265,-4.5277256199649045,28.9719796044963,35.91642592287903,-6.191513690489611,-2.5572964292060805
pca,pca,oː,479.4972067039106,31.86317474976841,-4.891833146347171,28.109195995969582,35.16630812437535,-6.501340782409182,-2.919661973663105
pca,pca,oː,481.8491620111732,31.03469337319278,-5.265113832452208,27.112634593895162,34.424080105517284,-6.80805413143825,-3.301870493994127
pca,pca,oː,484.20111731843576,30.184439033149154,-5.647227931623618,26.12009742990308,33.793807213051245,-7.20432802548931,-3.6883928313286893
pca,pca,oː,486.55307262569835,29.313249151309435,-6.03783569720499,25.14368603094831,33.22376606103827,-7.572006827874531,-4.119726158140396
pca,pca,oː,488.9050279329609,28.42196114934547,-6.436597382539929,24.153497964320756,32.532073659104185,-7.982935017528892,-4.5954848819403855
pca,pca,oː,491.25698324022346,27.511412448929057,-6.8431732409720425,23.05591789442443,31.881280980814932,-8.394937546234118,-5.026204634541341
pca,pca,oː,493.60893854748605,26.582440471732063,-7.257223525844939,21.91104553009406,31.19091408229455,-8.848489458070468,-5.460111685199503
pca,pca,oː,495.96089385474863,25.635882639426328,-7.6784084905022,20.765903811676793,30.463600046836532,-9.340753261219858,-5.837715490961047
pca,pca,oː,498.31284916201116,24.672576373683754,-8.106388388287428,19.61263564428648,29.81647768981042,-9.826952985786843,-6.231206581602768
pca,pca,oː,500.66480446927375,23.69335909617608,-8.540823472544236,18.386129370652647,29.146196115177638,-10.260054814809033,-6.602920144822243
pca,pca,oː,503.01675977653633,22.69906822857523,-8.981373996616227,17.21161663483767,28.407655763579147,-10.801117247383521,-7.036052249255664
pca,pca,oː,505.36871508379886,21.69054119255304,-9.42770021384699,16.004480343803717,27.677726539221158,-11.455913230805226,-7.467074875119723
pca,pca,oː,507.72067039106145,20.668615409781324,-9.87946237758014,14.795211079471462,27.025771325352643,-12.075103662468903,-7.849768479473574
pca,pca,oː,510.07262569832403,19.634128301931938,-10.33632074115927,13.437229002290872,26.372375587809554,-12.575282228390586,-8.211839161255858
pca,pca,oː,512.4245810055866,18.58791729067677,-10.797935557927964,12.060552333882045,25.612323190000197,-13.08690851575446,-8.563893336202595
pca,pca,oː,514.7765363128492,17.530819797687528,-11.263967081229879,10.739969092861863,24.837442969401184,-13.645586529295791,-8.897819618824963
pca,pca,oː,517.1284916201117,16.463673244636226,-11.734075564408545,9.413846989102419,24.055194731868937,-14.22513129592166,-9.218228194398597
pca,pca,oː,519.4804469273743,15.38731505319464,-12.207921260807602,8.070499564757657,23.302820556900148,-14.789428488430739,-9.583167217138843
pca,pca,oː,521.8324022346369,14.302582645034562,-12.685164423770669,6.7076134676812735,22.567122151609688,-15.358931288681443,-10.000477753510573
pca,pca,oː,524.1843575418994,13.210313441827921,-13.165465306641302,5.365729590308251,21.893215842649354,-15.953644654830873,-10.42580336600833
pca,pca,oː,526.536312849162,12.111344865246537,-13.648484162763122,4.015814860889234,21.21859319953026,-16.567559867970495,-10.832772421247416
pca,pca,oː,528.8882681564246,11.00651433696217,-14.133881245479767,2.6307078243674624,20.540529411142998,-17.171940508572092,-11.207471845743619
pca,pca,oː,531.2402234636871,9.896659278646823,-14.621316808134761,1.2242341851573317,19.85951606966882,-17.78570520587239,-11.582962138442111
pca,pca,oː,533.5921787709497,8.782617111972215,-15.110451104071771,-0.18738682430610537,19.176044767288797,-18.419023175887073,-11.980201066919884
pca,pca,oː,535.9441340782123,7.6652252586102065,-15.600944386634382,-1.6031257299721475,18.490607096184117,-19.061916215232017,-12.375225540123099
pca,pca,oː,538.2960893854749,6.545321140232673,-16.09245690916619,-3.031728338340128,17.801995579992525,-19.70621176173152,-12.76218178731143
pca,pca,oː,540.6480446927374,5.423742178511532,-16.584648925010757,-4.507286689435843,17.05859418910895,-20.344812575469355,-13.126693197430017
pca,pca,oː,543.0,4.30132579511843,-17.077180687511767,-5.957184444588889,16.31460307989271,-20.964364628153486,-13.503547670176433
pca,pca,ɑː,122.0,5.993611213806595,-25.244682285612924,-8.127890314869743,16.78809338181657,-29.009529120306354,-21.95667408459028
pca,pca,ɑː,124.35195530726257,6.105249035522213,-25.20115472384445,-7.772865996004145,16.72272695009637,-28.88084311659592,-21.987883752818004
pca,pca,ɑː,126.70391061452514,6.216906208040642,-25.157637280294217,-7.417878055767887,16.668061681679653,-28.752190382573733,-22.019076363462013
pca,pca,ɑː,129.0558659217877,6.328602082164693,-25.114140073180472,-7.0629628727903215,16.613490075926297,-28.623604187928052,-22.04313224277681
pca,pca,ɑː,131.40782122905028,6.440356008697176,-25.07067322072145,-6.708496565882998,16.55905896416796,-28.485412516398963,-22.06926717421273
pca,pca,ɑː,133.75977653631284,6.552187338440902,-25.027246841135394,-6.32598989591865,16.504866208428428,-28.34314995670934,-22.102559369950033
pca,pca,ɑː,136.11173184357543,6.664115422198684,-24.983871052640556,-5.895337267930824,16.45333426576982,-28.214923761674708,-22.13579263005781
pca,pca,ɑː,138.46368715083798,6.7761596107733295,-24.940555973455172,-5.46534081412625,16.4020813461142,-28.092791017296165,-22.16895516741017
pca,pca,ɑː,140.81564245810057,6.8883392549676525,-24.897311721797482,-5.062395996247915,16.351153953295405,-27.97088113816568,-22.186586656275434
pca,pca,ɑː,143.16759776536313,7.000673705584461,-24.85414841588573,-4.68343169303937,16.282954537594254,-27.856104364487134,-22.194159922574535
pca,pca,ɑː,145.51955307262568,7.1131823134265675,-24.811076173938165,-4.304877890995685,16.182823876856133,-27.7630406848838,-22.195887009995875
pca,pca,ɑː,147.87150837988827,7.2258844292967845,-24.768105114173014,-3.9057261601128146,16.11136150125061,-27.670127259957678,-22.1976616973195
pca,pca,ɑː,150.22346368715085,7.33879940399792,-24.725245354808536,-3.5033892227834365,16.03007495164212,-27.573786556203178,-22.203168347680208
pca,pca,ɑː,152.5754189944134,7.451946588332786,-24.682507014062963,-3.101755271076619,15.874844502140236,-27.455105206309575,-22.214835600750085
pca,pca,ɑː,154.92737430167597,7.565345333104192,-24.639900210154543,-2.7008828871275705,15.777051993261882,-27.327604788059713,-22.225936746598826
pca,pca,ɑː,157.27932960893855,7.679014989114952,-24.597435061301514,-2.3008306530714995,15.680271183505091,-27.186880328357756,-22.241048151488755
pca,pca,ɑː,159.6312849162011,7.792974907167874,-24.55512168572212,-1.874957543156426,15.553126903493851,-27.0468475549249,-22.268187584461238
pca,pca,ɑː,161.9832402234637,7.907244438065771,-24.512970201634605,-1.493118935370291,15.427082455995915,-26.938784092147916,-22.286119227043148
pca,pca,ɑː,164.33519553072625,8.02184293261145,-24.47099072725721,-1.112296763765717,15.302730180660571,-26.838077917263703,-22.30843072510685
pca,pca,ɑː,166.68715083798884,8.136789741607728,-24.429193380808176,-0.7183411983597734,15.18016961702679,-26.738931043415274,-22.31599869106375
pca,pca,ɑː,169.0391061452514,8.252104215857411,-24.387588280505746,-0.32546306353831844,15.061445612494797,-26.606411505364253,-22.30710124516437
pca,pca,ɑː,171.39106145251395,8.367805706163312,-24.346185544568165,0.11365392553530042,14.939807898210008,-26.46829837507636,-22.312284499694478
pca,pca,ɑː,173.74301675977654,8.483913563328242,-24.304995291213668,0.5558418089700035,14.824233591724607,-26.35273396249908,-22.318972049836745
pca,pca,ɑː,176.09497206703912,8.60044713815501,-24.264027638660508,0.9959827706982433,14.759485069781897,-26.25673232387038,-22.33013602204757
pca,pca,ɑː,178.44692737430168,8.717425781446426,-24.223292705126923,1.4338767507578276,14.711102328274345,-26.17486112660849,-22.341185212467078
pca,pca,ɑː,180.79888268156424,8.834868844005305,-24.18280060883115,1.7966931269416642,14.668936130464976,-26.082650523129615,-22.350664998609332
pca,pca,ɑː,183.15083798882682,8.952795676634457,-24.14256146799144,2.139966347252666,14.624166206718833,-25.98063193439374,-22.35966400795107
pca,pca,ɑː,185.50279329608938,9.07122563013669,-24.10258540082603,2.5250750386986174,14.594695772945109,-25.902438559963624,-22.374296980652367
pca,pca,ɑː,187.85474860335194,9.190178055314817,-24.06288252555316,2.878540648923742,14.574174147254826,-25.827513575655388,-22.400942060330536
pca,pca,ɑː,190.20670391061452,9.309672302971649,-24.023462960391075,3.090575108091166,14.59809042172067,-25.74644869150516,-22.403377766309855
pca,pca,ɑː,192.5586592178771,9.429727723909995,-23.984336823558024,3.3315873246012186,14.600609387427118,-25.64866757454915,-22.37996456531311
pca,pca,ɑː,194.91061452513966,9.550363668932667,-23.94551423327224,3.6536909722566198,14.571629906239753,-25.555107369994786,-22.37666734962826
pca,pca,ɑː,197.26256983240222,9.671599488842476,-23.90700530775197,3.975210685099415,14.569347587588114,-25.480173530058725,-22.379411263453374
pca,pca,ɑː,199.6145251396648,9.793454534442235,-23.868820165215453,4.293000173159295,14.620307230738598,-25.428353986794605,-22.353578733473444
pca,pca,ɑː,201.9664804469274,9.915948156534752,-23.830968923880935,4.611747110634578,14.587620353094028,-25.3765212691947,-22.327598459157826
pca,pca,ɑː,204.31843575418995,10.039099705922837,-23.793461701966656,4.978657898897616,14.670051183651642,-25.33206926919165,-22.31172092068633
pca,pca,ɑː,206.6703910614525,10.162928533409303,-23.75630861769086,5.382888395769733,14.6639544093837,-25.25642171795664,-22.30815309952688
pca,pca,ɑː,209.0223463687151,10.287453989796962,-23.71951978927179,5.78227006894481,14.711105419773618,-25.178569890443157,-22.304794336322935
pca,pca,ɑː,211.37430167597765,10.41269542588862,-23.68310533492768,6.0724753463854695,14.83086522437219,-25.152114192897688,-22.28982690837515
pca,pca,ɑː,213.7262569832402,10.538672192487093,-23.647075372876785,6.2816578965991505,14.97806364563812,-25.093412026118934,-22.253526138133324
pca,pca,ɑː,216.0782122905028,10.665403640395189,-23.61144002133734,6.55419556362883,15.061406410843686,-25.056396925923444,-22.22930920948012
pca,pca,ɑː,218.43016759776538,10.792909120415722,-23.576209398527592,6.842252610080898,15.138673587467443,-25.02403335518152,-22.214054290456637
pca,pca,ɑː,220.78212290502793,10.921207983351499,-23.54139362266578,6.98247497890295,15.254888050396506,-24.976172261443814,-22.185209275785255
pca,pca,ɑː,223.1340782122905,11.05031958000533,-23.507002811970143,7.0990675344091105,15.255215428685515,-24.932488234019363,-22.166719995947435
pca,pca,ɑː,225.48603351955308,11.180263261180034,-23.47304708465893,7.347175690738029,15.278661652812923,-24.86437523405242,-22.14853301126491
pca,pca,ɑː,227.83798882681566,11.311058377678414,-23.439536558950376,7.499640732893147,15.304218670441593,-24.816892171632052,-22.130861317226255
pca,pca,ɑː,230.18994413407822,11.442724280303283,-23.40648135306273,7.730513901891869,15.461949071560687,-24.759494925580363,-22.10708985294447
pca,pca,ɑː,232.54189944134077,11.57528031985745,-23.37389158521423,7.838184617848622,15.657771244280806,-24.71736038729625,-22.067528946636777
pca,pca,ɑː,234.89385474860336,11.70874584714373,-23.341777373623124,7.968426777239332,15.831252604524432,-24.704062767917396,-22.028284824874042
pca,pca,ɑː,237.24581005586592,11.843140212964931,-23.31014883650765,8.101382758504501,16.000753425051503,-24.671707862912598,-21.964740512458658
pca,pca,ɑː,239.59776536312847,11.978482768123865,-23.279016092086046,8.209682592424254,16.088634297721537,-24.638137402043014,-21.898100374174298
pca,pca,ɑː,241.94972067039106,12.114792863423343,-23.248389258576566,8.310039793577994,16.233100619413385,-24.610287608601176,-21.8330408895216
pca,pca,ɑː,244.30167597765364,12.252089849666175,-23.218278454197442,8.444706171073586,16.358761915287744,-24.585940809908276,-21.800698125496584
pca,pca,ɑː,246.6536312849162,12.390393077655173,-23.188693797166923,8.573456120354995,16.480844387643973,-24.568834451540997,-21.78780759508169
pca,pca,ɑː,249.00558659217876,12.529721898193145,-23.159645405703248,8.689129958870938,16.628045310057846,-24.536457159714622,-21.738858884286987
pca,pca,ɑː,251.35754189944134,12.670095662082907,-23.131143398024655,8.844949352885266,16.802358216933843,-24.50275962090857,-21.702260376853957
pca,pca,ɑː,253.7094972067039,12.811533720127265,-23.103197892349396,9.00535624038964,16.925938513072783,-24.469874443478222,-21.66810817675953
pca,pca,ɑː,256.0614525139665,12.954055423129033,-23.075819006895706,9.110292629011338,17.10102117581085,-24.43666927930998,-21.620538678604046
pca,pca,ɑː,258.41340782122904,13.097680121891017,-23.04901685988183,9.229924051243799,17.301376295060184,-24.41056495713289,-21.57248868921493
pca,pca,ɑː,260.76536312849163,13.242427167216036,-23.022801569526013,9.331424901548962,17.46349131493594,-24.38541200351157,-21.52401768545301
pca,pca,ɑː,263.1173184357542,13.388315909906895,-22.99718325404649,9.486871850451964,17.61639502714555,-24.361743242134544,-21.486737138180562
pca,pca,ɑː,265.46927374301674,13.535365700766402,-22.972172031661508,9.645045952216368,17.794013639076912,-24.338387694152384,-21.439658624176488
pca,pca,ɑː,267.8212290502793,13.683595890597378,-22.94777802058931,9.805992659389869,17.943969639239924,-24.323927622973063,-21.385582450390483
pca,pca,ɑː,270.1731843575419,13.833025830202626,-22.924011339048143,9.969757424520155,18.125617992235092,-24.310717259214147,-21.347950931050896
pca,pca,ɑː,272.52513966480444,13.983674870384956,-22.90088210525624,10.11771697697126,18.310967623605165,-24.31009650674397,-21.31200689834531
pca,pca,ɑː,274.877094972067,14.135562361947185,-22.878400437431846,10.253228971992701,18.494696868255826,-24.311297686111548,-21.28405552619519
pca,pca,ɑː,277.2290502793296,14.28870765569212,-22.856576453793203,10.356182507016351,18.67678040764458,-24.294839482600285,-21.264405929682816
pca,pca,ɑː,279.58100558659214,14.44313010242257,-22.835420272558558,10.437104137527191,18.881324013400825,-24.269423551018868,-21.25281507881149
pca,pca,ɑː,281.9329608938548,14.598849052941356,-22.81494201194615,10.598007442865615,19.10898828574109,-24.25132955117495,-21.239846182140546
pca,pca,ɑː,284.2849162011173,14.755883858051272,-22.79515179017422,10.765533155843023,19.290386272716244,-24.24163273914659,-21.22178627631451
pca,pca,ɑː,286.6368715083799,14.914253868555143,-22.776059725461014,10.937473995190567,19.46263790695418,-24.231786588642304,-21.201857095510288
pca,pca,ɑː,288.9888268156425,15.073978435255773,-22.757675936024775,11.113893948246943,19.669400295706723,-24.214945783000253,-21.184143728470104
pca,pca,ɑː,291.340782122905,15.235076908955975,-22.740010540083738,11.285984668387739,19.83463985832133,-24.197348899730915,-21.168479203184955
pca,pca,ɑː,293.6927374301676,15.397568640458559,-22.723073655856147,11.439030282435038,20.00009464058993,-24.176031080634576,-21.154819252163907
pca,pca,ɑː,296.0446927374302,15.56147298056634,-22.706875401560254,11.577912484851074,20.142542191169387,-24.160212388889676,-21.144200422069673
pca,pca,ɑː,298.3966480446927,15.726809280082119,-22.69142589541429,11.721947980426936,20.290033243461927,-24.134222999540224,-21.138294602526038
pca,pca,ɑː,300.7486033519553,15.89359688980872,-22.676735255636505,11.871206408259384,20.43558644343534,-24.104410628820858,-21.134441592058856
pca,pca,ɑː,303.1005586592179,16.061855160548944,-22.662813600445133,12.022946739995124,20.56014593270278,-24.073717083995074,-21.124781418629368
pca,pca,ɑː,305.4525139664804,16.2316034431056,-22.64967104805843,12.176909786329418,20.684336344541165,-24.06114964379691,-21.108777267616762
pca,pca,ɑː,307.80446927374305,16.40286108828152,-22.637317716694625,12.335863808683055,20.833918903418162,-24.05222136899001,-21.11300785668052
pca,pca,ɑː,310.1564245810056,16.575647446879483,-22.625763724571968,12.494733222469504,21.002725547469225,-24.03001430868902,-21.12729457634595
pca,pca,ɑː,312.50837988826817,16.74998186970232,-22.615019189908697,12.627640523041988,21.13638914695071,-24.003621197258266,-21.130310871961623
pca,pca,ɑː,314.86033519553075,16.925883707552842,-22.605094230923058,12.806170496277955,21.27043688376963,-23.982257464822517,-21.141549087303783
pca,pca,ɑː,317.2122905027933,17.103344288341535,-22.595997317370625,13.050955646920515,21.403996582628498,-23.95320881735634,-21.14180621851316
pca,pca,ɑː,319.56424581005587,17.28216922262238,-22.587725994077292,13.273076057217315,21.56160720237349,-23.932153976653957,-21.143615046417686
pca,pca,ɑː,321.91620111731845,17.462088572009915,-22.580273361659387,13.460014269646498,21.696342930257483,-23.910533086127636,-21.14694724123213
pca,pca,ɑː,324.268156424581,17.64283217868839,-22.57363250782513,13.649054134533479,21.79663997290217,-23.87885070014869,-21.16787981316534
pca,pca,ɑː,326.62011173184356,17.824129884842055,-22.567796520282737,13.87256426365594,21.9360644596925,-23.863604137430162,-21.150590775839156
pca,pca,ɑː,328.97206703910615,18.005711532655155,-22.562758486740428,14.11065760954222,22.103386235295275,-23.858493398741103,-21.159015014561053
pca,pca,ɑː,331.3240223463687,18.187306964311933,-22.558511494906412,14.339552698087397,22.24308590530127,-23.8263132490572,-21.185275875760876
pca,pca,ɑː,333.6759776536313,18.368646021996646,-22.555048632488916,14.5583144611142,22.385555520046402,-23.791508973916027,-21.18592068600469
pca,pca,ɑː,336.02793296089385,18.549458547893526,-22.552362987196155,14.77752426216068,22.558259120788758,-23.769516050317275,-21.16063551065213
pca,pca,ɑː,338.37988826815644,18.729474384186837,-22.550447646736345,14.999451112564566,22.726982268354845,-23.767213686062174,-21.134425056823105
pca,pca,ɑː,340.731843575419,18.908423373060813,-22.5492956988177,15.214435647539533,22.881410942531925,-23.766184086723232,-21.108187028053326
pca,pca,ɑː,343.08379888268155,19.086035356699707,-22.548900231148448,15.462514150589888,23.016106983212335,-23.755520683493774,-21.11440198069091
pca,pca,ɑː,345.43575418994413,19.26204017728777,-22.549254331436796,15.623640087458988,23.170356486881815,-23.74980229447128,-21.118269129491892
pca,pca,ɑː,347.7877094972067,19.436167677009237,-22.550351087390965,15.817253451385463,23.31474382405647,-23.734235389434847,-21.149804467783888
pca,pca,ɑː,350.13966480446925,19.608147698048366,-22.552183586719174,16.019146826686075,23.381397719434283,-23.71091961031686,-21.17406228475239
pca,pca,ɑː,352.49162011173183,19.777710082589405,-22.55474491712964,16.19520202415103,23.488408576001234,-23.69741732828404,-21.17516154540542
pca,pca,ɑː,354.8435754189944,19.944584672816596,-22.55802816633058,16.36517547053027,23.562639190420366,-23.71514271700249,-21.172989059257535
pca,pca,ɑː,357.19553072625695,20.10850131091418,-22.56202642203021,16.527981917449726,23.639775707412518,-23.71706223249128,-21.166043575513214
pca,pca,ɑː,359.5474860335196,20.26918983906642,-22.56673277193675,16.730350100388367,23.781581947391967,-23.72833434262611,-21.179467971186803
pca,pca,ɑː,361.8994413407821,20.42638009945755,-22.572140303758413,16.942876326221374,23.89580791557534,-23.7356001771921,-21.204994662015395
pca,pca,ɑː,364.2513966480447,20.57980193427182,-22.578242105203422,17.06510972818814,23.97822334428141,-23.7537190015205,-21.18436915991855
pca,pca,ɑː,366.6033519553073,20.729185185693485,-22.585031263979992,17.244501104807224,24.057059894901442,-23.772262364999225,-21.19975327403187
pca,pca,ɑː,368.9553072625698,20.87425969590678,-22.592500867796343,17.404612472341686,24.185584454260376,-23.79084854913081,-21.204854274829717
pca,pca,ɑː,371.3072625698324,21.014755307095964,-22.60064400436069,17.526330501006814,24.30586152639912,-23.809438266866266,-21.20016834288261
pca,pca,ɑː,373.659217877095,21.15040186144527,-22.609453761381246,17.64375489075088,24.405350823549146,-23.846068432837388,-21.200364048364825
pca,pca,ɑː,376.0111731843575,21.28092920113896,-22.61892322656624,17.71640501465373,24.53283189771214,-23.888071626409022,-21.20265918166365
pca,pca,ɑː,378.3631284916201,21.406067168361268,-22.629045487623877,17.805891800452592,24.76008381292759,-23.913872453755435,-21.209136857955638
pca,pca,ɑː,380.7150837988827,21.525545605296458,-22.639813632262378,17.89683073232662,24.927959858165654,-23.946155494894327,-21.193029181813877
pca,pca,ɑː,383.0670391061453,21.63909435412876,-22.65122074818997,17.99749407161644,25.05823461481952,-23.981916682247828,-21.175115652973343
pca,pca,ɑː,385.4189944134078,21.746443257042422,-22.663259923114854,18.128056377208157,25.18824523064652,-23.99804340065635,-21.17047916254194
pca,pca,ɑː,387.7709497206704,21.847322156221708,-22.675924244745264,18.236043643610305,25.3102307061071,-24.016177729325257,-21.15956245910911
pca,pca,ɑː,390.122905027933,21.941460893850852,-22.689206800789407,18.315303276392655,25.421305519516046,-24.038198159829083,-21.141595570338414
pca,pca,ɑː,392.47486033519556,22.028589312114104,-22.703100678955504,18.420788815923853,25.49956486007655,-24.05237132940159,-21.135728270388686
pca,pca,ɑː,394.8268156424581,22.108437253195703,-22.717598966951776,18.521087091426644,25.536455133020837,-24.065797007229666,-21.147196823085295
pca,pca,ɑː,397.1787709497207,22.180734559279912,-22.73269475248643,18.61700796162224,25.557995213991813,-24.078306589179444,-21.129584720549826
pca,pca,ɑː,399.53072625698326,22.245211072550962,-22.74838112326769,18.671507260390207,25.636715919067242,-24.091441617207664,-21.110092772717326
pca,pca,ɑː,401.8826815642458,22.301596635193114,-22.76465116700378,18.677197358336493,25.745626450253873,-24.114200784812557,-21.092270839976266
pca,pca,ɑː,404.23463687150837,22.349621089390606,-22.781497971402906,18.679020123129963,25.845166315379007,-24.151537836125904,-21.08000338230071
pca,pca,ɑː,406.58659217877096,22.389014277327686,-22.798914624173293,18.706743816244412,25.93282299243858,-24.193446484008234,-21.074985106710145
pca,pca,ɑː,408.93854748603354,22.419506041188612,-22.816894213023154,18.733087645236854,25.98302085341745,-24.235690354941028,-21.06619350556237
pca,pca,ɑː,411.29050279329607,22.44082622315761,-22.835429825660704,18.73835334065246,26.00756107392047,-24.27786005759832,-21.058022770709695
pca,pca,ɑː,413.64245810055866,22.45270466541895,-22.85451454979417,18.76551550784083,26.021388261902697,-24.30863206037717,-21.052706790984008
pca,pca,ɑː,415.99441340782124,22.454871210156867,-22.874141473131765,18.788483511504335,26.049431532792443,-24.35050344906286,-21.050338312151972
pca,pca,ɑː,418.3463687150838,22.447055699555605,-22.8943036833817,18.735812807283576,26.05636890294868,-24.363710196306663,-21.05101007998026
pca,pca,ɑː,420.69832402234636,22.42898797579942,-22.914994268252208,18.707192304239598,26.053026981707045,-24.396484404318464,-21.054814840235526
pca,pca,ɑː,423.05027932960894,22.400397881072553,-22.936206315451493,18.673971886698773,26.04009658986639,-24.429975412877127,-21.067165377594634
pca,pca,ɑː,425.4022346368715,22.361015257559256,-22.95793291268777,18.63225107765624,26.013398543342063,-24.461568468159765,-21.087395093003703
pca,pca,ɑː,427.75418994413405,22.31056994744377,-22.980167147669263,18.560499971812263,25.978198863829117,-24.48470303667596,-21.11195298152261
pca,pca,ɑː,430.10614525139664,22.24879179291035,-23.002902108104198,18.48867598153677,25.92053946352969,-24.49112065710207,-21.14098288092224
pca,pca,ɑː,432.4581005586592,22.175410636143233,-23.02613088170078,18.419888639564846,25.847729469895583,-24.522747916224517,-21.174746268684427
pca,pca,ɑː,434.8100558659218,22.090156319326677,-23.04984655616723,18.337817388360264,25.762930978792536,-24.54395555372301,-21.213749073417613
pca,pca,ɑː,437.16201117318434,21.992758684644922,-23.074042219211762,18.190453166056745,25.6766814207118,-24.559542357907887,-21.273132144178298
pca,pca,ɑː,439.5139664804469,21.88294757428222,-23.0987109585426,18.03562429863081,25.618642774916776,-24.57139666791489,-21.339258155452875
pca,pca,ɑː,441.8659217877095,21.760452830422807,-23.123845861867956,17.869850959137256,25.480236646031873,-24.58193585916948,-21.372836192223286
pca,pca,ɑː,444.2178770949721,21.625004295250946,-23.149440016896055,17.724331920638708,25.387402891344085,-24.590090550679204,-21.44332877077227
pca,pca,ɑː,446.5698324022346,21.476331810950878,-23.17548651133511,17.580234316247996,25.244168364334882,-24.6195412333754,-21.509899077505818
pca,pca,ɑː,448.9217877094972,21.314165219706844,-23.201978432893327,17.52315884852225,25.06355454388681,-24.6409286415097,-21.576106459421204
pca,pca,ɑː,451.2737430167598,21.138234363703095,-23.228908869278946,17.334604974035628,24.864091251242268,-24.66321336959885,-21.63042515020933
pca,pca,ɑː,453.6256983240223,20.948271100046853,-23.25627089491337,17.12390132686512,24.64470583192722,-24.67217848525265,-21.678785611986594
pca,pca,ɑː,455.9776536312849,20.74421638924056,-23.284056205349668,16.902732738734002,24.405295281668714,-24.665907083912256,-21.743857898325295
pca,pca,ɑː,458.3296089385475,20.526399858771597,-23.312253933195358,16.671346236245448,24.156625238481965,-24.668394445089277,-21.79445631947267
pca,pca,ɑː,460.6815642458101,20.29519344971193,-23.34085293203395,16.43001797924694,23.940523810376153,-24.68319561972722,-21.812187771720883
pca,pca,ɑː,463.0335195530726,20.050969103133532,-23.369842055449,16.177110834084225,23.655913894285113,-24.692911307209695,-21.856548309544117
pca,pca,ɑː,465.3854748603352,19.79409876010836,-23.399210157024022,15.832268768074488,23.3307124833403,-24.71897343181332,-21.89193289769104
pca,pca,ɑː,467.7374301675978,19.52495436170837,-23.428946090342556,15.579207158808014,23.11747608942464,-24.75316220473729,-21.92316174107666
pca,pca,ɑː,470.08938547486036,19.243907849005534,-23.459038708988118,15.29035937147281,22.819051736894483,-24.788249090467726,-21.938886974858995
pca,pca,ɑː,472.4413407821229,18.951331163071828,-23.48947686654426,15.017314178046439,22.531013634009117,-24.843982088540677,-21.95629638208401
pca,pca,ɑː,474.7932960893855,18.64759624497919,-23.520249416594485,14.66361470431199,22.29677624338738,-24.893672017480878,-22.012711416970404
pca,pca,ɑː,477.14525139664806,18.333075035799606,-23.551345212722346,14.351684517162512,21.9674379053047,-24.92781246711753,-22.089845186492337
pca,pca,ɑː,479.4972067039106,18.00813947660503,-23.582753108511362,13.875102168709837,21.68123099537245,-24.91456127026019,-22.13894494886648
pca,pca,ɑː,481.8491620111732,17.67316150846743,-23.61446195754506,13.50136671727399,21.561032011416064,-24.931457160360292,-22.130275230180306
pca,pca,ɑː,484.20111731843576,17.328513072458758,-23.646460613406983,13.131625880455934,21.383385859765582,-24.962994681145652,-22.133901189416612
pca,pca,ɑː,486.55307262569835,16.974566109650986,-23.678737929680647,12.51920823428945,21.090233620553377,-24.9972429263738,-22.126194758412606
pca,pca,ɑː,488.9050279329609,16.61169256111609,-23.711282759949597,11.895499563328366,20.848166614665647,-25.103785211696202,-22.155835399836892
pca,pca,ɑː,491.25698324022346,16.240264367926017,-23.744083957797343,11.369421365569124,20.638874313924276,-25.20014565906505,-22.172498483196705
pca,pca,ɑː,493.60893854748605,15.86065347115274,-23.77713037680744,10.821913697279136,20.569700814523788,-25.295363647117988,-22.15642893305823
pca,pca,ɑː,495.96089385474863,15.473231811868214,-23.8104108705634,10.266260550522322,20.411298028136418,-25.387922825602836,-22.140174704233225
pca,pca,ɑː,498.31284916201116,15.07837133114442,-23.843914292648755,9.682725276288025,20.183018934057323,-25.47305124935035,-22.10906846439274
pca,pca,ɑː,500.66480446927375,14.6764439700533,-23.87762949664704,8.986756479452865,19.925728465068797,-25.57915980848011,-22.151871131110134
pca,pca,ɑː,503.01675977653633,14.267821669666825,-23.911545336141785,8.305955934337582,19.853239813332195,-25.678982856693764,-22.10277509656481
pca,pca,ɑː,505.36871508379886,13.852876371056984,-23.945650664716513,7.703901579880373,19.70992845943346,-25.784453569979906,-22.045489089766352
pca,pca,ɑː,507.72067039106145,13.431980015295704,-23.979934335954766,6.942125319538535,19.476015609986668,-25.90741366481311,-21.970184452447597
pca,pca,ɑː,510.07262569832403,13.005504543454965,-24.014385203440067,6.00747395060802,19.249527427055433,-26.029793516113244,-21.89078670223926
pca,pca,ɑː,512.4245810055866,12.573821896606741,-24.048992120755948,5.233787769778203,19.094313766721942,-26.16166187234301,-21.82296834927167
pca,pca,ɑː,514.7765363128492,12.137304015822963,-24.083743941485928,4.454423374038012,18.936474436784255,-26.287061959392474,-21.752849309761228
pca,pca,ɑː,517.1284916201117,11.696322842175642,-24.118629519213552,3.6460090077226623,18.806611011212187,-26.40226546840875,-21.70662727897728
pca,pca,ɑː,519.4804469273743,11.251250316736725,-24.15363770752235,2.8306731032458945,18.691431425517013,-26.533683855362323,-21.67732769421512
pca,pca,ɑː,521.8324022346369,10.80245838057813,-24.18875735999584,2.0090448913495815,18.574776438707815,-26.70345349312002,-21.62783593389458
pca,pca,ɑː,524.1843575418994,10.350318974771886,-24.223977330217565,1.1817536027757978,18.456347341998665,-26.8363838480801,-21.592378643814403
pca,pca,ɑː,526.536312849162,9.895204040389935,-24.25928647177105,0.34942846826641394,18.335292602094743,-26.944114246720314,-21.490686806494754
pca,pca,ɑː,528.8882681564246,9.437485518504214,-24.294673638239814,-0.42335711129602627,18.123275050654765,-27.09101967982104,-21.376349036657896
pca,pca,ɑː,531.2402234636871,8.97753535018673,-24.3301276832074,-1.1953775046143416,17.892826322302128,-27.218082504248773,-21.30194189413581
pca,pca,ɑː,533.5921787709497,8.515725476509427,-24.365637460257346,-1.9742291468727644,17.70113560762683,-27.376408352767953,-21.202471193620937
pca,pca,ɑː,535.9441340782123,8.05242783854425,-24.401191822973168,-2.7553009200920453,17.50840483875156,-27.547234896639672,-21.074231528642805
pca,pca,ɑː,538.2960893854749,7.588014377363166,-24.4367796249384,-3.538037791531949,17.314894029226295,-27.722768318849397,-20.945352928870236
pca,pca,ɑː,540.6480446927374,7.122857034038216,-24.47238971973656,-4.321884728452166,17.15644377089859,-27.911337312317144,-20.8155225251933
pca,pca,ɑː,543.0,6.657327749641247,-24.508010960951207,-5.1314302305756785,17.015054869956533,-28.073429028927567,-20.685547194727484
pca,pca,æː,122.0,-34.980614277117034,-16.601218897201427,-42.64845276036429,-30.156135678215872,-21.74703873103214,-12.846156834325535
pca,pca,æː,124.35195530726257,-34.82649227432779,-16.412871293482333,-42.31687245504291,-30.187978242155612,-21.42894191280465,-12.751638947218071
pca,pca,æː,126.70391061452514,-34.67239129975934,-16.224564503768214,-41.985364732103776,-30.129684935860936,-21.112683177119887,-12.657132001300724
pca,pca,æː,129.0558659217877,-34.51833238163247,-16.036339342064018,-41.65400217392913,-30.13594559810669,-20.796595263132264,-12.560386359050673
pca,pca,æː,131.40782122905028,-34.36433654816796,-15.848236622374717,-41.32285736290121,-30.165490984079554,-20.480763581690354,-12.455976589049493
pca,pca,æː,133.75977653631284,-34.210424827586614,-15.660297158705273,-40.992398888624116,-30.172406464334117,-20.165273543642726,-12.351601039964427
pca,pca,æː,136.11173184357543,-34.05661824810922,-15.47256176506065,-40.63922417345546,-30.167964752783206,-19.85021055983795,-12.271366286750535
pca,pca,æː,138.46368715083798,-33.90293783795654,-15.28507125544582,-40.246460921820734,-30.124864472971932,-19.507865705259686,-12.15753631271745
pca,pca,æː,140.81564245810057,-33.7494046253494,-15.097866443865733,-39.85566233003989,-30.14321172740362,-19.15829389562074,-12.048100206495754
pca,pca,æː,143.16759776536313,-33.59603963850857,-14.910988144325371,-39.49574587226347,-30.121298420187134,-18.813370574416258,-11.934612157365784
pca,pca,æː,145.51955307262568,-33.44286390565485,-14.724477170829687,-39.159957401627054,-30.036641311035257,-18.47817835921906,-11.83053604129667
pca,pca,æː,147.87150837988827,-33.289898455009016,-14.538374337383646,-38.87166519425275,-29.957817688641985,-18.245440668227026,-11.730900497433332
pca,pca,æː,150.22346368715085,-33.13716431479186,-14.352720457992215,-38.53877906087787,-29.88564816487111,-17.968170690576606,-11.622649021258288
pca,pca,æː,152.5754189944134,-32.984682513224186,-14.16755634666036,-38.19974723757801,-29.729284452257286,-17.619321352877485,-11.518855227747075
pca,pca,æː,154.92737430167597,-32.832474078526765,-13.982922817393042,-37.88580501200918,-29.5640730116398,-17.271783367412436,-11.418567676738558
pca,pca,æː,157.27932960893855,-32.6805600389204,-13.79886068419523,-37.57244669379609,-29.47489469496944,-16.9256911326146,-11.318448512139831
pca,pca,æː,159.6312849162011,-32.52896142262587,-13.615410761071885,-37.26923008113598,-29.412676378147054,-16.585605751498367,-11.20817537599368
pca,pca,æː,161.9832402234637,-32.377699257863966,-13.432613862027974,-36.967027089991625,-29.253003565377632,-16.28444300967098,-11.104877785766048
pca,pca,æː,164.33519553072625,-32.226794572855475,-13.25051080106846,-36.66590107170777,-29.12973383099068,-16.02348824772187,-10.979130488222394
pca,pca,æː,166.68715083798884,-32.076268395821195,-13.069142392198305,-36.36591537762914,-29.029496762158047,-15.768618557555614,-10.77599236533067
pca,pca,æː,169.0391061452514,-31.92614175498191,-12.888549449422479,-36.10804852865673,-28.87325065848286,-15.43679726801305,-10.64354341736688
pca,pca,æː,171.39106145251395,-31.776435678558414,-12.708772786745943,-35.980130486284864,-28.697145613023824,-15.229966289471257,-10.515355219611003
pca,pca,æː,173.74301675977654,-31.627171194771485,-12.529853218173658,-35.82538594523324,-28.54464974055917,-15.017030942773728,-10.343769195807301
pca,pca,æː,176.09497206703912,-31.478369331841925,-12.351831557710598,-35.60228404066798,-28.372473093274465,-14.785158233357661,-10.16798123366828
pca,pca,æː,178.44692737430168,-31.33005111799052,-12.17474861936172,-35.38000201362306,-28.21916698851286,-14.588471104020174,-10.062094971449064
pca,pca,æː,180.79888268156424,-31.182237581438052,-11.998645217131994,-35.159878604349494,-28.115064805021646,-14.369264267498545,-9.895222167345521
pca,pca,æː,183.15083798882682,-31.03494975040531,-11.823562165026377,-34.938548178221765,-27.970882716779617,-14.228725057488406,-9.740062483667845
pca,pca,æː,185.50279329608938,-30.888208653113104,-11.64954027704984,-34.721108990318235,-27.81567524630405,-14.07342846331026,-9.525939540116472
pca,pca,æː,187.85474860335194,-30.742035317782197,-11.476620367207348,-34.513775399710994,-27.69695414131546,-13.89727816122297,-9.319275748544271
pca,pca,æː,190.20670391061452,-30.59645077263339,-11.30484324950386,-34.26363985039527,-27.569299636422866,-13.73150581826945,-9.129836270870278
pca,pca,æː,192.5586592178771,-30.45147604588747,-11.13424973794434,-34.163533546181164,-27.43340160509509,-13.509312897883182,-8.924634004368624
pca,pca,æː,194.91061452513966,-30.307132165765232,-10.964880646533759,-33.97336678230633,-27.298670462904372,-13.303754866938746,-8.711729568521568
pca,pca,æː,197.26256983240222,-30.163440160487454,-10.796776789277082,-33.80055238310961,-27.128708383322525,-13.125782835936523,-8.502479161965429
pca,pca,æː,199.6145251396648,-30.020421058274934,-10.629978980179265,-33.680551344399895,-26.90200664356424,-12.956359110819259,-8.271863087993326
pca,pca,æː,201.9664804469274,-29.87809588734846,-10.46452803324528,-33.42139246068095,-26.731045582976698,-12.855254835078409,-8.077285173412683
pca,pca,æː,204.31843575418995,-29.736485675928826,-10.30046476248009,-33.23180175592911,-26.53586823550708,-12.717418236339446,-7.845200102020239
pca,pca,æː,206.6703910614525,-29.595611452236803,-10.137829981888657,-33.12692060696245,-26.347626258671802,-12.58154685740267,-7.62513568227599
pca,pca,æː,209.0223463687151,-29.455494244493206,-9.976664505475949,-33.034036804446615,-26.18902207695397,-12.438582398395459,-7.42254186336259
pca,pca,æː,211.37430167597765,-29.316155080918804,-9.817009147246928,-32.95960901932271,-26.02144675899878,-12.339572817014451,-7.222836258270591
pca,pca,æː,213.7262569832402,-29.177614989734394,-9.65890472120656,-32.88575870737098,-25.83980598823499,-12.214365967277846,-7.026096926832998
pca,pca,æː,216.0782122905028,-29.03989499916077,-9.502392041359808,-32.7705719260161,-25.688884473104608,-12.03417454237218,-6.826835322974668
pca,pca,æː,218.43016759776538,-28.903016137418707,-9.347511921711636,-32.7102107213803,-25.545832645411267,-11.86581153789858,-6.602393102808207
pca,pca,æː,220.78212290502793,-28.76699943272901,-9.194305176267012,-32.57874698547921,-25.410312659953465,-11.769205063909636,-6.3806963546387205
pca,pca,æː,223.1340782122905,-28.631865913312463,-9.0428126190309,-32.452037621580466,-25.28661957358123,-11.697398027171642,-6.182271949284889
pca,pca,æː,225.48603351955308,-28.497636607389847,-8.893075064008261,-32.37856900192874,-25.10432607618175,-11.62738677180201,-5.980057950033718
pca,pca,æː,227.83798882681566,-28.36433254318196,-8.745133325204058,-32.30353737751041,-24.937356448155878,-11.556707003264025,-5.759386001392483
pca,pca,æː,230.18994413407822,-28.231974748909586,-8.599028216623267,-32.226907225489896,-24.79208766401816,-11.48534352807659,-5.545372589049789
pca,pca,æː,232.54189944134077,-28.100584252793528,-8.45480055227084,-32.14864302303158,-24.659061754466094,-11.388956162023526,-5.352239553500515
pca,pca,æː,234.89385474860336,-27.97018208305456,-8.312491146151743,-32.05864841647786,-24.46143203898789,-11.281256254795231,-5.176498993611499
pca,pca,æː,237.24581005586592,-27.840789267913472,-8.172140812270946,-31.957180366226595,-24.268392041521178,-11.179368445480076,-4.981523295793184
pca,pca,æː,239.59776536312847,-27.712426835591057,-8.033790364633418,-31.8543623503801,-24.08832594467753,-11.106043350095204,-4.809138418657178
pca,pca,æː,241.94972067039106,-27.58511581430811,-7.897480617244106,-31.71484396373871,-23.925099939521274,-11.033483335762185,-4.633079544633354
pca,pca,æː,244.30167597765364,-27.458877232285403,-7.7632523841079895,-31.573691608298468,-23.772802709173913,-10.960770328549499,-4.445954090055319
pca,pca,æː,246.6536312849162,-27.333732117743743,-7.631146479230033,-31.453305015020298,-23.610713886271885,-10.88790132859676,-4.273625495313751
pca,pca,æː,249.00558659217876,-27.20970149890392,-7.501203716615194,-31.339679865706717,-23.428943928148318,-10.80451419082161,-4.116376478272745
pca,pca,æː,251.35754189944134,-27.086806403986714,-7.373464910268439,-31.228204034234682,-23.265006500346104,-10.703913803806905,-3.9633744625854677
pca,pca,æː,253.7094972067039,-26.96506786121291,-7.247970874194731,-31.129985745467383,-23.105688160738406,-10.642995221558106,-3.814698096425136
pca,pca,æː,256.0614525139665,-26.844506898803303,-7.124762422399037,-31.045956014096078,-22.916632239186654,-10.589734483544346,-3.6704260279649636
pca,pca,æː,258.41340782122904,-26.725144544978694,-7.003880368886328,-30.9723027627076,-22.775810668319327,-10.512659444509229,-3.5306369053781723
pca,pca,æː,260.76536312849163,-26.607001827959856,-6.885365527661559,-30.871298629914403,-22.58840450691996,-10.430491120910435,-3.3924057759313784
pca,pca,æː,263.1173184357542,-26.49009977596758,-6.769258712729695,-30.768783183564885,-22.401124896921058,-10.348981944351177,-3.255690384250156
pca,pca,æː,265.46927374301674,-26.374459417222656,-6.655600738095707,-30.665765043760377,-22.21891757387862,-10.28068478272504,-3.1070319130593957
pca,pca,æː,267.8212290502793,-26.260101779945884,-6.5444324177645505,-30.560779202707867,-22.042207633712618,-10.19982086402808,-2.946507714573111
pca,pca,æː,270.1731843575419,-26.147047892358046,-6.4357945657411975,-30.452346997687215,-21.890648837915005,-10.113949365340169,-2.7966368281514216
pca,pca,æː,272.52513966480444,-26.035318782679926,-6.329727996030613,-30.34041284218282,-21.760579241867752,-10.041907855935497,-2.6842471417711518
pca,pca,æː,274.877094972067,-25.924935479132323,-6.226273522637754,-30.224921149679048,-21.6338997777629,-9.96618559676478,-2.5765982243819856
pca,pca,æː,277.2290502793296,-25.81591900993601,-6.125471959567594,-30.10621345746126,-21.51620036200746,-9.89089049484385,-2.473193296880445
pca,pca,æː,279.58100558659214,-25.708290403311796,-6.027364120825094,-29.986348976881942,-21.42269833832385,-9.806081510393197,-2.361760648225701
pca,pca,æː,281.9329608938548,-25.60207068748046,-5.9319908204152085,-29.87442190498474,-21.332593305328412,-9.717485736720723,-2.2552403488059367
pca,pca,æː,284.2849162011173,-25.497280890662793,-5.83939287234292,-29.75915567896647,-21.245935964374702,-9.627574885290702,-2.1423504734547283
pca,pca,æː,286.6368715083799,-25.393942041079583,-5.7496110906131825,-29.661554746513453,-21.16221363911041,-9.536705409457037,-2.0258738439601767
pca,pca,æː,288.9888268156425,-25.29207516695162,-5.662686289230965,-29.61464042680584,-21.081826935734846,-9.427929472283163,-1.915469232917055
pca,pca,æː,291.340782122905,-25.1917012964997,-5.578659282201226,-29.523818324801134,-21.005027080035024,-9.308921663616697,-1.8187080963738294
pca,pca,æː,293.6927374301676,-25.0928414579446,-5.497570883528933,-29.430896276745017,-20.906457444671002,-9.19743803656782,-1.7533930425824138
pca,pca,æː,296.0446927374302,-24.995516679507112,-5.419461907219052,-29.304846096983372,-20.809734298737293,-9.085317642594742,-1.6941244242338278
pca,pca,æː,298.3966480446927,-24.899747989408034,-5.344373167276547,-29.16896239219277,-20.70120720812378,-8.972494867795108,-1.6431341342309902
pca,pca,æː,300.7486033519553,-24.805556415868146,-5.272345477706384,-29.03082263881082,-20.586354823699125,-8.858960220536126,-1.591451748342578
pca,pca,æː,303.1005586592179,-24.71296298710824,-5.203419652513524,-28.890396756189652,-20.52111491083542,-8.746422165963422,-1.5387109938526498
pca,pca,æː,305.4525139664804,-24.621988731349113,-5.137636505702936,-28.759087227137588,-20.44362440709426,-8.633528192728813,-1.492538692950515
pca,pca,æː,307.80446927374305,-24.532654676811543,-5.075036851279574,-28.628922843951997,-20.380214016523883,-8.519959153053174,-1.4569346684902493
pca,pca,æː,310.1564245810056,-24.44498185171632,-5.015661503248417,-28.511063170928505,-20.328208341749402,-8.41866354456565,-1.427571312451914
pca,pca,æː,312.50837988826817,-24.35899128428424,-4.9595512756144196,-28.392190316699335,-20.25896298914161,-8.33300803135967,-1.404527620638296
pca,pca,æː,314.86033519553075,-24.27470400273609,-4.9067469823825505,-28.27986148933115,-20.200379598641543,-8.247117586231157,-1.386866465605975
pca,pca,æː,317.2122905027933,-24.192145486488975,-4.857283644622061,-28.186742243892848,-20.160069178997126,-8.161000525707577,-1.3776739427364133
pca,pca,æː,319.56424581005587,-24.111370714570693,-4.811157891622532,-28.081679888790088,-20.132799570702552,-8.074739504717984,-1.3983119598524003
pca,pca,æː,321.91620111731845,-24.032446666310708,-4.768350735079746,-28.01219866191809,-20.120269424635342,-7.9913023697829395,-1.4177990802123324
pca,pca,æː,324.268156424581,-23.955440355893074,-4.728843141328518,-27.942330595036278,-20.078226996108814,-7.932502087625431,-1.4324600826345408
pca,pca,æː,326.62011173184356,-23.88041879750189,-4.692616076703658,-27.833530256295496,-20.039987480071503,-7.8283253610392505,-1.4446739344033435
pca,pca,æː,328.97206703910615,-23.807449005321224,-4.659650507539972,-27.698102573475136,-20.045888515104217,-7.714563796622759,-1.4637957877192285
pca,pca,æː,331.3240223463687,-23.73659799353515,-4.629927400172271,-27.5442470055308,-20.06642815539194,-7.64860630958648,-1.4898663064989217
pca,pca,æː,333.6759776536313,-23.667932776327742,-4.603427720935365,-27.36549042597922,-20.059262988786923,-7.575238599084539,-1.5302614863459005
pca,pca,æː,336.02793296089385,-23.601520367883086,-4.580132436164071,-27.237163952624815,-20.092968188508934,-7.507076413137464,-1.560888661142678
pca,pca,æː,338.37988826815644,-23.537427782385244,-4.560022512193193,-27.12017376238965,-20.050683079054732,-7.398457041120713,-1.6059218248402156
pca,pca,æː,340.731843575419,-23.475722034018304,-4.543078915357544,-27.027481760310057,-19.982240492454302,-7.312283685060925,-1.6308373289810545
pca,pca,æː,343.08379888268155,-23.416470136966343,-4.529282611991942,-26.912385816164665,-19.9155613642874,-7.2101432963183685,-1.6287980446300099
pca,pca,æː,345.43575418994413,-23.359739105413432,-4.518614568431179,-26.75903027751882,-19.871009850794145,-7.170270123552904,-1.6427375887582312
pca,pca,æː,347.7877094972067,-23.30559595354365,-4.51105575101008,-26.605778636306194,-19.908972423924613,-7.109714289762105,-1.655600173268476
pca,pca,æː,350.13966480446925,-23.254107695541073,-4.506587126063458,-26.4693941674829,-19.96405297743069,-7.064479185023413,-1.6823154989123037
pca,pca,æː,352.49162011173183,-23.20534134558977,-4.505189659926113,-26.416972312394403,-19.908181991303984,-7.0237198485420125,-1.725117854472669
pca,pca,æː,354.8435754189944,-23.159363917873822,-4.50684431893286,-26.33615437463864,-19.973187158971246,-7.000710645652495,-1.7622287852853527
pca,pca,æː,357.19553072625695,-23.116242426577315,-4.511532069418507,-26.203209476341264,-19.940528603939825,-7.006667132060078,-1.7909460979632088
pca,pca,æː,359.5474860335196,-23.076043885884314,-4.519233877717873,-26.07433563398164,-19.954619571372053,-7.0171924893009825,-1.8005595012249194
pca,pca,æː,361.8994413407821,-23.0388353099789,-4.529930710165765,-26.017209384178646,-19.799329860443944,-7.053623830557829,-1.8661820809682645
pca,pca,æː,364.2513966480447,-23.004683713045143,-4.543603533096984,-25.94486639943338,-19.77070208680603,-7.052370093576543,-1.9298402745333116
pca,pca,æː,366.6033519553073,-22.973656109267132,-4.560233312846357,-25.831807480762393,-19.837026893239198,-7.086268963457152,-1.923034732390716
pca,pca,æː,368.9553072625698,-22.94581951282893,-4.579801015748682,-25.747898060874395,-19.776377181522562,-7.0467354484729725,-1.964604974738969
pca,pca,æː,371.3072625698324,-22.92124093791462,-4.602287608138777,-25.66945151119116,-19.78090407737612,-7.04263137577329,-2.079281453449022
pca,pca,æː,373.659217877095,-22.899987398708276,-4.627674056351442,-25.676490931971653,-19.77239659415036,-7.102489994215102,-2.1873484148244224
pca,pca,æː,376.0111731843575,-22.88212590939398,-4.6559413267215,-25.740612120430555,-19.78355525468702,-7.157905632815761,-2.2075572739239435
pca,pca,æː,378.3631284916201,-22.867723484155796,-4.687070385583755,-25.794370128255466,-19.793914811386212,-7.261080204323753,-2.2253869584265042
pca,pca,æː,380.7150837988827,-22.856847137177812,-4.721042199273018,-25.736206301023394,-19.778539678314928,-7.25119724263884,-2.2482291400090775
pca,pca,æː,383.0670391061453,-22.849563882644105,-4.757837734124099,-25.77187328127782,-19.719008268179753,-7.339414806668349,-2.2617901014253086
pca,pca,æː,385.4189944134078,-22.845940734738736,-4.797437956471811,-25.78873389196542,-19.70013665854683,-7.466100163623823,-2.299475740789827
pca,pca,æː,387.7709497206704,-22.8460447076458,-4.839823832650957,-25.88828640811831,-19.62600529735466,-7.497859903368287,-2.344138754886453
pca,pca,æː,390.122905027933,-22.849942815549365,-4.884976328996363,-25.964777181264406,-19.58719125793024,-7.605002166297379,-2.349183921031594
pca,pca,æː,392.47486033519556,-22.857702072633504,-4.93287641184283,-26.04934815365021,-19.580803844912623,-7.713449421995929,-2.323354266143325
pca,pca,æː,394.8268156424581,-22.869389493082295,-4.9835050475251705,-26.08349130189158,-19.549022972896903,-7.822054900825091,-2.319411485374494
pca,pca,æː,397.1787709497207,-22.885072091079827,-5.036843202378186,-26.12331870056807,-19.498380643371085,-7.934097425388249,-2.3164910848953677
pca,pca,æː,399.53072625698326,-22.904816880810156,-5.092871842736699,-26.198645904147146,-19.439354609547646,-8.055361665910384,-2.3231373924326313
pca,pca,æː,401.8826815642458,-22.928690876457367,-5.151571934935518,-26.268875150979802,-19.38079044554322,-8.141641591175556,-2.2989814448301003
pca,pca,æː,404.23463687150837,-22.956761092205543,-5.212924445309454,-26.315880341329844,-19.336240584184665,-8.20599889592811,-2.343106893904459
pca,pca,æː,406.58659217877096,-22.989094542238746,-5.276910340193304,-26.32971720455477,-19.294159560788074,-8.303303932303137,-2.383208340349775
pca,pca,æː,408.93854748603354,-23.025758240741066,-5.343510585921898,-26.408672623639067,-19.277694702699797,-8.427715372578065,-2.419495820875388
pca,pca,æː,411.29050279329607,-23.06681920189658,-5.41270614883004,-26.433718240040825,-19.270593805786355,-8.534823722462907,-2.4425580980173174
pca,pca,æː,413.64245810055866,-23.112344439889345,-5.484477995252533,-26.467971638434296,-19.28368348047803,-8.63880954868344,-2.4708937124780643
pca,pca,æː,415.99441340782124,-23.16240096890346,-5.558807091524194,-26.510393517661534,-19.33949425825618,-8.741717428741799,-2.5200093481384434
pca,pca,æː,418.3463687150838,-23.217055803122985,-5.635674403979834,-26.564937951225655,-19.4313017843899,-8.812841340276645,-2.5538078705251896
pca,pca,æː,420.69832402234636,-23.276375956732014,-5.715060898954256,-26.665758554628738,-19.437384917578036,-8.881468077758303,-2.590215107700063
pca,pca,æː,423.05027932960894,-23.340428443914607,-5.796947542782284,-26.75132390079814,-19.5112512926391,-8.9731859685795,-2.6424812444012424
pca,pca,æː,425.4022346368715,-23.40928027885484,-5.881315301798729,-26.884009865182428,-19.56379238071142,-9.079936210841202,-2.7381887698647303
pca,pca,æː,427.75418994413405,-23.482998475736803,-5.968145142338379,-27.022687323229793,-19.62881356781034,-9.184280746433027,-2.848131901587634
pca,pca,æː,430.10614525139664,-23.561650048744564,-6.057418030736073,-27.121736659401016,-19.70663893015665,-9.265238555828278,-2.9487853142042666
pca,pca,æː,432.4581005586592,-23.6453020120622,-6.149114933326601,-27.21066846128832,-19.79710739781751,-9.359641901769455,-3.0406870339900425
pca,pca,æː,434.8100558659218,-23.73402137987378,-6.243216816444786,-27.329654838228684,-19.882924003063668,-9.474689610269685,-3.1287604961396873
pca,pca,æː,437.16201117318434,-23.8278751663634,-6.339704646425417,-27.436375959558323,-20.020180830887753,-9.558179372046387,-3.2231187138848556
pca,pca,æː,439.5139664804469,-23.92693038571511,-6.438559389603348,-27.53686195441242,-20.141512112737228,-9.650422494101324,-3.315146824472963
pca,pca,æː,441.8659217877095,-24.031254052113006,-6.539762012313339,-27.617467908164173,-20.29917103832646,-9.7123878877706,-3.3925228468806217
pca,pca,æː,444.2178770949721,-24.14091317974116,-6.643293480890236,-27.68645243794593,-20.460627052793555,-9.788769690737343,-3.4570866519514807
pca,pca,æː,446.5698324022346,-24.255974782783642,-6.749134761668834,-27.75672201613691,-20.637155776053522,-9.941532026626893,-3.592325337580307
pca,pca,æː,448.9217877094972,-24.376505875424538,-6.857266820983952,-27.83409648108749,-20.812864642189357,-10.060373811000897,-3.7211576211470674
pca,pca,æː,451.2737430167598,-24.50257347184792,-6.967670625170392,-27.89074852501927,-20.99489373552518,-10.119537807554957,-3.831835343828819
pca,pca,æː,453.6256983240223,-24.634243912392666,-7.080327016701965,-27.994169914331277,-21.16490289315051,-10.17013509585227,-3.9516942200115803
pca,pca,æː,455.9776536312849,-24.771513607519832,-7.195203984084941,-28.083184629665134,-21.339483080916963,-10.252815274783892,-4.076392614770611
pca,pca,æː,458.3296089385475,-24.914248986851327,-7.312245623756162,-28.144353442798266,-21.490512798292244,-10.367181524329684,-4.186839207313137
pca,pca,æː,460.6815642458101,-25.062302329192427,-7.431393431059199,-28.27060645246369,-21.685576862003757,-10.429063632123809,-4.305269316473097
pca,pca,æː,463.0335195530726,-25.215525913348433,-7.552588901337629,-28.406089051802976,-21.925572339060587,-10.540831697834815,-4.429149547170488
pca,pca,æː,465.3854748603352,-25.373772018124633,-7.675773529935,-28.57355334581561,-22.139440940562924,-10.587776080847275,-4.560247739373441
pca,pca,æː,467.7374301675978,-25.53689292232631,-7.800888812194877,-28.744623581851126,-22.354752592064628,-10.613167439686846,-4.720189321136936
pca,pca,æː,470.08938547486036,-25.704740904758747,-7.927876243460794,-28.85212141549618,-22.579382288855705,-10.700522176086297,-4.9127619858505165
pca,pca,æː,472.4413407821229,-25.87716824422725,-8.056677319076357,-28.983879599598897,-22.79190583041579,-10.7880768384354,-5.107474307365598
pca,pca,æː,474.7932960893855,-26.05402721953709,-8.187233534385108,-29.159125462783376,-23.06066031560866,-10.8668530947506,-5.226795186197185
pca,pca,æː,477.14525139664806,-26.23517010949357,-8.319486384730595,-29.307478938300537,-23.19586119278776,-10.943674674393266,-5.342562899695287
pca,pca,æː,479.4972067039106,-26.420449192901962,-8.453377365456376,-29.459689403591106,-23.388225031615665,-11.054869586957913,-5.406071165910413
pca,pca,æː,481.8491620111732,-26.60971674856757,-8.588847971906041,-29.691981772143524,-23.52673974737978,-11.16931517205837,-5.637457233216827
pca,pca,æː,484.20111731843576,-26.802825055295678,-8.725839699423133,-29.971128234350918,-23.728741103329853,-11.257869734795436,-5.719758036770976
pca,pca,æː,486.55307262569835,-26.999626391891574,-8.864294043351201,-30.239841827122877,-24.00721515615279,-11.356503217724319,-5.842391975771937
pca,pca,æː,488.9050279329609,-27.19997303716054,-9.004152499033808,-30.600464030253335,-24.179787064053357,-11.537057295284084,-5.977114678013588
pca,pca,æː,491.25698324022346,-27.40371726990788,-9.145356561814538,-30.916157390415286,-24.29402916529509,-11.754706813289738,-6.0442253764467155
pca,pca,æː,493.60893854748605,-27.610711368938865,-9.287847727036933,-31.30686115975151,-24.54765885998476,-11.870151817025722,-6.106723895146078
pca,pca,æː,495.96089385474863,-27.820807613058793,-9.431567490044557,-31.80114513521354,-24.802200802548246,-12.051400030768603,-6.136917124183414
pca,pca,æː,498.31284916201116,-28.033858281072945,-9.576457346180966,-32.261998383756584,-24.91331221976984,-12.237740584263456,-6.188468193440756
pca,pca,æː,500.66480446927375,-28.249715651786623,-9.722458790789723,-32.6334516399696,-25.02644454252286,-12.440618101108473,-6.251540699803508
pca,pca,æː,503.01675977653633,-28.468232004005102,-9.869513319214406,-33.04605205696331,-25.086137961427074,-12.681081279377905,-6.3088128646703785
pca,pca,æː,505.36871508379886,-28.689259616533676,-10.017562426798548,-33.4279114943445,-25.239879828489602,-12.920284183728958,-6.259201428130598
pca,pca,æː,507.72067039106145,-28.91265076817764,-10.166547608885729,-33.900788519917455,-25.393001537556533,-13.165177119578335,-6.200182958040011
pca,pca,æː,510.07262569832403,-29.138257737742272,-10.316410360819482,-34.32095755298348,-25.455641216594852,-13.431606387787523,-6.089004003771175
pca,pca,æː,512.4245810055866,-29.36593280403286,-10.467092177943414,-34.77624804543718,-25.579709203175273,-13.70182248625014,-6.063537635679906
pca,pca,æː,514.7765363128492,-29.59552824585471,-10.618534555601045,-35.2358735546794,-25.636946316987743,-13.94022551204341,-6.09351341235139
pca,pca,æː,517.1284916201117,-29.826896342013086,-10.770678989135966,-35.6993455111163,-25.68359250982439,-14.196037180558312,-6.1067985964854925
pca,pca,æː,519.4804469273743,-30.05988937131329,-10.9234669738917,-36.16634337748165,-25.821196387674814,-14.516138056730401,-6.010036294059559
pca,pca,æː,521.8324022346369,-30.29435961256062,-11.076840005211828,-36.695422742685494,-25.962366056341175,-14.820191434175934,-5.955701973794362
pca,pca,æː,524.1843575418994,-30.53015934456035,-11.230739578439923,-37.26854058379557,-25.97026224607156,-15.064183162144825,-5.866067142788848
pca,pca,æː,526.536312849162,-30.76714084611775,-11.385107188919527,-37.849205538834646,-25.977987863756642,-15.309180481666811,-5.833008389982104
pca,pca,æː,528.8882681564246,-31.005156396038156,-11.539884331994216,-38.43299365593025,-25.981586944489628,-15.579056975390042,-5.716273775384421
pca,pca,æː,531.2402234636871,-31.24405827312682,-11.695012503007526,-39.039648047916764,-26.010029565015195,-15.902320717713238,-5.594131893570153
pca,pca,æː,533.5921787709497,-31.483698756189035,-11.850433197303055,-39.70049683212406,-26.05684989200331,-16.194911345940614,-5.574233012299647
pca,pca,æː,535.9441340782123,-31.72393012403011,-12.006087910224338,-40.363516703105624,-26.014001585854423,-16.45814792157189,-5.5541536091863755
pca,pca,æː,538.2960893854749,-31.964604655455332,-12.161918137114931,-41.028164889167876,-25.98309361268179,-16.721800239138926,-5.533938814690996
pca,pca,æː,540.6480446927374,-32.20557462926994,-12.317865373318398,-41.69389861861714,-25.94134528167205,-16.9914460034463,-5.50998301288544
pca,pca,æː,543.0,-32.44669232427928,-12.473871114178309,-42.36017511976006,-25.90536698347969,-17.349138137457487,-5.484751126627894
pca,pca,eː,122.0,-28.125403464197557,8.170099400357412,-38.622272782879975,-22.264917457816424,2.870162844092797,13.040656396238528
pca,pca,eː,124.35195530726257,-27.95328665212168,8.119967201095578,-38.23325222302896,-22.246089005313834,2.929090290609219,12.850076223482587
pca,pca,eː,126.70391061452514,-27.78117590206432,8.069890354933225,-37.84430396366214,-22.21710486540324,2.984913342118834,12.70066784241165
pca,pca,eː,129.0558659217877,-27.609077276043998,8.019924214969834,-37.455500305263676,-22.18424986520046,3.0390947810508755,12.557402462765307
pca,pca,eː,131.40782122905028,-27.436996836079224,7.9701241343048865,-37.098537491108424,-22.136334905455296,3.0933580658999973,12.400938634359445
pca,pca,eː,133.75977653631284,-27.264940644188535,7.920545466037861,-36.701256415582804,-22.08264578968587,3.170015280162103,12.245844298228095
pca,pca,eː,136.11173184357543,-27.09291476239043,7.871243563268242,-36.30434926995999,-22.02883132554204,3.2422307906152135,12.141061622161503
pca,pca,eː,138.46368715083798,-26.920925252703427,7.8222737790955055,-35.90789084022053,-21.974866443348922,3.286719287466205,12.02595151269682
pca,pca,eː,140.81564245810057,-26.748978177146054,7.773691466619139,-35.51195591234497,-21.920277714024497,3.331420204619742,11.886542337389448
pca,pca,eː,143.16759776536313,-26.57707959773683,7.725551978938619,-35.11661927231391,-21.871194314722736,3.376335196247024,11.74771607098619
pca,pca,eː,145.51955307262568,-26.405235576494274,7.677910669153427,-34.72195570610788,-21.837482884424393,3.416993950599246,11.609545577100057
pca,pca,eː,147.87150837988827,-26.233452175436888,7.630822890363043,-34.33063832537673,-21.769186888491575,3.457977825212654,11.476599389301764
pca,pca,eː,150.22346368715085,-26.061735456583207,7.584343995666952,-33.94073690141923,-21.677429620119298,3.511249232153963,11.352624348180704
pca,pca,eː,152.5754189944134,-25.890091481951742,7.53852933816463,-33.551719454108785,-21.579609216775548,3.6311600782456024,11.236066968937832
pca,pca,eː,154.92737430167597,-25.718526313561014,7.493434270955561,-33.15525108937102,-21.50859472885927,3.714336596897644,11.139228748763088
pca,pca,eː,157.27932960893855,-25.547046013429537,7.449114147139225,-32.74263428950755,-21.42324302808683,3.779813079187371,11.05291747649666
pca,pca,eː,159.6312849162011,-25.375656643575837,7.405624319815103,-32.35794463355318,-21.332987862659095,3.801518102399613,10.970640391063876
pca,pca,eː,161.9832402234637,-25.20436426601842,7.363020142082675,-31.97450936511992,-21.29787756572837,3.7698249172528526,10.858882063978673
pca,pca,eː,164.33519553072625,-25.033174942775812,7.321356967041424,-31.59240688342784,-21.206722408418653,3.7392112074100905,10.76156938388485
pca,pca,eː,166.68715083798884,-24.862094735866528,7.28069014779083,-31.212831505506863,-21.077602669244136,3.7328066941276496,10.672229714616767
pca,pca,eː,169.0391061452514,-24.691129707309095,7.241075037430373,-30.836648389810485,-20.99249281925372,3.757711096918913,10.584065725670472
pca,pca,eː,171.39106145251395,-24.520285919122028,7.202566989059534,-30.469089505367144,-20.967197391100026,3.723432225099041,10.497139294957636
pca,pca,eː,173.74301675977654,-24.34956943332383,7.1652213557777955,-30.12697264444964,-20.957667344126243,3.653688976349177,10.411512300389932
pca,pca,eː,176.09497206703912,-24.178986311933038,7.129093490684637,-29.78608310000051,-20.882113218536965,3.6045572369115213,10.298337518490486
pca,pca,eː,178.44692737430168,-24.008542616968164,7.09423874687954,-29.446476659131946,-20.81375117050431,3.581753848385915,10.163721633991639
pca,pca,eː,180.79888268156424,-23.83824441044772,7.060712477461986,-29.108209108956142,-20.72630066043129,3.5600249230779752,10.034959853374271
pca,pca,eː,183.15083798882682,-23.668097754390228,7.028570035531455,-28.771336236585295,-20.641811272808315,3.5413001835047946,9.954449116178951
pca,pca,eː,185.50279329608938,-23.49810871081421,6.997866774187429,-28.43591382913162,-20.501357827313583,3.5765097531564987,9.915229422643835
pca,pca,eː,187.85474860335194,-23.328283341738185,6.968658046529387,-28.12133318918479,-20.376180067788436,3.5728388896246037,9.86367173645004
pca,pca,eː,190.20670391061452,-23.158627709180656,6.9409992056568095,-27.809056414395823,-20.249978896191568,3.583451637215236,9.78708782630068
pca,pca,eː,192.5586592178771,-22.989147875160157,6.914945604669182,-27.49913191221677,-20.148174782865556,3.564319377125408,9.685069271440133
pca,pca,eː,194.91061452513966,-22.819849901695207,6.890552596665982,-27.156286949809196,-20.008481114542352,3.546792618278132,9.592264026512215
pca,pca,eː,197.26256983240222,-22.650739850804314,6.867875534746688,-26.79323805091767,-19.830975126960166,3.5389278784946265,9.53622568571522
pca,pca,eː,199.6145251396648,-22.481823784506,6.846969772010787,-26.456963225953004,-19.704734907846312,3.5457635604069524,9.500492520018057
pca,pca,eː,201.9664804469274,-22.313107764818785,6.827890661557755,-26.092970125795592,-19.600499655335387,3.552782367191905,9.465983617749488
pca,pca,eː,204.31843575418995,-22.144597853761187,6.810693556487076,-25.721939100193072,-19.44193267545071,3.4811776406384976,9.450538277248059
pca,pca,eː,206.6703910614525,-21.976300113351726,6.7954338098982285,-25.39492057066661,-19.258883336628056,3.469879716743195,9.430774980836867
pca,pca,eː,209.0223463687151,-21.80822060560891,6.782166774890696,-25.117285931459307,-19.115373974129067,3.3872865012043527,9.43052512931694
pca,pca,eː,211.37430167597765,-21.64036539255127,6.770947804563956,-24.842680677274682,-18.966067161945713,3.328127606139306,9.354450454620302
pca,pca,eː,213.7262569832402,-21.472740536197318,6.761832252017492,-24.54428771206618,-18.815061855057948,3.313407319447457,9.32521399082528
pca,pca,eː,216.0782122905028,-21.305352098565564,6.754875470350786,-24.219886108057707,-18.667414637560498,3.3120935670118063,9.324923196534906
pca,pca,eː,218.43016759776538,-21.138206141674544,6.750132812663316,-23.953473555043416,-18.54966025158239,3.305017866110327,9.322648148179189
pca,pca,eː,220.78212290502793,-20.971308727542763,6.747659632054564,-23.705776846503444,-18.430537316122177,3.285367190075464,9.337130038325201
pca,pca,eː,223.1340782122905,-20.804665918188746,6.747511281624012,-23.48295839800981,-18.284792350392408,3.2690959865790967,9.358936344211067
pca,pca,eː,225.48603351955308,-20.638283775631006,6.749743114471139,-23.24033458884878,-18.12587321452308,3.314614318956306,9.391806129462198
pca,pca,eː,227.83798882681566,-20.472168361888063,6.754410483695428,-23.00229287193216,-17.968437236092768,3.3928700217328425,9.425860611653919
pca,pca,eː,230.18994413407822,-20.306325738978433,6.761568742396356,-22.679936388207615,-17.812323266410903,3.424423110256754,9.461126715716695
pca,pca,eː,232.54189944134077,-20.14076196892064,6.771273243673411,-22.426839869791543,-17.657037407306028,3.474371636470651,9.490475027571051
pca,pca,eː,234.89385474860336,-19.975483113733198,6.783579340626068,-22.22531006803512,-17.504351673428832,3.4308586982919227,9.521093791275371
pca,pca,eː,237.24581005586592,-19.810495235434622,6.798542386353809,-22.065161022471287,-17.346085186733138,3.3850070914463988,9.56560592468131
pca,pca,eː,239.59776536312847,-19.645804396043438,6.816217733956117,-21.881124527496407,-17.185457932118084,3.3448612064112853,9.62289400171045
pca,pca,eː,241.94972067039106,-19.48141665757816,6.836660736532471,-21.730671215282943,-17.03741525799794,3.3105374864888337,9.66226469012772
pca,pca,eː,244.30167597765364,-19.3173380820573,6.859926747182352,-21.58807008560026,-16.845349343186975,3.307906377969019,9.708423421278054
pca,pca,eː,246.6536312849162,-19.153574731499386,6.8860711190052415,-21.41969383215353,-16.622627324392074,3.311031121526784,9.764538821769696
pca,pca,eː,249.00558659217876,-18.99013266792294,6.9151492051006205,-21.23732892051592,-16.3992863809479,3.32964486652708,9.816943631124024
pca,pca,eː,251.35754189944134,-18.82701795334646,6.94721635856797,-21.07251172753678,-16.179212130362522,3.3541252033088025,9.882787355927151
pca,pca,eː,253.7094972067039,-18.66423664978848,6.98232793250677,-20.8840485299903,-15.975301465883566,3.363492732673523,9.952581027017004
pca,pca,eː,256.0614525139665,-18.501794819267516,7.020539280016504,-20.715029725764566,-15.797710490384118,3.378204244188213,10.018052125228094
pca,pca,eː,258.41340782122904,-18.339698523802085,7.0619057541966495,-20.5554844778669,-15.591188750936638,3.398355166105556,10.084960428544603
pca,pca,eː,260.76536312849163,-18.177953825410704,7.10648270814669,-20.393444260381635,-15.388024504991575,3.4240409266782272,10.132161755650719
pca,pca,eː,263.1173184357542,-18.01656678611189,7.1543254949661055,-20.224503519108165,-15.180200718579025,3.4539619293533197,10.184521852808697
pca,pca,eː,265.46927374301674,-17.855543467924164,7.205489467754376,-20.058079935142317,-15.023513025530171,3.489345598129567,10.239922151269445
pca,pca,eː,267.8212290502793,-17.694889932866044,7.260029979610983,-19.907595060775794,-14.83815996422854,3.530556150245583,10.267913970380668
pca,pca,eː,270.1731843575419,-17.534612242956047,7.31800238363541,-19.76277317820799,-14.650275632172825,3.5747510078462668,10.308624881927923
pca,pca,eː,272.52513966480444,-17.374716460212692,7.379462032927133,-19.63900461288632,-14.530444692274163,3.614581637103828,10.372899728444802
pca,pca,eː,274.877094972067,-17.2152086466545,7.4444642805856365,-19.503804462273862,-14.364821377120633,3.6761722614646306,10.459970053048899
pca,pca,eː,277.2290502793296,-17.05609486429998,7.513064479710402,-19.340023310425245,-14.197889331649789,3.7531246054987193,10.548739611066312
pca,pca,eː,279.58100558659214,-16.897381175167656,7.585317983400906,-19.174977045252614,-14.022554105723056,3.837161031373791,10.639823522812472
pca,pca,eː,281.9329608938548,-16.73907364127604,7.661280144756637,-19.035282822577962,-13.874950457086673,3.9327440768927397,10.732076725169085
pca,pca,eː,284.2849162011173,-16.581178324643666,7.741006316877068,-18.896590700433414,-13.729028965118747,4.0436493290716715,10.819431498347187
pca,pca,eː,286.6368715083799,-16.423701287289038,7.824551852861685,-18.725404536684714,-13.573061297524514,4.139509843711348,10.89809581265788
pca,pca,eː,288.9888268156425,-16.26664859123068,7.911972105809966,-18.59781301388619,-13.346631941227317,4.225499304383341,10.962598438926914
pca,pca,eː,291.340782122905,-16.110026298487103,8.003322428821392,-18.4699870206389,-13.125720489327794,4.319546266894776,11.038648519868088
pca,pca,eː,293.6927374301676,-15.953840471076841,8.098658174995446,-18.32352733960162,-12.967765530425511,4.421297473718177,11.142170408205986
pca,pca,eː,296.0446927374302,-15.79809717101839,8.19803469743161,-18.176336097593232,-12.843320656792482,4.531317150126095,11.240585996531138
pca,pca,eː,298.3966480446927,-15.642802460330284,8.30150734922936,-18.027800972598495,-12.71222438764923,4.638253927631263,11.33336278068264
pca,pca,eː,300.7486033519553,-15.48796240103104,8.409131483488181,-17.878429157760014,-12.532177825817039,4.744098934098692,11.42907966271765
pca,pca,eː,303.1005586592179,-15.333583055139165,8.520962453307554,-17.710054281575694,-12.369410483216786,4.887612948033041,11.527775843941274
pca,pca,eː,305.4525139664804,-15.179670484673196,8.637055611786957,-17.538375151520412,-12.222205839172986,5.053173244469772,11.629490525658627
pca,pca,eː,307.80446927374305,-15.026230751651628,8.757466312025876,-17.364467015068225,-12.080046986470132,5.217130165463277,11.734262909174825
pca,pca,eː,310.1564245810056,-14.873269918092998,8.882249907123782,-17.193516885860117,-11.946782288410805,5.394078415689994,11.842132195794978
pca,pca,eː,312.50837988826817,-14.720794046015815,9.01146175018017,-17.00938070259967,-11.820989588788747,5.58019430849317,11.953137586824202
pca,pca,eː,314.86033519553075,-14.568809197438597,9.145157194294509,-16.83306232829686,-11.713168994142032,5.774678258842586,12.067495426474492
pca,pca,eː,317.2122905027933,-14.417321434379875,9.283391592566282,-16.66532779530885,-11.589017322181208,5.977063725202851,12.175719038401176
pca,pca,eː,319.56424581005587,-14.266340111835401,9.426214063582435,-16.487843963032677,-11.48634647119365,6.186699642139387,12.258667817554496
pca,pca,eː,321.91620111731845,-14.115970329265895,9.573492455297693,-16.337850632121242,-11.342048819973726,6.404179331404168,12.358641947008453
pca,pca,eː,324.268156424581,-13.96642557139338,9.724889412526892,-16.130855443361792,-11.230434789556503,6.6299289638424606,12.45384253720987
pca,pca,eː,326.62011173184356,-13.817925156270338,9.880056535984302,-15.928533734381023,-11.074736271857581,6.863380373971574,12.561947922360762
pca,pca,eː,328.97206703910615,-13.670688401949224,10.038645426384189,-15.762643904245719,-10.945611133833667,7.118813585153332,12.678771856346096
pca,pca,eː,331.3240223463687,-13.524934626482526,10.20030768444082,-15.631589759576269,-10.746596071354142,7.399679122288503,12.795823835790625
pca,pca,eː,333.6759776536313,-13.380883147922695,10.364694910868472,-15.553452876226752,-10.600730761980355,7.591444074147793,12.915719972859378
pca,pca,eː,336.02793296089385,-13.238753284322232,10.531458706381407,-15.449634680388526,-10.446099301398283,7.824225429923821,13.04482898430168
pca,pca,eː,338.37988826815644,-13.098764353733593,10.700250671693897,-15.341526518337488,-10.309660767869524,8.059293218275899,13.163573715179433
pca,pca,eː,340.731843575419,-12.961135674209249,10.870722407520212,-15.234763716089375,-10.183508131555252,8.296123626492466,13.283758358732443
pca,pca,eː,343.08379888268155,-12.826086563801685,11.04252551457462,-15.178920460467905,-9.989282627998278,8.557765575623412,13.378845179795837
pca,pca,eː,345.43575418994413,-12.693836340563355,11.215311593571393,-15.09638673757025,-9.801956932371302,8.823185629100763,13.469362664937632
pca,pca,eː,347.7877094972067,-12.564604322546735,11.3887322452248,-14.917776695475789,-9.661375085987274,9.091352202292912,13.59039369306667
pca,pca,eː,350.13966480446925,-12.438609827804314,11.5624390702491,-14.8052227929636,-9.505415496804,9.331810002939129,13.729625932071182
pca,pca,eː,352.49162011173183,-12.316072174388545,11.736083669358582,-14.734447728852931,-9.362503884564186,9.57097585943021,13.849994984472614
pca,pca,eː,354.8435754189944,-12.197210680351915,11.909317643267501,-14.657266508258166,-9.244077172952453,9.843250073196659,13.959733253203595
pca,pca,eː,357.19553072625695,-12.08224466374688,12.081792592690126,-14.574847175951529,-9.131980556334558,10.015955979566993,14.103385229939212
pca,pca,eː,359.5474860335196,-11.971393442625935,12.253160118340743,-14.464001924186258,-9.02490169534546,10.196859975376304,14.270247349759106
pca,pca,eː,361.8994413407821,-11.864876335041526,12.423071820933597,-14.396427168258542,-8.908365028624415,10.448354622995009,14.43330686895117
pca,pca,eː,364.2513966480447,-11.762912659046147,12.591179301182972,-14.33372704179114,-8.808910382751874,10.653722668612176,14.617123222573637
pca,pca,eː,366.6033519553073,-11.665721732692251,12.757134159803142,-14.288251611364666,-8.63415622299245,10.816353651671804,14.799442727464326
pca,pca,eː,368.9553072625698,-11.573522874032331,12.92058799750836,-14.249088893702488,-8.520988537843772,10.952449332567113,14.921902863993038
pca,pca,eː,371.3072625698324,-11.486535401118847,13.081192415012907,-14.22210158492486,-8.437450201761537,11.10955125322357,15.058655404167572
pca,pca,eː,373.659217877095,-11.404978632004273,13.23859901303105,-14.183098295512238,-8.354599677664565,11.299924943133025,15.175714194098681
pca,pca,eː,376.0111731843575,-11.32907188474108,13.39245939227706,-14.127839222702576,-8.233986921415571,11.436259229687192,15.320590214255128
pca,pca,eː,378.3631284916201,-11.259034477381743,13.542425153465203,-14.081721003022976,-8.08709219940076,11.607834341527315,15.487357283398799
pca,pca,eː,380.7150837988827,-11.195085727978732,13.688147897309753,-14.040725430763647,-7.948539180575653,11.748347404160723,15.65472039526793
pca,pca,eː,383.0670391061453,-11.13744495458452,13.829279224524978,-14.011346036139596,-7.818696172631049,11.889106276751653,15.7885873987621
pca,pca,eː,385.4189944134078,-11.08633147525158,13.965470735825136,-14.000843245693648,-7.697678735650034,11.946753341075507,15.896707734092203
pca,pca,eː,387.7709497206704,-11.04196460803239,14.096374031924514,-14.008820989820403,-7.612199944187061,12.018425898230811,16.01683311993506
pca,pca,eː,390.122905027933,-11.004563670979412,14.221640713537376,-14.058767868412373,-7.51181682850751,12.115666182691493,16.148463210841353
pca,pca,eː,392.47486033519556,-10.974347982145126,14.340922381377982,-14.08776878544652,-7.43985383427687,12.213716823142724,16.29549230703777
pca,pca,eː,394.8268156424581,-10.951536859582,14.453870636160607,-14.11429894366498,-7.364249436516655,12.339037180203476,16.44543786251573
pca,pca,eː,397.1787709497207,-10.936349621342504,14.56013707859953,-14.146639279832135,-7.316388997783354,12.435944236214558,16.576113898694338
pca,pca,eː,399.53072625698326,-10.92900558547911,14.659373309409009,-14.152232632956995,-7.287139233292002,12.504973045756156,16.69674138407317
pca,pca,eː,401.8826815642458,-10.929724070044305,14.751230929303313,-14.17890403293463,-7.24290638244826,12.58463938352042,16.819058788349395
pca,pca,eː,404.23463687150837,-10.938724393090538,14.835361538996716,-14.233875530452373,-7.181501404502784,12.666642758797087,16.93355283536706
pca,pca,eː,406.58659217877096,-10.956225872670302,14.911416739203492,-14.277661039625148,-7.133288045648121,12.718924702109017,16.99976551517295
pca,pca,eː,408.93854748603354,-10.982447826836058,14.979048130637898,-14.33002844776558,-7.108344053841555,12.780201461382083,17.13621198998394
pca,pca,eː,411.29050279329607,-11.017609573640282,15.037907314014209,-14.389879306487709,-7.110418809859425,12.836273743446396,17.283554220094793
pca,pca,eː,413.64245810055866,-11.061930431135444,15.087645890046696,-14.476906233544307,-7.092750057308396,12.8858919901864,17.408900482405542
pca,pca,eː,415.99441340782124,-11.11562971737402,15.127915459449632,-14.571158227034047,-7.120724596946062,12.928229883676646,17.519273833572463
pca,pca,eː,418.3463687150838,-11.178926750408479,15.15836762293728,-14.653143215652346,-7.166204734007443,12.944818559885528,17.615697446350083
pca,pca,eː,420.69832402234636,-11.252040848291298,15.178653981223913,-14.734006776088737,-7.226308600971455,12.904806056717893,17.64466663447733
pca,pca,eː,423.05027932960894,-11.335191329074934,15.188426135023798,-14.81907367228251,-7.2918651383917705,12.856878990162318,17.667615512231833
pca,pca,eː,425.4022346368715,-11.428597510811887,15.187335685051202,-14.913261936307357,-7.362823078163061,12.81548453602578,17.680433762185185
pca,pca,eː,427.75418994413405,-11.532478711554596,15.175034232020401,-15.055862047285874,-7.426526998218341,12.798729274874557,17.676145735899826
pca,pca,eː,430.10614525139664,-11.647054249355563,15.151173376645662,-15.22303153531859,-7.5119509464901135,12.750168199267135,17.624899825886207
pca,pca,eː,432.4581005586592,-11.772543442267235,15.115404719641255,-15.373567953587763,-7.6650288554727055,12.679711259979277,17.565609912023763
pca,pca,eː,434.8100558659218,-11.909165608342114,15.067379861721442,-15.504675682664274,-7.796733609648787,12.653604472677317,17.530655067416127
pca,pca,eː,437.16201117318434,-12.057140065632638,15.006750403600499,-15.644317892371344,-7.944519199231775,12.604634001878484,17.514877060944276
pca,pca,eː,439.5139664804469,-12.21668613219131,14.9331679459927,-15.812332484720468,-8.108743276943944,12.512619538072896,17.45591921760146
pca,pca,eː,441.8659217877095,-12.388023126070586,14.846284089612304,-15.986605985462527,-8.366311007980993,12.405320004896877,17.350608616873167
pca,pca,eː,444.2178770949721,-12.571370365322942,14.745750435173584,-16.167184427662818,-8.659153027699096,12.398815962149339,17.230237960993396
pca,pca,eː,446.5698324022346,-12.76694716800084,14.631218583390819,-16.347374821897596,-8.903898439348525,12.367191421664632,17.090629800185397
pca,pca,eː,448.9217877094972,-12.974972852156775,14.502340134978262,-16.475227893947245,-9.107425631135145,12.237794248149621,16.922276349652243
pca,pca,eː,451.2737430167598,-13.195666735843197,14.358766690650189,-16.608945116076995,-9.327194431544305,12.09199725767938,16.7674710868117
pca,pca,eː,453.6256983240223,-13.429246378838666,14.200152199018241,-16.79203387431392,-9.543398693846179,11.980406669854949,16.649271732225383
pca,pca,eː,455.9776536312849,-13.675746871888201,14.026394267293725,-17.022641353238885,-9.79777933514345,11.818781661950712,16.499849958842415
pca,pca,eː,458.3296089385475,-13.934864144868452,13.83784339850629,-17.191650088916646,-10.019303672647226,11.652512354451451,16.27518053533802
pca,pca,eː,460.6815642458101,-14.20625720372724,13.634899401765747,-17.424331582479393,-10.291860241238801,11.483206708632162,16.06564543122883
pca,pca,eː,463.0335195530726,-14.48958505441237,13.417962086181912,-17.664873349561535,-10.627311819735361,11.284589733647477,15.83996126581986
pca,pca,eː,465.3854748603352,-14.784506702871678,13.187431260864585,-17.88729403264711,-10.959413517047963,11.032122098430593,15.574354674122684
pca,pca,eː,467.7374301675978,-15.09068115505298,12.943706734923577,-18.165331004840304,-11.34753236370914,10.808931997126619,15.290926916173945
pca,pca,eː,470.08938547486036,-15.407767416904086,12.687188317468685,-18.538688640219718,-11.7166825618598,10.519746439661338,15.002166638723065
pca,pca,eː,472.4413407821229,-15.735424494372808,12.418275817609757,-18.857582905982248,-12.093338891258435,10.249506649215956,14.66133747664318
pca,pca,eː,474.7932960893855,-16.073311393406986,12.137369044456548,-19.210094635580173,-12.484557368145193,9.874875523348807,14.382771855492583
pca,pca,eː,477.14525139664806,-16.421087119954414,11.84486780711891,-19.547952201075162,-12.889852587603778,9.547849297100624,14.098239465767335
pca,pca,eː,479.4972067039106,-16.77841067996293,11.54117191470663,-19.924317912032905,-13.281755063329614,9.158125545542458,13.87913243958483
pca,pca,eː,481.8491620111732,-17.144941079380345,11.226681176329521,-20.2690454517414,-13.622144243879847,8.75485565863397,13.685305312558015
pca,pca,eː,484.20111731843576,-17.520337324154482,10.901795401097388,-20.651906738404712,-13.884007381703437,8.365646746953411,13.421612808736112
pca,pca,eː,486.55307262569835,-17.904258420233162,10.56691439812004,-21.010435099415304,-14.151955433417937,8.013038657464142,13.142050149444769
pca,pca,eː,488.9050279329609,-18.296363373564184,10.222437976507294,-21.4482286361799,-14.443355320248585,7.616954236136275,12.932419398648682
pca,pca,eː,491.25698324022346,-18.69631119009539,9.868765945368942,-21.89902529601292,-14.831209560497692,7.2133636311483045,12.598955996710444
pca,pca,eː,493.60893854748605,-19.103760875774586,9.506298113814807,-22.401031424002593,-15.297939503711358,6.71861048014091,12.437438903793888
pca,pca,eː,495.96089385474863,-19.518371436549586,9.135434290954692,-23.035462360257768,-15.759000441008268,6.190957650502085,12.288122924668366
pca,pca,eː,498.31284916201116,-19.939801878368222,8.756574285898424,-23.631646347595296,-16.031794439767204,5.712124091911249,12.013500933355326
pca,pca,eː,500.66480446927375,-20.367711207178303,8.370117907755777,-24.168159864632848,-16.15106159456421,5.23497652335246,11.835212341927937
pca,pca,eː,503.01675977653633,-20.801758428927652,7.9764649656365805,-24.747065956636696,-16.424128113794993,4.79056215188212,11.607431482051036
pca,pca,eː,505.36871508379886,-21.241602549564085,7.576015268650643,-25.425080774098593,-16.85151528292074,4.289023191940766,11.33860307418553
pca,pca,eː,507.72067039106145,-21.686902575035425,7.169168625907773,-26.12141749386951,-17.075817638571095,3.6659686150654216,11.103567947774376
pca,pca,eː,510.07262569832403,-22.13731751128949,6.7563248465177566,-26.81209967134013,-17.206109783177844,3.074431401807722,10.889431942863812
pca,pca,eː,512.4245810055866,-22.59250636427408,6.337883739590453,-27.471948707827142,-17.336993586134376,2.494658201262031,10.673060656727936
pca,pca,eː,514.7765363128492,-23.052128139937054,5.914245114235598,-28.09138072455875,-17.5994965307543,1.954923400620439,10.45443221887335
pca,pca,eː,517.1284916201117,-23.51584184422619,5.485808779563065,-28.719375284004677,-17.767020247214333,1.3892340527718918,10.231378623334686
pca,pca,eː,519.4804469273743,-23.98330648308931,5.052974544682662,-29.367214943680974,-17.830111361394128,0.7830096358536613,9.999436674250349
pca,pca,eː,521.8324022346369,-24.454181062474273,4.616142218704127,-30.056877297465938,-17.975667873328295,0.18937940639866885,9.780161271672785
pca,pca,eː,524.1843575418994,-24.928124588328846,4.175711610737345,-30.73134085927497,-18.192769143851336,-0.4205536280107065,9.593186050773728
pca,pca,eː,526.536312849162,-25.404796066600873,3.7320825298920894,-31.43433507061252,-18.408743462892126,-1.026115080206753,9.391113415587638
pca,pca,eː,528.8882681564246,-25.883854503238187,3.2856547852781546,-32.140521714015854,-18.621126339079133,-1.6965385895611689,9.206807802724617
pca,pca,eː,531.2402234636871,-26.364958904188576,2.8368281860053983,-32.85084378120964,-18.833493876072325,-2.411379107606596,9.023441452494644
pca,pca,eː,533.5921787709497,-26.847768275399876,2.3860025411835935,-33.5636756094664,-19.04640451601061,-3.1282182286798332,8.840298962460533
pca,pca,eː,535.9441340782123,-27.33194162281991,1.9335776599225412,-34.26153828979198,-19.296764042557786,-3.780209874253336,8.65247864547047
pca,pca,eː,538.2960893854749,-27.817137952396504,1.4799533513320497,-34.942670801785056,-19.559665582291554,-4.432264915472713,8.452191503163814
pca,pca,eː,540.6480446927374,-28.3030162700774,1.0255294245219986,-35.63877310686981,-19.812844391511764,-5.115652904863808,8.2597082728622
pca,pca,eː,543.0,-28.78923558181053,0.5707056886020894,-36.35727589184588,-20.040269696494896,-5.74391884305423,8.067051659063052
pca,pca,yː,122.0,-13.871238353045905,22.833822917958436,-24.894956634299263,-8.027896921760686,19.840155666875987,26.62088242071023
pca,pca,yː,124.35195530726257,-13.764386888983356,22.861709484784896,-24.576957510530214,-8.048047169676714,19.905827909803882,26.61299189318253
pca,pca,yː,126.70391061452514,-13.657539664291177,22.889584328628562,-24.259021497192727,-8.06200395765343,19.970325933627297,26.59278446485406
pca,pca,yː,129.0558659217877,-13.55070091833974,22.91743572650663,-23.94149572734213,-8.06316183198798,20.034784080186288,26.56218899328645
pca,pca,yː,131.40782122905028,-13.443874890499416,22.945251955436305,-23.60909900419983,-8.062515488744737,20.09918241084866,26.532418769102314
pca,pca,yː,133.75977653631284,-13.337065820140568,22.973021292434794,-23.213782968259142,-8.061762565799192,20.177554945133224,26.502651869263993
pca,pca,yː,136.11173184357543,-13.230277946633574,23.00073201451929,-22.8214900035198,-8.060521617080779,20.280035834499422,26.438268334525823
pca,pca,yː,138.46368715083798,-13.123515509348806,23.028372398707003,-22.44141194050876,-8.02749346309098,20.401024931554726,26.37674882296277
pca,pca,yː,140.81564245810057,-13.016782747656624,23.05593072201513,-22.140680466209037,-8.038178012414996,20.509639537952555,26.318961938800978
pca,pca,yː,143.16759776536313,-12.910083900927408,23.08339526146088,-21.843612945571795,-8.057703715861532,20.6179779815543,26.30484168550122
pca,pca,yː,145.51955307262568,-12.803423208531521,23.11075429406145,-21.495328632790716,-8.055466683141852,20.72476231481083,26.28571274498447
pca,pca,yː,147.87150837988827,-12.69680490983934,23.137996096834044,-21.078302175913866,-8.053514738545433,20.826435095029684,26.251982699970235
pca,pca,yː,150.22346368715085,-12.590233244221233,23.16510894679587,-20.761249527169443,-8.05126969976769,20.891874554493988,26.220367917585186
pca,pca,yː,152.5754189944134,-12.48371245104757,23.19208112096412,-20.505956667454715,-8.048704921883045,20.98213835787364,26.188719989455418
pca,pca,yː,154.92737430167597,-12.377246769688721,23.218900896355997,-20.25119293207516,-8.056476523755494,21.056267618949754,26.118048974125767
pca,pca,yː,157.27932960893855,-12.270840439515055,23.245556549988716,-19.996999022902717,-8.060874777536702,21.11490059469119,26.038577098293235
pca,pca,yː,159.6312849162011,-12.164497699896945,23.272036358879465,-19.74341564180932,-8.057683567015598,21.159693307298713,25.95940589275181
pca,pca,yː,161.9832402234637,-12.058222790204761,23.29832860004546,-19.493562210751843,-8.054287919321398,21.194316515976606,25.880779681731934
pca,pca,yː,164.33519553072625,-11.952019949808872,23.32442155050389,-19.171851859820023,-8.044750236436395,21.25668121933504,25.80404440078901
pca,pca,yː,166.68715083798884,-11.845893418079648,23.35030348727197,-18.895283719354854,-8.047241345457323,21.363499588112347,25.724587622060053
pca,pca,yː,169.0391061452514,-11.739847434387459,23.37596268736689,-18.620712690000673,-8.000014421697612,21.38951149099461,25.626849283936842
pca,pca,yː,171.39106145251395,-11.63388623810268,23.401387427805858,-18.346830987339413,-7.97351604022443,21.353433431740307,25.54013088049153
pca,pca,yː,173.74301675977654,-11.528014068595674,23.426565985606082,-18.073673077705713,-7.9410000622050765,21.365394918056953,25.490734346441783
pca,pca,yː,176.09497206703912,-11.422235165236817,23.451486637784754,-17.80127342743423,-7.890138396495777,21.41518595158901,25.487479936348137
pca,pca,yː,178.44692737430168,-11.316553767396478,23.476137661359086,-17.5296665028596,-7.837653422973883,21.46451523107076,25.452715882814115
pca,pca,yː,180.79888268156424,-11.210974114445024,23.500507333346274,-17.25888677031648,-7.72163935959121,21.512908185086317,25.465747141331104
pca,pca,yː,183.15083798882682,-11.105500445752831,23.524583930763523,-16.991262577466067,-7.641296982637912,21.56221051857784,25.512615891420566
pca,pca,yː,185.50279329608938,-11.000137000690264,23.548355730628035,-16.727576724696036,-7.531867602904491,21.643840301353833,25.538070608176024
pca,pca,yː,187.85474860335194,-10.894888018627698,23.57181100995701,-16.46475569245234,-7.441483285176229,21.717919768618266,25.540698803041046
pca,pca,yː,190.20670391061452,-10.7897577389355,23.59493804576766,-16.190987464839136,-7.328545149421332,21.78982547564761,25.567360121811756
pca,pca,yː,192.5586592178771,-10.684750400984038,23.61772511507717,-15.827089200281108,-7.178897835901155,21.8200055117589,25.59961127374885
pca,pca,yː,194.91061452513966,-10.579870244143688,23.640160494902762,-15.465384119932938,-7.130943054205049,21.82520237291642,25.639428225935912
pca,pca,yː,197.26256983240222,-10.47512150778482,23.662232462261624,-15.105945329934954,-7.089041875507059,21.830441266466227,25.655554786312567
pca,pca,yː,199.6145251396648,-10.370508431277798,23.683929294170966,-14.784038548189391,-7.034782947222998,21.830043653944895,25.66044072615361
pca,pca,yː,201.9664804469274,-10.266035253993001,23.705239267647986,-14.647639270823417,-7.001046678884969,21.847347697158437,25.662479846322917
pca,pca,yː,204.31843575418995,-10.161706215300795,23.726150659709887,-14.55608382429022,-6.964658816459653,21.90055343510589,25.659622208930365
pca,pca,yː,206.6703910614525,-10.057525554571548,23.74665174737388,-14.463327440592582,-6.869601457709577,21.955278169231637,25.67111498869678
pca,pca,yː,209.0223463687151,-9.953497511175632,23.76673080765715,-14.369335807240098,-6.727241336029287,21.979146767434507,25.72620428025846
pca,pca,yː,211.37430167597765,-9.849626324483419,23.786376117576914,-14.214064700063293,-6.618917101983777,21.97320179422657,25.79050490806129
pca,pca,yː,213.7262569832402,-9.74591623386528,23.80557595415037,-14.041518429520076,-6.550292412871772,21.959183235150867,25.81266018833209
pca,pca,yː,216.0782122905028,-9.642371478691581,23.82431859439472,-13.799444423397265,-6.434454582565117,21.961526665154814,25.81203906516953
pca,pca,yː,218.43016759776538,-9.538996298332695,23.84259231532717,-13.642533659932688,-6.2992257925822575,21.980717036822497,25.865269593600058
pca,pca,yː,220.78212290502793,-9.43579493215899,23.86038539396492,-13.57466198189478,-6.1655413303333955,21.99969369424571,25.932056242286308
pca,pca,yː,223.1340782122905,-9.332771619540845,23.877686107325168,-13.416951126117734,-6.033438862348632,22.028633736072383,25.963724499023368
pca,pca,yː,225.48603351955308,-9.229930599848618,23.89448273242512,-13.292237924033849,-5.887832736463576,22.047860812398714,25.975446348614796
pca,pca,yː,227.83798882681566,-9.127276112452684,23.910763546281984,-13.139773072128255,-5.734398708720996,22.058720056698384,26.02057599052277
pca,pca,yː,230.18994413407822,-9.02481239672342,23.92651682591295,-13.020155906546137,-5.571119538751162,22.062909472381506,26.054353877320704
pca,pca,yː,232.54189944134077,-8.922543692031187,23.94173084833523,-12.859097164035518,-5.4254512583644265,22.058424651460985,26.10597587874154
pca,pca,yː,234.89385474860336,-8.82047423774636,23.956393890566027,-12.757015886782188,-5.281907967171156,22.055641261651054,26.15304469922099
pca,pca,yː,237.24581005586592,-8.718608273239308,23.970494229622535,-12.660976951079979,-5.14122904012433,22.054258524761856,26.18064738311984
pca,pca,yː,239.59776536312847,-8.616950037880402,23.984020142521963,-12.550407938130125,-4.928445534788428,22.053440352111068,26.206917314687534
pca,pca,yː,241.94972067039106,-8.515503771040013,23.996959906281514,-12.418563552832138,-4.730323874108891,22.05885804334201,26.25053749973492
pca,pca,yː,244.30167597765364,-8.414273712088507,24.009301797918386,-12.29963465003209,-4.558313088161893,22.053346454451173,26.28469840969739
pca,pca,yː,246.6536312849162,-8.313264100396262,24.02103409444979,-12.224298696026416,-4.397374617354394,22.046154493798575,26.321865180124654
pca,pca,yː,249.00558659217876,-8.212479175333645,24.032145072892916,-12.15881758206494,-4.24755766477014,22.03244435606278,26.35667976135841
pca,pca,yː,251.35754189944134,-8.111923176271022,24.042623010264975,-12.111408319839954,-4.093605768143541,22.03265185350419,26.402158784055896
pca,pca,yː,253.7094972067039,-8.011600342578763,24.052456183583168,-12.08290211902668,-3.9076110698822397,22.03680843882656,26.4452565691639
pca,pca,yː,256.0614525139665,-7.911514913627249,24.0616328698647,-12.044374256751588,-3.7791479751325796,22.026933330050607,26.485531922285986
pca,pca,yː,258.41340782122904,-7.8116711287868394,24.070141346126764,-11.965311320462861,-3.6671469271912307,21.998672151679944,26.53239433642992
pca,pca,yː,260.76536312849163,-7.712073227427911,24.07796988938657,-11.86851903307352,-3.6069391644267705,21.983022751415366,26.591156073159635
pca,pca,yː,263.1173184357542,-7.612725448920827,24.08510677666132,-11.769717989881125,-3.4653890076382465,21.985440397856305,26.61508569737974
pca,pca,yː,265.46927374301674,-7.51363203263597,24.091540284968215,-11.635464631004334,-3.309209102830243,22.011060797185543,26.635798665407588
pca,pca,yː,267.8212290502793,-7.414797217943695,24.097258691324456,-11.51772480114516,-3.158666433064021,22.038535235224895,26.651693733329353
pca,pca,yː,270.1731843575419,-7.31622524421438,24.10225027274725,-11.379572992631788,-3.0092706896075505,22.04951871639467,26.657517614626855
pca,pca,yː,272.52513966480444,-7.2179203508183996,24.106503306253792,-11.2372599116482,-2.838244908223549,22.040082854384696,26.66745169107747
pca,pca,yː,274.877094972067,-7.119886777126117,24.110006068861296,-11.054297525039049,-2.6748932499925173,22.02751718406628,26.67854142438927
pca,pca,yː,277.2290502793296,-7.022128762507908,24.11274683758695,-10.92364630947215,-2.5193356230887174,22.01600135805979,26.68946362953422
pca,pca,yː,279.58100558659214,-6.924650546334139,24.11471388944797,-10.833203249551643,-2.3716919356864175,22.006784676198635,26.69697614540107
pca,pca,yː,281.9329608938548,-6.827456367975177,24.11589550146155,-10.733452107922927,-2.243418873440737,22.00943541000654,26.702078105904608
pca,pca,yː,284.2849162011173,-6.730550466801404,24.116279950644895,-10.630943986366798,-2.154577869283208,22.0123457623601,26.703656702927077
pca,pca,yː,286.6368715083799,-6.633937082183179,24.11585551401521,-10.500908615008811,-2.0718840057799124,22.016260039337553,26.70166012229965
pca,pca,yː,288.9888268156425,-6.537620453490877,24.11461046858969,-10.369596790124156,-1.9825032127176925,22.014974628852475,26.705298035654835
pca,pca,yː,291.340782122905,-6.441604820094867,24.112533091385544,-10.245664149167945,-1.883780400054845,22.002021593418373,26.714991386257676
pca,pca,yː,293.6927374301676,-6.345894421365523,24.109611659419972,-10.167832282856862,-1.7924131677593644,21.989970463477004,26.72056316435784
pca,pca,yː,296.0446927374302,-6.250493496673206,24.105834449710176,-10.088987970145043,-1.708503676669687,21.982963357223095,26.70576130798439
pca,pca,yː,298.3966480446927,-6.1554062853883025,24.101189739273362,-10.006626246041781,-1.597109269928116,21.981243196404108,26.68417065995597
pca,pca,yː,300.7486033519553,-6.060637026881166,24.095665805126725,-9.914520192049304,-1.4658769526471715,21.981881925739213,26.643520643876343
pca,pca,yː,303.1005586592179,-5.966189960522174,24.089250924287477,-9.827596459805491,-1.3432885283572742,21.978117566082524,26.598543143604765
pca,pca,yː,305.4525139664804,-5.8720693256817,24.081933373772813,-9.74348224560808,-1.28931711445848,21.968900159576876,26.549324526298516
pca,pca,yː,307.80446927374305,-5.778279361730105,24.07370143059994,-9.658454603085271,-1.2225794974965845,21.969180362543465,26.496732626773426
pca,pca,yː,310.1564245810056,-5.68482430803777,24.064543371786055,-9.571917381181033,-1.0356604897120372,21.96424857260118,26.46748786345088
pca,pca,yː,312.50837988826817,-5.591708403975062,24.054447474348365,-9.476324774442006,-1.0202915520460345,21.95367855045007,26.44885201319003
pca,pca,yː,314.86033519553075,-5.498935888912348,24.04340201530407,-9.349267586534134,-1.0152569654917465,21.95960013117704,26.444148384707894
pca,pca,yː,317.2122905027933,-5.406511002220002,24.031395271670377,-9.223269926218396,-1.0161497099888455,21.974461423298628,26.434045952501606
pca,pca,yː,319.56424581005587,-5.314437983268391,24.018415520464487,-9.112259709648306,-0.9856903588087773,21.990903767953732,26.393774276034584
pca,pca,yː,321.91620111731845,-5.222721071427886,24.004451038703593,-8.995004244261365,-0.9627409798382098,22.00877532550888,26.351797277202987
pca,pca,yː,324.268156424581,-5.131376458488285,23.98948713073571,-8.861398063838116,-0.8836098200150081,22.014359878292094,26.283664861803956
pca,pca,yː,326.62011173184356,-5.040523750573593,23.973483380877187,-8.704950940420089,-0.8124820700232306,22.017534421901505,26.233725000846032
pca,pca,yː,328.97206703910615,-4.950335541208233,23.956386195023534,-8.576185491115293,-0.7545941504466949,22.05065848966238,26.180134914951175
pca,pca,yː,331.3240223463687,-4.86098485412964,23.93814187207261,-8.471726749627347,-0.7013948554621723,22.07071954972799,26.12480959736323
pca,pca,yː,333.6759776536313,-4.772644713075252,23.918696710922262,-8.364853715607396,-0.6784236545614584,22.100059909387433,26.056248447400545
pca,pca,yː,336.02793296089385,-4.685488141782512,23.89799701047035,-8.232332630592374,-0.6969961695749146,22.085482214354844,26.002137653397966
pca,pca,yː,338.37988826815644,-4.599688163988862,23.875989069614715,-8.099858074515428,-0.6223662935066783,22.09780466388744,25.989957644322633
pca,pca,yː,340.731843575419,-4.5154178034317365,23.852619187253218,-8.003548874612322,-0.5998808110720806,22.09444094715647,25.968242343864414
pca,pca,yː,343.08379888268155,-4.432850083848576,23.827833662283712,-7.925795926465141,-0.6013868765319681,22.110904130481533,25.94563254511885
pca,pca,yː,345.43575418994413,-4.352158028976824,23.801578793604044,-7.809364392539693,-0.555341046723509,22.100370017972928,25.866167645721166
pca,pca,yː,347.7877094972067,-4.273514662553913,23.77380088011207,-7.697819545168913,-0.5085787223867092,22.054779409035348,25.79697580927828
pca,pca,yː,350.13966480446925,-4.197093008317291,23.74444622070564,-7.630670888914726,-0.4856678368548096,22.01218864100534,25.71926268178639
pca,pca,yː,352.49162011173183,-4.123066090004386,23.71346111428261,-7.607548068077137,-0.45219609651335,21.9626864590056,25.658507073673164
pca,pca,yː,354.8435754189944,-4.051606931352655,23.680791859740822,-7.543307194259721,-0.43605811153459073,21.92398569514746,25.580633875167145
pca,pca,yː,357.19553072625695,-3.982888556099521,23.646384755978136,-7.436573072546436,-0.3572873432253516,21.84619376121101,25.469916396924486
pca,pca,yː,359.5474860335196,-3.91708398798243,23.610186101892406,-7.329787190249011,-0.26764162784804457,21.845237985674448,25.432211046893944
pca,pca,yː,361.8994413407821,-3.854366250738824,23.57214219638148,-7.17841393779352,-0.14302833572366713,21.799029203928963,25.393464793972672
pca,pca,yː,364.2513966480447,-3.7949083681061353,23.53219933834321,-7.04054053483111,-0.03961852282048886,21.722464140444465,25.310848698376013
pca,pca,yː,366.6033519553073,-3.7388833638218166,23.490303826675454,-7.008364853239735,0.05426197237845136,21.668921806203944,25.219858491459394
pca,pca,yː,368.9553072625698,-3.6864642616232928,23.44640196027606,-6.971844076673549,0.12365884007745746,21.597033052948305,25.13662763693801
pca,pca,yː,371.3072625698324,-3.6378240852480097,23.400440038042877,-6.963599710342993,0.18051408086124177,21.524316365694443,25.119910314896156
pca,pca,yː,373.659217877095,-3.59313585843341,23.35236435887376,-6.927652350671571,0.21214619158962375,21.450593732762297,25.0893047496802
pca,pca,yː,376.0111731843575,-3.552572604916932,23.302121221666564,-6.880961697572663,0.2622032977990988,21.416688051470924,25.01694034502807
pca,pca,yː,378.3631284916201,-3.5163073484360083,23.249656925319133,-6.862203734219611,0.3187606370576082,21.330385249058093,24.976938943780585
pca,pca,yː,380.7150837988827,-3.484513112728081,23.194917768729333,-6.907767380622772,0.2893835190733222,21.248691542748027,24.942753745712125
pca,pca,yː,383.0670391061453,-3.457362921530599,23.137850050795002,-6.9556623050032025,0.370164125207758,21.170659886807076,24.88997304622437
pca,pca,yː,385.4189944134078,-3.4350297985809917,23.078400070414002,-7.005824984265648,0.44344838024070043,21.07810956566595,24.846810970742283
pca,pca,yː,387.7709497206704,-3.4176867676167006,23.016514126484175,-7.013399973525328,0.5047296199624258,20.996912941493346,24.767043791258807
pca,pca,yː,390.122905027933,-3.405506852375172,22.952138517903386,-6.982533470360992,0.5618255569223422,20.934116537612088,24.716974481937005
pca,pca,yː,392.47486033519556,-3.398663076593838,22.885219543569477,-6.960654814255681,0.5938351249607605,20.85163797725935,24.689246394110828
pca,pca,yː,394.8268156424581,-3.3973284640101404,22.81570350238031,-6.982626128701428,0.6451745887435273,20.752557171296974,24.678933611875827
pca,pca,yː,397.1787709497207,-3.401676038361522,22.74353669323372,-7.0186473281420945,0.7742982571715614,20.647870974943753,24.66367414781249
pca,pca,yː,399.53072625698326,-3.4118788233854147,22.668665415027576,-7.095066250504331,0.8003647962738972,20.55391908363071,24.6432381994199
pca,pca,yː,401.8826815642458,-3.4281098428192642,22.59103596665973,-7.166040689142871,0.750078750407444,20.4705702679714,24.614094960969236
pca,pca,yː,404.23463687150837,-3.450542120400513,22.51059464702802,-7.171143824837985,0.6903745936051309,20.38811311581695,24.54005594304107
pca,pca,yː,406.58659217877096,-3.4793486798665896,22.427287755030314,-7.217211865431452,0.6926383392422732,20.2934615632452,24.461521013811474
pca,pca,yː,408.93854748603354,-3.5147025449549396,22.341061589564447,-7.2957953439030145,0.6972320681173441,20.167369078786287,24.379133844525253
pca,pca,yː,411.29050279329607,-3.556776739403009,22.251862449528293,-7.309401355546674,0.6890141726461022,20.046968529742593,24.293910542263085
pca,pca,yː,413.64245810055866,-3.605744286948223,22.159636633819684,-7.354869469817837,0.6165369307364885,19.92049990642869,24.208492258060684
pca,pca,yː,415.99441340782124,-3.6617782113280377,22.064330441336484,-7.481294700223593,0.510688482927653,19.80172919532603,24.13387661697033
pca,pca,yː,418.3463687150838,-3.725051536279885,21.965890170976536,-7.588126887246987,0.3893626112088654,19.693337438993744,24.052832117094162
pca,pca,yː,420.69832402234636,-3.795737285541197,21.864262121637704,-7.690808787917444,0.28983182590053225,19.585470866996154,23.97559007376408
pca,pca,yː,423.05027932960894,-3.874008482849426,21.759392592217832,-7.796686121483582,0.26552618097486136,19.478424735944657,23.891316593452913
pca,pca,yː,425.4022346368715,-3.9600381519420047,21.651227881614776,-7.884262766045636,0.2554759413433055,19.372288258115322,23.77577649079147
pca,pca,yː,427.75418994413405,-4.0539993165563715,21.539714288726387,-7.958489495327457,0.2131053329414672,19.267150645784223,23.644486682427427
pca,pca,yː,430.10614525139664,-4.156065000429969,21.42479811245051,-8.064120106666099,0.09987207743446146,19.163101111227416,23.521769283929064
pca,pca,yː,432.4581005586592,-4.266408227300239,21.30642565168501,-8.1948645325258,0.01155295781364278,19.049332802707873,23.402198844079024
pca,pca,yː,434.8100558659218,-4.3852020209046145,21.184543205327728,-8.321362028869205,-0.05573190042579282,18.916079848910616,23.279076029225536
pca,pca,yː,437.16201117318434,-4.512619404980541,21.059097072276526,-8.458416660137472,-0.14770857844219587,18.808475199592888,23.148321728961655
pca,pca,yː,439.5139664804469,-4.648833403265456,20.930033551429247,-8.616622812249123,-0.29290273405573486,18.686532161964557,23.00997559113927
pca,pca,yː,441.8659217877095,-4.794017039496801,20.79729894168375,-8.796075511223721,-0.4296949564310097,18.548275530407505,22.879406022572727
pca,pca,yː,444.2178770949721,-4.948343337412009,20.660839541937882,-8.979804230116992,-0.5385938238486693,18.399004552106845,22.74762203853225
pca,pca,yː,446.5698324022346,-5.111985320748527,20.520601651089503,-9.15807969976089,-0.675845472984587,18.269937911298026,22.605558003447364
pca,pca,yː,448.9217877094972,-5.28511601324379,20.376531568036455,-9.34221881515293,-0.8720086882329937,18.15609504532842,22.433967778661216
pca,pca,yː,451.2737430167598,-5.46790843863524,20.228575591676595,-9.486401659607006,-1.1789992963372213,18.055128753677305,22.253061401256872
pca,pca,yː,453.6256983240223,-5.660535620660312,20.07668002090778,-9.614811820828232,-1.5198016549452547,18.01346825701197,22.06263985704676
pca,pca,yː,455.9776536312849,-5.863127161429773,19.920806954446647,-9.766063076061409,-1.8217169940155,17.850944734935865,21.862549370802462
pca,pca,yː,458.3296089385475,-6.075530730997379,19.76102107757216,-9.950338111018763,-2.1059965193966317,17.73672886078168,21.65855400463902
pca,pca,yː,460.6815642458101,-6.297481425827597,19.59742803769317,-10.11330579879557,-2.3852342581154544,17.61552257283896,21.525567589774056
pca,pca,yː,463.0335195530726,-6.528714047996452,19.43013358933759,-10.411588266961338,-2.574990548962576,17.44959767043323,21.37349872336674
pca,pca,yː,465.3854748603352,-6.768963399579995,19.259243487033306,-10.685837733153782,-2.847002135606591,17.326024835008635,21.13682007609203
pca,pca,yː,467.7374301675978,-7.017964282654262,19.08486348530823,-10.861443694285171,-2.969195854480885,17.190535420176623,20.938747983616288
pca,pca,yː,470.08938547486036,-7.275451499295285,18.90709933869026,-11.09029702876636,-3.3685191384596127,17.055809552504194,20.789599960444296
pca,pca,yː,472.4413407821229,-7.5411598515791045,18.72605680170731,-11.314584645884986,-3.6002146621277524,16.87229703720777,20.620684970869892
pca,pca,yː,474.7932960893855,-7.81482414158177,18.541841628887266,-11.56639510769771,-3.775726030167657,16.674445712605593,20.437735006337384
pca,pca,yː,477.14525139664806,-8.096179171379312,18.35455957475804,-11.891265888214335,-3.9410814980649667,16.44718213524717,20.271167987826313
pca,pca,yː,479.4972067039106,-8.384959743047757,18.164316393847542,-12.232558005714095,-4.291021934304899,16.230525194901844,20.103525450726917
pca,pca,yː,481.8491620111732,-8.680900658663171,17.97121784068366,-12.578047230590562,-4.727383880670793,16.050025475943396,19.95728163201519
pca,pca,yː,484.20111731843576,-8.983736720301572,17.775369669794305,-12.900475201783237,-4.927820687218715,15.801124240254815,19.827702720838428
pca,pca,yː,486.55307262569835,-9.293202730039006,17.57687763570738,-13.164308654833082,-5.231761879496294,15.560301461214802,19.664892152782834
pca,pca,yː,488.9050279329609,-9.609033489951504,17.37584749295079,-13.475165066802184,-5.542215425268976,15.31282516358237,19.485134795143882
pca,pca,yː,491.25698324022346,-9.930963802115121,17.17238499605243,-13.875289853869633,-5.8734849191949134,15.03545506477985,19.39079195608839
pca,pca,yː,493.60893854748605,-10.25872846860588,16.96659589954021,-14.412981948840983,-6.114760708260034,14.707984478169442,19.311791626359064
pca,pca,yː,495.96089385474863,-10.592062291499836,16.758585957942024,-14.965858085049764,-6.180368853713335,14.376372680813459,19.18020369938422
pca,pca,yː,498.31284916201116,-10.930700072873,16.54846092578579,-15.318065828615325,-6.313449925348446,14.039237960576399,19.060235323225367
pca,pca,yː,500.66480446927375,-11.274376614801437,16.3363265575994,-15.837147682484519,-6.382189568600441,13.71760109077526,18.959754352377736
pca,pca,yː,503.01675977653633,-11.622826719361184,16.122288607910754,-16.2886097214257,-6.451213682460823,13.436457534258219,18.92309093811
pca,pca,yː,505.36871508379886,-11.975785188628253,15.906452831247769,-16.80342977062321,-6.518759182603323,13.10558502993203,18.867444783085745
pca,pca,yː,507.72067039106145,-12.332986824678715,15.68892498213833,-17.3588581430176,-6.674733759532624,12.772301035784569,18.80945841588682
pca,pca,yː,510.07262569832403,-12.6941664295886,15.469810815110351,-17.924510166860596,-6.806305617755676,12.514477068459879,18.767561396119323
pca,pca,yː,512.4245810055866,-13.05905880543393,15.249216084691735,-18.53761665279017,-6.830355129881803,12.185771915727518,18.709671239683182
pca,pca,yː,514.7765363128492,-13.427398754290778,15.027246545410373,-19.224079194188317,-6.84896931708834,11.837816999690364,18.66967696189433
pca,pca,yː,517.1284916201117,-13.79892107823514,14.804007951794187,-19.90609937609356,-6.867980248382492,11.45885098899955,18.630776541020634
pca,pca,yː,519.4804469273743,-14.173360579343079,14.579606058371068,-20.554178684079556,-6.934550762467916,11.09713764988164,18.59654003237076
pca,pca,yː,521.8324022346369,-14.550452059690645,14.354146619668914,-21.162455732072942,-6.978999284479668,10.687051844333327,18.562643846598846
pca,pca,yː,524.1843575418994,-14.929930321353844,14.127735390215642,-21.77456068365498,-7.0041428420346135,10.274709257046414,18.529053951417094
pca,pca,yː,526.536312849162,-15.31153016640874,13.900478124539148,-22.502968328619108,-7.0213122687776,9.860360641547393,18.532838017581625
pca,pca,yː,528.8882681564246,-15.694986396931377,13.672480577167324,-23.260525986368485,-6.95046939814471,9.444112162103249,18.544730374111
pca,pca,yː,531.2402234636871,-16.080033814997762,13.443848502628093,-24.001800239296468,-6.937744352843145,9.029859532197333,18.557277143430156
pca,pca,yː,533.5921787709497,-16.46640722268395,13.214687655449348,-24.80982007795478,-6.923598255521119,8.677625832952367,18.559195261588865
pca,pca,yː,535.9441340782123,-16.853841422066015,12.985103790158979,-25.622025247796874,-6.898240241659121,8.35668204719408,18.53376701108177
pca,pca,yː,538.2960893854749,-17.24207121521996,12.755202661284905,-26.347805939872742,-6.836657993011607,7.962366630638108,18.50857735396674
pca,pca,yː,540.6480446927374,-17.630831404221784,12.525090023355045,-27.074596657493206,-6.774820665228501,7.561745089102911,18.4835467591131
pca,pca,yː,543.0,-18.01985679114761,12.294871630897259,-27.80189238788607,-6.712855797877593,7.15818109563467,18.458595695390127
pca,pca,ʉ̟ː,122.0,-17.2011557277773,20.330062021933088,-34.637466807948364,-5.486745059445472,14.588222147393147,27.309701923762542
pca,pca,ʉ̟ː,124.35195530726257,-16.698061042447403,20.184890055313065,-33.7605355714604,-5.225028093140337,14.60309222495469,26.88868030060624
pca,pca,ʉ̟ː,126.70391061452514,-16.195120909249923,20.039765919128218,-32.88387573330732,-4.963394983863794,14.659357925096158,26.475367281380592
pca,pca,ʉ̟ː,129.0558659217877,-15.692489880317286,19.89473744381371,-32.00775869182398,-4.7019295886444255,14.67871197461925,26.11435351316975
pca,pca,ʉ̟ː,131.40782122905028,-15.190322507781904,19.749852459804714,-31.150416829227073,-4.449441151379919,14.659593297120574,25.81886282534834
pca,pca,ʉ̟ː,133.75977653631284,-14.688773343776202,19.605158797536404,-30.34512376548732,-4.230273652539098,14.662531899844462,25.523735794471484
pca,pca,ʉ̟ː,136.11173184357543,-14.187996940432605,19.460704287443953,-29.54102375838134,-4.01143151691468,14.677371500888704,25.229063334775308
pca,pca,ʉ̟ː,138.46368715083798,-13.688147849883528,19.316536759962524,-28.73835541923593,-3.792939886113189,14.688228224314976,24.934936360495954
pca,pca,ʉ̟ː,140.81564245810057,-13.189380624261378,19.172704045527304,-27.937357359377824,-3.570409421730745,14.6843159399095,24.606471948915853
pca,pca,ʉ̟ː,143.16759776536313,-12.6918498156986,19.029253974573443,-27.111864648515876,-3.2954533822665093,14.680445440494521,24.230782135061204
pca,pca,ʉ̟ː,145.51955307262568,-12.195709976327606,18.886234377536134,-26.265363470400267,-3.006684540362744,14.672870903480218,23.856264853952336
pca,pca,ʉ̟ː,147.87150837988827,-11.701115658280798,18.743693084850527,-25.42630966328381,-2.717346102923189,14.67057554589983,23.48580331158913
pca,pca,ʉ̟ː,150.22346368715085,-11.208221413690609,18.60167792695181,-24.59228229766559,-2.4282835394798576,14.67048845741135,23.12929380797961
pca,pca,ʉ̟ː,152.5754189944134,-10.717181794689473,18.46023673427515,-23.761359343685637,-2.140533598186334,14.696087320219364,22.77821706702091
pca,pca,ʉ̟ː,154.92737430167597,-10.228151353409793,18.319417337255715,-22.94813820812051,-1.8272370113739762,14.710715307494507,22.468509260787116
pca,pca,ʉ̟ː,157.27932960893855,-9.741284641983981,18.179267566328676,-22.202778863725733,-1.5506443278860547,14.669449769174829,22.160204192902064
pca,pca,ʉ̟ː,159.6312849162011,-9.256736212544482,18.039835251929212,-21.45855718272975,-1.2523010371726564,14.61513897661917,21.87395170726769
pca,pca,ʉ̟ː,161.9832402234637,-8.774660617223695,17.90116822449248,-20.71780302679734,-0.9651043768704883,14.554263093916353,21.592152416557457
pca,pca,ʉ̟ː,164.33519553072625,-8.29521240815405,17.763314314453666,-19.98073311624501,-0.6680397645165822,14.517481442768085,21.332273133559053
pca,pca,ʉ̟ː,166.68715083798884,-7.818546137467955,17.62632135224793,-19.201323982819073,-0.4016904830369886,14.453818616773837,21.06260530983878
pca,pca,ʉ̟ː,169.0391061452514,-7.3448163572978515,17.49023716831045,-18.40024500107535,-0.11383372321209625,14.370020750010157,20.82899089107163
pca,pca,ʉ̟ː,171.39106145251395,-6.874177619776141,17.3551095930764,-17.604390504999483,0.19862971993074885,14.307713807293341,20.599015327660418
pca,pca,ʉ̟ː,173.74301675977654,-6.406784477035252,17.220986456980942,-16.813821172020432,0.5268978678234747,14.276309160512069,20.31359692440527
pca,pca,ʉ̟ː,176.09497206703912,-5.9427914812076,17.087915590459254,-16.028788676571374,0.8745892469384596,14.195696991010099,20.104554169516334
pca,pca,ʉ̟ː,178.44692737430168,-5.482353184425605,16.955944823946503,-15.283602809702714,1.2353674528268888,14.070565364686365,19.962650768531994
pca,pca,ʉ̟ː,180.79888268156424,-5.025624138821691,16.825121987877864,-14.575366261600575,1.589079565698997,13.968298231096773,19.629162144477128
pca,pca,ʉ̟ː,183.15083798882682,-4.572758896528278,16.695494912688506,-13.804901816998997,2.0048953678515877,13.902771745471226,19.418621074270593
pca,pca,ʉ̟ː,185.50279329608938,-4.123912009677781,16.567111428813604,-13.069284942577912,2.4067818488795245,13.764015024201743,19.26329204529567
pca,pca,ʉ̟ː,187.85474860335194,-3.6792380304026295,16.440019366688325,-12.373825253061604,2.752797257921632,13.577920941083454,19.17640817855913
pca,pca,ʉ̟ː,190.20670391061452,-3.2388915108352236,16.314266556747842,-11.67124529907716,3.0992249595760906,13.464477095575013,19.093990037315564
pca,pca,ʉ̟ː,192.5586592178771,-2.8030270031079993,16.189900829427323,-10.990366566295542,3.390036904317203,13.323174313784522,18.93100683311881
pca,pca,ʉ̟ː,194.91061452513966,-2.3717990593533855,16.066970015161946,-10.326230271978302,3.7246860460842264,13.101794486365764,18.788328596605545
pca,pca,ʉ̟ː,197.26256983240222,-1.9453622317037826,15.94552194438688,-9.529940631078249,4.067554098156757,12.947982216032562,18.732529668156012
pca,pca,ʉ̟ː,199.6145251396648,-1.5238710722916124,15.825604447537291,-8.762733845199177,4.386429504429853,12.859863761252896,18.70137903985999
pca,pca,ʉ̟ː,201.9664804469274,-1.1074801332492967,15.707265355048351,-8.24800964562729,4.701008531031469,12.801918028834658,18.5703338287712
pca,pca,ʉ̟ː,204.31843575418995,-0.6963439667092786,15.590552497355239,-7.624758181218572,5.010994750821294,12.686042845594262,18.50199116801081
pca,pca,ʉ̟ː,206.6703910614525,-0.2906171248039513,15.475513704893125,-6.832909295088755,5.348012703330019,12.61411428985015,18.41189202035851
pca,pca,ʉ̟ː,209.0223463687151,0.1095458403342704,15.362196808097172,-6.079524862656635,5.700930163436908,12.575142282283517,18.279313507607025
pca,pca,ʉ̟ː,211.37430167597765,0.5039903765729434,15.250649637402557,-5.670981750113372,6.077774768468224,12.386730316452786,18.15629141767039
pca,pca,ʉ̟ː,213.7262569832402,0.8925619317796532,15.140920023244451,-5.241229832529037,6.471672107469464,12.227213167087733,18.058078559513675
pca,pca,ʉ̟ː,216.0782122905028,1.275105953821992,15.033055796058024,-4.732613147300608,6.77715413051872,12.040965154760913,17.987177496703918
pca,pca,ʉ̟ː,218.43016759776538,1.6514678905675382,14.92710478627845,-4.363780205178008,7.143231611159739,11.86817472913401,17.9156570812738
pca,pca,ʉ̟ː,220.78212290502793,2.0214931898838557,14.823114824340896,-3.9261957673233034,7.559967655609771,11.640776189772343,17.859469329154212
pca,pca,ʉ̟ː,223.1340782122905,2.385027299638537,14.721133740680537,-3.399057538536175,7.951664915228216,11.445741898874825,17.826545613707875
pca,pca,ʉ̟ː,225.48603351955308,2.7419156676991605,14.621209365732541,-3.0589335208691457,8.278702923583397,11.26995269554089,17.781979344002227
pca,pca,ʉ̟ː,227.83798882681566,3.0920037419333113,14.523389529932082,-2.7067003016713813,8.676049871153612,11.098623205652224,17.743905178609374
pca,pca,ʉ̟ː,230.18994413407822,3.4351369702085606,14.427722063714333,-2.2358294665645113,9.215950727946908,10.920404170716546,17.703734858688748
pca,pca,ʉ̟ː,232.54189944134077,3.7711608003924937,14.33425479751446,-1.901362300517448,9.632939605434217,10.73817652906368,17.703808886144138
pca,pca,ʉ̟ː,234.89385474860336,4.099920680352696,14.243035561767638,-1.6103214892503293,9.990443586979994,10.59416270192105,17.656319691511026
pca,pca,ʉ̟ː,237.24581005586592,4.421262057956724,14.154112186909037,-1.3558105873886568,10.35584263666116,10.4462531080913,17.612510315282194
pca,pca,ʉ̟ː,239.59776536312847,4.735030381072185,14.067532503373828,-1.0968262170879468,10.740747746867369,10.269980701933788,17.593087051001184
pca,pca,ʉ̟ː,241.94972067039106,5.04107109756665,13.983344341597183,-0.6314601764081267,11.099285781016944,10.105332819607705,17.55739891952662
pca,pca,ʉ̟ː,244.30167597765364,5.339229655307697,13.901595532014273,-0.25727873133242307,11.435191682297674,9.941588054366049,17.520728168584927
pca,pca,ʉ̟ː,246.6536312849162,5.629351502162898,13.822333905060269,-0.05685981030978132,11.758334436250571,9.765982650170514,17.487692658982372
pca,pca,ʉ̟ː,249.00558659217876,5.911282085999851,13.745607291170346,0.1955255297892322,12.06846859773473,9.597671303006724,17.458081104302664
pca,pca,ʉ̟ː,251.35754189944134,6.1848668546861205,13.671463520779668,0.5404215855784122,12.410136376516824,9.436791636592268,17.413546070275913
pca,pca,ʉ̟ː,253.7094972067039,6.4499512560892995,13.599950424323412,0.7852610039351164,12.795384033871358,9.302052494831841,17.3683347748878
pca,pca,ʉ̟ː,256.0614525139665,6.706380738076959,13.531115832236745,1.0085870406650572,13.076256746158847,9.22822665950462,17.325556313695525
pca,pca,ʉ̟ː,258.41340782122904,6.954000748516677,13.465007574954843,1.2157367698392414,13.31513519768215,9.096210693374964,17.285613936422973
pca,pca,ʉ̟ː,260.76536312849163,7.192656735276039,13.401673482912877,1.3890686574936515,13.566317670420574,8.961408165729042,17.245030977872613
pca,pca,ʉ̟ː,263.1173184357542,7.42219414622263,13.341161386546013,1.561969031695993,13.842825096197672,8.832597842192742,17.225870040533216
pca,pca,ʉ̟ː,265.46927374301674,7.642458429224014,13.283519116289423,1.7410089222580893,14.104572834822935,8.711040109062353,17.220107968831993
pca,pca,ʉ̟ː,267.8212290502793,7.853295032147784,13.228794502578285,1.8957002543569805,14.338376600162848,8.596855842844626,17.21286962203492
pca,pca,ʉ̟ː,270.1731843575419,8.054549402861525,13.177035375847769,2.101781659451999,14.503587809848176,8.497156506491134,17.201876165774618
pca,pca,ʉ̟ː,272.52513966480444,8.246066989232801,13.128289566533034,2.2909320338983137,14.736933742786164,8.415843800932233,17.1885236125748
pca,pca,ʉ̟ː,274.877094972067,8.427693239129205,13.082604905069271,2.4674819707690183,15.01568296964823,8.34274168335211,17.17316141987951
pca,pca,ʉ̟ː,277.2290502793296,8.599273600418307,13.040029221891636,2.6132166048815004,15.228836674507997,8.27797844418795,17.156237843345448
pca,pca,ʉ̟ː,279.58100558659214,8.760653520967693,13.000610347435302,2.737157748720314,15.422590061722229,8.2216823738769,17.11644628274309
pca,pca,ʉ̟ː,281.9329608938548,8.911678448644949,12.96439611213545,2.8552773317896643,15.596523668758246,8.173981762856146,17.07503549023838
pca,pca,ʉ̟ː,284.2849162011173,9.052193831317645,12.931434346427242,2.967384780787941,15.750823744700995,8.135004901562857,17.031981298190985
pca,pca,ʉ̟ː,286.6368715083799,9.182045116853367,12.901772880745849,3.074595280833575,15.884508875424196,8.101017577365205,16.98725953896057
pca,pca,ʉ̟ː,288.9888268156425,9.301077753119685,12.87545954552645,3.19058073230899,15.984599340704365,8.036266634612208,16.94508757558041
pca,pca,ʉ̟ː,291.340782122905,9.409137187984186,12.85254217120421,3.3213932603318272,16.050299565953544,7.97855448030658,16.90405626219634
pca,pca,ʉ̟ː,293.6927374301676,9.506068869314461,12.833068588214303,3.4468676167426975,16.125597274704052,7.933027731771405,16.84727512577408
pca,pca,ʉ̟ː,296.0446927374302,9.591718244978075,12.817086626991895,3.5485567090703523,16.1996778001782,7.930310270452549,16.795796050073815
pca,pca,ʉ̟ː,298.3966480446927,9.665930762842606,12.804644117972163,3.65403916853353,16.255332709846183,7.936323149394411,16.77456779337867
pca,pca,ʉ̟ː,300.7486033519553,9.728551870775647,12.79578889159028,3.7317446124780282,16.297664730713045,7.949203641550493,16.732011405737783
pca,pca,ʉ̟ː,303.1005586592179,9.77942701664476,12.790568778281411,3.805702244367273,16.333270635104846,7.96367053022987,16.706235877231776
pca,pca,ʉ̟ː,305.4525139664804,9.818401648317554,12.78903160848073,3.8883243427126053,16.338687018021506,7.991362835585858,16.66715810505675
pca,pca,ʉ̟ː,307.80446927374305,9.845321213661585,12.791225212623413,3.965025030252174,16.327043980820772,8.029088336772709,16.61261460964398
pca,pca,ʉ̟ː,310.1564245810056,9.860031160544452,12.79719742114462,4.004763818863107,16.300911703852762,8.076975664506197,16.555590823223916
pca,pca,ʉ̟ː,312.50837988826817,9.862376936833698,12.806996064479534,4.032823993423925,16.239384519983492,8.13358901515254,16.5140561355696
pca,pca,ʉ̟ː,314.86033519553075,9.852212871109892,12.820664558344607,4.055563452029324,16.15486250467036,8.175449842210252,16.488818976030146
pca,pca,ʉ̟ː,317.2122905027933,9.829627031696837,12.838130123368643,4.07973108178409,16.047559433128804,8.209918553499264,16.456045882110384
pca,pca,ʉ̟ː,319.56424581005587,9.794958883747192,12.859195007524349,4.085267448687164,15.93221832072168,8.25633698215709,16.428109796015477
pca,pca,ʉ̟ː,321.91620111731845,9.74856031041574,12.883655285632926,4.094185463196906,15.806252596803176,8.307020063404854,16.399885610618053
pca,pca,ʉ̟ː,324.268156424581,9.690783194857282,12.911307032515573,4.127024621109964,15.644493656716097,8.355362859354473,16.359899677522577
pca,pca,ʉ̟ː,326.62011173184356,9.62197942022658,12.941946322993473,4.092175907242022,15.49491325508606,8.418258614531178,16.32184440625902
pca,pca,ʉ̟ː,328.97206703910615,9.542500869678449,12.975369231887857,4.08492275409043,15.382813059722421,8.494984645193295,16.289353234662997
pca,pca,ʉ̟ː,331.3240223463687,9.452699426367644,13.011371834019904,4.088272464265471,15.243459507492766,8.612335490101099,16.26470661572835
pca,pca,ʉ̟ː,333.6759776536313,9.352926973448987,13.04975020421081,4.073956378241526,15.002298648607246,8.734357246498128,16.246837008495916
pca,pca,ʉ̟ː,336.02793296089385,9.24353539407727,13.090300417281796,4.036187172951229,14.693241705670282,8.859680385261976,16.22829684874283
pca,pca,ʉ̟ː,338.37988826815644,9.124876571407214,13.132818548054043,4.027766814701841,14.474978542889378,8.991240521378677,16.22169803842997
pca,pca,ʉ̟ː,340.731843575419,8.997302388593695,13.177100671348764,4.020514227863784,14.283156966936458,9.120804331004976,16.19012065368809
pca,pca,ʉ̟ː,343.08379888268155,8.861164728791437,13.222942861987153,3.937482932131767,14.03590553861318,9.241506398049035,16.15401081925922
pca,pca,ʉ̟ː,345.43575418994413,8.716815475155215,13.270141194790416,3.8418054445032817,13.822035631989388,9.36690128872685,16.090696015510204
pca,pca,ʉ̟ː,347.7877094972067,8.564606510839894,13.318491744579749,3.787433579383318,13.541449134089774,9.496577844189217,16.037229034853667
pca,pca,ʉ̟ː,350.13966480446925,8.404889719000195,13.367790586176348,3.7105937739036867,13.241530615517016,9.630124905586863,16.023255868090178
pca,pca,ʉ̟ː,352.49162011173183,8.23801698279091,13.417833794401421,3.6347264160064134,12.927119869119085,9.767131314070586,16.028851234131057
pca,pca,ʉ̟ː,354.8435754189944,8.06434018536686,13.46841744407617,3.571235695689272,12.620817975262366,9.896367700314668,16.06194048327717
pca,pca,ʉ̟ː,357.19553072625695,7.884211209882807,13.519337610021786,3.503835671474972,12.32708583776032,10.043833432781117,16.11966161652499
pca,pca,ʉ̟ː,359.5474860335196,7.697981939493516,13.570390367059478,3.432683179071125,12.067017188771414,10.19479503354578,16.13650932342651
pca,pca,ʉ̟ː,361.8994413407821,7.506004257353823,13.621371790010436,3.3579350541853348,11.761469738398542,10.341527241881405,16.12249656508757
pca,pca,ʉ̟ː,364.2513966480447,7.3086300466184895,13.672077953695872,3.2748384362517915,11.42693912152667,10.489663003056917,16.116272621803553
pca,pca,ʉ̟ː,366.6033519553073,7.106211190442295,13.722304932936979,3.1719075874456713,11.145199444367343,10.62575585511071,16.11177268472754
pca,pca,ʉ̟ː,368.9553072625698,6.899099571980031,13.77184880255497,3.048668129882636,10.922985345265111,10.788500548530662,16.116254800532133
pca,pca,ʉ̟ː,371.3072625698324,6.687647074386518,13.820505637371024,2.816621507079956,10.790764907031422,10.925563217267081,16.111294487636915
pca,pca,ʉ̟ː,373.659217877095,6.472205580816478,13.868071512206349,2.6748016889501183,10.63016592590186,11.069226453192313,16.117083718559755
pca,pca,ʉ̟ː,376.0111731843575,6.253126974424745,13.91434250188216,2.5308265917626454,10.325314997642183,11.2074466367131,16.17040917824312
pca,pca,ʉ̟ː,378.3631284916201,6.030763138366112,13.959114681219638,2.341987125799197,10.082413753496793,11.313378771630772,16.18468705510753
pca,pca,ʉ̟ː,380.7150837988827,5.805465955795313,14.002184125039996,2.1387356871809167,9.924351705348185,11.386479438573192,16.209527798328665
pca,pca,ʉ̟ː,383.0670391061453,5.577587309867212,14.043346908164438,1.913492995384383,9.629810837739104,11.420548079415374,16.175123416323775
pca,pca,ʉ̟ː,385.4189944134078,5.347479083736516,14.082399105414147,1.7344602517513283,9.351548770267708,11.50364378892022,16.139027144389146
pca,pca,ʉ̟ː,387.7709497206704,5.115493160558074,14.119136791610334,1.6098261597472026,9.065491778907896,11.586545121053705,16.17206141581849
pca,pca,ʉ̟ː,390.122905027933,4.881981423486636,14.153356041574202,1.3255298414283978,8.84940140288751,11.665948714629565,16.168731095004926
pca,pca,ʉ̟ː,392.47486033519556,4.647295755676993,14.184852930126944,1.161267129252316,8.635804746274511,11.737107756459466,16.176672491806837
pca,pca,ʉ̟ː,394.8268156424581,4.411788040283966,14.213423532089763,0.9739345245566023,8.480198154269612,11.758402834871559,16.188716086445535
pca,pca,ʉ̟ː,397.1787709497207,4.175810160462291,14.238863922283866,0.7804717872340685,8.354071643934608,11.781481897806028,16.230563067768877
pca,pca,ʉ̟ː,399.53072625698326,3.939713999366788,14.26097017553045,0.49441596191515635,8.128850430826272,11.747895051876283,16.279267843120216
pca,pca,ʉ̟ː,401.8826815642458,3.703851440152249,14.279538366650698,0.18627496194483842,7.912794245321002,11.740039346302915,16.269388905079744
pca,pca,ʉ̟ː,404.23463687150837,3.4685743659734385,14.294364570465838,-0.1313834158728539,7.650703535008133,11.783108693856905,16.25443437206103
pca,pca,ʉ̟ː,406.58659217877096,3.234234659985148,14.305244861797057,-0.46695886245616824,7.4637874682986345,11.793129004534716,16.286611383121805
pca,pca,ʉ̟ː,408.93854748603354,3.0011842053421702,14.311975315465553,-0.7598934049782918,7.2381266324026905,11.77708394459234,16.333141740501432
pca,pca,ʉ̟ː,411.29050279329607,2.7697748851992827,14.314352006292527,-1.0469818708474505,7.022454550291764,11.750621211097611,16.373385403979473
pca,pca,ʉ̟ː,413.64245810055866,2.540358582711306,14.312171009099188,-1.3379304100855904,6.812500976366216,11.706769466974523,16.381949866513466
pca,pca,ʉ̟ː,415.99441340782124,2.313287181032962,14.305228398706738,-1.6105984183354598,6.6086401439200415,11.648960653852242,16.413606314896587
pca,pca,ʉ̟ː,418.3463687150838,2.0889125633190844,14.29332024993635,-1.916380140974072,6.4462386492740285,11.59759769279604,16.508066056292435
pca,pca,ʉ̟ː,420.69832402234636,1.8675866127244944,14.276242637609258,-2.2530474109544163,6.256641162578991,11.553208353625077,16.514520502282995
pca,pca,ʉ̟ː,423.05027932960894,1.6496612124038847,14.25379163654664,-2.580272543182326,6.058784154405549,11.509143319867471,16.494420034711514
pca,pca,ʉ̟ː,425.4022346368715,1.4354882455121185,14.225763321569715,-2.850149223509069,5.866280063805503,11.501622602681453,16.466742734579913
pca,pca,ʉ̟ː,427.75418994413405,1.2254195952039595,14.191953767499673,-3.088934867129529,5.68313817241493,11.491525765731925,16.45997066197178
pca,pca,ʉ̟ː,430.10614525139664,1.0198071446341856,14.15215904915771,-3.3441132497498174,5.4548707193565535,11.433151418501915,16.446382174541473
pca,pca,ʉ̟ː,432.4581005586592,0.8190027769576034,14.106175241365023,-3.6130519983169505,5.250683049154935,11.375381223934284,16.421500179500512
pca,pca,ʉ̟ː,434.8100558659218,0.6233583753289622,14.053798418942833,-3.8227354414620667,5.052158159474073,11.321163192813454,16.384946534344582
pca,pca,ʉ̟ː,437.16201117318434,0.4332258229031112,13.994824656712325,-3.974619281479079,4.8866543878484165,11.243311836330065,16.336343096569365
pca,pca,ʉ̟ː,439.5139664804469,0.2489570028347572,13.929050029494704,-4.193986107900786,4.720833540876132,11.161656820247488,16.30988918584174
pca,pca,ʉ̟ː,441.8659217877095,0.07090379827876347,13.856270612111153,-4.424528263222374,4.5504209467679955,11.096500293079632,16.265465434863312
pca,pca,ʉ̟ː,444.2178770949721,-0.10058190761012042,13.776282479382907,-4.630586693543331,4.398140474932937,11.03448233330343,16.165572819305066
pca,pca,ʉ̟ː,446.5698324022346,-0.26514823167713075,13.688881706131141,-4.754967056555156,4.083232712233051,10.979195185164393,16.043401985858843
pca,pca,ʉ̟ː,448.9217877094972,-0.4224432907674327,13.593864367177055,-4.8708687689044385,3.8711736152205525,10.947838898876496,15.91823994823835
pca,pca,ʉ̟ː,451.2737430167598,-0.5721969570607115,13.49108673722855,-4.968466676243456,3.5776689452247945,10.872763265828356,15.805245031268468
pca,pca,ʉ̟ː,453.6256983240223,-0.714500454485318,13.380671169463696,-5.049572088133111,3.3767974460937027,10.79447996900329,15.658120488313894
pca,pca,ʉ̟ː,455.9776536312849,-0.8495448097700091,13.26281350605452,-5.187848476548202,3.2268191803639357,10.763328933263345,15.555298425921212
pca,pca,ʉ̟ː,458.3296089385475,-0.97752105297117,13.137709591623256,-5.266363276278107,3.074830506832973,10.661379771474072,15.425487209525702
pca,pca,ʉ̟ː,460.6815642458101,-1.0986202141450292,13.005555270792115,-5.34020398466794,2.92589355234826,10.560979100216715,15.262139720093684
pca,pca,ʉ̟ː,463.0335195530726,-1.2130333233479575,12.866546388183323,-5.3930872980910936,2.705695829251528,10.42165035583337,15.134588529602373
pca,pca,ʉ̟ː,465.3854748603352,-1.320951410636269,12.720878788419093,-5.478033774560622,2.5032750552394236,10.265561200001482,14.951809646156779
pca,pca,ʉ̟ː,467.7374301675978,-1.4225655060662348,12.568748316121649,-5.558094953547536,2.2883199057502206,10.111299307123264,14.831680715770599
pca,pca,ʉ̟ː,470.08938547486036,-1.5180666396942115,12.410350815913198,-5.625971756393077,2.153744533183849,9.973320847950054,14.697985626554146
pca,pca,ʉ̟ː,472.4413407821229,-1.6076458415764705,12.245882132415986,-5.757528109901154,2.209786753339917,9.748857700918101,14.577157409456236
pca,pca,ʉ̟ː,474.7932960893855,-1.6914941417693683,12.075538110252204,-5.9696229836235695,2.2650493761786827,9.50946839241674,14.45321600055573
pca,pca,ʉ̟ː,477.14525139664806,-1.769802570329233,11.899514594044078,-6.163931322537458,2.2187252554157357,9.35400951082774,14.328828994677668
pca,pca,ʉ̟ː,479.4972067039106,-1.8427621573122792,11.71800742841382,-6.200806168875356,2.0855232313838106,9.16566431907569,14.196491170235541
pca,pca,ʉ̟ː,481.8491620111732,-1.9105639327749202,11.531212457983678,-6.324994736585934,1.9833477943787101,8.908579266931637,14.078188133709922
pca,pca,ʉ̟ː,484.20111731843576,-1.9733989267734273,11.339325527375834,-6.506990057349679,1.906829661496764,8.608856559629018,13.978654997419488
pca,pca,ʉ̟ː,486.55307262569835,-2.0314581693641003,11.14254248121253,-6.704704354632546,1.8998054974519687,8.324241983648736,13.841603920275965
pca,pca,ʉ̟ː,488.9050279329609,-2.0849326906032672,10.94105916411597,-6.942692393074018,1.9323537120645176,8.03078283299716,13.721280213560032
pca,pca,ʉ̟ː,491.25698324022346,-2.1340135205472848,10.73507142070838,-7.226444933508209,2.1360044196291534,7.763475554118926,13.630043770788504
pca,pca,ʉ̟ː,493.60893854748605,-2.1788916892523673,10.524775095611986,-7.484912226287341,2.347239103110395,7.513662396999928,13.53990322085069
pca,pca,ʉ̟ː,495.96089385474863,-2.2197582267749,10.310366033448993,-7.609483545323188,2.451001132599143,7.209756723985654,13.437296917811153
pca,pca,ʉ̟ː,498.31284916201116,-2.256804163171182,10.092040078841634,-7.835179998612309,2.5265790493911378,6.853242824412323,13.34782733996042
pca,pca,ʉ̟ː,500.66480446927375,-2.2902205284975423,9.869993076412122,-8.077396906307301,2.632020737209413,6.470228225310463,13.296301526667865
pca,pca,ʉ̟ː,503.01675977653633,-2.3201983528102517,9.64442087078266,-8.256073736306393,2.904605661408679,6.133000847624925,13.23061329439315
pca,pca,ʉ̟ː,505.36871508379886,-2.3469286661656383,9.41551930657549,-8.384882166537393,3.104955820178876,5.719756580536857,13.202108397744814
pca,pca,ʉ̟ː,507.72067039106145,-2.370602498620059,9.183484228412816,-8.721956712153494,3.2697107863396533,5.366285598107637,13.22961376324828
pca,pca,ʉ̟ː,510.07262569832403,-2.391410880229728,8.948511480916856,-9.084873207495251,3.5903816943246682,4.976194187674222,13.179256327281966
pca,pca,ʉ̟ː,512.4245810055866,-2.409544841051087,8.710796908709852,-9.410189893757739,3.966627901406112,4.547282501201491,13.190928513337846
pca,pca,ʉ̟ː,514.7765363128492,-2.4251954111403506,8.470536356413987,-9.843011452122955,4.34864286058352,4.090802874140943,13.247752819567001
pca,pca,ʉ̟ː,517.1284916201117,-2.438553620553847,8.227925668651508,-10.273722693422,4.664594642600428,3.6297858057757804,13.276722852955096
pca,pca,ʉ̟ː,519.4804469273743,-2.449810499347933,7.9831606900446275,-10.611351485793142,5.079922943718491,3.2229560099637196,13.326342059895884
pca,pca,ʉ̟ː,521.8324022346369,-2.459157077578851,7.736437265215557,-10.889642579917655,5.502249218753581,2.8167933648779178,13.362274230928437
pca,pca,ʉ̟ː,524.1843575418994,-2.4667843853029865,7.487951238786522,-11.225249565081976,5.8795894286162635,2.3933021265631766,13.373226278176361
pca,pca,ʉ̟ː,526.536312849162,-2.4728834525766388,7.237898455379735,-11.641175538570344,6.257699025757851,1.935433001490678,13.384894231904537
pca,pca,ʉ̟ː,528.8882681564246,-2.4776453094560225,6.98647475961738,-12.065299787981324,6.6395264155155616,1.475308364720158,13.43133509833475
pca,pca,ʉ̟ː,531.2402234636871,-2.481260985997608,6.733875996121753,-12.490165327982945,7.0245404846585355,1.013250432208554,13.443729570203368
pca,pca,ʉ̟ː,533.5921787709497,-2.4839215122576093,6.480298009515039,-12.87702315345674,7.4122101199558195,0.5466263834599361,13.460262905042953
pca,pca,ʉ̟ː,535.9441340782123,-2.4858179182923834,6.22593664441942,-13.215553981245863,7.802004208176671,0.07854067554964689,13.501859483252781
pca,pca,ʉ̟ː,538.2960893854749,-2.4871412341581447,5.970987745457165,-13.554270921554568,8.213177428031464,-0.39052695335165677,13.55225423281214
pca,pca,ʉ̟ː,540.6480446927374,-2.4880824899113634,5.715647157250473,-13.893111936876313,8.636743590982421,-0.8453681524287262,13.609208305185145
pca,pca,ʉ̟ː,543.0,-2.4888327156082255,5.460110724421568,-14.232014989704615,9.06084023545215,-1.272504953088858,13.670191687232798
pca,pca,øː,122.0,-24.821378213300335,-0.7493579555851004,-35.036228652892035,-16.21698826276849,-7.371611013763879,4.927465884055417
pca,pca,øː,124.35195530726257,-24.54160477472726,-0.7866496150535569,-34.55967172346959,-16.14579998567757,-7.205391757907271,4.7273529461985975
pca,pca,øː,126.70391061452514,-24.26190233737664,-0.8239437861330554,-34.043598551423194,-16.082097725217587,-7.039248085654536,4.556264254167091
pca,pca,øː,129.0558659217877,-23.982341902470903,-0.861242980434638,-33.51739108317943,-15.995694443317278,-6.87449478386795,4.412904768590338
pca,pca,øː,131.40782122905028,-23.7029944712325,-0.8985497095693467,-32.99163695722628,-15.899714654709232,-6.754946572648321,4.24686450397311
pca,pca,øː,133.75977653631284,-23.423931044883865,-0.9358664851482235,-32.46648728766061,-15.798808938965676,-6.6366152284529765,4.050472817234904
pca,pca,øː,136.11173184357543,-23.145222624647456,-0.9731958187823104,-31.942093188579296,-15.697988475441182,-6.530226598771386,3.8543189555501884
pca,pca,øː,138.46368715083798,-22.866940211745714,-1.0105402220826494,-31.41860577407922,-15.509029762364204,-6.429615581270033,3.683899068555738
pca,pca,øː,140.81564245810057,-22.589154807401076,-1.0479022066602826,-30.896736745710744,-15.269419179041794,-6.286858989358256,3.5465907293480874
pca,pca,øː,143.16759776536313,-22.311937412835995,-1.085284284126252,-30.377646360499117,-15.092652492513023,-6.182604504590563,3.4094784853196174
pca,pca,øː,145.51955307262568,-22.03535902927291,-1.122688966091599,-29.859905489143124,-14.952549767345957,-6.0720674152754865,3.241727961533631
pca,pca,øː,147.87150837988827,-21.759490657934258,-1.1601187641673676,-29.343664077626723,-14.812449914121565,-5.971208835896641,3.042199594981499
pca,pca,øː,150.22346368715085,-21.484403300042494,-1.197576189964598,-28.765813682444637,-14.684145312034142,-5.864218029684102,2.8453150202472512
pca,pca,øː,152.5754189944134,-21.210167956820058,-1.235063755094332,-28.190560959946204,-14.581184855741629,-5.749469801527966,2.6847025679222276
pca,pca,øː,154.92737430167597,-20.936855629489397,-1.2725839711676128,-27.65246842505102,-14.475925918220037,-5.636776580142059,2.5563322432678945
pca,pca,øː,157.27932960893855,-20.664537319272952,-1.3101393497954819,-27.24405296413463,-14.347860814956917,-5.524779498860715,2.4052053269504134
pca,pca,øː,159.6312849162011,-20.39328402739316,-1.3477324025889814,-26.865757258762535,-14.269318551496506,-5.414873507787284,2.2288999729049492
pca,pca,øː,161.9832402234637,-20.12316675507248,-1.3853656411591533,-26.469907078891865,-14.13419386044346,-5.34626498770234,2.055895959817412
pca,pca,øː,164.33519553072625,-19.854256503533346,-1.4230415771170397,-26.042959421911494,-13.999810157275933,-5.278087103788219,1.9301155069521252
pca,pca,øː,166.68715083798884,-19.5866242739982,-1.4607627220736823,-25.614581720235538,-13.869478892899583,-5.168452230035364,1.8057734851492342
pca,pca,øː,169.0391061452514,-19.3203410676895,-1.4985315876401235,-25.185150249568643,-13.753073869520426,-5.044629480884742,1.7324544605512777
pca,pca,øː,171.39106145251395,-19.055477885829674,-1.536350685427405,-24.647579975889585,-13.647963189772463,-4.936407297891313,1.6550228108653247
pca,pca,øː,173.74301675977654,-18.79210572964117,-1.5742225270465695,-24.118343070228068,-13.517163628300318,-4.842632724684696,1.5466721915132635
pca,pca,øː,176.09497206703912,-18.530295600346438,-1.6121496241086584,-23.708898598611754,-13.407981853565827,-4.785182228336936,1.441875508248647
pca,pca,øː,178.44692737430168,-18.27011849916792,-1.6501344882247138,-23.384332115443314,-13.30450082822096,-4.72909325726446,1.3785721189732871
pca,pca,øː,180.79888268156424,-18.011645427328062,-1.6881796310057777,-23.07245954937071,-13.180623236935862,-4.680947432852696,1.3150103904508954
pca,pca,øː,183.15083798882682,-17.754947386049295,-1.7262875640628923,-22.796948767901362,-12.996480796401157,-4.642096894262428,1.2511795585461774
pca,pca,øː,185.50279329608938,-17.500095376554075,-1.7644607990070995,-22.485734631135873,-12.824753847453296,-4.604820846084663,1.1889095889287684
pca,pca,øː,187.85474860335194,-17.247160400064853,-1.802701847449441,-22.090411133584492,-12.698826241753672,-4.595370213507381,1.1249734393625324
pca,pca,øː,190.20670391061452,-16.99621345780405,-1.84101322100096,-21.627190683962723,-12.49471122535523,-4.579108923083999,1.055725892578796
pca,pca,øː,192.5586592178771,-16.747325550994134,-1.879397431272697,-21.253063559440278,-12.164607735203552,-4.5840924178999645,0.9879865825828187
pca,pca,øː,194.91061452513966,-16.500567680857532,-1.9178569898756952,-20.875370642477932,-11.937552440642005,-4.57827429267508,0.9767557846422849
pca,pca,øː,197.26256983240222,-16.256010848616697,-1.9563944084209957,-20.51185917039457,-11.650205918541047,-4.596458449017679,0.932501520519174
pca,pca,øː,199.6145251396648,-16.01372605549407,-1.9950121985196416,-20.209508601160078,-11.425477979880952,-4.628734027978016,0.8378147506409405
pca,pca,øː,201.9664804469274,-15.773784302712091,-2.033712871782674,-19.96751488359369,-11.231660244430946,-4.666500130521999,0.7894288193885092
pca,pca,øː,204.31843575418995,-15.536256591493217,-2.072498939821135,-19.682299635254697,-11.045656168132314,-4.693511241049866,0.7975296867971386
pca,pca,øː,206.6703910614525,-15.301213923059883,-2.111372914246067,-19.430315391830547,-10.85926944201833,-4.739764691386819,0.7443173482577577
pca,pca,øː,209.0223463687151,-15.068727298634528,-2.1503373066685123,-19.190293241283694,-10.651122248026123,-4.781922434302867,0.6802757333357775
pca,pca,øː,211.37430167597765,-14.838867719439605,-2.189394628699512,-18.9526530021056,-10.365222596810556,-4.8235581590425465,0.6614535289242491
pca,pca,øː,213.7262569832402,-14.611706186697557,-2.2285473919501086,-18.72448561953346,-10.072135139357554,-4.856741075539818,0.6323438471369612
pca,pca,øː,216.0782122905028,-14.387313701630823,-2.267798108031345,-18.48553566288101,-9.78391411603456,-4.892539845073108,0.654243146438439
pca,pca,øː,218.43016759776538,-14.165761265461846,-2.307149288554262,-18.234171300328708,-9.56130913527524,-4.947342131442079,0.6772282894352123
pca,pca,øː,220.78212290502793,-13.947119879413084,-2.346603445129902,-17.98190959068904,-9.337846222210283,-5.0344993160845135,0.6489086805661547
pca,pca,øː,223.1340782122905,-13.731460544706966,-2.3861630893693064,-17.77189256486434,-9.188408430241958,-5.107193454706423,0.6014286039598582
pca,pca,øː,225.48603351955308,-13.518854262565934,-2.4258307328835187,-17.577336763256024,-9.154494705310869,-5.127400361031742,0.6094838354190222
pca,pca,øː,227.83798882681566,-13.309372034212444,-2.46560888728358,-17.365508191257227,-9.027919411768293,-5.193422314882037,0.5987967522453876
pca,pca,øː,230.18994413407822,-13.103084860868936,-2.505500064180532,-17.17598601624483,-8.848557661880552,-5.2862147961199994,0.5733597992234855
pca,pca,øː,232.54189944134077,-12.900063743757855,-2.545506775185417,-17.004548251503238,-8.648326829429708,-5.35748300129485,0.5632615119235007
pca,pca,øː,234.89385474860336,-12.700379684101637,-2.5856315319092777,-16.876674783953113,-8.48309601133883,-5.428601055336728,0.55092795051825
pca,pca,øː,237.24581005586592,-12.504103683122736,-2.625876845963155,-16.690241939980403,-8.319783207700347,-5.48681302122147,0.5376870413015158
pca,pca,øː,239.59776536312847,-12.311306742043595,-2.666245228958092,-16.53464942527544,-8.116049357519225,-5.5435800468264755,0.5427188647825618
pca,pca,øː,241.94972067039106,-12.122059862086651,-2.70673919250513,-16.399807916716494,-7.87770804755136,-5.600629575322116,0.5972473743213538
pca,pca,øː,244.30167597765364,-11.936434044474346,-2.747361248215312,-16.217420493518397,-7.669133983530067,-5.701340957485019,0.6392116799287619
pca,pca,øː,246.6536312849162,-11.754500290429142,-2.788113907699678,-16.08035320099613,-7.513755945574824,-5.802089583304362,0.626855683341144
pca,pca,øː,249.00558659217876,-11.576329601173466,-2.8289996825692723,-15.918604321218368,-7.2509077321422195,-5.875962008542504,0.6307928741372926
pca,pca,øː,251.35754189944134,-11.401992977929762,-2.8700210844351357,-15.778007631796784,-7.0528978486089,-5.942595812778436,0.6753173817220218
pca,pca,øː,253.7094972067039,-11.231561421920485,-2.9111806249083108,-15.616325204338592,-6.862474031148048,-6.0336748323286935,0.7768591792602002
pca,pca,øː,256.0614525139665,-11.065105934368063,-2.9524808155998388,-15.456075896403377,-6.633282942161596,-6.08680818613122,0.8714459208175598
pca,pca,øː,258.41340782122904,-10.902697516494964,-2.9939241681207625,-15.289893541042375,-6.413809368276413,-6.138480697367122,0.9337648583202929
pca,pca,øː,260.76536312849163,-10.744407169523615,-3.035513194082123,-15.150274540452056,-6.279389675898929,-6.207423117556355,0.947167528362442
pca,pca,øː,263.1173184357542,-10.590305894676458,-3.0772504050949636,-14.992881721529825,-6.133755366607616,-6.309668834598115,0.9526710055626366
pca,pca,øː,265.46927374301674,-10.440464693175947,-3.1191383127703247,-14.881039049409711,-5.994016867357312,-6.38711249205329,0.9342460435924846
pca,pca,øː,267.8212290502793,-10.29495456624452,-3.161179428719251,-14.761079885866414,-5.824117252870863,-6.469910625296437,0.9320026962234982
pca,pca,øː,270.1731843575419,-10.153846515104618,-3.203376264552782,-14.61574930959404,-5.617665351928739,-6.534485874371874,0.9240703672681844
pca,pca,øː,272.52513966480444,-10.017211540978693,-3.2457313318819594,-14.471756995441236,-5.43031102526907,-6.613664647196792,0.8856670259395478
pca,pca,øː,274.877094972067,-9.885120645089188,-3.288247142317828,-14.360647648655991,-5.310893433534873,-6.698072615967547,0.8275691485492168
pca,pca,øː,277.2290502793296,-9.757644828658542,-3.3309262074714283,-14.278764344462413,-5.197040377756896,-6.777954332656852,0.76650217795498
pca,pca,øː,279.58100558659214,-9.634855092909199,-3.3737710389538007,-14.23332178732498,-5.08933974744644,-6.853240162617302,0.7398212283458205
pca,pca,øː,281.9329608938548,-9.516822439063603,-3.4167841483759904,-14.188416989071369,-4.962547731269057,-6.923860471201496,0.713141941292966
pca,pca,øː,284.2849162011173,-9.403617868344206,-3.4599680473490375,-14.108677075059108,-4.8280092045046255,-6.979259433340318,0.706654875463019
pca,pca,øː,286.6368715083799,-9.295312381973446,-3.5033252474839838,-14.006231357329531,-4.703688171021641,-7.0210727318875845,0.6777518975281211
pca,pca,øː,288.9888268156425,-9.191976981173767,-3.546858260391872,-13.877083417285165,-4.589732710432888,-7.049246036151739,0.6177963993319355
pca,pca,øː,291.340782122905,-9.093682667167613,-3.590569597683743,-13.773845574051812,-4.486290902351161,-7.070334606577463,0.5533112439653121
pca,pca,øː,293.6927374301676,-9.000500441177422,-3.6344617709706415,-13.671310610021411,-4.393343788479237,-7.087316804868482,0.48415829120480686
pca,pca,øː,296.0446927374302,-8.912501304425646,-3.678537291863607,-13.567602752984707,-4.310497957830062,-7.100135598078481,0.41027271053105396
pca,pca,øː,298.3966480446927,-8.829756258134744,-3.722798671973681,-13.472793937895895,-4.23058147933991,-7.120803833545553,0.34312517489975425
pca,pca,øː,300.7486033519553,-8.752336303527123,-3.7672484229119085,-13.387770779819794,-4.147161440387811,-7.14257811162689,0.27917594030776005
pca,pca,øː,303.1005586592179,-8.680312441825258,-3.8118890562893304,-13.30084331837388,-4.073205374895732,-7.160434394598819,0.21185730519026785
pca,pca,øː,305.4525139664804,-8.613755674251578,-3.856723083716987,-13.215341757623912,-4.009809727151443,-7.173303170696544,0.14112493532984421
pca,pca,øː,307.80446927374305,-8.552737002028529,-3.9017530168059227,-13.143828515668853,-3.9571116454373607,-7.187326513429299,0.057017507856281825
pca,pca,øː,310.1564245810056,-8.497327426378568,-3.9469813671671763,-13.071522100502941,-3.920048490336928,-7.192413240064949,-0.032225439866636854
pca,pca,øː,312.50837988826817,-8.447592935348347,-3.99240943645389,-12.976236745376758,-3.9036707496229526,-7.192241845007468,-0.14312318821432993
pca,pca,øː,314.86033519553075,-8.403501178275235,-4.038014791723812,-12.856826809770718,-3.8750300281491676,-7.186880803480977,-0.2566093476185467
pca,pca,øː,317.2122905027933,-8.364930058085157,-4.083753339238267,-12.738250875311817,-3.8377261205868693,-7.177846806317975,-0.35693967269307747
pca,pca,øː,319.56424581005587,-8.331754187492294,-4.129580191147654,-12.637917931395553,-3.8113278131601898,-7.22279376372235,-0.4536650694369402
pca,pca,øː,321.91620111731845,-8.303848179210846,-4.175450459602363,-12.535956570428308,-3.804935605520317,-7.27378889767026,-0.5460121319526954
pca,pca,øː,324.268156424581,-8.281086645955,-4.221319256752786,-12.379195400916931,-3.8529274110530776,-7.257030487933225,-0.5940188304429843
pca,pca,øː,326.62011173184356,-8.26334420043895,-4.267141694749323,-12.327587363214482,-3.9100984295658985,-7.27690487816349,-0.7356497827615637
pca,pca,øː,328.97206703910615,-8.250495455376893,-4.312872885742365,-12.210519369144011,-3.976106876628907,-7.29851385528163,-0.8947015772641796
pca,pca,øː,331.3240223463687,-8.242415023483012,-4.358467941882305,-12.13312366460726,-4.078691805950371,-7.335404667913191,-1.1063656309291678
pca,pca,øː,333.6759776536313,-8.238977517471504,-4.40388197531954,-12.006030038760452,-4.16671234017479,-7.384654909188249,-1.2187345868640969
pca,pca,øː,336.02793296089385,-8.240057550056562,-4.4490700982044595,-11.901303457833556,-4.239175851001667,-7.449373097981395,-1.3247587708239255
pca,pca,øː,338.37988826815644,-8.245529733952381,-4.493987422687463,-11.791814869800746,-4.318921293196878,-7.487296013284215,-1.4583506077438713
pca,pca,øː,340.731843575419,-8.25526868187314,-4.538589060918943,-11.688875746643856,-4.432598507538879,-7.4873558108560605,-1.583332844584457
pca,pca,øː,343.08379888268155,-8.269149006533041,-4.5828301250492895,-11.706329957173466,-4.4903427136913825,-7.450664491290954,-1.7003867076239112
pca,pca,øː,345.43575418994413,-8.287045320646278,-4.626665727228903,-11.71435510973449,-4.575000199317293,-7.410805761787272,-1.7718040783288769
pca,pca,øː,347.7877094972067,-8.308832236927046,-4.670050979608174,-11.702511714710568,-4.703617480780815,-7.387921075408346,-1.8442685612199936
pca,pca,øː,350.13966480446925,-8.334384368089523,-4.7129409943374965,-11.69340269126962,-4.784412892964897,-7.491951822880009,-1.9497773835042094
pca,pca,øː,352.49162011173183,-8.36357632684792,-4.755290883567264,-11.6869432417827,-4.86098086601114,-7.560279585142239,-1.9685745882214625
pca,pca,øː,354.8435754189944,-8.396282725916407,-4.797055759447875,-11.678924560348696,-4.981271162359404,-7.591923451752174,-2.0541855721888775
pca,pca,øː,357.19553072625695,-8.432378178009195,-4.838190734129718,-11.675761242374984,-5.143220001099916,-7.621562556600022,-2.0818895588052295
pca,pca,øː,359.5474860335196,-8.47173729584047,-4.87865091976319,-11.588867899687566,-5.224157846160865,-7.650412988926332,-2.122967522839245
pca,pca,øː,361.8994413407821,-8.514234692124418,-4.918391428498686,-11.552164470105394,-5.267149155070493,-7.684181878004069,-2.176384898871399
pca,pca,øː,364.2513966480447,-8.559744979575228,-4.9573673724865985,-11.572146777311689,-5.314177451812902,-7.812755693965827,-2.2832518445952292
pca,pca,øː,366.6033519553073,-8.608142770907115,-4.995533863877322,-11.661988230223969,-5.396864037771607,-7.959072047003274,-2.2479534572853663
pca,pca,øː,368.9553072625698,-8.659302678834258,-5.032846014821248,-11.715515776657869,-5.493877602111186,-8.019865601596925,-2.1994785721307983
pca,pca,øː,371.3072625698324,-8.713099316070839,-5.069258937468775,-11.785830865921302,-5.583198507698984,-8.013237486756072,-2.2339027484921927
pca,pca,øː,373.659217877095,-8.769407295331057,-5.104727743970296,-11.81365332562753,-5.654033611563815,-8.05642080205502,-2.249311601952161
pca,pca,øː,376.0111731843575,-8.828101229329114,-5.139207546476204,-11.82673767356918,-5.700809450505468,-8.129419594618426,-2.2710987465064676
pca,pca,øː,378.3631284916201,-8.88905573077919,-5.172653457136892,-11.876214527154113,-5.763304451977296,-8.211769595756415,-2.313817560288548
pca,pca,øː,380.7150837988827,-8.952145412395481,-5.205020588102758,-11.925543379764724,-5.8164776667180105,-8.29011427862135,-2.3366390096095233
pca,pca,øː,383.0670391061453,-9.017244886892186,-5.236264051524192,-11.982990579258646,-5.912707538849631,-8.370055083188658,-2.322572935925903
pca,pca,øː,385.4189944134078,-9.084228766983486,-5.26633895955159,-12.041995890666591,-5.996304601168431,-8.447467186761632,-2.295809608726502
pca,pca,øː,387.7709497206704,-9.152971665383575,-5.295200424335347,-12.107814508175286,-5.996215165489303,-8.558219584661446,-2.2572690295449487
pca,pca,øː,390.122905027933,-9.22334819480664,-5.322803558025856,-12.152935371479852,-6.056918388608092,-8.664765922025438,-2.220608843966513
pca,pca,øː,392.47486033519556,-9.295232967966896,-5.3491034727735105,-12.2513412655706,-6.0953854824241045,-8.800594302859244,-2.184587797619061
pca,pca,øː,394.8268156424581,-9.368500597578517,-5.3740552807287045,-12.376614666861014,-6.166574701685392,-8.920634827930709,-2.1697918165010566
pca,pca,øː,397.1787709497207,-9.44302569635569,-5.397614094041834,-12.482225503697038,-6.194511187494199,-9.03207928088746,-2.150344547672783
pca,pca,øː,399.53072625698326,-9.518682877012623,-5.419735024863291,-12.688996704241516,-6.195592141294019,-9.158564812653438,-2.1608195933100447
pca,pca,øː,401.8826815642458,-9.595346752263488,-5.440373185343471,-12.872188714246523,-6.2139094619991555,-9.248936074478792,-2.162146535830339
pca,pca,øː,404.23463687150837,-9.672891934822509,-5.459483687632768,-12.993318113034709,-6.261907187300486,-9.337501491934182,-2.139287433092455
pca,pca,øː,406.58659217877096,-9.751193037403851,-5.477021643881576,-13.092179775648724,-6.324472294063043,-9.355621451757047,-2.075667625142329
pca,pca,øː,408.93854748603354,-9.830124672721709,-5.492942166240289,-13.19303821086226,-6.4081793532497855,-9.369366932098544,-2.011523044241338
pca,pca,øː,411.29050279329607,-9.909561453490284,-5.5072003668593,-13.32725602311697,-6.43354716910014,-9.355134949595334,-1.9832078259111783
pca,pca,øː,413.64245810055866,-9.989377992423755,-5.519751357889005,-13.47341300747571,-6.450290896935534,-9.395544955531333,-1.9377217097707653
pca,pca,øː,415.99441340782124,-10.069448902236346,-5.530550251479798,-13.609521338052264,-6.490442444570685,-9.385861499748344,-1.8743526105036967
pca,pca,øː,418.3463687150838,-10.1496487956422,-5.539552159782072,-13.705063610866516,-6.520227222128138,-9.409138567439506,-1.8326166878750965
pca,pca,øː,420.69832402234636,-10.229852285355548,-5.54671219494622,-13.81320013257017,-6.593450043451548,-9.453137813077573,-1.7680029410497498
pca,pca,øː,423.05027932960894,-10.30993398409057,-5.551985469122639,-13.910337745237829,-6.66192253843361,-9.455734955095743,-1.7021674035896004
pca,pca,øː,425.4022346368715,-10.389768504561445,-5.555327094461722,-14.01307500721534,-6.71462648103568,-9.416016216266181,-1.642306143248523
pca,pca,øː,427.75418994413405,-10.469230459482404,-5.556692183113862,-14.127872329181177,-6.7943238378649955,-9.398925861988957,-1.5883977182765299
pca,pca,øː,430.10614525139664,-10.54819446156759,-5.556035847229453,-14.183876862854163,-6.9217194032848965,-9.40010255087085,-1.5735134982652814
pca,pca,øː,432.4581005586592,-10.626535123531227,-5.553313198958891,-14.225144615835843,-7.060158232639273,-9.383905524929549,-1.5432043106066884
pca,pca,øː,434.8100558659218,-10.7041270580875,-5.54847935045257,-14.298697838465957,-7.093469486142703,-9.310101267054362,-1.5017966774402338
pca,pca,øː,437.16201117318434,-10.7808448779506,-5.541489413860883,-14.378161049069886,-7.112045001269235,-9.228615346370656,-1.5099942559822053
pca,pca,øː,439.5139664804469,-10.856563195834724,-5.532298501334224,-14.443513695313149,-7.195168627945704,-9.192855837150415,-1.4977311584464994
pca,pca,øː,441.8659217877095,-10.931156624454033,-5.5208617250229866,-14.541338819804288,-7.3083108910580314,-9.152600939251279,-1.4681269965777728
pca,pca,øː,444.2178770949721,-11.004499776522763,-5.507134197077567,-14.630614641372645,-7.435476506111021,-9.059933946804353,-1.4971068327185544
pca,pca,øː,446.5698324022346,-11.076467264755088,-5.491071029648357,-14.720544807750501,-7.528133776083625,-8.973942260309407,-1.5312261736431088
pca,pca,øː,448.9217877094972,-11.146933701865187,-5.472627334885754,-14.76604191001659,-7.547577478923251,-8.926682163022605,-1.5371336399234896
pca,pca,øː,451.2737430167598,-11.215773745186958,-5.451758253295823,-14.811590093728679,-7.529429482720919,-8.818115704134163,-1.5772603943551373
pca,pca,øː,453.6256983240223,-11.282901249571992,-5.428443835305436,-14.951761741641628,-7.617770669383521,-8.731229178691352,-1.5758499142577378
pca,pca,øː,455.9776536312849,-11.348341102977969,-5.402734692591968,-15.0498328612006,-7.689087700259805,-8.666429291554559,-1.5536420934490742
pca,pca,øː,458.3296089385475,-11.4121377172727,-5.374693844227081,-15.123290738921325,-7.636131548396804,-8.581325406455699,-1.5796344029488494
pca,pca,øː,460.6815642458101,-11.474335504324081,-5.344384309282434,-15.173772101140111,-7.576384724800531,-8.522266650435732,-1.622515123139603
pca,pca,øː,463.0335195530726,-11.534978875999983,-5.311869106829686,-15.264584960803596,-7.500142812235073,-8.434478033224648,-1.5866536818693173
pca,pca,øː,465.3854748603352,-11.5941122441683,-5.277211255940499,-15.354538568700264,-7.486525603482675,-8.29302681856024,-1.5733238967388834
pca,pca,øː,467.7374301675978,-11.651780020696862,-5.240473775686532,-15.484891386983094,-7.53689214056336,-8.142962485696593,-1.611306377713881
pca,pca,øː,470.08938547486036,-11.708026617453527,-5.2017196851394445,-15.541412836960394,-7.520955132699032,-7.980222520973808,-1.6455240678334322
pca,pca,øː,472.4413407821229,-11.762896446306229,-5.161012003370898,-15.622054965253914,-7.565100454104941,-7.962655813323839,-1.6979819999022436
pca,pca,øː,474.7932960893855,-11.816433919122801,-5.118413749452551,-15.683608522388806,-7.601336958542659,-7.87558096204979,-1.730752641240474
pca,pca,øː,477.14525139664806,-11.868683447771133,-5.073987942456063,-15.763016295402542,-7.5552642443629425,-7.828787947637178,-1.7839657133025868
pca,pca,øː,479.4972067039106,-11.919689444119044,-5.0277976014530985,-15.926609234564618,-7.508545939296937,-7.828244415185469,-1.7419815587705931
pca,pca,øː,481.8491620111732,-11.96949632003448,-4.979905745515311,-16.06817114131084,-7.407751510313939,-7.847411015098381,-1.6919644473163948
pca,pca,øː,484.20111731843576,-12.018148487385247,-4.930375393714364,-16.395107221692783,-7.413264783775562,-7.846895705555279,-1.5803689248612445
pca,pca,øː,486.55307262569835,-12.065690358039248,-4.879269565121918,-16.560138614283588,-7.328252982940028,-7.854076019431282,-1.3225566307706302
pca,pca,øː,488.9050279329609,-12.11216634386436,-4.826651278809632,-16.768299857230613,-7.313887403104366,-7.895945709531566,-1.1600782315458518
pca,pca,øː,491.25698324022346,-12.157620856728428,-4.772583553849165,-17.053204580789476,-7.258610943516911,-7.984927182699361,-0.9275515479143112
pca,pca,øː,493.60893854748605,-12.202098308499345,-4.717129409312178,-17.27366958753679,-7.141256028348871,-8.03289296436908,-0.6573251233967226
pca,pca,øː,495.96089385474863,-12.245643111044956,-4.660351864270332,-17.523188555391123,-7.021911400732662,-8.00028086059257,-0.35231135130907454
pca,pca,øː,498.31284916201116,-12.288299676233166,-4.602313937795286,-17.883914960898537,-6.898288012512546,-8.113584575482905,0.026248633939162033
pca,pca,øː,500.66480446927375,-12.33011241593185,-4.5430786489587,-18.26204289728206,-6.733468672241846,-8.225755407995504,0.36078652406668243
pca,pca,øː,503.01675977653633,-12.371125742008843,-4.482709016832233,-18.608121560004733,-6.529293743739712,-8.280695520937059,0.6869314881168213
pca,pca,øː,505.36871508379886,-12.411384066332005,-4.421268060487548,-18.872799196941553,-6.196339641145219,-8.346965959717593,1.0375806750701582
pca,pca,øː,507.72067039106145,-12.450931800769268,-4.358818798996301,-19.110013851603274,-5.902448888054343,-8.478139419228455,1.4048791815553572
pca,pca,øː,510.07262569832403,-12.489813357188439,-4.2954242514301555,-19.35117202289841,-5.727895190298198,-8.589280714639006,1.846832325634291
pca,pca,øː,512.4245810055866,-12.528073147457462,-4.2311474368607715,-19.600589735566498,-5.5322038942136365,-8.73647137594613,2.3281299477122848
pca,pca,øː,514.7765363128492,-12.56575558344413,-4.166051374359802,-19.855920957917885,-5.4708943143307245,-8.931883654679927,2.777327704880316
pca,pca,øː,517.1284916201117,-12.602905077016345,-4.100199082998918,-20.06463975876647,-5.305647269148191,-9.031090491901868,3.1758404337656216
pca,pca,øː,519.4804469273743,-12.639566040041984,-4.033653581849773,-20.416663028681025,-5.188295880348453,-9.130898821126992,3.5778578517173654
pca,pca,øː,521.8324022346369,-12.675782884388909,-3.9664778899840245,-20.704668864933705,-4.880096628169257,-9.239005595741872,3.983455246055639
pca,pca,øː,524.1843575418994,-12.711600021925008,-3.8987350264733394,-21.02430205519289,-4.522026315138499,-9.42975893399772,4.394880752999778
pca,pca,øː,526.536312849162,-12.747061864518159,-3.8304880103893764,-21.368861642148445,-4.230627369417391,-9.598722901993298,4.8088979052020395
pca,pca,øː,528.8882681564246,-12.78221282403618,-3.7617998608037873,-21.715239532161707,-3.966408512719845,-9.78466671008761,5.3229116788859905
pca,pca,øː,531.2402234636871,-12.817097312346988,-3.692733596788244,-22.014445277643443,-3.74756817083497,-9.975280964940769,5.860846771041451
pca,pca,øː,533.5921787709497,-12.851759741318432,-3.623352237414397,-22.314822752348153,-3.490952839973799,-10.160909442893265,6.359977761416614
pca,pca,øː,535.9441340782123,-12.88624452281843,-3.5537188017539094,-22.639812221030972,-3.1946427946980553,-10.286525561000033,6.787594574872819
pca,pca,øː,538.2960893854749,-12.920596068714772,-3.4838963088784425,-22.965243534128028,-2.897440268086481,-10.412344110424502,7.216213302715208
pca,pca,øː,540.6480446927374,-12.954858790875392,-3.4139477778596605,-23.309955527919342,-2.5996427539177245,-10.538297614060752,7.665603737569226
pca,pca,øː,543.0,-12.989077101168135,-3.3439362277692126,-23.695122505458045,-2.3015477459703364,-10.66431859480292,8.168406539342811
