method,space,vowel,geographic_coordinate,geographic_position,predicted_display_x,predicted_display_y,display_x_lower_95,display_x_upper_95,display_y_lower_95,display_y_upper_95
pca,pca,uː,axis,0.0,-6.997114203496436,1.255175509709519,-19.46492469935506,7.087021134172194,-4.384101815978005,5.988504324118154
pca,pca,uː,axis,2.3870508838783997,-5.724945308699093,1.202115208779991,-17.772229087491052,7.926767905276936,-4.218607145645811,5.775140542017388
pca,pca,uː,axis,4.774101767756799,-4.453666553353694,1.1492361370504578,-16.08073622419626,8.768285100650003,-4.091688007200059,5.591521889364711
pca,pca,uː,axis,7.161152651635199,-3.184168076912182,1.096719523720914,-14.445247315715168,9.610358706331022,-3.964677552573388,5.376613489519563
pca,pca,uː,axis,9.548203535513599,-1.9173400188265042,1.0447465979913546,-12.848455027051234,10.450831475260316,-3.829003943658672,5.155937332453885
pca,pca,uː,axis,11.935254419391999,-0.6540725185486025,0.993498589061774,-11.218894813411627,11.283917285929942,-3.6268395822167476,4.9361240821034915
pca,pca,uː,axis,14.322305303270397,0.604744284469577,0.9431567261321673,-9.59132833035347,12.099699127623904,-3.4966820304218706,4.753852064103929
pca,pca,uː,axis,16.7093561871488,1.8582202507760917,0.8939022384025292,-7.935887127613144,12.874586976668137,-3.39593398939746,4.497076221129024
pca,pca,uː,axis,19.096407071027198,3.105465240918994,0.8459163550728543,-6.319312940484463,13.596161032808798,-3.3593185657330937,4.272335645044712
pca,pca,uː,axis,21.483457954905596,4.345589115446343,0.7993803053431376,-4.761387739632253,14.359945892409717,-3.321299845371883,4.033154504872983
pca,pca,uː,axis,23.870508838783998,5.577701734906194,0.7544753184133737,-3.1852979089340554,15.119457967631437,-3.186470640581241,3.759121732857186
pca,pca,uː,axis,26.257559722662396,6.800912959846602,0.7113826234835573,-1.5786022821972676,15.874222504654043,-3.0871998319722835,3.6202412749737167
pca,pca,uː,axis,28.644610606540795,8.014332650815621,0.6702834497536831,0.015007381971364003,16.632576972151366,-2.9985551326261444,3.45826197314633
pca,pca,uː,axis,31.031661490419197,9.21707066836131,0.6313590264237462,1.5943414506110987,17.47928648744889,-2.852947389029744,3.315253091313389
pca,pca,uː,axis,33.4187123742976,10.408236873031726,0.5947905826937411,3.217212971296619,18.31859294255347,-2.7383222208415123,3.113066858576002
pca,pca,uː,axis,35.80576325817599,11.586941125374915,0.5607593477636624,4.829825931260259,19.132851182537067,-2.5516881668326477,3.0705481718312604
pca,pca,uː,axis,38.192814142054395,12.75229328593894,0.5294465508335052,6.16263939592516,19.82127398911032,-2.4378103843147283,2.9309384366639737
pca,pca,uː,axis,40.5798650259328,13.903403215271862,0.5010334211032641,7.598459395453046,20.554594172836065,-2.373012107654851,2.812300995318235
pca,pca,uː,axis,42.96691590981119,15.039380773921726,0.4757011877729339,9.03428550369802,21.36985808137007,-2.286695321746778,2.6844958342932737
pca,pca,uː,axis,45.353966793689594,16.159335822436596,0.4536310800425092,10.45461274706471,22.21462732009658,-2.2015227112613385,2.64764744634312
pca,pca,uː,axis,47.741017677567996,17.26237822136452,0.435004327111985,11.864491363937812,23.070526352298337,-2.1521490683847873,2.633527483805144
pca,pca,uː,axis,50.12806856144639,18.347617831253565,0.4200021581813558,13.08465896820723,23.804256396869967,-2.1299261287859292,2.5819894457928583
pca,pca,uː,axis,52.51511944532479,19.414164512651773,0.4088058024506165,14.360374271381778,24.50541981378445,-2.0723167967846052,2.5345801606295812
pca,pca,uː,axis,54.902170329203194,20.461128126107212,0.40159648911976187,15.583104084449099,25.339773731973935,-2.070082243092562,2.4728098505833622
pca,pca,uː,axis,57.28922121308159,21.48761853216793,0.3985554473887867,16.86586705196367,26.187802639375136,-2.0593342167040998,2.499399029992174
pca,pca,uː,axis,59.67627209695999,22.492745591381983,0.3998639064576859,18.09222192700949,27.08790562178135,-2.063153636430636,2.5142018380607905
pca,pca,uː,axis,62.06332298083839,23.47561916429743,0.40570309552645356,19.190871286016407,27.886754469527073,-2.062551770660467,2.585213986377913
pca,pca,uː,axis,64.4503738647168,24.435349111462326,0.41625424379508513,20.18417868718044,28.70759044291863,-2.0529653406110855,2.7206397189022526
pca,pca,uː,axis,66.8374247485952,25.371045293424725,0.43169858046357534,21.138629057636784,29.56079456705382,-2.0918177605434685,2.811125399247227
pca,pca,uː,axis,69.22447563247358,26.281817570732677,0.4522173347319183,22.286431484077855,30.453900308401977,-2.1467239976311734,2.8539513521248487
pca,pca,uː,axis,71.61152651635199,27.166775803934254,0.47799173580010934,23.268697401907776,31.286532202265406,-2.197905008835903,3.0251177834776812
pca,pca,uː,axis,73.99857740023039,28.025029853577497,0.5092030128681431,24.21315535426641,32.06842668446918,-2.232177467131836,3.125595458858303
pca,pca,uː,axis,76.38562828410879,28.855689580210463,0.5460323951360146,25.151476225642146,32.86408671474831,-2.229830522340313,3.179095159377358
pca,pca,uː,axis,78.77267916798719,29.657864844381216,0.5886611118037182,25.945703171533612,33.64723168955214,-2.1868226659309027,3.2826978187514833
pca,pca,uː,axis,81.1597300518656,30.43066550663781,0.6372703920712488,26.709420925048587,34.44659847818309,-2.1790462701203492,3.4436513970197513
pca,pca,uː,axis,83.546780935744,31.173201427528294,0.6920414651386011,27.492332597250595,35.16153701307426,-2.222083756690947,3.5771260976945274
pca,pca,uː,axis,85.93383181962238,31.884582467600726,0.7531555602057691,28.162875445256912,35.891566716688395,-2.2670833223403726,3.7423430476215294
pca,pca,uː,axis,88.32088270350079,32.563918494799566,0.8207939045769954,28.80032699520346,36.579240384206116,-2.2927400438211736,3.900853244277159
pca,pca,uː,axis,90.70793358737919,33.210596130690654,0.8950667914445525,29.433686592365866,37.3388349765689,-2.2437109153167207,4.030656188127616
pca,pca,uː,axis,93.09498447125759,33.82501135136732,0.9758258085619049,30.023674561098716,37.99915066711488,-2.1796892246191604,4.160853785511517
pca,pca,uː,axis,95.48203535513599,34.40779017588473,1.0628635818769645,30.502015369504207,38.60415503434553,-2.13250717159302,4.290427042554834
pca,pca,uː,axis,97.8690862390144,34.95955862329801,1.1559727373376432,30.99440320191362,39.17882251886097,-2.0828605582372783,4.419346558503754
pca,pca,uː,axis,100.25613712289278,35.48094271266231,1.2549459008918533,31.46523800775818,39.71696741636305,-1.9939735682972106,4.507972025426155
pca,pca,uː,axis,102.64318800677118,35.972568463032786,1.3595756984875078,31.937426265975514,40.24597169148053,-1.8942517568708337,4.5930544295559175
pca,pca,uː,axis,105.03023889064958,36.43506189346458,1.469654756072519,32.38582230182012,40.73882090983401,-1.7827691892629693,4.680291617679845
pca,pca,uː,axis,107.41728977452799,36.86904902301284,1.5849756995947986,32.80970530208418,41.19631832416648,-1.6642811964368458,4.770063184126544
pca,pca,uː,axis,109.80434065840639,37.27515587073272,1.7053311550022583,33.20960116567689,41.619267187220885,-1.529072729178016,4.896962964060047
pca,pca,uː,axis,112.19139154228479,37.65400845567936,1.8305137482428115,33.575056133899814,42.00847075174019,-1.3862488702627818,5.035804126522162
pca,pca,uː,axis,114.57844242616318,38.006232796907895,1.9603161052643676,33.93936074946215,42.37589549266786,-1.243190783166322,5.174754655060497
pca,pca,uː,axis,116.96549331004158,38.33245491347349,2.0945308520148442,34.27133639719582,42.73977712195142,-1.0996948060463874,5.312415418713336
pca,pca,uː,axis,119.35254419391998,38.63330082443129,2.232950614442149,34.60018438570712,43.06961644822246,-0.9668837093161179,5.448754683591126
pca,pca,uː,axis,121.73959507779838,38.909396548836455,2.3753680184941963,34.90432102191755,43.37017168505892,-0.8261120061393129,5.583740715804315
pca,pca,uː,axis,124.12664596167679,39.1613681057441,2.5215756901188975,35.17960464677363,43.638030080131024,-0.6568646873374455,5.730560337471951
pca,pca,uː,axis,126.51369684555519,39.38984151420938,2.6713662552641657,35.41383410721529,43.87407892505422,-0.4862831118637306,5.885651847346553
pca,pca,uː,axis,128.9007477294336,39.595442793287475,2.824532339877911,35.6128848838443,44.10287624338627,-0.2965472116969958,6.038992185621398
pca,pca,uː,axis,131.287798613312,39.778797962033494,2.980866569908048,35.80495148748274,44.30628940925515,-0.09903333897179521,6.190538895090754
pca,pca,uː,axis,133.6748494971904,39.9405330395026,3.1401615713024884,35.98495193924391,44.48277235327584,0.10585122490652266,6.3402495185488865
pca,pca,uː,axis,136.0619003810688,40.08127404474993,3.3022099700091436,36.13117848167259,44.60978812209173,0.3173017156206747,6.504668502897306
pca,pca,uː,axis,138.44895126494717,40.201646996830654,3.466804391975923,36.25237422768789,44.70842791494081,0.5351945865182234,6.670984785149802
pca,pca,uː,axis,140.83600214882557,40.3022779147999,3.6337374631507466,36.35896639216005,44.766781398885584,0.75509925449251,6.830410546657647
pca,pca,uː,axis,143.22305303270397,40.383792817712816,3.8028018094815215,36.44915876964269,44.804485002296865,0.9727471253786716,6.988556675864973
pca,pca,uː,axis,145.61010391658237,40.44681772462455,3.97379005691616,36.526267520074256,44.82972886124996,1.1797113462334379,7.135654972344053
pca,pca,uː,axis,147.99715480046078,40.491978654590255,4.146494831402575,36.59610834509951,44.81780036469431,1.351274989849058,7.260728676736439
pca,pca,uː,axis,150.38420568433918,40.51990162666507,4.32070875888868,36.6713661015597,44.766102355951816,1.5632866648353005,7.3504391217321565
pca,pca,uː,axis,152.77125656821758,40.53121265990415,4.496224465322385,36.76356080999382,44.68790793360196,1.8026440645520638,7.438032294429535
pca,pca,uː,axis,155.15830745209598,40.526537773362655,4.672834576651601,36.75766117607604,44.61580776635103,2.0604958622380662,7.52351061839269
pca,pca,uː,axis,157.54535833597438,40.506502986095704,4.850331718824245,36.744583536939345,44.57692901765067,2.310439961347881,7.606876517185732
pca,pca,uː,axis,159.9324092198528,40.47173431715846,5.028508517788226,36.76698828303262,44.52540253110654,2.5631730108442836,7.688132414372781
pca,pca,uː,axis,162.3194601037312,40.42285778560607,5.207157599491458,36.78921019148044,44.45745822053783,2.817707205411858,7.846012600210665
pca,pca,uː,axis,164.7065109876096,40.360499410493674,5.386071589881852,36.74934514484768,44.36171089736494,3.0654704564807718,7.998482952234845
pca,pca,uː,axis,167.093561871488,40.28528521087642,5.56504311490732,36.67776336666919,44.24991254775754,3.2641272076874657,8.11195688866555
pca,pca,uː,axis,169.48061275536637,40.19784120580948,5.7438648005157695,36.62994500431227,44.12307460147825,3.503215937848917,8.272425134007005
pca,pca,uː,axis,171.86766363924477,40.098793414347966,5.922329272655123,36.550492307567964,43.94914061268971,3.7442651693157014,8.437733517170159
pca,pca,uː,axis,174.25471452312317,39.98876785554705,6.100229157273288,36.467811228695055,43.72930220911056,3.986483018600675,8.538190510385451
pca,pca,uː,axis,176.64176540700157,39.86839054846186,6.2773570803181755,36.33897757914586,43.571064253079165,4.223216696360432,8.697394131708531
pca,pca,uː,axis,179.02881629087997,39.73828751214755,6.4535056677377,36.19375436218868,43.40531261981914,4.384913314788484,8.807688108507737
pca,pca,uː,axis,181.41586717475838,39.59908476565924,6.628467545479772,36.035819156577254,43.21409690967314,4.62105930462568,8.962785315013171
pca,pca,uː,axis,183.80291805863678,39.45140832805215,6.802035339492301,35.909735996589994,42.99306900303552,4.805083833221735,9.085721121637217
pca,pca,uː,axis,186.18996894251518,39.29588421838136,6.974001675723205,35.79506775993361,42.772661084754525,5.038649801377724,9.208745926538763
pca,pca,uː,axis,188.57701982639358,39.13313845570207,7.144159180120393,35.61373345131735,42.56621667965887,5.240443091534776,9.373753392015082
pca,pca,uː,axis,190.96407071027198,38.963797059069364,7.3123004786317765,35.4686821746301,42.37842434095774,5.415555118390564,9.537016658197112
pca,pca,uː,axis,193.35112159415038,38.78848604753844,7.478218197205273,35.327276888440565,42.1559077565949,5.568340772668672,9.72496314691159
pca,pca,uː,axis,195.7381724780288,38.607831440164404,7.641704961788786,35.13407476215828,41.98052406476121,5.721250404513339,9.921367598862437
pca,pca,uː,axis,198.1252233619072,38.42245925600244,7.802553398330238,34.935765095767614,41.80491409847195,5.848234700809006,10.099364992546553
pca,pca,uː,axis,200.51227424578556,38.2329955141077,7.96055613277753,34.71635044790042,41.62698879136715,5.962186077840112,10.207885713791448
pca,pca,uː,axis,202.89932512966396,38.04006623353531,8.115505791078578,34.47205665374194,41.43119216705355,6.07682754603115,10.367167080307228
pca,pca,uː,axis,205.28637601354237,37.8442974333404,8.2671949991813,34.22706806250171,41.17726327554389,6.248594143921502,10.547258793995619
pca,pca,uː,axis,207.67342689742077,37.646315132578124,8.415416383033609,33.98882946112449,41.032279859254466,6.3901605316360754,10.718520486186577
pca,pca,uː,axis,210.06047778129917,37.4467453503037,8.559962568583405,33.76102780948219,40.7950702478421,6.549848720654137,10.874222598102149
pca,pca,uː,axis,212.44752866517757,37.24621410557219,8.700626181778613,33.52260806622157,40.53748380720716,6.690757398279301,11.0219884719692
pca,pca,uː,axis,214.83457954905597,37.04534741743876,8.837199848567138,33.2538913550792,40.348901518934824,6.8184338635451445,11.181548752879104
pca,pca,uː,axis,217.22163043293438,36.844771304958584,8.969476194896894,32.99877356594234,40.18956326875649,6.921954278887636,11.337356035080326
pca,pca,uː,axis,219.60868131681278,36.64511178718675,9.0972478467158,32.71034251321121,40.016243594140455,7.043233805688997,11.486231311270092
pca,pca,uː,axis,221.99573220069118,36.446994883178505,9.22030742997175,32.46448044183897,39.816854274079276,7.120029465427451,11.627893941908935
pca,pca,uː,axis,224.38278308456958,36.2510466119889,9.33844757061268,32.23900064109783,39.60570809187421,7.237307483623704,11.762063287457412
pca,pca,uː,axis,226.76983396844798,36.057892992673146,9.451460894586479,31.983075939883186,39.397526999635815,7.305462730538913,11.885541370798485
pca,pca,uː,axis,229.15688485232636,35.86816004428633,9.559140027841071,31.715377982589693,39.27098570076616,7.392449032586148,11.997543102804656
pca,pca,uː,axis,231.54393573620476,35.68247378588367,9.661277596324378,31.456184970092302,39.15810546695574,7.476870740556489,12.101145031897456
pca,pca,uː,axis,233.93098662008316,35.50146023652022,9.757666225984302,31.20636748634912,39.071639224310935,7.583314517040298,12.196057920850487
pca,pca,uː,axis,236.31803750396156,35.32571283404428,9.848111779502624,30.977057936357372,38.982740099177114,7.684081692403206,12.282011384659013
pca,pca,uː,axis,238.70508838783996,35.15543034126125,9.932580463790107,30.800289689801726,38.91509047541665,7.7658796291527405,12.359334545013986
pca,pca,uː,axis,241.09213927171837,34.990549123534635,10.011145089699909,30.6317367169833,38.77744254722485,7.815405816541533,12.435006145218626
pca,pca,uː,axis,243.47919015559677,34.83100081029403,10.083880392148206,30.470103763898784,38.683064289442974,7.863991692858878,12.502769209940459
pca,pca,uː,axis,245.86624103947517,34.676717030969144,10.150861106051181,30.316133764778616,38.57702781583944,7.911136385432309,12.592751201533888
pca,pca,uː,axis,248.25329192335357,34.52762941498963,10.212161966324995,30.138607346515453,38.47457149783954,7.958105363997424,12.641707078802101
pca,pca,uː,axis,250.64034280723197,34.38366959178518,10.267857707885824,29.977790111976425,38.37361793644283,8.021592637015894,12.699218260073236
pca,pca,uː,axis,253.02739369111038,34.244769190785405,10.318023065649847,29.876178348965006,38.27385162275156,8.081687318951673,12.745878847896751
pca,pca,uː,axis,255.41444457498878,34.11085984142002,10.362732774533228,29.74529796487212,38.17525651287779,8.138526362053534,12.765752203467894
pca,pca,uː,axis,257.8014954588672,33.981873173118686,10.402061569452147,29.615079214760474,38.09757281238448,8.192154364113716,12.770872330433614
pca,pca,uː,axis,260.18854634274555,33.85774081531105,10.43608418532277,29.492750934768498,38.01571162475867,8.242615922924465,12.793787326433783
pca,pca,uː,axis,262.575597226624,33.73839439742676,10.464875357061285,29.378059429991033,37.92463189618616,8.277645115664377,12.814511690322673
pca,pca,uː,axis,264.96264811050236,33.62376554889559,10.488509819583832,29.27171057579882,37.833122078961296,8.303281737835212,12.826130635378822
pca,pca,uː,axis,267.3496989943808,33.513785899147024,10.507062307806635,29.173583464212197,37.74118840625282,8.32668213771632,12.830080680515467
pca,pca,uː,axis,269.73674987825916,33.40838707761091,10.520607556645821,29.083557187251866,37.64883711122967,8.347879200929597,12.820197468122672
pca,pca,uː,axis,272.1238007621376,33.307500713716735,10.529220301017602,28.998989269940367,37.556074427060686,8.36853491012107,12.819810060888956
pca,pca,uː,axis,274.51085164601596,33.21105843689432,10.532975275838105,28.931012328337122,37.46290658691481,8.392088554248588,12.815885363761677
pca,pca,uː,axis,276.89790252989434,33.11899187657332,10.53194721602354,28.864780188959205,37.369339823960914,8.401253458822545,12.828373681395586
pca,pca,uː,axis,279.28495341377277,33.031232662183356,10.52621085649006,28.761333235119906,37.275761383268474,8.424943096262314,12.835389297851256
pca,pca,uː,axis,281.67200429765114,32.94771242315409,10.515840932153843,28.669415125790245,37.16085691610049,8.420640578104669,12.843162682328781
pca,pca,uː,axis,284.0590551815296,32.86836278891511,10.500912177931077,28.625390413534312,37.03641540891736,8.424262079322354,12.847524652950968
pca,pca,uː,axis,286.44610606540795,32.79311538889624,10.481499328737925,28.58846051984017,36.910667551364305,8.407519432730787,12.825991687946804
pca,pca,uː,axis,288.8331569492864,32.721901852527026,10.457677119490562,28.558507197731835,36.783589898807016,8.371892062050437,12.794386314366205
pca,pca,uː,axis,291.22020783316475,32.654653809237175,10.429520285105149,28.535412200233278,36.63857364595892,8.343793937184431,12.753541961240717
pca,pca,uː,axis,293.6072587170432,32.591302888456426,10.397103560497868,28.518690209954286,36.50732477089169,8.285667180907593,12.711690012329207
pca,pca,uː,axis,295.99430960092155,32.53178071961429,10.360501680584896,28.506695194870623,36.402297653028626,8.265390781429868,12.642819504795241
pca,pca,uː,axis,298.3813604848,32.476018932140505,10.319789380282408,28.491141764810987,36.316828195030226,8.251891396618623,12.566988172218727
pca,pca,uː,axis,300.76841136867836,32.42394915546487,10.275041394506552,28.489833753408586,36.22972409461108,8.217857644772677,12.47488145888278
pca,pca,uː,axis,303.1554622525568,32.37550301901683,10.226332458173545,28.460350654248113,36.16539678389705,8.17181661274366,12.365478240059756
pca,pca,uː,axis,305.54251313643516,32.330612152226195,10.173737306199527,28.43519539086463,36.10130835497929,8.115612264858429,12.299335506724447
pca,pca,uː,axis,307.92956402031353,32.28920818452252,10.117330673500689,28.411555351051344,35.99966927817678,8.035836046564038,12.20108975048204
pca,pca,uː,axis,310.31661490419197,32.25122274533567,10.05718729499317,28.409895112580106,35.95120183296281,7.956196772357468,12.120002657396485
pca,pca,uː,axis,312.70366578807034,32.21658746409514,9.993381905593175,28.419793956277445,35.886727109418196,7.883423940852195,12.030940330889878
pca,pca,uː,axis,315.09071667194877,32.18523397023057,9.925989240216879,28.42644325181463,35.79720261921724,7.808976414426986,11.946735892666753
pca,pca,uː,axis,317.47776755582714,32.15709389317169,9.855084033780443,28.438288406703776,35.68152154682284,7.745479478502298,11.89443762000987
pca,pca,uː,axis,319.8648184397056,32.13209886234824,9.780741021200043,28.455218870745977,35.633886113534295,7.622614309928592,11.827891874425116
pca,pca,uː,axis,322.25186932358395,32.11018050718985,9.703034937391855,28.49642419803086,35.59954008756507,7.490509312321332,11.757210826535738
pca,pca,uː,axis,324.6389202074624,32.09127045712597,9.622040517272055,28.53537292028159,35.5533407820149,7.34833277098411,11.678258183268605
pca,pca,uː,axis,327.02597109134075,32.07530034158674,9.537832495756774,28.52161584498751,35.51109673056889,7.248325033782166,11.579202192904393
pca,pca,uː,axis,329.4130219752192,32.062201790001154,9.450485607762289,28.589278592738516,35.46946786147599,7.11814403017987,11.50066751328229
pca,pca,uː,axis,331.80007285909755,32.05190643179952,9.360074588204654,28.649842894983763,35.46534849758745,6.981676719428316,11.448439846016104
pca,pca,uː,axis,334.187123742976,32.04434589641113,9.266674172000123,28.70913985880986,35.426605612166284,6.839472313957775,11.4027787219654
pca,pca,uː,axis,336.57417462685436,32.03945181326594,9.170359094064793,28.722311957837334,35.40960147492421,6.7206302023084215,11.343386947471663
pca,pca,uː,axis,338.96122551073273,32.037155811793355,9.071204089314932,28.716604679875633,35.44016682801981,6.58577200377937,11.271581066571981
pca,pca,uː,axis,341.34827639461116,32.03738952142294,8.969283892666667,28.69231293785325,35.42136692226526,6.421266229877721,11.194081574334083
pca,pca,uː,axis,343.73532727848954,32.040084571584714,8.86467323903615,28.73741176556252,35.46823640022795,6.247139563457166,11.134836413985198
pca,pca,uː,axis,346.12237816236797,32.04517259170814,8.757446863339581,28.769227959543407,35.55217161724297,6.112242371214157,11.067577634186083
pca,pca,uː,axis,348.50942904624634,32.05258521122295,8.647679500493112,28.821283915575005,35.61730848484169,5.958420661004067,10.993322777554486
pca,pca,uː,axis,350.89647993012477,32.06225405955871,8.535445885412955,28.876905921103187,35.66652103861023,5.763762581839469,10.891892617528885
pca,pca,uː,axis,353.28353081400314,32.07411076614528,8.420820753015235,28.93598591402216,35.793010021190966,5.556448766669133,10.787466093306184
pca,pca,uː,axis,355.6705816978816,32.08808696041211,8.303878838216164,28.932515663982084,35.80124767600367,5.358721368590316,10.665199996630886
pca,pca,uː,axis,358.05763258175995,32.104114271788944,8.184694875931882,28.84554582881502,35.843829004852175,5.16187709590198,10.558638583743644
pca,pca,uː,axis,360.4446834656384,32.122124329705514,8.063343601078586,28.851656567966767,35.94856436852797,4.972279197586417,10.505578997453885
pca,pca,uː,axis,362.83173434951675,32.142048763591276,7.939899748572472,28.853253628209224,36.05149337350929,4.711754883290473,10.485519017165917
pca,pca,uː,axis,365.2187852333952,32.1638192028762,7.814438053329667,28.83830178728519,36.18944703386407,4.490225414832785,10.426592209452267
pca,pca,uː,axis,367.60583611727355,32.187367276989846,7.687033250266325,28.84722582687598,36.266019020134095,4.244841485389698,10.348891454772449
pca,pca,uː,axis,369.9928870011519,32.21262461536185,7.557760074298685,28.789005538595504,36.41169073522691,3.9939749739812105,10.257615056676926
pca,pca,uː,axis,372.37993788503036,32.23952284742188,7.426693260342887,28.769013657370405,36.60522886547485,3.73630680059329,10.16640322311617
pca,pca,uː,axis,374.76698876890873,32.26799360259952,7.293907543315115,28.74510417825975,36.7393576014732,3.4903389045404936,10.094154451169661
pca,pca,uː,axis,377.15403965278716,32.297968510324495,7.159477658131507,28.608812882977126,36.85512203440901,3.2351735128120294,10.022201831527203
pca,pca,uː,axis,379.54109053666554,32.32937920002644,7.023478339708319,28.511809871781075,37.028832314150584,2.993677189109216,9.956084430005614
pca,pca,uː,axis,381.92814142054397,32.362157301135085,6.885984322961619,28.479107688299727,37.21514137760391,2.741590064207864,9.895033053770026
pca,pca,uː,axis,384.31519230442234,32.396234443080175,6.747070342807618,28.415069376640467,37.41974557768823,2.4438872855504075,9.832897492587067
pca,pca,uː,axis,386.70224318830077,32.431542255291106,6.606811134162541,28.359404905337623,37.618401847303744,2.1255363171187365,9.736105864515318
pca,pca,uː,axis,389.08929407217914,32.468012367197844,6.465281431942529,28.31013966706368,37.87672827542412,1.8155307048832867,9.655365687505768
pca,pca,uː,axis,391.4763449560576,32.5055764082299,6.322555971063707,28.265760958131164,38.13194532203562,1.5086304023218495,9.600658310551434
pca,pca,uː,axis,393.86339583993595,32.54416600781701,6.178709486442273,28.195182035867376,38.341992576596205,1.21680310035933,9.54524980141069
pca,pca,uː,axis,396.2504467238144,32.58371279538869,6.033816712994465,28.131685449931012,38.53406770313411,0.9478455523037923,9.489186902229314
pca,pca,uː,axis,398.63749760769275,32.624148400374565,5.887952385636424,28.00038600640827,38.7569009655057,0.6758038762979852,9.434462039457406
pca,pca,uː,axis,401.0245484915711,32.665404452204825,5.741191239284248,27.861983253238186,39.05709544839757,0.4024037637920523,9.393554408058153
pca,pca,uː,axis,403.41159937544955,32.707412580308414,5.593608008854204,27.725777380943526,39.23967475694135,0.12775841782787103,9.338191822674183
pca,pca,uː,axis,405.7986502593279,32.75010441411564,5.44527742926239,27.632749141878655,39.421081063403484,-0.14801895855298042,9.260366258876552
pca,pca,uː,axis,408.18570114320636,32.79341158305556,5.296274235425074,27.54311245966648,39.603462267943456,-0.4579795190127787,9.181957863255736
pca,pca,uː,axis,410.57275202708473,32.83726571655848,5.146673162258324,27.45351839378069,39.786710048553644,-0.7724544603778041,9.106259611323443
pca,pca,uː,axis,412.95980291096316,32.88159844405368,4.996548944678352,27.353118324816194,39.98291776342992,-1.08785144320058,9.03885102680429
pca,pca,uː,axis,415.34685379484154,32.926341394970564,4.845976317601412,27.22553054432249,40.18463310619583,-1.4040387472728417,9.007150591184415
pca,pca,uː,axis,417.73390467871997,32.97142619873932,4.6950300159435585,27.09638592067502,40.386917465977696,-1.7208846523863848,8.97530899388332
pca,pca,uː,axis,420.12095556259834,33.01678448478947,4.543784774621031,26.96628994468947,40.58965703937211,-2.0382574383329533,8.943354467237253
pca,pca,uː,axis,422.50800644647677,33.06234788255051,4.392315328549984,26.842622828923837,40.792738022976025,-2.357561776260282,8.911315243582456
pca,pca,uː,axis,424.89505733035514,33.10804802145219,4.240696412646599,26.748169105682344,40.99604661338616,-2.6772457860161922,8.872076991624114
pca,pca,uː,axis,427.2821082142336,33.15381653092447,4.0890027618269755,26.653749072683173,41.19946900719961,-2.9775131178540013,8.84709563459162
pca,pca,oː,axis,0.0,2.9551187319866017,-17.498919349198243,-6.864291933448289,14.945705810724778,-21.617486715307194,-13.36882509225789
pca,pca,oː,axis,2.3870508838783997,4.149696228285047,-16.98509509710572,-5.32372544946026,15.736808536352926,-20.97194997520152,-13.008467026219545
pca,pca,oː,axis,4.774101767756799,5.343324214854677,-16.471623103366632,-3.7843752680098923,16.57494452759766,-20.326863997864148,-12.641368625635407
pca,pca,oː,axis,7.161152651635199,6.535053181966675,-15.958855626334408,-2.209799724470811,17.41155481423755,-19.69388820404858,-12.252222076112863
pca,pca,oː,axis,9.548203535513599,7.723933619892225,-15.447144924362478,-0.5937775038215304,18.245876543970187,-19.054216039709555,-11.870258191759136
pca,pca,oː,axis,11.935254419391999,8.909016018902511,-14.936843255804282,1.016983544716846,19.077146864493137,-18.41631809816357,-11.506246435285595
pca,pca,oː,axis,14.322305303270397,10.089350869268717,-14.42830287901325,2.605023126894866,19.904602923503997,-17.780637935108892,-11.108470998683158
pca,pca,oː,axis,16.7093561871488,11.263988661262026,-13.921876052342812,4.101645950354927,20.727481868700334,-17.14998472787414,-10.671208515294701
pca,pca,oː,axis,19.096407071027198,12.431979885153625,-13.4179150341464,5.589961164372361,21.545020847779732,-16.519778877457142,-10.257858101442604
pca,pca,oː,axis,21.483457954905596,13.592375031214694,-12.916772082777452,7.068781967598223,22.356457008439776,-15.875562676155958,-9.87106686987113
pca,pca,oː,axis,23.870508838783998,14.74422458971642,-12.418799456589397,8.53283637098997,23.161027498378044,-15.26583235205365,-9.457523254548185
pca,pca,oː,axis,26.257559722662396,15.886579050929985,-11.924349413935666,9.983835845278325,23.95796946529211,-14.697368545229805,-9.087755643130611
pca,pca,oː,axis,28.644610606540795,17.018488905126574,-11.433774213169698,11.459190661439019,24.724001846310554,-14.11702427929487,-8.765103661859435
pca,pca,oː,axis,31.031661490419197,18.139004642577373,-10.947426112644916,12.951880207485974,25.455625409752997,-13.54196250567434,-8.444152953494601
pca,pca,oː,axis,33.4187123742976,19.24717675355356,-10.465657370714762,14.196145919162849,26.226336855851375,-12.960630769365203,-8.13842025166427
pca,pca,oː,axis,35.80576325817599,20.342055728326326,-9.988820245732661,15.415924696329544,27.009868674168906,-12.410436835921992,-7.809129548085393
pca,pca,oː,axis,38.192814142054395,21.422692057166856,-9.517266996052049,16.691734566869204,27.78198550142507,-11.902785075620466,-7.3804913002729275
pca,pca,oː,axis,40.5798650259328,22.488136230346324,-9.051349880026363,17.89553089609013,28.588001934214482,-11.371021839554723,-7.042375301717515
pca,pca,oː,axis,42.96691590981119,23.53743873813592,-8.591421156009028,19.15213471201761,29.444921590315975,-10.81516811137555,-6.697228990914881
pca,pca,oː,axis,45.353966793689594,24.56965007080683,-8.13783308235348,20.29647947859852,30.28640044807177,-10.318427465824765,-6.273876461581671
pca,pca,oː,axis,47.741017677567996,25.583820718630236,-7.690937917413148,21.423053312004967,31.09555464698991,-9.774221242600689,-5.870091216396194
pca,pca,oː,axis,50.12806856144639,26.57900117187732,-7.251087919541474,22.652178757124585,31.77475295132377,-9.258801893195024,-5.479276968899142
pca,pca,oː,axis,52.51511944532479,27.55424192081927,-6.818635347091881,23.745001505687146,32.39555640253188,-8.736981822591606,-5.07643629531099
pca,pca,oː,axis,54.902170329203194,28.50859345572727,-6.3939324584178046,24.743811439774866,33.01249070461487,-8.290035439427877,-4.659347255185894
pca,pca,oː,axis,57.28922121308159,29.4411062668725,-5.977331511872681,25.72970595461749,33.65818951063529,-7.8542318374514455,-4.233776308431581
pca,pca,oː,axis,59.67627209695999,30.350830844526143,-5.56918476580994,26.67345743211657,34.25794059044639,-7.4331207040468685,-3.8176806266281345
pca,pca,oː,axis,62.06332298083839,31.23681767895939,-5.169844478583007,27.594515491744062,34.951785842920216,-7.055745098630126,-3.4253191841536945
pca,pca,oː,axis,64.4503738647168,32.098117260443416,-4.779662908545328,28.47156599806298,35.68757211542232,-6.686228048824914,-3.0472174127577834
pca,pca,oː,axis,66.8374247485952,32.93378007924941,-4.39899231405033,29.288554886564132,36.45553007686808,-6.322135333134353,-2.666819089693538
pca,pca,oː,axis,69.22447563247358,33.742856625648564,-4.028184953451444,30.196692909877598,37.17123415128168,-5.984737137066484,-2.296951482337421
pca,pca,oː,axis,71.61152651635199,34.524397389912046,-3.6675930851020997,31.016619156499488,37.80101587088156,-5.652009607915055,-1.9154030348990565
pca,pca,oː,axis,73.99857740023039,35.27745286231105,-3.3175689673557347,31.898615072071465,38.50859656550383,-5.350354435074458,-1.553967013357682
pca,pca,oː,axis,76.38562828410879,36.00107353311677,-2.9784648585657827,32.62243408244028,39.24560759712909,-5.009201078153659,-1.1623889184694356
pca,pca,oː,axis,78.77267916798719,36.69430989260036,-2.6506330170856707,33.39427438588216,39.93062435131993,-4.7192024083983295,-0.811929313840876
pca,pca,oː,axis,81.1597300518656,37.35621243103303,-2.334425701268838,34.03483888635411,40.63246770089855,-4.448473653093674,-0.48476108447281235
pca,pca,oː,axis,83.546780935744,37.98583163868596,-2.030195169468712,34.6466285592457,41.22891494529163,-4.170174295913895,-0.2112353029141083
pca,pca,oː,axis,85.93383181962238,38.58221800583032,-1.7382936800387263,35.220592554749935,41.825408859482344,-3.8927263943243173,0.0706780441990881
pca,pca,oː,axis,88.32088270350079,39.14445988323591,-1.459060083829808,35.77098285778159,42.38476162526384,-3.6350195250696724,0.3760506254049088
pca,pca,oː,axis,90.70793358737919,39.672442204973756,-1.1925511384029903,36.279208173128346,42.918156476361055,-3.3941178991960426,0.6373392154758407
pca,pca,oː,axis,93.09498447125759,40.16680732064155,-0.9385553784763232,36.77200263756894,43.44101758882952,-3.1636578824999364,0.8885312268750274
pca,pca,oː,axis,95.48203535513599,40.628227600537514,-0.6968507075656092,37.19847713266201,43.914327839176,-2.938639195720293,1.1426058769133267
pca,pca,oː,axis,97.8690862390144,41.05737541495985,-0.467215029186665,37.59950633453861,44.32560929764362,-2.724553840615601,1.401894654524811
pca,pca,oː,axis,100.25613712289278,41.45492313420681,-0.2494262468552968,37.91574162542368,44.74051286886119,-2.526591571369169,1.6565524159927774
pca,pca,oː,axis,102.64318800677118,41.82154312857658,-0.0432622640873106,38.282628785191186,45.15532581934639,-2.344750386149235,1.8746836288698991
pca,pca,oː,axis,105.03023889064958,42.15790776836739,0.15149901560148393,38.63252777651406,45.550435509741874,-2.170420585915145,2.0805401124645027
pca,pca,oː,axis,107.41728977452799,42.46468942387746,0.3350796886952736,38.963694213625736,45.84605007464142,-2.0181934510573196,2.270339205368195
pca,pca,oː,axis,109.80434065840639,42.742560465405,0.5077018516782523,39.27643791635142,46.128222577187785,-1.8816610747105276,2.4482853904756974
pca,pca,oː,axis,112.19139154228479,42.99219326324823,0.6695876010346069,39.55547786790121,46.4224620344232,-1.7243672870362872,2.625940314244026
pca,pca,oː,axis,114.57844242616318,43.214260187705385,0.8209590332485348,39.80661924369386,46.70132937813938,-1.5653661149671576,2.786793199134523
pca,pca,oː,axis,116.96549331004158,43.409433609074654,0.9620382448042228,40.04408878787601,46.86654928622944,-1.4034191885306422,2.934851883516576
pca,pca,oː,axis,119.35254419391998,43.57838589765427,1.0930473321858614,40.253942294938405,46.96188367325207,-1.2537612935938256,3.0596253306353103
pca,pca,oː,axis,121.73959507779838,43.721789423742464,1.2142083918776443,40.3896597321183,47.10500726209679,-1.1236761822893275,3.1869007452581934
pca,pca,oː,axis,124.12664596167679,43.84031655763743,1.3257435203637655,40.47318723390784,47.22834586960572,-0.9957538835673964,3.3061753446182163
pca,pca,oː,axis,126.51369684555519,43.93463966963739,1.4278748141284083,40.51561933889819,47.366104582110516,-0.8646899998225757,3.412281171896758
pca,pca,oː,axis,128.9007477294336,44.00543113004057,1.520824369655763,40.53274128417557,47.5086129615302,-0.7646804383683544,3.505561350667171
pca,pca,oː,axis,131.287798613312,44.0533633091452,1.6048142834300236,40.46869566761839,47.61072966718429,-0.6715982657420413,3.5868720033572727
pca,pca,oː,axis,133.6748494971904,44.07910857724946,1.680066651935384,40.50621792654224,47.61703881344875,-0.586304413632258,3.6463279526739947
pca,pca,oː,axis,136.0619003810688,44.0833393046516,1.746803571656038,40.55833311069279,47.63121039033428,-0.4958573494787916,3.689896996221058
pca,pca,oː,axis,138.44895126494717,44.06672786164984,1.8052471390761617,40.552341853547965,47.63006716540731,-0.42148567348586247,3.7108660704256664
pca,pca,oː,axis,140.83600214882557,44.029946618542354,1.8556194506799564,40.52334037467012,47.58769975709495,-0.36030217607488807,3.743502811777655
pca,pca,oː,axis,143.22305303270397,43.97366794562741,1.8981426029516157,40.41053197300316,47.49889934774323,-0.2775092436798534,3.7523198304546117
pca,pca,oː,axis,145.61010391658237,43.898564213203215,1.9330386923753267,40.370020680265824,47.38732721131355,-0.19460154666326362,3.7595360564032507
pca,pca,oː,axis,147.99715480046078,43.80530779156798,1.960529815435276,40.298639958268076,47.248665239190544,-0.1169871573681374,3.780280135235036
pca,pca,oː,axis,150.38420568433918,43.69457105101991,1.980838068615654,40.277590405374326,47.13389078312102,-0.03223594163916514,3.792478993024946
pca,pca,oː,axis,152.77125656821758,43.567026361857245,1.9941855484006723,40.13436380377779,47.00085418847302,0.020123166198798687,3.8041290625288084
pca,pca,oː,axis,155.15830745209598,43.423346094378175,2.000794351274493,39.962480823848836,46.86204331669759,0.07001680547286915,3.8174719541022277
pca,pca,oː,axis,157.54535833597438,43.26420261888096,2.000886573721324,39.857014248848586,46.75080127595528,0.10852802466146601,3.8171314989507072
pca,pca,oː,axis,159.9324092198528,43.09026830566379,1.9946843122253526,39.73869382871207,46.54350916236425,0.14205984012558576,3.7969020470363484
pca,pca,oː,axis,162.3194601037312,42.90221552502486,1.982409663270765,39.50388063706731,46.378375203806556,0.17073916604175732,3.7710836393552114
pca,pca,oː,axis,164.7065109876096,42.70071664726244,1.9642847233417555,39.253043965298396,46.13213061047758,0.19469291658651797,3.7218948085525714
pca,pca,oː,axis,167.093561871488,42.48644404267471,1.9405315889225108,38.97104770718336,45.85303488006522,0.21050567111098017,3.6589847409532283
pca,pca,oː,axis,169.48061275536637,42.2600700815599,1.911372356497246,38.61206755904518,45.62852978747319,0.20016621082109112,3.6067966019621776
pca,pca,oː,axis,171.86766363924477,42.02226713421623,1.8770291225501197,38.262254020101906,45.44072192004123,0.18380388781200663,3.5540366346436785
pca,pca,oː,axis,174.25471452312317,41.773707570941916,1.8377239835653398,37.94629507239432,45.224671675644615,0.1721996366603007,3.4822376642493658
pca,pca,oː,axis,176.64176540700157,41.51506376203517,1.7936790360270862,37.62113082268976,44.94731562074231,0.1262893312816634,3.4275739246307326
pca,pca,oː,axis,179.02881629087997,41.24700807779422,1.7451163764195599,37.35304400200616,44.645269114870075,0.07676199004801142,3.397004695616517
pca,pca,oː,axis,181.41586717475838,40.97021288851724,1.6922581012269404,37.123700946950876,44.33251217646394,0.04321859387943157,3.3320011768284727
pca,pca,oː,axis,183.80291805863678,40.685350564502514,1.6353263069334432,36.87159232041346,44.00980151134632,0.00208197352628018,3.2700226122638267
pca,pca,oː,axis,186.18996894251518,40.39309347604825,1.5745430900232265,36.5435572731473,43.67789382533953,-0.08221821482676664,3.1783166714974693
pca,pca,oː,axis,188.57701982639358,40.09411399345262,1.5101305469805055,36.184189914827215,43.38497389483601,-0.13764063236685198,3.0726164116249706
pca,pca,oː,axis,190.96407071027198,39.78908448701388,1.4423107742894672,35.78377654192094,43.19453266591567,-0.1695388097611006,3.0071645379459913
pca,pca,oː,axis,193.35112159415038,39.47867732703024,1.3713058684342911,35.383129675508364,42.95484448608684,-0.252709322112711,2.9156291675285244
pca,pca,oː,axis,195.7381724780288,39.16356488379992,1.2973379258991713,34.9831679326204,42.733401216904866,-0.3028644362641737,2.8389370313213735
pca,pca,oː,axis,198.1252233619072,38.84441952762111,1.2206290431682945,34.58480993028794,42.43720128883564,-0.36226916300356893,2.7785445809270866
pca,pca,oː,axis,200.51227424578556,38.52191362879206,1.141401316725883,34.17398008315646,42.19290877644661,-0.4281814522706671,2.6851141381473607
pca,pca,oː,axis,202.89932512966396,38.196719557611004,1.0598768430561023,33.78365657556166,41.955017736433454,-0.4854210404671047,2.6083477701755204
pca,pca,oː,axis,205.28637601354237,37.869509684376126,0.9762777186431251,33.33765299816697,41.69357241737009,-0.5841206082795376,2.521137329503355
pca,pca,oː,axis,207.67342689742077,37.540956379385605,0.8908260399711594,32.92002408184509,41.42922626696855,-0.6526188982163674,2.4692885066903445
pca,pca,oː,axis,210.06047778129917,37.21173201293773,0.8037439035244276,32.53241204488211,41.16934634308433,-0.7614228475930874,2.4075268088347865
pca,pca,oː,axis,212.44752866517757,36.88250895533071,0.7152534057870739,32.16382060487618,40.94241436911123,-0.8503584819808734,2.3434766047268694
pca,pca,oː,axis,214.83457954905597,36.55395957686274,0.6255766432433134,31.796967689826534,40.67760323622642,-0.9775205758371623,2.2773287366794204
pca,pca,oː,axis,217.22163043293438,36.22675624783204,0.5349357123773189,31.445708082287304,40.38994320577359,-1.0853871554454866,2.209274047005273
pca,pca,oː,axis,219.60868131681278,35.90157133853681,0.4435527096733125,31.14388401087953,40.10237090989034,-1.172355174336368,2.1399728958994184
pca,pca,oː,axis,221.99573220069118,35.57907721927535,0.35164973161545277,30.846043963957168,39.86616657934537,-1.245833609468543,2.071930875484503
pca,pca,oː,axis,224.38278308456958,35.25994626034574,0.25944887468794775,30.522117756680593,39.6287413100857,-1.3281184361153218,1.9917016227114395
pca,pca,oː,axis,226.76983396844798,34.94485083204631,0.16717223537499137,30.205002102493623,39.39053158458783,-1.4232064652931655,1.9099750525279773
pca,pca,oː,axis,229.15688485232636,34.63446330467525,0.07504191016073491,29.896309606639665,39.154161619519265,-1.5397360319524704,1.8423869550864211
pca,pca,oː,axis,231.54393573620476,34.3294560485308,-0.01672000447055666,29.596765440888067,38.929931343954635,-1.6428964530666086,1.7787189228823468
pca,pca,oː,axis,233.93098662008316,34.0305014339111,-0.10789141203476049,29.307094777007936,38.641695506541836,-1.7389465761227967,1.691154818223829
pca,pca,oː,axis,236.31803750396156,33.73827013410798,-0.19825073752807043,29.028020863707837,38.405256962759715,-1.8316211049974407,1.6036198063970981
pca,pca,oː,axis,238.70508838783996,33.45319890190186,-0.28764828838883716,28.742922058431382,38.1899737390897,-1.9352444217062579,1.5169106059012043
pca,pca,oː,axis,241.09213927171837,33.175253934066006,-0.3760789712387549,28.464714459763808,37.91614603356022,-2.0286398398788767,1.4344363533961224
pca,pca,oː,axis,243.47919015559677,32.90434502472226,-0.46355502491350364,28.16108610134538,37.644677725126165,-2.107410219917189,1.347124439166274
pca,pca,oː,axis,245.86624103947517,32.64038196799257,-0.5500886882485929,27.883767551463187,37.384052650287494,-2.1847858145432903,1.2764929682259163
pca,pca,oː,axis,248.25329192335357,32.38327455799873,-0.6356922000796175,27.661780170781793,37.166621804853634,-2.2727135658290885,1.20548164221469
pca,pca,oː,axis,250.64034280723197,32.1329325888627,-0.7203777992421578,27.436766416998726,36.945248906504595,-2.385283373998352,1.134146618597215
pca,pca,oː,axis,253.02739369111038,31.889265854706366,-0.8041577245718372,27.20497040380816,36.736603200568894,-2.4789498741990457,1.0630955556696737
pca,pca,oː,axis,255.41444457498878,31.652184149651617,-0.8870442149041793,26.980266967132177,36.53294105077984,-2.5694246886156726,0.9916397385578422
pca,pca,oː,axis,257.8014954588672,31.421597267820374,-0.969049509074793,26.75958884401016,36.31481453086132,-2.6564139130158932,0.9197847118395748
pca,pca,oː,axis,260.18854634274555,31.197415003334555,-1.0501858459192164,26.549116207563106,36.09783399993214,-2.741332850872448,0.8475360200927385
pca,pca,oː,axis,262.575597226624,30.979547150316023,-1.1304654642730725,26.35313652030224,35.88198331730227,-2.829882233637017,0.7748992078952043
pca,pca,oː,axis,264.96264811050236,30.76790350288664,-1.2099006029719561,26.20410681153767,35.6672463422817,-2.919830127760378,0.7057057146972208
pca,pca,oː,axis,267.3496989943808,30.562393855168295,-1.288503500851391,26.023818389121125,35.461014639355525,-2.9994044317794306,0.6359849308472696
pca,pca,oː,axis,269.73674987825916,30.362928001282995,-1.366286396746986,25.846743480489025,35.24494675764032,-3.073799604788159,0.558782180818457
pca,pca,oː,axis,272.1238007621376,30.169415735352544,-1.443261529494336,25.67689861540111,35.02330267316223,-3.14790332333625,0.4778406234834731
pca,pca,oː,axis,274.51085164601596,29.98176685149886,-1.5194411379289932,25.527428115535233,34.80265164579564,-3.2211327475851967,0.3962442788870996
pca,pca,oː,axis,276.89790252989434,29.799891143843837,-1.594837460886552,25.37730321674725,34.58297839773891,-3.2978684705132637,0.3140032206794997
pca,pca,oː,axis,279.28495341377277,29.623698406509334,-1.6694627372026076,25.212330517357437,34.365908796688316,-3.3789159056146088,0.2417206199862098
pca,pca,oː,axis,281.67200429765114,29.4530984336173,-1.7433292057126977,25.051836372709527,34.15182946261592,-3.4553636905083818,0.16408453374304083
pca,pca,oː,axis,284.0590551815296,29.28800101928971,-1.816449105252417,24.89340118623338,33.9328226688795,-3.53013734932123,0.07810595578272095
pca,pca,oː,axis,286.44610606540795,29.12831595764817,-1.8888346746573887,24.815781844905032,33.684896142825565,-3.603264326743066,-0.008455209210873105
pca,pca,oː,axis,288.8331569492864,28.97395304281497,-1.9604981527631367,24.629263032216045,33.51748566779703,-3.6758484687223985,-0.09294920669610651
pca,pca,oː,axis,291.22020783316475,28.824822068911658,-2.031451778405284,24.448006617006023,33.387515306269904,-3.7525247316010804,-0.1796078645723573
pca,pca,oː,axis,293.6072587170432,28.680832830060353,-2.1017077904193684,24.287629961458702,33.233076202243126,-3.830217526960584,-0.26715541245596314
pca,pca,oː,axis,295.99430960092155,28.541895120382833,-2.1712784276409707,24.127353688711924,33.07231820172531,-3.902483507140407,-0.3621749451383899
pca,pca,oː,axis,298.3813604848,28.4079187340011,-2.2401759289056997,24.016772910693863,32.899587925541404,-3.98898165376911,-0.45320400234184627
pca,pca,oː,axis,300.76841136867836,28.278813465036876,-2.308412533049136,23.98345408309536,32.74352689054758,-4.074402001506049,-0.5368686249645774
pca,pca,oː,axis,303.1554622525568,28.154489107612164,-2.3760004789068887,23.919516681553855,32.57080471460443,-4.158821511139056,-0.6083824790849701
pca,pca,oː,axis,305.54251313643516,28.034855455849026,-2.442952005314453,23.862413585983127,32.487139549562464,-4.242463733903816,-0.6707869216599883
pca,pca,oː,axis,307.92956402031353,27.919822303869125,-2.509279351107409,23.791497882799078,32.37892805490087,-4.32511525449573,-0.7455967185059909
pca,pca,oː,axis,310.31661490419197,27.80929944579441,-2.574994755121452,23.747229114176804,32.26311120326103,-4.406795498447665,-0.8091688427484992
pca,pca,oː,axis,312.70366578807034,27.703196675746824,-2.6401104561920192,23.628188085708764,32.15070374823449,-4.478053774029763,-0.8876554852163809
pca,pca,oː,axis,315.09071667194877,27.601423787848148,-2.7046386931548057,23.524955041214582,32.05954714576764,-4.534705972354247,-0.9687912689574515
pca,pca,oː,axis,317.47776755582714,27.503890576220385,-2.76859170484542,23.40123439093562,31.851020508869123,-4.611047762907409,-1.0299997897994202
pca,pca,oː,axis,319.8648184397056,27.410506834985483,-2.831981730099244,23.312248431166758,31.679551309601113,-4.674297496486338,-1.0928476371693485
pca,pca,oː,axis,322.25186932358395,27.321182358265276,-2.8948210077520002,23.209866487737724,31.53681782896961,-4.730979568317553,-1.1612069374381901
pca,pca,oː,axis,324.6389202074624,27.235826940181425,-2.957121776639326,23.165797531913064,31.392735182864953,-4.790853048653191,-1.2377070352195327
pca,pca,oː,axis,327.02597109134075,27.154350374856392,-3.0188962755966315,23.07307052665601,31.250407743069285,-4.842648327647136,-1.3146793348938812
pca,pca,oː,axis,329.4130219752192,27.07666245641144,-3.080156743459696,22.942921972577512,31.09408019928178,-4.914053404702815,-1.3467308374723808
pca,pca,oː,axis,331.80007285909755,27.002672978968974,-3.1409154190639015,22.90692862997065,30.941596429028507,-4.95600327228092,-1.424208633779376
pca,pca,oː,axis,334.187123742976,26.932291736650484,-3.20118454124497,22.87828280220705,30.834479478949152,-5.025095445138863,-1.5047023594084128
pca,pca,oː,axis,336.57417462685436,26.865428523578146,-3.260976348838369,22.855341255063966,30.809641656474597,-5.097194485764529,-1.5753219070881104
pca,pca,oː,axis,338.96122551073273,26.801993133873736,-3.320303080679821,22.76990916765647,30.751180868628932,-5.167683230501607,-1.6394020258348048
pca,pca,oː,axis,341.34827639461116,26.74189536165926,-3.3791769756047643,22.55133990854424,30.69262660532748,-5.208130620729072,-1.6872966534490634
pca,pca,oː,axis,343.73532727848954,26.685045001056437,-3.4376102724488646,22.468318712050078,30.640242211803557,-5.28458819799195,-1.7152442523559321
pca,pca,oː,axis,346.12237816236797,26.63135184618733,-3.4956152100476743,22.32012805202821,30.673651259387725,-5.378434704267574,-1.7387559267528951
pca,pca,oː,axis,348.50942904624634,26.580725691173654,-3.5532040272367453,22.292302069903855,30.713562513484728,-5.462380222953082,-1.7722105049770238
pca,pca,oː,axis,350.89647993012477,26.533076330137476,-3.610388962851715,22.206197379094153,30.763370766174233,-5.546960052006053,-1.776393244547192
pca,pca,oː,axis,353.28353081400314,26.488313557200627,-3.667182255728136,22.222900762500938,30.756761723484427,-5.634928230360041,-1.7783844489633678
pca,pca,oː,axis,355.6705816978816,26.446347166484998,-3.7235961447015598,22.232659897389468,30.786061517505605,-5.724161958315272,-1.813202620102111
pca,pca,oː,axis,358.05763258175995,26.407086952112536,-3.779642868607624,22.058291043110433,30.872834707695752,-5.819413791876108,-1.832209635535339
pca,pca,oː,axis,360.4446834656384,26.370442708204962,-3.835334666281881,21.797161369053324,31.03960403092372,-5.906909283376967,-1.851453175758507
pca,pca,oː,axis,362.83173434951675,26.336324228884337,-3.8906837765599107,21.585357552069986,31.136473829417284,-5.994707431310195,-1.8745805196846028
pca,pca,oː,axis,365.2187852333952,26.304641308272664,-3.9457024382772374,21.55868421834628,31.256478757605908,-6.070853684398002,-1.9116045264417636
pca,pca,oː,axis,367.60583611727355,26.27530374049161,-4.000402890269498,21.467720436228944,31.43454412782857,-6.152484308504044,-1.9409440111897025
pca,pca,oː,axis,369.9928870011519,26.24822131966323,-4.054797371372331,21.301896553907362,31.597455953090247,-6.2341577402455295,-1.9508471694540648
pca,pca,oː,axis,372.37993788503036,26.22330383990925,-4.108898120421202,21.125536014207114,31.73481259306238,-6.326744966925944,-1.9499525169905298
pca,pca,oː,axis,374.76698876890873,26.200461095351557,-4.16271737625172,20.93411297251032,31.792087605971165,-6.420225488554459,-1.9709721611656001
pca,pca,oː,axis,377.15403965278716,26.179602880112384,-4.216267377699523,20.736276881745738,31.807505283497875,-6.513419738042164,-1.9914912205842714
pca,pca,oː,axis,379.54109053666554,26.160638988313167,-4.269560363600107,20.638919659663905,31.825416298985882,-6.597190079629395,-1.9977913558144467
pca,pca,oː,axis,381.92814142054397,26.14347921407625,-4.322608572789164,20.52994904828439,31.936325168356287,-6.695753133277296,-1.9907388882832804
pca,pca,oː,axis,384.31519230442234,26.1280333515233,-4.375424244102163,20.375142595461817,32.140136541709964,-6.795785574596719,-1.983126540074833
pca,pca,oː,axis,386.70224318830077,26.11421119477609,-4.4280196163747405,20.209507839991563,32.375878745031486,-6.897498545959778,-1.9749837785933342
pca,pca,oː,axis,389.08929407217914,26.101922537956625,-4.480406928442477,20.031105555090633,32.61471285711703,-6.983394779134387,-1.966340071242786
pca,pca,oː,axis,391.4763449560576,26.09107717518691,-4.532598419140925,19.846014461354184,32.780471946867934,-7.084104700429184,-2.0058730390186117
pca,pca,oː,axis,393.86339583993595,26.08158490058895,-4.584606327305664,19.659786907797773,32.87558082517053,-7.179484664124328,-2.0678629090612453
pca,pca,oː,axis,396.2504467238144,26.073355508283953,-4.636442891772333,19.49569394740008,32.97217488402466,-7.262138152637809,-2.120537686316887
pca,pca,oː,axis,398.63749760769275,26.06629879239472,-4.688120351376426,19.365056422474368,33.08388103212151,-7.357830707304404,-2.126660523923018
pca,pca,oː,axis,401.0245484915711,26.060324547042455,-4.739650944953553,19.171966154010306,33.27939677626831,-7.454579897421352,-2.1075434485135354
pca,pca,oː,axis,403.41159937544955,26.05534256634951,-4.791046911339322,18.978671138114652,33.476517874419564,-7.5749510211797935,-2.0825916320333415
pca,pca,oː,axis,405.7986502593279,26.051262644437656,-4.842320489369229,18.783383570613037,33.675098385302086,-7.695393196199254,-2.0573253144562806
pca,pca,oː,axis,408.18570114320636,26.04799457542879,-4.893483917878939,18.556981003140574,33.87499236764286,-7.818723871069805,-2.0439131942650004
pca,pca,oː,axis,410.57275202708473,26.04544815344491,-4.944549435704118,18.350730343898555,34.07665115401818,-7.963484905828127,-2.039025497173757
pca,pca,oː,axis,412.95980291096316,26.043533172607113,-4.995529281680149,18.144217114020428,34.282903175305826,-8.130663089031831,-2.0323967423561258
pca,pca,oː,axis,415.34685379484154,26.042159427038314,-5.046435694642753,17.934404177137644,34.4770326116419,-8.298045376085554,-2.0132473446147587
pca,pca,oː,axis,417.73390467871997,26.04123671086029,-5.097280913427369,17.724747374604426,34.63079153039665,-8.44226340268703,-1.9733948174109324
pca,pca,oː,axis,420.12095556259834,26.040674818194248,-5.148077176869776,17.51146713825994,34.785074251365415,-8.546071856697486,-1.9622674084106289
pca,pca,oː,axis,422.50800644647677,26.040383543162307,-5.198836723805471,17.27871427747476,34.93974982399515,-8.623277613105389,-1.933456242895736
pca,pca,oː,axis,424.89505733035514,26.040272679887266,-5.24957179306989,17.052417168464412,35.09653599767941,-8.717983347064234,-1.8888011063033823
pca,pca,oː,axis,427.2821082142336,26.040252022490108,-5.300294623498758,16.839901157810505,35.327119039101206,-8.83342518159615,-1.8763778541748986
pca,pca,ɑː,axis,0.0,8.258638877617585,-23.792907655347765,-4.895968481626564,18.864558940593927,-27.68386372058537,-20.319876453696804
pca,pca,ɑː,axis,2.3870508838783997,8.680448452047528,-23.774377497361744,-4.069055375175783,18.942730606849608,-27.53641874021383,-20.423298973446915
pca,pca,ɑː,axis,4.774101767756799,9.101955340957916,-23.755835436917618,-3.2594505115565653,18.965234299746275,-27.3890668102495,-20.526606271983685
pca,pca,ɑː,axis,7.161152651635199,9.522856858829194,-23.737269571557288,-2.4509396449332446,18.96897813241384,-27.2419009810996,-20.628591525286307
pca,pca,ɑː,axis,9.548203535513599,9.942850320141803,-23.718667998822646,-1.6440697738037693,18.956682820682797,-27.095359602906818,-20.732414320563848
pca,pca,ɑː,axis,11.935254419391999,10.361633039376187,-23.700018816255593,-0.8393878966660877,18.94776628385548,-26.925791229569523,-20.834684628180565
pca,pca,ɑː,axis,14.322305303270397,10.778902331012794,-23.681310121398017,-0.03744101201814954,19.073081263576395,-26.739328073791015,-20.93637882973059
pca,pca,ɑː,axis,16.7093561871488,11.194355509532068,-23.662530011791826,0.7228264837499154,19.269901411257546,-26.53718075101359,-21.037381704000573
pca,pca,ɑː,axis,19.096407071027198,11.607689889414452,-23.64366658497891,1.489401969800079,19.441354624800372,-26.313131142221078,-21.142845132945276
pca,pca,ɑː,axis,21.483457954905596,12.018602785140386,-23.624707938501164,2.3414469492880183,19.603661881578788,-26.14504101059,-21.23712629071862
pca,pca,ɑː,axis,23.870508838783998,12.426791511190322,-23.605642169900488,3.1969099759363164,19.772119688309946,-26.024145900797624,-21.33244707713334
pca,pca,ɑː,axis,26.257559722662396,12.831953382044698,-23.586457376718773,4.0610447010931665,19.937333577059494,-25.924410252560993,-21.412825214919412
pca,pca,ɑː,axis,28.644610606540795,13.233785712183963,-23.567141656497927,4.917180312840863,20.068802439126046,-25.763605389099432,-21.475291316628113
pca,pca,ɑː,axis,31.031661490419197,13.631985816088557,-23.547683106779836,5.648630854173886,20.080725733346103,-25.65767114119887,-21.536684340640278
pca,pca,ɑː,axis,33.4187123742976,14.026251008238928,-23.528069825106403,6.349733961924374,20.1655702828599,-25.5780136490357,-21.662817647477738
pca,pca,ɑː,axis,35.80576325817599,14.416278603115519,-23.508289909019517,7.035550162267435,20.342991490739646,-25.452327797115,-21.680083624340675
pca,pca,ɑː,axis,38.192814142054395,14.801765915198771,-23.488331456061083,7.713373102640866,20.500089302662353,-25.307417341587588,-21.71326206145245
pca,pca,ɑː,axis,40.5798650259328,15.182410258969133,-23.468182563772995,8.428424745620848,20.73878138320499,-25.19240636014826,-21.76414710058433
pca,pca,ɑː,axis,42.96691590981119,15.557908948907045,-23.44783132969714,9.093390227054405,20.975138130555383,-25.113145141585623,-21.816782019957532
pca,pca,ɑː,axis,45.353966793689594,15.927959299492954,-23.42726585137543,9.739328671876534,21.149986963930246,-25.04135114775562,-21.882858341634456
pca,pca,ɑː,axis,47.741017677567996,16.292258625207307,-23.406474226349754,10.273521348369801,21.20634906461172,-24.95331913684146,-21.93465717445872
pca,pca,ɑː,axis,50.12806856144639,16.650504240530545,-23.38544455216201,10.720007149114236,21.267723220690606,-24.86711897030179,-21.968801358840924
pca,pca,ɑː,axis,52.51511944532479,17.002393459943107,-23.36416492635409,11.405639428698228,21.387242007054983,-24.789016537393856,-21.966281426593056
pca,pca,ɑː,axis,54.902170329203194,17.347623597925445,-23.342623446467897,12.13152507974863,21.616085647836897,-24.726443133372708,-21.987528985035254
pca,pca,ɑː,axis,57.28922121308159,17.685891968958003,-23.32080821004532,12.726027982498133,21.76398883285299,-24.71059851788018,-21.98003916853764
pca,pca,ɑː,axis,59.67627209695999,18.016895887521223,-23.298707314628263,13.16748869685024,22.10502913231564,-24.679042256280372,-21.92097152650322
pca,pca,ɑː,axis,62.06332298083839,18.340332668095545,-23.27630885775862,13.612850665404647,22.379674275139696,-24.60001735047229,-21.912770418305108
pca,pca,ɑː,axis,64.4503738647168,18.655899625161418,-23.253600936978287,14.048089277041502,22.720328751313623,-24.583002287467533,-21.900872006593495
pca,pca,ɑː,axis,66.8374247485952,18.96329407319929,-23.230571649829162,14.497221427341163,22.992333850137136,-24.564433805721396,-21.859550464954797
pca,pca,ɑː,axis,69.22447563247358,19.262213326689597,-23.207209093853137,14.854881636715046,23.26056867069226,-24.540402179513816,-21.767485555133486
pca,pca,ɑː,axis,71.61152651635199,19.552354700112787,-23.183501366592118,15.1745510245269,23.562963648722935,-24.529492190400827,-21.703621508398896
pca,pca,ɑː,axis,73.99857740023039,19.833415507949308,-23.15943656558799,15.455669386680581,23.859516188658027,-24.536516804451185,-21.64989919176403
pca,pca,ɑː,axis,76.38562828410879,20.1050930646796,-23.135002788382657,15.845386841360996,24.180907121974702,-24.545887893469256,-21.58985083313095
pca,pca,ɑː,axis,78.77267916798719,20.367084684784107,-23.110188132518015,16.125470873907002,24.37049811478185,-24.580764659894076,-21.52153871589633
pca,pca,ɑː,axis,81.1597300518656,20.61908768274327,-23.084980695535954,16.334857385982005,24.74772761940532,-24.568716678168066,-21.454484724389456
pca,pca,ɑː,axis,83.546780935744,20.860799373037544,-23.059368574978382,16.688114667119287,24.97519668208384,-24.579409261219602,-21.38612293030154
pca,pca,ɑː,axis,85.93383181962238,21.091917070183424,-23.033339868390613,16.919999503551676,25.232429802034297,-24.58068163035552,-21.33773760280141
pca,pca,ɑː,axis,88.32088270350079,21.312214906644186,-23.006889972236692,17.066227112097412,25.51140851631599,-24.582666531941076,-21.270362201036217
pca,pca,ɑː,axis,90.70793358737919,21.521767151144317,-22.980042800667874,17.206130522575585,25.782191506109783,-24.579267968479154,-21.18695810371144
pca,pca,ɑː,axis,93.09498447125759,21.72072136382755,-22.95282923167828,17.368574284703413,26.031295323754176,-24.577860771616955,-21.12201122694074
pca,pca,ɑː,axis,95.48203535513599,21.909225104837603,-22.925280143262036,17.63192529691213,26.289996973679106,-24.567411409415158,-21.05940687039745
pca,pca,ɑː,axis,97.8690862390144,22.087425934318208,-22.897426413413285,17.88763499445064,26.503911077410187,-24.555185782571634,-21.008841107529978
pca,pca,ɑː,axis,100.25613712289278,22.255471412413087,-22.869298920126152,18.025574647426573,26.71571900116874,-24.539466021660967,-20.963819970607286
pca,pca,ɑː,axis,102.64318800677118,22.413509099265966,-22.84092854139476,18.10443471825625,26.88372163580867,-24.49110389906312,-20.92315544006555
pca,pca,ɑː,axis,105.03023889064958,22.561686555020568,-22.81234615521325,18.198228348405,27.029773639348402,-24.46936774565895,-20.88399505994952
pca,pca,ɑː,axis,107.41728977452799,22.70015133982063,-22.783582639575744,18.335302272251596,27.155468177135674,-24.45320555398618,-20.830543559558024
pca,pca,ɑː,axis,109.80434065840639,22.82905101380986,-22.754668872476376,18.502229354452545,27.261281518918754,-24.41111350225094,-20.797500535843312
pca,pca,ɑː,axis,112.19139154228479,22.948533137132003,-22.725635731909275,18.660325001594696,27.355972571532995,-24.364477165962033,-20.779730090911897
pca,pca,ɑː,axis,114.57844242616318,23.058745269930775,-22.696514095868572,18.75333072583318,27.478759049523422,-24.316667240248957,-20.763257510619066
pca,pca,ɑː,axis,116.96549331004158,23.1598349723499,-22.6673348423484,18.842006837984563,27.585758708047837,-24.282877520338037,-20.741428985413673
pca,pca,ɑː,axis,119.35254419391998,23.251949804533112,-22.638128849342884,18.926385844574632,27.667630828729084,-24.251714927341233,-20.699859004885276
pca,pca,ɑː,axis,121.73959507779838,23.335237326624128,-22.608926994846154,19.006500252129168,27.776644094824775,-24.224088276068365,-20.65587658751481
pca,pca,ɑː,axis,124.12664596167679,23.40984509876668,-22.579760156852345,19.08238256717396,27.84786452963785,-24.195820572957793,-20.614841905682525
pca,pca,ɑː,axis,126.51369684555519,23.475920681104494,-22.550659213355583,19.150056332077586,27.89138549725775,-24.16937613277812,-20.590343864705485
pca,pca,ɑː,axis,128.9007477294336,23.53361163378129,-22.521655042350005,19.205213982585214,27.918223207757002,-24.14432787675234,-20.576796792415433
pca,pca,ɑː,axis,131.287798613312,23.5830655169408,-22.492778521829734,19.254868141409826,27.997173348893863,-24.105736123036266,-20.574659579726436
pca,pca,ɑː,axis,133.6748494971904,23.624429890726745,-22.4640605297889,19.330386937424734,28.020841997419335,-24.06321640671355,-20.56373226227218
pca,pca,ɑː,axis,136.0619003810688,23.65785231528286,-22.435531944221633,19.40958322059435,28.02939545476936,-24.025679688492907,-20.55538660402873
pca,pca,ɑː,axis,138.44895126494717,23.683480350752866,-22.407223643122073,19.462469757833983,28.025988290687682,-23.97224604755453,-20.54861721908279
pca,pca,ɑː,axis,140.83600214882557,23.70146155728048,-22.37916650448434,19.548124803682384,28.0106924240852,-23.89720450231779,-20.53101446909644
pca,pca,ɑː,axis,143.22305303270397,23.71194349500944,-22.351391406302564,19.61552093728806,27.957583846258817,-23.833285968591472,-20.511264074168512
pca,pca,ɑː,axis,145.61010391658237,23.715073724083467,-22.32392922657088,19.679829437075256,27.88354615572045,-23.7938183134629,-20.50386125789007
pca,pca,ɑː,axis,147.99715480046078,23.710999804646285,-22.296810843283417,19.740992599622455,27.82137264636071,-23.758281150369353,-20.513396172842103
pca,pca,ɑː,axis,150.38420568433918,23.699869296841626,-22.270067134434306,19.798952721508158,27.795519603642028,-23.745983573820013,-20.50201348877534
pca,pca,ɑː,axis,152.77125656821758,23.681829760813216,-22.243728978017675,19.862336029258675,27.802993922629597,-23.719095527795265,-20.49758603114181
pca,pca,ɑː,axis,155.15830745209598,23.65702875670477,-22.217827252027657,19.9191972918264,27.74681400630403,-23.67065097771538,-20.48641017571241
pca,pca,ɑː,axis,157.54535833597438,23.625613844660023,-22.192392834458374,19.949432429445448,27.747074677448094,-23.65096063820537,-20.449176725263996
pca,pca,ɑː,axis,159.9324092198528,23.5877325848227,-22.167456603303968,19.927083611464102,27.663716118874085,-23.611031760679907,-20.447603041921578
pca,pca,ɑː,axis,162.3194601037312,23.543532537336525,-22.143049436558563,19.939276112365516,27.571921256882003,-23.54666961587188,-20.462586260570156
pca,pca,ɑː,axis,164.7065109876096,23.493161262345225,-22.11920221221629,19.943181131977973,27.521887627253747,-23.51578949762254,-20.451370568888226
pca,pca,ɑː,axis,167.093561871488,23.436766319992525,-22.09594580827128,19.954206418761025,27.49015425943118,-23.485684817266225,-20.456577144489685
pca,pca,ɑː,axis,169.48061275536637,23.374495270422162,-22.07331110271766,19.927765856201052,27.42770336244941,-23.44365468660799,-20.463909171698162
pca,pca,ɑː,axis,171.86766363924477,23.306495673777842,-22.051328973549563,19.905764749211148,27.324251406687498,-23.42694174030621,-20.473485678816907
pca,pca,ɑː,axis,174.25471452312317,23.23291509020331,-22.03003029876112,19.879984880723203,27.298738188060096,-23.3948612985493,-20.484680311520947
pca,pca,ɑː,axis,176.64176540700157,23.15390107984227,-22.009445956346458,19.793440433849074,27.265914656444103,-23.33704789409422,-20.517204747700124
pca,pca,ɑː,axis,179.02881629087997,23.06960120283847,-21.98960682429971,19.658484160627005,27.180404890280805,-23.31113881968071,-20.542968141988986
pca,pca,ɑː,axis,181.41586717475838,22.980163019335617,-21.970543780615007,19.52639465879165,27.082801763697145,-23.323864646931426,-20.538614318136
pca,pca,ɑː,axis,183.80291805863678,22.885734089477456,-21.952287703286473,19.397621195045765,26.992487666713483,-23.317970191536343,-20.53502411268203
pca,pca,ɑː,axis,186.18996894251518,22.786461973407707,-21.93486947030825,19.299194078641474,26.89570897822203,-23.297482660848985,-20.49940404997754
pca,pca,ɑː,axis,188.57701982639358,22.68249423127009,-21.918319959674452,19.166295188056296,26.85505295410105,-23.296530955207274,-20.472633841134325
pca,pca,ɑː,axis,190.96407071027198,22.573978423208317,-21.902670049379225,19.023062739263672,26.855943231620067,-23.295318251663517,-20.421549727751547
pca,pca,ɑː,axis,193.35112159415038,22.46106210936615,-21.88795061741669,18.857382297730588,26.71560085389284,-23.283148585622822,-20.399314009282648
pca,pca,ɑː,axis,195.7381724780288,22.343892849887286,-21.874192541780978,18.687082997242626,26.619157587594515,-23.256468908080432,-20.401821929039848
pca,pca,ɑː,axis,198.1252233619072,22.22261820491547,-21.86142670046622,18.55907149345887,26.511971327423364,-23.23131202264667,-20.399690373175478
pca,pca,ɑː,axis,200.51227424578556,22.097385734594404,-21.84968397146655,18.412208546260132,26.401959401170078,-23.23730960621092,-20.366748839410143
pca,pca,ɑː,axis,202.89932512966396,21.96834299906784,-21.838995232776092,18.31178957175469,26.307213615007814,-23.250548360934527,-20.327627384126856
pca,pca,ɑː,axis,205.28637601354237,21.83563755847949,-21.829391362388986,18.21020570242007,26.215877100227097,-23.26195367099979,-20.301498353442827
pca,pca,ɑː,axis,207.67342689742077,21.699416972973076,-21.820903238299348,18.08663533964484,26.13774583264372,-23.27155444333377,-20.26447276248213
pca,pca,ɑː,axis,210.06047778129917,21.55982880269233,-21.813561738501317,17.882289241592325,26.03468530951991,-23.27756613778306,-20.256610232286906
pca,pca,ɑː,axis,212.44752866517757,21.417020607780984,-21.80739774098902,17.646370524780878,25.959621331512334,-23.29065649014468,-20.218675991700852
pca,pca,ɑː,axis,214.83457954905597,21.271139948382753,-21.802442123756595,17.427323695275206,25.856258826267243,-23.292179629327475,-20.180797622284288
pca,pca,ɑː,axis,217.22163043293438,21.122334384641377,-21.798725764798164,17.162246529611085,25.73810705531523,-23.297368579345548,-20.12297598475155
pca,pca,ɑː,axis,219.60868131681278,20.97075147670055,-21.796279542107857,16.900096169837987,25.562911518696332,-23.318227696385186,-20.0774355062783
pca,pca,ɑː,axis,221.99573220069118,20.81653878470405,-21.795134333679812,16.665228014416897,25.351086572768253,-23.345938836138725,-20.059587450912215
pca,pca,ɑː,axis,224.38278308456958,20.659843868795548,-21.79532101750815,16.46304946755125,25.169875414477627,-23.37378307446259,-20.069819718449242
pca,pca,ɑː,axis,226.76983396844798,20.50081428911883,-21.796870471587003,16.319988281265495,25.034607079931334,-23.40865028908401,-20.089330978533745
pca,pca,ɑː,axis,229.15688485232636,20.33959760581756,-21.79981357391051,16.150627638273537,24.869735811403306,-23.43787927876157,-20.083320890513775
pca,pca,ɑː,axis,231.54393573620476,20.176341379035485,-21.804181202472787,15.910432640151535,24.687242254952295,-23.466920120408847,-20.078740044898165
pca,pca,ɑː,axis,233.93098662008316,20.01119316891635,-21.810004235267975,15.663803369414655,24.500674116378203,-23.497280323644095,-20.05125412293404
pca,pca,ɑː,axis,236.31803750396156,19.844300535603864,-21.817313550290198,15.429761495293853,24.310161356161903,-23.53330146482403,-20.022693749712314
pca,pca,ɑː,axis,238.70508838783996,19.675799326577838,-21.826135450366166,15.253244696347943,24.123238956918765,-23.571355364970472,-19.998942108715774
pca,pca,ɑː,axis,241.09213927171837,19.50574393774486,-21.83646442194103,15.071074727282626,23.93746432985481,-23.597432224981095,-19.995325537184463
pca,pca,ɑː,axis,243.47919015559677,19.33415416689779,-21.84828143684326,14.901692578392485,23.77792055395933,-23.620996128079945,-20.006601952125283
pca,pca,ɑː,axis,245.86624103947517,19.161049685600844,-21.861567417594298,14.730642677720462,23.61694010008279,-23.63027409683882,-20.00178215631556
pca,pca,ɑː,axis,248.25329192335357,18.986450165418397,-21.87630328671559,14.562025997499921,23.45641578254772,-23.65007022872299,-20.01302572189898
pca,pca,ɑː,axis,250.64034280723197,18.81037527791461,-21.89246996672858,14.39581052167217,23.288364668563837,-23.68629300671336,-20.0293203950124
pca,pca,ɑː,axis,253.02739369111038,18.63284469465387,-21.910048380154713,14.231964234178745,23.098489756173365,-23.711600995960858,-20.048733232513687
pca,pca,ɑː,axis,255.41444457498878,18.453878087200387,-21.929019449515426,14.05303787355921,22.874301862005844,-23.725319150524815,-20.082741360256698
pca,pca,ɑː,axis,257.8014954588672,18.273495127118515,-21.94936409733217,13.86124179300189,22.724415472554988,-23.738093696585526,-20.12435036731921
pca,pca,ɑː,axis,260.18854634274555,18.0917154859725,-21.97106324612639,13.691721375592392,22.571293167146116,-23.749855183243742,-20.17015283302791
pca,pca,ɑː,axis,262.575597226624,17.908558835326616,-21.994097818419526,13.534429396542295,22.345025881894568,-23.781939938623317,-20.202040499744854
pca,pca,ɑː,axis,264.96264811050236,17.72404484674516,-22.018448736733024,13.344109958346845,22.045350468024136,-23.816890603406826,-20.23081563287946
pca,pca,ɑː,axis,267.3496989943808,17.538193191792374,-22.044096923588324,13.201111008018263,21.751597152254305,-23.82979549734555,-20.262757899100418
pca,pca,ɑː,axis,269.73674987825916,17.351023542032635,-22.071023301506877,13.031511926209093,21.51199686307606,-23.842488126154606,-20.29782072292119
pca,pca,ɑː,axis,272.1238007621376,17.162555569030147,-22.09920879301012,12.854291506090803,21.267643042633864,-23.858455860556692,-20.329817650692767
pca,pca,ɑː,axis,274.51085164601596,16.97280894434924,-22.1286343206195,12.703767099633263,21.04925349905546,-23.883326945774648,-20.355815420537184
pca,pca,ɑː,axis,276.89790252989434,16.781803339554173,-22.15928080685647,12.555333326087338,20.793950226748475,-23.90230704908938,-20.405673351307414
pca,pca,ɑː,axis,279.28495341377277,16.589558426209223,-22.191129174242455,12.381451750990907,20.6011614584657,-23.910237037849342,-20.459909536548725
pca,pca,ɑː,axis,281.67200429765114,16.39609387587869,-22.224160345298912,12.194586882685122,20.371764971736155,-23.927681271763674,-20.517973849047777
pca,pca,ɑː,axis,284.0590551815296,16.201429360126866,-22.25835524254729,12.0069400480538,20.111128239227522,-23.954937232143227,-20.56690952053633
pca,pca,ɑː,axis,286.44610606540795,16.005584550517995,-22.29369478850902,11.792437575709423,19.848512912325855,-23.981714076766846,-20.618255566456494
pca,pca,ɑː,axis,288.8331569492864,15.808579118616393,-22.33015990570555,11.586773823949777,19.640173525551358,-24.008999558515182,-20.67037086019019
pca,pca,ɑː,axis,291.22020783316475,15.610432735986336,-22.367731516658328,11.375180822146726,19.36998267356124,-24.04336460119092,-20.719114744801757
pca,pca,ɑː,axis,293.6072587170432,15.41116507419214,-22.406390543888797,11.174802681707423,19.13337923413037,-24.07701626051986,-20.800866011566
pca,pca,ɑː,axis,295.99430960092155,15.210795804798025,-22.4461179099184,10.990970705595798,18.855366107389262,-24.109967051999305,-20.864234001269036
pca,pca,ɑː,axis,298.3813604848,15.009344599368319,-22.486894537268576,10.782370105563164,18.604935683767373,-24.156419184843763,-20.90843464271475
pca,pca,ɑː,axis,300.76841136867836,14.806831129467298,-22.52870134846078,10.61604020608506,18.406684201022752,-24.2075910295185,-20.946018202253835
pca,pca,ɑː,axis,303.1554622525568,14.603275066659236,-22.571519266016445,10.423086472545092,18.201069517811014,-24.25896311634413,-20.984752618389766
pca,pca,ɑː,axis,305.54251313643516,14.398696082508408,-22.615329212457024,10.192343102213693,17.96988077489201,-24.304456436191003,-21.049557348008626
pca,pca,ɑː,axis,307.92956402031353,14.193113848579173,-22.660112110303956,10.030365082353864,17.759359216441787,-24.35376672472437,-21.12973329652883
pca,pca,ɑː,axis,310.31661490419197,13.986548036435693,-22.705848882078683,9.868165564763371,17.603321144090362,-24.37066348187557,-21.194617150416434
pca,pca,ɑː,axis,312.70366578807034,13.779018317642297,-22.752520450302654,9.655119043210256,17.42710842507634,-24.387298774718733,-21.25634098575075
pca,pca,ɑː,axis,315.09071667194877,13.570544363763332,-22.800107737497306,9.401115212240034,17.25905947089102,-24.41692024714552,-21.313384956040956
pca,pca,ɑː,axis,317.47776755582714,13.36114584636303,-22.8485916661841,9.181637228304643,17.10297732701108,-24.44367062082391,-21.361060039040755
pca,pca,ɑː,axis,319.8648184397056,13.150842437005664,-22.89795315888446,8.966820172956513,16.96832842076164,-24.463997279467232,-21.416491333266894
pca,pca,ɑː,axis,322.25186932358395,12.939653807255524,-22.948173138119838,8.72595191227704,16.718503126147812,-24.483644230161794,-21.476646374817843
pca,pca,ɑː,axis,324.6389202074624,12.727599628676913,-22.99923252641168,8.479055308293093,16.519114656660058,-24.524168025952044,-21.55713293057338
pca,pca,ɑː,axis,327.02597109134075,12.514699572834132,-23.05111224628143,8.112509074191694,16.363757941507487,-24.5649193699627,-21.62865839648961
pca,pca,ɑː,axis,329.4130219752192,12.300973311291372,-23.10379322025053,7.821879579104703,16.319429907866514,-24.603791271359512,-21.6442537107933
pca,pca,ɑː,axis,331.80007285909755,12.086440515613077,-23.15725637084042,7.529720167197918,16.21844933811798,-24.62776422730889,-21.673611843303455
pca,pca,ɑː,axis,334.187123742976,11.871120857363309,-23.211482620572554,7.008848058193796,16.023867962721834,-24.652404196531005,-21.682791268255244
pca,pca,ɑː,axis,336.57417462685436,11.655034008106583,-23.266452891968367,6.633575189582093,15.92050451711453,-24.723816846497396,-21.74548544917307
pca,pca,ɑː,axis,338.96122551073273,11.438199639407031,-23.32214810754931,6.278070200525982,15.84686998474016,-24.781594720645106,-21.788099434785405
pca,pca,ɑː,axis,341.34827639461116,11.220637422828986,-23.378549189836818,5.868380740384147,15.710287207387456,-24.863652801389957,-21.82331095942805
pca,pca,ɑː,axis,343.73532727848954,11.00236702993675,-23.435637061352345,5.508857928784529,15.593157011316354,-24.92750409708923,-21.847361012666948
pca,pca,ɑː,axis,346.12237816236797,10.78340813229454,-23.49339264461733,5.032166582378178,15.525273245440337,-25.02170375671101,-21.865589299555662
pca,pca,ɑː,axis,348.50942904624634,10.563780401466715,-23.551796862153214,4.551919294871493,15.397036922695984,-25.099370545731112,-21.91208334156177
pca,pca,ɑː,axis,350.89647993012477,10.343503509017523,-23.610830636481452,4.125406138861993,15.250149398373138,-25.205266300709244,-21.978737562697123
pca,pca,ɑː,axis,353.28353081400314,10.122597126511266,-23.670474890123472,3.7390117285025664,15.116201556905793,-25.30481451277525,-22.020094463490143
pca,pca,ɑː,axis,355.6705816978816,9.901080925512247,-23.730710545600736,3.3290547375949786,15.008695785968898,-25.337075160854262,-22.024427923551386
pca,pca,ɑː,axis,358.05763258175995,9.678974577584654,-23.791518525434675,2.8501328651465574,14.90458245577254,-25.3843105320273,-22.04928288536762
pca,pca,ɑː,axis,360.4446834656384,9.456297754292848,-23.852879752146734,2.3445738561798737,14.806677779560214,-25.4806685146574,-22.117177761817818
pca,pca,ɑː,axis,362.83173434951675,9.233070127201103,-23.91477514825836,1.8830978594195213,14.724338196214038,-25.64290929787291,-22.17970466675748
pca,pca,ɑː,axis,365.2187852333952,9.009311367873721,-23.977185636291,1.4306871125759182,14.617938441960055,-25.775110125246453,-22.202668615154696
pca,pca,ɑː,axis,367.60583611727355,8.785041147874892,-24.040092138766095,0.9432946055726996,14.51748042285438,-25.902119561410323,-22.22750658355662
pca,pca,ɑː,axis,369.9928870011519,8.56027913876909,-24.10347557820509,0.46706841630379103,14.416179185983228,-26.04288548228779,-22.249600979586543
pca,pca,ɑː,axis,372.37993788503036,8.33504501212039,-24.167316877129423,0.03516415266125328,14.314698135281457,-26.155422487448703,-22.27354330555267
pca,pca,ɑː,axis,374.76698876890873,8.10935843949315,-24.231596958060543,-0.4676043543823585,14.213044762992004,-26.304286839604824,-22.293226889774555
pca,pca,ɑː,axis,377.15403965278716,7.883239092451788,-24.296296743519903,-1.0451144105821677,14.111226561357922,-26.446019873993773,-22.3219787971585
pca,pca,ɑː,axis,379.54109053666554,7.656706642560351,-24.36139715602893,-1.625371382374387,14.009251022621973,-26.592758608748927,-22.346113954117655
pca,pca,ɑː,axis,381.92814142054397,7.4297807613832845,-24.426879118109085,-2.2001659813312475,13.929371117779883,-26.74039736943074,-22.370511224451676
pca,pca,ɑː,axis,384.31519230442234,7.202481120484862,-24.492723552281788,-2.6940377200937093,13.871113428464348,-26.888891154742872,-22.395157502491795
pca,pca,ɑː,axis,386.70224318830077,6.974827391429301,-24.558911381068512,-3.1897209600675938,13.788827147523644,-27.038194963388992,-22.41041153370413
pca,pca,ɑː,axis,389.08929407217914,6.746839245780848,-24.62542352699068,-3.6869504679426015,13.645000453648585,-27.176497985062486,-22.41368603371871
pca,pca,ɑː,axis,391.4763449560576,6.518536355103919,-24.692240912569744,-4.185576465347088,13.501469864924822,-27.29703931782414,-22.403581746659814
pca,pca,ɑː,axis,393.86339583993595,6.289938390962789,-24.75934446032715,-4.685511671685409,13.366212816244163,-27.477178797241166,-22.40372325257544
pca,pca,ɑː,axis,396.2504467238144,6.061065024921589,-24.826715092784344,-5.186668806362071,13.244762212590114,-27.666645760690407,-22.436474632556664
pca,pca,ɑː,axis,398.63749760769275,5.831935928544738,-24.894333732462755,-5.688960588781418,13.255661431637039,-27.81239126417506,-22.45117321269271
pca,pca,ɑː,axis,401.0245484915711,5.602570773396508,-24.962181301883845,-6.1922997383478355,13.267204800314323,-27.958709537330524,-22.465349363766904
pca,pca,ɑː,axis,403.41159937544955,5.372989231041117,-25.03023872356905,-6.726474906838172,13.280002614795878,-28.10962263486737,-22.47736246091684
pca,pca,ɑː,axis,405.7986502593279,5.1432109730429545,-25.09848692003981,-7.311769361379632,13.298810980003188,-28.27338936369446,-22.47926054074365
pca,pca,ɑː,axis,408.18570114320636,4.913255670966237,-25.166906813817583,-7.898210504973451,13.233989315524342,-28.4376494228493,-22.461290942902338
pca,pca,ɑː,axis,410.57275202708473,4.683142996375153,-25.235479327423793,-8.485670927724884,13.167432513373136,-28.602347997851002,-22.44930266016088
pca,pca,ɑː,axis,412.95980291096316,4.45289262083412,-25.304185383379895,-9.056113461453876,13.110180112543999,-28.7476138417094,-22.444291289909774
pca,pca,ɑː,axis,415.34685379484154,4.222524215907413,-25.37300590420734,-9.574349443201832,13.046854789660962,-28.887006552859077,-22.461138950576693
pca,pca,ɑː,axis,417.73390467871997,3.9920574531593047,-25.441921812427566,-10.093006690962806,13.033918611417079,-29.026611311857636,-22.48471393101696
pca,pca,ɑː,axis,420.12095556259834,3.761512004153957,-25.510914030562006,-10.636016458523631,13.024255892431366,-29.16638570913526,-22.494271876601097
pca,pca,ɑː,axis,422.50800644647677,3.530907540455786,-25.57996348113212,-11.184466542933457,12.989488612795933,-29.306287335122207,-22.502351226204887
pca,pca,ɑː,axis,424.89505733035514,3.300263733629208,-25.649051086659345,-11.733129238364917,12.936086520920938,-29.44837637555512,-22.49199612185031
pca,pca,ɑː,axis,427.2821082142336,3.0696002552381856,-25.718157769665126,-12.281898239307337,12.882712991383581,-29.590873378690898,-22.47471863573702
pca,pca,æː,axis,0.0,-32.45150429010371,-13.229497850354694,-41.893223451597805,-26.616109585680817,-17.91053689103986,-6.153731688216238
pca,pca,æː,axis,2.3870508838783997,-32.22201993434981,-13.086007845270844,-41.33101200776006,-26.612407519965597,-17.61840678230063,-6.268348594572029
pca,pca,æː,axis,4.774101767756799,-31.992698912613218,-12.942582801390959,-40.78751106097147,-26.53109001440779,-17.33552899994513,-6.3828108594723085
pca,pca,æː,axis,7.161152651635199,-31.763704558911233,-12.799287679919003,-40.336656133535755,-26.492225156289646,-17.073157555746775,-6.496963841461556
pca,pca,æː,axis,9.548203535513599,-31.53520020726117,-12.656187442058945,-39.8316461170653,-26.553840391021087,-16.81227880695089,-6.61065289908426
pca,pca,æː,axis,11.935254419391999,-31.30734919168033,-12.513347049014746,-39.137894766234844,-26.403702577659406,-16.552045591535805,-6.723723390884908
pca,pca,æː,axis,14.322305303270397,-31.080314846186024,-12.37083146199037,-38.478408975325884,-26.28856745398017,-16.267327388940963,-6.834255589662908
pca,pca,æː,axis,16.7093561871488,-30.85426050479556,-12.228705642189787,-37.96543632991136,-26.256154181417532,-15.97090767533658,-6.945227969416078
pca,pca,æː,axis,19.096407071027198,-30.629349501526228,-12.08703455081696,-37.455066188707775,-26.247577766576256,-15.686861491957583,-7.033685472957392
pca,pca,æː,axis,21.483457954905596,-30.405745170395363,-11.94588314907585,-36.948425930644895,-26.196247110787144,-15.49125779255976,-7.11231376526432
pca,pca,æː,axis,23.870508838783998,-30.183610845420244,-11.805316398170428,-36.55599394617216,-26.084523927003204,-15.269658696868351,-7.188640202084577
pca,pca,æː,axis,26.257559722662396,-29.9631098606182,-11.665399259304657,-36.08458749398027,-25.971420977313155,-15.065988027235322,-7.2407242657078505
pca,pca,æː,axis,28.644610606540795,-29.74440555000652,-11.5261966936825,-35.72948167641593,-25.776493773038602,-14.84899132207814,-7.337648560565882
pca,pca,æː,axis,31.031661490419197,-29.527661247602516,-11.387773662507925,-35.38071760380288,-25.607749375177722,-14.615326982215159,-7.391404640926015
pca,pca,æː,axis,33.4187123742976,-29.313040287423497,-11.250195126984893,-34.92673013761969,-25.524825917520385,-14.318932788815758,-7.4677308566769405
pca,pca,æː,axis,35.80576325817599,-29.100706003486767,-11.113526048317375,-34.40023961432074,-25.458464304138342,-14.060873659585399,-7.5029599162439995
pca,pca,æː,axis,38.192814142054395,-28.890821729809634,-10.977831387709331,-33.939613969545306,-25.425245675725808,-13.854924694725959,-7.5269229603416825
pca,pca,æː,axis,40.5798650259328,-28.6835508004094,-10.843176106364728,-33.56233462399322,-25.203008989011142,-13.629140683832453,-7.592873211115246
pca,pca,æː,axis,42.96691590981119,-28.47905654930338,-10.70962516548753,-33.12281932775459,-25.027495840873677,-13.372817322422199,-7.6814140055872135
pca,pca,æː,axis,45.353966793689594,-28.27750231050887,-10.577243526281705,-32.689447646621836,-24.827353420653427,-13.162251517244798,-7.685587053937684
pca,pca,æː,axis,47.741017677567996,-28.07905141804319,-10.446096149951217,-32.395275438746026,-24.625804516657045,-12.96195687577579,-7.674649034117394
pca,pca,æː,axis,50.12806856144639,-27.88386720592363,-10.316247997700028,-32.11634550005881,-24.461857345193447,-12.786637954877722,-7.665301003110532
pca,pca,æː,axis,52.51511944532479,-27.69211300816751,-10.187764030732104,-31.901043203946003,-24.34774462628993,-12.627173877207044,-7.67334181903159
pca,pca,æː,axis,54.902170329203194,-27.50395215879213,-10.060709210251414,-31.469827273432504,-24.2071225731472,-12.337770951641211,-7.6578239422417544
pca,pca,æː,axis,57.28922121308159,-27.31954799181479,-9.935148497461919,-31.104283899099034,-24.045402592282045,-12.165107386657802,-7.578090518023489
pca,pca,æː,axis,59.67627209695999,-27.139063841252813,-9.811146853567585,-30.718591783610965,-23.810188160437615,-12.008425005485748,-7.479955970164347
pca,pca,æː,axis,62.06332298083839,-26.96266304112349,-9.688769239772377,-30.47132779878421,-23.597051609086748,-11.856914838182707,-7.451906299350735
pca,pca,æː,axis,64.4503738647168,-26.790508925444144,-9.568080617280263,-30.250256859306376,-23.324163498121685,-11.77537057188699,-7.393258059867659
pca,pca,æː,axis,66.8374247485952,-26.62276482823206,-9.4491459472952,-30.163789266011268,-23.076766428140992,-11.648613592807544,-7.234858092043997
pca,pca,æː,axis,69.22447563247358,-26.45959408350456,-9.332030191021165,-30.008770266363246,-22.95121877176209,-11.575620651237053,-7.132499741462284
pca,pca,æː,axis,71.61152651635199,-26.30116002527894,-9.216798309662112,-29.889328539085177,-22.729212135852663,-11.401481923581283,-6.979886958965784
pca,pca,æː,axis,73.99857740023039,-26.147625987572518,-9.103515264422013,-29.765754109855383,-22.454763901450466,-11.227608601415989,-6.850659347046306
pca,pca,æː,axis,76.38562828410879,-25.999155304402596,-8.99224601650483,-29.623243129979898,-22.228376577620587,-11.063065214476854,-6.737900629097487
pca,pca,æː,axis,78.77267916798719,-25.855911309786475,-8.883055527114529,-29.488325596472095,-22.035401774276426,-10.976595323230045,-6.645923713712985
pca,pca,æː,axis,81.1597300518656,-25.718057337741463,-8.776008757455074,-29.382192617321426,-21.81034938594519,-10.874432126292207,-6.5020364946778475
pca,pca,æː,axis,83.546780935744,-25.585756722284877,-8.67117066873043,-29.20096901905479,-21.609001217577028,-10.817002738294187,-6.3436204012874295
pca,pca,æː,axis,85.93383181962238,-25.459172797414638,-8.56860622213956,-29.0704324463162,-21.392244570007815,-10.772116147708221,-6.191232750839
pca,pca,æː,axis,88.32088270350079,-25.33842762039129,-8.468369714101698,-29.033227436163415,-21.203674985930213,-10.718777452881884,-6.045003425853361
pca,pca,æː,axis,90.70793358737919,-25.223481975671938,-8.370473772555673,-28.968015263153497,-21.03148376335714,-10.619812668998483,-5.927477813265901
pca,pca,æː,axis,93.09498447125759,-25.114257265892217,-8.274920850255025,-28.905036885655843,-20.873573779285202,-10.551426656952321,-5.777352432817884
pca,pca,æː,axis,95.48203535513599,-25.010674893687757,-8.181713399953296,-28.846631745335934,-20.729654808413745,-10.510804438362156,-5.667248551438124
pca,pca,æː,axis,97.8690862390144,-24.912656261694202,-8.090853874404026,-28.783717304366395,-20.64089882169973,-10.484141439053536,-5.576042333859994
pca,pca,æː,axis,100.25613712289278,-24.820122772547187,-8.002344726360755,-28.716573835344022,-20.567743957232672,-10.4524753879855,-5.497903535545569
pca,pca,æː,axis,102.64318800677118,-24.732995828882352,-7.916188408577027,-28.645477600353733,-20.485732369187428,-10.415130926265766,-5.392733991531913
pca,pca,æː,axis,105.03023889064958,-24.651196833335327,-7.832387373806383,-28.563819769648763,-20.407064208491512,-10.350952538608652,-5.29279836544091
pca,pca,æː,axis,107.41728977452799,-24.574647188541764,-7.750944074802363,-28.48430541407447,-20.266632156195804,-10.2737415131822,-5.195738791285265
pca,pca,æː,axis,109.80434065840639,-24.503268297137293,-7.671860964318509,-28.40694129553826,-20.137188573786812,-10.210387876167498,-5.087426980653576
pca,pca,æː,axis,112.19139154228479,-24.436981561757555,-7.595140495108364,-28.331734175947542,-20.018856337538278,-10.12492346495518,-4.983374906372172
pca,pca,æː,axis,114.57844242616318,-24.375708385038187,-7.520785119925468,-28.25869081720973,-19.911406943722575,-10.06416619851626,-4.883314911523375
pca,pca,æː,axis,116.96549331004158,-24.31937016961482,-7.448797291523362,-28.18781798123223,-19.832767919337012,-10.00334013938773,-4.803834369653644
pca,pca,æː,axis,119.35254419391998,-24.267888318123106,-7.379179462655588,-28.126453345199735,-19.780809008616647,-9.94603149548248,-4.729149943411659
pca,pca,æː,axis,121.73959507779838,-24.22118423319867,-7.311934086075688,-28.084785364241974,-19.738143571249314,-9.904692168393817,-4.659010086067585
pca,pca,æː,axis,124.12664596167679,-24.179179317477157,-7.247063614537202,-27.982158397344932,-19.704563185155386,-9.845644850274075,-4.56289000140952
pca,pca,æː,axis,126.51369684555519,-24.14179497359421,-7.184570500793673,-27.88918560911059,-19.679859428255238,-9.772944419165173,-4.486970999232816
pca,pca,æː,axis,128.9007477294336,-24.108952604185447,-7.124457197598638,-27.805946905040926,-19.663823878469234,-9.679267060856562,-4.427930583119407
pca,pca,æː,axis,131.287798613312,-24.08057361188653,-7.066726157705645,-27.69946395230678,-19.656248113717744,-9.626526162515127,-4.374192794547995
pca,pca,æː,axis,133.6748494971904,-24.05657939933308,-7.011379833868233,-27.591063387836734,-19.656923711921145,-9.559510696916478,-4.32884177322527
pca,pca,æː,axis,136.0619003810688,-24.03689136916074,-6.958420678839941,-27.514622814110194,-19.66564225099979,-9.52645458386179,-4.268638790885378
pca,pca,æː,axis,138.44895126494717,-24.021430924005152,-6.907851145374311,-27.444591826130175,-19.68219530887407,-9.471040841238404,-4.2248049526371485
pca,pca,æː,axis,140.83600214882557,-24.010119466501948,-6.859673686224889,-27.428123614036032,-19.70635303294411,-9.359572438263074,-4.197928458779577
pca,pca,æː,axis,143.22305303270397,-24.002878399286775,-6.813890754145209,-27.420810913961986,-19.736348562129784,-9.31982488931772,-4.155403245678056
pca,pca,æː,axis,145.61010391658237,-23.999629124995263,-6.770504801888819,-27.393526567233383,-19.76596371143793,-9.283035179712138,-4.156750965459598
pca,pca,æː,axis,147.99715480046078,-24.00029304626305,-6.729518282209256,-27.4250665119151,-19.81300582608414,-9.247767103549446,-4.13603265527201
pca,pca,æː,axis,150.38420568433918,-24.004791565725775,-6.690933647860065,-27.355881742138195,-19.849247347725807,-9.202459061871558,-4.121635427267919
pca,pca,æː,axis,152.77125656821758,-24.013046086019074,-6.6547533515947865,-27.20171496239212,-19.91491302383047,-9.157380102883426,-4.0643048605383365
pca,pca,æː,axis,155.15830745209598,-24.0249780097786,-6.620979846166957,-27.20012357983102,-19.97061341939249,-9.12692863672862,-3.9926018639277956
pca,pca,æː,axis,157.54535833597438,-24.040508739639968,-6.589615584330122,-27.22084137971746,-20.035129514026558,-9.095961656824828,-3.9786521397036774
pca,pca,æː,axis,159.9324092198528,-24.059559678238834,-6.560663018837824,-27.28205609106601,-20.08239938258194,-9.142859416973321,-4.003122613865898
pca,pca,æː,axis,162.3194601037312,-24.082052228210824,-6.534124602443605,-27.34486948184656,-20.11743635626118,-9.127027241375758,-4.031449727163222
pca,pca,æː,axis,164.7065109876096,-24.107907792191575,-6.510002787901,-27.381373640680465,-20.146538296734274,-9.095390334203998,-4.047768920304169
pca,pca,æː,axis,167.093561871488,-24.137047772816747,-6.488300027963557,-27.400389837660224,-20.22792251169599,-9.057702730737825,-4.017849267217217
pca,pca,æː,axis,169.48061275536637,-24.16939357272195,-6.469018775384814,-27.48102026529374,-20.350619655709615,-9.021353310794247,-3.9950669703738586
pca,pca,æː,axis,171.86766363924477,-24.20486659454284,-6.452161482918315,-27.585796573369027,-20.44556686834078,-8.987656605838184,-3.984079135067194
pca,pca,æː,axis,174.25471452312317,-24.243388240915042,-6.437730603317602,-27.639605852877445,-20.553689115402314,-8.993298868266306,-3.9204857429320072
pca,pca,æː,axis,176.64176540700157,-24.2848799144742,-6.425728589336211,-27.661361103427996,-20.621603781239262,-8.977843620094738,-3.811163797032861
pca,pca,æː,axis,179.02881629087997,-24.32926301785596,-6.4161578937276875,-27.702414799278674,-20.698276677591657,-8.965248239138889,-3.78416366893735
pca,pca,æː,axis,181.41586717475838,-24.37645895369595,-6.409020969245573,-27.776039039629197,-20.780334313505975,-8.985768655013876,-3.7367247592719264
pca,pca,æː,axis,183.80291805863678,-24.42638912462981,-6.404320268643406,-27.85035616241504,-20.853051074006682,-9.007306486315096,-3.6736065700747553
pca,pca,æː,axis,186.18996894251518,-24.478974933293173,-6.402058244674734,-27.925484344178827,-20.915223042055402,-9.009523256921874,-3.61342745657066
pca,pca,æː,axis,188.57701982639358,-24.534137782321693,-6.402237350093092,-28.00261628534862,-20.956236351780266,-8.98978408040149,-3.5563154156440424
pca,pca,æː,axis,190.96407071027198,-24.59179907435099,-6.404860037652023,-28.08018765463904,-20.960509389247168,-8.971085013788258,-3.504783005792642
pca,pca,æː,axis,193.35112159415038,-24.651880212016714,-6.409928760105071,-28.182391081665777,-20.935157995947428,-8.953501278827632,-3.4825116385875377
pca,pca,æː,axis,195.7381724780288,-24.714302597954497,-6.417445970205776,-28.285592502653554,-20.944151610684248,-8.93843127634866,-3.4436284191595203
pca,pca,æː,axis,198.1252233619072,-24.778987634799982,-6.427414120707676,-28.38300231314633,-20.97225610370046,-8.935421181368685,-3.39809365989776
pca,pca,æː,axis,200.51227424578556,-24.845856725188796,-6.439835664364317,-28.493676743417975,-20.98998305529752,-8.948600376246958,-3.367662549209173
pca,pca,æː,axis,202.89932512966396,-24.91483127175659,-6.45471305392924,-28.612535394815925,-20.989191105188354,-9.008127986640698,-3.361137326178455
pca,pca,æː,axis,205.28637601354237,-24.985832677138994,-6.472048742155984,-28.703342385108208,-21.01132500207289,-9.033693228306864,-3.3375671121008033
pca,pca,æː,axis,207.67342689742077,-25.058782343971654,-6.491845181798091,-28.807905402366774,-21.059464711899533,-9.052233839033516,-3.3200845412505062
pca,pca,æː,axis,210.06047778129917,-25.1336016748902,-6.5141048256091025,-28.912102497928032,-21.099776301272282,-9.081445214100869,-3.3224338728274647
pca,pca,æː,axis,212.44752866517757,-25.21021207253027,-6.538830126342562,-29.01579413231227,-21.132931126969588,-9.168016559519463,-3.338151658012944
pca,pca,æː,axis,214.83457954905597,-25.28853493952751,-6.566023536752008,-29.093615857260936,-21.15501281938072,-9.249524193146502,-3.35820718888557
pca,pca,æː,axis,217.22163043293438,-25.368491678517536,-6.595687509590983,-29.20093640553236,-21.15682409076879,-9.317381732658834,-3.3718952871007044
pca,pca,æː,axis,219.60868131681278,-25.450003692136022,-6.627824497613032,-29.30721352146326,-21.1919853130555,-9.38834692647347,-3.3476198632802103
pca,pca,æː,axis,221.99573220069118,-25.53299238301857,-6.662436953571687,-29.39231146078504,-21.246304617857604,-9.467130289227121,-3.35912868469522
pca,pca,æː,axis,224.38278308456958,-25.61737915380085,-6.6995273302205,-29.514572527806447,-21.285028681891124,-9.545622424169164,-3.3930221249632577
pca,pca,æː,axis,226.76983396844798,-25.703085407118472,-6.739098080313001,-29.63639666418013,-21.331933593054114,-9.61723336688343,-3.398148206654967
pca,pca,æː,axis,229.15688485232636,-25.79003254560709,-6.781151656602741,-29.77491492261416,-21.412645615125555,-9.662429443328278,-3.4069931569518768
pca,pca,æː,axis,231.54393573620476,-25.878141971902345,-6.825690511843266,-29.91072079537776,-21.42714635283023,-9.689914773456549,-3.4213090959239207
pca,pca,æː,axis,233.93098662008316,-25.967335088639864,-6.872717098788101,-30.036283430294898,-21.483255088315214,-9.754254899814425,-3.4377698652021613
pca,pca,æː,axis,236.31803750396156,-26.05753329845529,-6.922233870190805,-30.145706073324558,-21.54377575583237,-9.796723886756375,-3.4719904907266255
pca,pca,æː,axis,238.70508838783996,-26.148664155565896,-6.974240193592987,-30.25426567169488,-21.608727153924697,-9.838527387199546,-3.495588600358907
pca,pca,æː,axis,241.09213927171837,-26.240697993184853,-7.028713981522667,-30.36053699228026,-21.67807587549497,-9.883062802221577,-3.5590061125143757
pca,pca,æː,axis,243.47919015559677,-26.333623315722086,-7.085624033080386,-30.455324281308133,-21.762884907560323,-9.943124909192543,-3.6505256216646123
pca,pca,æː,axis,245.86624103947517,-26.42742869388384,-7.144939114117076,-30.545090558299755,-21.87186435218463,-10.026726630103493,-3.734239971306563
pca,pca,æː,axis,248.25329192335357,-26.52210269837623,-7.206627990483643,-30.637546464903313,-21.967734541650344,-10.109372314051642,-3.820958420207274
pca,pca,æː,axis,250.64034280723197,-26.617633899905492,-7.270659428031035,-30.746757562595697,-22.027787903125716,-10.192527051073391,-3.919344129307792
pca,pca,æː,axis,253.02739369111038,-26.71401086917775,-7.337002192610154,-30.85329895556458,-22.068306654683514,-10.274318910362105,-3.987506513316732
pca,pca,æː,axis,255.41444457498878,-26.81122217689922,-7.405625050071933,-30.957206720900903,-22.125796479266327,-10.332164276294478,-4.064945083389374
pca,pca,æː,axis,257.8014954588672,-26.909256393776033,-7.476496766267289,-31.059718059938906,-22.209780568428233,-10.382608346177598,-4.15412244655536
pca,pca,æː,axis,260.18854634274555,-27.008102090514413,-7.549586107047137,-31.21918374618759,-22.31918648016937,-10.433101314381474,-4.247112299638598
pca,pca,æː,axis,262.575597226624,-27.107747837820497,-7.624861838262419,-31.354656834454012,-22.426609491162285,-10.483642492197374,-4.33143927889856
pca,pca,æː,axis,264.96264811050236,-27.208182206400465,-7.702292725764039,-31.45652607574534,-22.522913434050484,-10.541794513911924,-4.4122362459312505
pca,pca,æː,axis,267.3496989943808,-27.30939376696054,-7.781847535402939,-31.53195783215765,-22.628531427456643,-10.60897057296716,-4.4951429740245255
pca,pca,æː,axis,269.73674987825916,-27.411371090206828,-7.86349503303002,-31.612614745539272,-22.754807792037152,-10.687396376532616,-4.571201490799931
pca,pca,æː,axis,272.1238007621376,-27.514102746845545,-7.94720398449622,-31.69551300640776,-22.906579643033535,-10.766099893272177,-4.650328729778718
pca,pca,æː,axis,274.51085164601596,-27.61757730758285,-8.03294315565245,-31.774772509864402,-23.054354740699782,-10.843466835651405,-4.734875766654107
pca,pca,æː,axis,276.89790252989434,-27.721783343124926,-8.120681312349639,-31.85526477787386,-23.19155107474485,-10.919517766352769,-4.824759219919992
pca,pca,æː,axis,279.28495341377277,-27.826709424177956,-8.210387220438715,-31.932985275266642,-23.331675950305968,-10.99328965391688,-4.919895708070269
pca,pca,æː,axis,281.67200429765114,-27.93234412144811,-8.302029645770588,-31.994827386649966,-23.447972398058766,-11.056358565995462,-5.020201849598846
pca,pca,æː,axis,284.0590551815296,-28.03867600564155,-8.395577354196192,-32.0479077873882,-23.565761954689226,-11.12192087692724,-5.1311994312195
pca,pca,æː,axis,286.44610606540795,-28.145693647464483,-8.490999111566445,-32.09932292407734,-23.68758287911888,-11.186766146094962,-5.269864074351912
pca,pca,æː,axis,288.8331569492864,-28.25338561762306,-8.588263683732276,-32.15326070620714,-23.81336798188442,-11.269415965218771,-5.413879015757932
pca,pca,æː,axis,291.22020783316475,-28.361740486823464,-8.687339836544592,-32.20789486531727,-23.943050073522524,-11.354967428061515,-5.563153572415954
pca,pca,æː,axis,293.6072587170432,-28.470746825771847,-8.788196335854323,-32.28768191421784,-24.082465413218625,-11.440661080799586,-5.717597061304415
pca,pca,æː,axis,295.99430960092155,-28.580393205174417,-8.890801947512387,-32.37079785572984,-24.225201676348675,-11.524016897450666,-5.876892727989766
pca,pca,æː,axis,298.3813604848,-28.69066819573733,-8.995125437369722,-32.451320625935196,-24.37098075199335,-11.595592192760733,-6.040151685720878
pca,pca,æː,axis,300.76841136867836,-28.801560368166776,-9.10113557127724,-32.518579739384144,-24.51974731628875,-11.666086846109119,-6.208358380686087
pca,pca,æː,axis,303.1554622525568,-28.91305829316893,-9.208801115085869,-32.57100892693653,-24.68022107417015,-11.723144341962746,-6.3696037286806915
pca,pca,æː,axis,305.54251313643516,-29.02515054144996,-9.318090834646519,-32.637048517062965,-24.865207057496857,-11.799796056552061,-6.527037853057088
pca,pca,æː,axis,307.92956402031353,-29.137825683716017,-9.428973495810116,-32.72771432088899,-25.051211622034,-11.885103783600577,-6.688280965461807
pca,pca,æː,axis,310.31661490419197,-29.25107229067332,-9.541417864427594,-32.816701137979464,-25.20296100791018,-11.982949469941259,-6.813285801372527
pca,pca,æː,axis,312.70366578807034,-29.364878933028024,-9.655392706349872,-32.9074302712047,-25.381080158447297,-12.037895875043628,-6.935235757601684
pca,pca,æː,axis,315.09071667194877,-29.47923418148632,-9.77086678742787,-32.97908157112315,-25.558588533028153,-12.091142074040723,-7.05926165196675
pca,pca,æː,axis,317.47776755582714,-29.594126606754358,-9.887808873512494,-33.05286833495047,-25.718831919229697,-12.175217793805432,-7.223223737534533
pca,pca,æː,axis,319.8648184397056,-29.709544779538334,-10.006187730454695,-33.17363654399627,-25.840554088130723,-12.269349997607023,-7.418489007646805
pca,pca,æː,axis,322.25186932358395,-29.825477270544383,-10.125972124105374,-33.282686577207016,-25.964178772614435,-12.339316518611577,-7.617308495460825
pca,pca,æː,axis,324.6389202074624,-29.94191265047874,-10.247130820315473,-33.33984057204612,-26.102094038917944,-12.411418749426408,-7.817306861667015
pca,pca,æː,axis,327.02597109134075,-30.058839490047532,-10.369632584935893,-33.38791561781126,-26.26148571655203,-12.510385607305546,-8.013091894189289
pca,pca,æː,axis,329.4130219752192,-30.176246359956977,-10.493446183817579,-33.43921948349499,-26.45030280352895,-12.589510292878035,-8.181149405669336
pca,pca,æː,axis,331.80007285909755,-30.294121830913227,-10.618540382811425,-33.57271773348903,-26.649438749028306,-12.680036617759777,-8.380501890716598
pca,pca,æː,axis,334.187123742976,-30.41245447362249,-10.744883947768393,-33.7140888431392,-26.79201740613295,-12.785289225659978,-8.57467779251111
pca,pca,æː,axis,336.57417462685436,-30.531232858790844,-10.872445644539361,-33.98306557436769,-26.975003904248577,-12.90794628102817,-8.749043626599464
pca,pca,æː,axis,338.96122551073273,-30.650445557124556,-11.001194238975273,-34.15679167481768,-27.140589245671748,-12.992041604046252,-8.944347625641505
pca,pca,æː,axis,341.34827639461116,-30.77008113932979,-11.13109849692707,-34.25997295668495,-27.31100130434268,-13.10516824044429,-9.1399233148551
pca,pca,æː,axis,343.73532727848954,-30.890128176112697,-11.262127184245642,-34.386778516385874,-27.532523891099878,-13.21526393508606,-9.340608747496487
pca,pca,æː,axis,346.12237816236797,-31.010575238179456,-11.394249066781931,-34.41171255821377,-27.666141821165095,-13.366624906130637,-9.540376478917713
pca,pca,æː,axis,348.50942904624634,-31.131410896236275,-11.52743291038685,-34.47801070320047,-27.85610278340462,-13.492146614113226,-9.662900540805325
pca,pca,æː,axis,350.89647993012477,-31.25262372098929,-11.661647480911341,-34.64114972499776,-28.05918168578846,-13.614405609898261,-9.85982500979399
pca,pca,æː,axis,353.28353081400314,-31.374202283144683,-11.796861544206287,-34.825788220679044,-28.264284358180177,-13.781103475543548,-10.043139574658316
pca,pca,æː,axis,355.6705816978816,-31.496135153408645,-11.933043866122652,-34.99689254376278,-28.427401715808223,-13.951428547983735,-10.209821497435941
pca,pca,æː,axis,358.05763258175995,-31.61841090248734,-12.07016321251134,-35.16647434465608,-28.579126108682175,-14.103574862135986,-10.332694380213104
pca,pca,æː,axis,360.4446834656384,-31.74101810108695,-12.20818834922327,-35.36855669900191,-28.727436269719416,-14.260051880890039,-10.513327155012679
pca,pca,æː,axis,362.83173434951675,-31.863945319913654,-12.34708804210937,-35.55131985430353,-28.8324167602193,-14.406854851170747,-10.665899741422331
pca,pca,æː,axis,365.2187852333952,-31.9871811296736,-12.486831057020567,-35.71303633943885,-28.97847990351869,-14.58824211350565,-10.834727010008402
pca,pca,æː,axis,367.60583611727355,-32.110714101073015,-12.62738615980777,-35.93897623326573,-29.083344965460753,-14.736110762446781,-11.007536704363318
pca,pca,æː,axis,369.9928870011519,-32.234532804818016,-12.76872211632191,-36.1299283548235,-29.219840366959705,-14.959369664484258,-11.14914077207018
pca,pca,æː,axis,372.37993788503036,-32.358625811614814,-12.910807692413911,-36.34698012613882,-29.347203204125552,-15.162910682491503,-11.294254830137692
pca,pca,æː,axis,374.76698876890873,-32.4829816921696,-13.05361165393471,-36.62844355646441,-29.45919172614008,-15.322022436717496,-11.43078486380202
pca,pca,æː,axis,377.15403965278716,-32.607589017188474,-13.197102766735178,-36.85493322791854,-29.53231883048276,-15.482383364134844,-11.53569579345282
pca,pca,æː,axis,379.54109053666554,-32.73243635737771,-13.341249796666304,-37.0949185921307,-29.620292945845005,-15.702605453252756,-11.64821678952914
pca,pca,æː,axis,381.92814142054397,-32.85751228344341,-13.486021509578975,-37.33588661643026,-29.763076380232352,-15.91200606810264,-11.73045966699332
pca,pca,æː,axis,384.31519230442234,-32.98280536609181,-13.631386671324101,-37.57859968127104,-29.81250979787421,-16.12218235427184,-11.858855309478164
pca,pca,æː,axis,386.70224318830077,-33.10830417602901,-13.77731404775264,-37.83389492642571,-29.86763623273552,-16.336442262892128,-11.957877427683107
pca,pca,æː,axis,389.08929407217914,-33.23399728396129,-13.923772404715507,-38.163644478890596,-29.93715444109838,-16.521685468487146,-12.080517565986021
pca,pca,æː,axis,391.4763449560576,-33.359873260594725,-14.07073050806359,-38.49743568097619,-30.04080415093072,-16.710807515969734,-12.178118502198299
pca,pca,æː,axis,393.86339583993595,-33.48592067663546,-14.218157123647842,-38.834876959962855,-30.087070558218265,-16.937197972267175,-12.253625245418371
pca,pca,æː,axis,396.2504467238144,-33.61212810278984,-14.36602101731917,-39.19233265798639,-30.15789109308641,-17.16476947186786,-12.31758980938989
pca,pca,æː,axis,398.63749760769275,-33.7384841097639,-14.51429095492852,-39.46999099587885,-30.12096885561145,-17.395518692298467,-12.354848460266972
pca,pca,æː,axis,401.0245484915711,-33.86497726826387,-14.662935702326791,-39.75489648611004,-30.217280515355426,-17.626876564622776,-12.444060111456446
pca,pca,æː,axis,403.41159937544955,-33.99159614899587,-14.811924025364924,-40.025873337216915,-30.26923854221956,-17.85953152305443,-12.532691561124174
pca,pca,æː,axis,405.7986502593279,-34.11832932266611,-14.961224689893811,-40.27941511324528,-30.298426137525354,-18.095350316942756,-12.611688921117672
pca,pca,æː,axis,408.18570114320636,-34.24516535998082,-15.110806461764412,-40.562499218474386,-30.322508902341216,-18.33172517840302,-12.6859957749183
pca,pca,æː,axis,410.57275202708473,-34.37209283164614,-15.260638106827635,-40.84695761637282,-30.34272478084238,-18.613323824535968,-12.728806122775726
pca,pca,æː,axis,412.95980291096316,-34.49910030836821,-15.410688390934403,-41.15398165471051,-30.36290236998813,-18.92059041369813,-12.80573198909177
pca,pca,æː,axis,415.34685379484154,-34.62617636085318,-15.56092607993562,-41.51910392376989,-30.37131379734456,-19.197303331043358,-12.882740980198692
pca,pca,æː,axis,417.73390467871997,-34.75330955980732,-15.711319939682241,-41.875753637349106,-30.34310194660547,-19.465002708037243,-12.959819241964668
pca,pca,æː,axis,420.12095556259834,-34.88048847593677,-15.861838736025149,-42.212460248344506,-30.31476397138277,-19.712941282719072,-13.036769688824354
pca,pca,æː,axis,422.50800644647677,-35.0077016799477,-16.01245123481533,-42.53997008291472,-30.28633140279733,-19.96107877412575,-13.091977658951526
pca,pca,æː,axis,424.89505733035514,-35.134937742546214,-16.16312620190361,-42.82564294734586,-30.257835771969937,-20.21132930142844,-13.14604881303752
pca,pca,æː,axis,427.2821082142336,-35.26218523443862,-16.313832403141006,-43.150835487305855,-30.22765345142931,-20.462261911822754,-13.216714956013243
pca,pca,eː,axis,0.0,-28.469510539017016,0.7475721043418562,-37.10181635989308,-19.83484770493929,-5.804340981097546,7.66783835367619
pca,pca,eː,axis,2.3870508838783997,-27.965931003022295,1.2145439795083677,-36.27206638953635,-19.683888565061576,-5.121859220980821,7.9221241748376965
pca,pca,eː,axis,4.774101767756799,-27.4627179007707,1.6811176846286253,-35.44297477335087,-19.5174802433784,-4.4399635772738435,8.17302337575455
pca,pca,eː,axis,7.161152651635199,-26.960237666005348,2.1468950496563757,-34.628122004302554,-19.362569768498474,-3.775136213658545,8.405523468678338
pca,pca,eː,axis,9.548203535513599,-26.458856732469368,2.611477904545364,-33.84084279444381,-19.197017163139364,-3.1322630566693195,8.637352119581026
pca,pca,eː,axis,11.935254419391999,-25.958941533905886,3.074468079249338,-33.05590761295821,-19.000300262420257,-2.4653565158902166,8.835457227141752
pca,pca,eː,axis,14.322305303270397,-25.46085850405802,3.535467403722042,-32.301566634012794,-18.804288066401963,-1.7906967201001796,9.077982369516873
pca,pca,eː,axis,16.7093561871488,-24.964974076668895,3.994077707917225,-31.57624494521713,-18.60912151602464,-1.0981827196200376,9.342004232566458
pca,pca,eː,axis,19.096407071027198,-24.47165468548164,4.44990082178863,-30.84592633951611,-18.41494155222846,-0.40985617669924446,9.623321473857473
pca,pca,eː,axis,21.483457954905596,-23.98126676423937,4.902538575290005,-30.019372352060113,-18.221889115953577,0.2517608790869951,9.895445635882815
pca,pca,eː,axis,23.870508838783998,-23.494176746685213,5.351592798375096,-29.201115350499293,-18.029270536543155,0.9040399716318265,10.155476669562196
pca,pca,eː,axis,26.257559722662396,-23.010751066562296,5.796665320997649,-28.493965245057414,-17.83715335776191,1.5710220589878745,10.397501826402529
pca,pca,eː,axis,28.644610606540795,-22.53135615761374,6.2373579731114095,-27.763783337520405,-17.60636409549249,2.2331166667660054,10.622065537552764
pca,pca,eː,axis,31.031661490419197,-22.056358453582664,6.673272584670126,-27.035233661119033,-17.264633599471008,2.8878506461336815,10.84596862583145
pca,pca,eː,axis,33.4187123742976,-21.5861243882122,7.104010985627543,-26.42228825302643,-17.045519302270936,3.526966058907317,11.083367701951156
pca,pca,eː,axis,35.80576325817599,-21.121020395245466,7.529175005937406,-25.801073458344934,-16.797352923247942,4.1639211200213,11.294951875720377
pca,pca,eː,axis,38.192814142054395,-20.66141290842559,7.948366475553462,-25.07170145186205,-16.453622649078984,4.768327905688938,11.492484189317027
pca,pca,eː,axis,40.5798650259328,-20.207668361495685,8.36118722442946,-24.58098543882532,-16.119425236088418,5.2957592356151695,11.675104586100803
pca,pca,eː,axis,42.96691590981119,-19.760153188198892,8.76723908251914,-23.954634916388528,-15.944188159386828,5.8114283813805425,11.887838972974507
pca,pca,eː,axis,45.353966793689594,-19.31923382227832,9.166123879776253,-23.358762071278427,-15.809167722974516,6.374782333100645,12.13161765582884
pca,pca,eː,axis,47.741017677567996,-18.885276697477096,9.557443446154544,-22.75373247665866,-15.39208320506483,6.928518961586906,12.350618187899212
pca,pca,eː,axis,50.12806856144639,-18.45864824753835,9.940799611607758,-22.18214188031076,-15.051087444268806,7.4509853352760125,12.663074306222345
pca,pca,eː,axis,52.51511944532479,-18.039714906205205,10.315794206089645,-21.621409389379355,-14.660611047191182,7.941571325767973,12.923082686462646
pca,pca,eː,axis,54.902170329203194,-17.628843107220774,10.682029059553948,-21.129931381965083,-14.13619156513334,8.429199734235906,13.16692592147366
pca,pca,eː,axis,57.28922121308159,-17.226399284328195,11.039106001954412,-20.721011361665834,-13.72606537817025,8.904111582142336,13.439489016049578
pca,pca,eː,axis,59.67627209695999,-16.83274987127058,11.386626863244787,-20.324348567110338,-13.352793255794742,9.256060799766944,13.716428194374958
pca,pca,eː,axis,62.06332298083839,-16.448261301791057,11.724193473378817,-19.877116690045256,-13.065062160370845,9.69681999509671,13.994001662210641
pca,pca,eː,axis,64.4503738647168,-16.073300009632746,12.051407662310247,-19.558176241048866,-12.752951677981569,10.09324729834842,14.30948358569485
pca,pca,eː,axis,66.8374247485952,-15.708232428538782,12.367871259992826,-19.20343362173399,-12.436388299676844,10.403170622902328,14.61795098405958
pca,pca,eː,axis,69.22447563247358,-15.353424992252277,12.673186096380295,-18.864348088496556,-12.051007361698357,10.780793268666812,14.867117368168472
pca,pca,eː,axis,71.61152651635199,-15.009244134516363,12.966954001426409,-18.502257655265186,-11.54407835766427,11.10615088749793,15.149471930987692
pca,pca,eː,axis,73.99857740023039,-14.676056289074156,13.248776805084908,-18.192984090353914,-11.170203544595786,11.398380371866,15.369186059062272
pca,pca,eː,axis,76.38562828410879,-14.354227889668781,13.518256337309538,-17.889795807422793,-10.810166980130152,11.68243181761598,15.63330805985424
pca,pca,eː,axis,78.77267916798719,-14.044125370043368,13.77499442805405,-17.590810739453726,-10.431478502839514,11.92243654637494,15.907384642151246
pca,pca,eː,axis,81.1597300518656,-13.746115163941038,14.018592907272184,-17.30982718308989,-10.08094583172604,12.139165302603294,16.179303723635723
pca,pca,eː,axis,83.546780935744,-13.46056370510491,14.24865360491769,-17.081471358675913,-9.687681345117786,12.303680488316227,16.423741911653828
pca,pca,eː,axis,85.93383181962238,-13.187837427278112,14.464778350944313,-16.841818176873904,-9.33942315446318,12.47583723142771,16.6337876627823
pca,pca,eː,axis,88.32088270350079,-12.928289225224102,14.666585206398064,-16.606770245071292,-9.036373921315308,12.605239717033161,16.832000232287427
pca,pca,eː,axis,90.70793358737919,-12.681987134142599,14.854033733824803,-16.365000480988158,-8.703110048155866,12.74751924571823,17.024212588567195
pca,pca,eː,axis,93.09498447125759,-12.448728336133382,15.027408205738537,-16.141524635238124,-8.373791354372985,12.882066167923995,17.19374299080569
pca,pca,eː,axis,95.48203535513599,-12.228299277841884,15.187005764762699,-15.957040720367745,-8.059620640741388,13.031983715274915,17.37008806802796
pca,pca,eː,axis,97.8690862390144,-12.020486405913548,15.333123553520725,-15.798441426768285,-7.723741199372835,13.113044725366674,17.538613373154142
pca,pca,eː,axis,100.25613712289278,-11.825076166993814,15.466058714636045,-15.655061754039428,-7.433107456809186,13.241526355722078,17.68453955921706
pca,pca,eː,axis,102.64318800677118,-11.641855007728125,15.586108390732095,-15.470840769457768,-7.172458656504648,13.373485881933162,17.835799591474327
pca,pca,eː,axis,105.03023889064958,-11.47060937476192,15.693569724432304,-15.31106141244007,-6.964436327304253,13.490183544460827,17.979614607070047
pca,pca,eː,axis,107.41728977452799,-11.311125714740648,15.788739858360112,-15.171749503426025,-6.734800964027833,13.56061006699816,18.083232925235986
pca,pca,eː,axis,109.80434065840639,-11.16319047430974,15.871915935138945,-15.039824753673592,-6.528188431145529,13.613416828268608,18.13671344888455
pca,pca,eː,axis,112.19139154228479,-11.026590100114632,15.943395097392237,-14.885234109973654,-6.363630232349082,13.6804987650187,18.183084639820564
pca,pca,eː,axis,114.57844242616318,-10.901111038800792,16.003474487743425,-14.748005992468835,-6.216977407548737,13.707948876425617,18.225491804749343
pca,pca,eː,axis,116.96549331004158,-10.78653973701363,16.05245124881594,-14.625703203145505,-6.078062281166869,13.732820776723106,18.261027391237985
pca,pca,eː,axis,119.35254419391998,-10.682662641398608,16.090622523233222,-14.517161942701733,-5.953542337528012,13.753646957021639,18.300583109162538
pca,pca,eː,axis,121.73959507779838,-10.589266198601152,16.11828545361869,-14.41821330348308,-5.8797784118564165,13.768570502781365,18.328564575110608
pca,pca,eː,axis,124.12664596167679,-10.506136855266718,16.135737182595786,-14.337155091726471,-5.823171588783984,13.804283091663137,18.34821409807769
pca,pca,eː,axis,126.51369684555519,-10.433061058040732,16.143274852787947,-14.236128790849866,-5.792814270096436,13.831931025757413,18.33336778304308
pca,pca,eː,axis,128.9007477294336,-10.369825253568646,16.14119560681859,-14.104148058647572,-5.815517667346651,13.821335503050587,18.28635779245197
pca,pca,eː,axis,131.287798613312,-10.316215888495897,16.12979658731117,-14.015340013986982,-5.853874609914127,13.794863904915298,18.236658507734937
pca,pca,eː,axis,133.6748494971904,-10.27201940946793,16.109374936889104,-13.952095760650776,-5.869554006740662,13.75795000724698,18.162489183648784
pca,pca,eː,axis,136.0619003810688,-10.237022263130182,16.08022779817583,-13.897474911528585,-5.845555960343778,13.708808158550852,18.10666886604359
pca,pca,eː,axis,138.44895126494717,-10.211010896128084,16.042652313794783,-13.861469197435454,-5.8473823674612735,13.66776447834885,18.046457962175317
pca,pca,eː,axis,140.83600214882557,-10.193771755107104,15.996945626369397,-13.812063385285873,-5.918723524068723,13.660440287890548,17.940330645445293
pca,pca,eː,axis,143.22305303270397,-10.185091286712659,15.943404878523099,-13.74754331538993,-6.002582240288741,13.640165448289007,17.845869967112172
pca,pca,eː,axis,145.61010391658237,-10.184755937590197,15.882327212879328,-13.695162517772783,-6.071024811031378,13.594735243336718,17.742489950491237
pca,pca,eː,axis,147.99715480046078,-10.192552154385162,15.814009772061514,-13.634662460283083,-6.127001022513161,13.505915032925618,17.62410150567128
pca,pca,eː,axis,150.38420568433918,-10.208266383742988,15.738749698693095,-13.584963273329224,-6.193108719287789,13.397361703384636,17.537723657207987
pca,pca,eː,axis,152.77125656821758,-10.231685072309126,15.656844135397495,-13.54780122171456,-6.269989576383565,13.325588179913122,17.446811691662976
pca,pca,eː,axis,155.15830745209598,-10.262594666729015,15.568590224798154,-13.600684863133317,-6.344647667335063,13.245442143895753,17.366549414528105
pca,pca,eː,axis,157.54535833597438,-10.300781613648084,15.474285109518512,-13.669790014892904,-6.419858144166442,13.160573451963721,17.28945892346045
pca,pca,eː,axis,159.9324092198528,-10.3460323597118,15.374225932181979,-13.691196294662424,-6.526641697025959,13.078301167614983,17.202412345772554
pca,pca,eː,axis,162.3194601037312,-10.398133351565576,15.268709835412011,-13.723708016948262,-6.671298871262005,12.962112732910452,17.10752689481951
pca,pca,eː,axis,164.7065109876096,-10.456871035854867,15.158033961832029,-13.77646733171398,-6.795320469537038,12.840774826462523,16.986540906471642
pca,pca,eː,axis,167.093561871488,-10.522031859225116,15.042495454065474,-13.788695771930358,-6.875957074102011,12.753282187157518,16.88336385665667
pca,pca,eː,axis,169.48061275536637,-10.593402268321753,14.922391454735774,-13.799863736133334,-7.045270230106413,12.675774001238999,16.761671905629537
pca,pca,eː,axis,171.86766363924477,-10.670768709790224,14.79801910646637,-13.872970608226977,-7.198002667547257,12.591175774554895,16.59896596326785
pca,pca,eː,axis,174.25471452312317,-10.753917630275978,14.669675551880683,-13.93372965868982,-7.316217301279849,12.4752290216367,16.439689103853443
pca,pca,eː,axis,176.64176540700157,-10.842635476424448,14.537657933602151,-13.987675489830979,-7.441611191074923,12.343123683037309,16.269752372702936
pca,pca,eː,axis,179.02881629087997,-10.936708694881077,14.40226339425421,-14.053379905710798,-7.535887741289589,12.216558717478426,16.095908483747603
pca,pca,eː,axis,181.41586717475838,-11.035923732291309,14.263789076460284,-14.103335906080575,-7.709168488248159,12.134621431830643,15.9414108748257
pca,pca,eː,axis,183.80291805863678,-11.140067035300575,14.122532122843822,-14.173955851520738,-7.879701884400186,12.007724060343424,15.7937992751755
pca,pca,eː,axis,186.18996894251518,-11.248925050554341,13.97878967602825,-14.24698114981134,-8.070732795729842,11.923398788559139,15.633385285454063
pca,pca,eː,axis,188.57701982639358,-11.362284224698001,13.83285887863699,-14.323423050407339,-8.251920597131427,11.742248868046667,15.471277546958694
pca,pca,eː,axis,190.96407071027198,-11.47993100437705,13.685036873293484,-14.402341807267225,-8.409535902131616,11.588291732672518,15.33227987278078
pca,pca,eː,axis,193.35112159415038,-11.601651836236897,13.535620802621175,-14.469066351605916,-8.600653970377506,11.4782096869515,15.198930353978952
pca,pca,eː,axis,195.7381724780288,-11.727233166923,13.38490780924348,-14.551334962032604,-8.762165056938937,11.339172261259312,15.084534050426148
pca,pca,eː,axis,198.1252233619072,-11.856461443080775,13.233195035783837,-14.66811983601921,-8.898824224302878,11.172193941601128,14.969586136127461
pca,pca,eː,axis,200.51227424578556,-11.989123111355681,13.080779624865691,-14.731447020870682,-9.067404007893066,10.976087946306137,14.878855960107328
pca,pca,eː,axis,202.89932512966396,-12.12500461839317,12.92795871911246,-14.823970123521265,-9.262303737105348,10.807408722848907,14.765999144660924
pca,pca,eː,axis,205.28637601354237,-12.26389241083865,12.77502946114759,-14.921262050107693,-9.432296972173361,10.631466460501382,14.593597927538216
pca,pca,eː,axis,207.67342689742077,-12.40557293533761,12.622288993594488,-15.050298327786434,-9.600478443165178,10.4565882466861,14.460040290813247
pca,pca,eː,axis,210.06047778129917,-12.549832638535449,12.470034459076608,-15.230272543563126,-9.695089364165206,10.247852985022993,14.349365771600587
pca,pca,eː,axis,212.44752866517757,-12.696457967077606,12.318563000217402,-15.345329025542732,-9.807976099051544,10.080806080547255,14.25274972265855
pca,pca,eː,axis,214.83457954905597,-12.845235367609554,12.16817175964026,-15.492197721523493,-9.871950314267758,9.893222513451832,14.155155345311906
pca,pca,eː,axis,217.22163043293438,-12.995951286776723,12.019157879968652,-15.645830665196765,-9.965273900811095,9.73642502278249,14.021076374194994
pca,pca,eː,axis,219.60868131681278,-13.148392171224543,11.871818503825992,-15.758573400083309,-10.101419078850762,9.585124493178036,13.921510158855847
pca,pca,eː,axis,221.99573220069118,-13.302344467598445,11.726450773835715,-15.953298058976703,-10.24905362285763,9.443905252895535,13.805994168992605
pca,pca,eː,axis,224.38278308456958,-13.457594622543908,11.58335183262124,-16.21018655799663,-10.409093476612147,9.311830849723016,13.68000089623704
pca,pca,eː,axis,226.76983396844798,-13.613929082706349,11.442818822806053,-16.40836925407668,-10.52777348491756,9.152944323237577,13.559236373864573
pca,pca,eː,axis,229.15688485232636,-13.771134294731212,11.305148887013516,-16.599334233645983,-10.704201191822252,9.009446694001001,13.462834722446194
pca,pca,eː,axis,231.54393573620476,-13.928997052870443,11.170638601214478,-16.730927008556527,-10.881762356289121,8.874331221834204,13.357025844099908
pca,pca,eː,axis,233.93098662008316,-14.087364938221356,11.039485449367199,-16.89514602759669,-11.059482036974142,8.728128360004611,13.236757221671887
pca,pca,eː,axis,236.31803750396156,-14.24621530685613,10.911675362036604,-17.03445158095472,-11.230966633294418,8.585492378514896,13.13239150438312
pca,pca,eː,axis,238.70508838783996,-14.405542202191,10.787167066821269,-17.209665907325796,-11.38665461084323,8.441926533183581,13.04238496550922
pca,pca,eː,axis,241.09213927171837,-14.565339667642178,10.665919291319767,-17.396524606215568,-11.561112712306219,8.299324475369684,12.941145709597011
pca,pca,eː,axis,243.47919015559677,-14.725601746625998,10.547890763130596,-17.583714266656116,-11.707604770459213,8.173564630235502,12.841929495775052
pca,pca,eː,axis,245.86624103947517,-14.886322482558597,10.433040209852393,-17.76790867138926,-11.864654666003927,8.061592248466306,12.748885892072028
pca,pca,eː,axis,248.25329192335357,-15.047495918856313,10.321326359083699,-17.939935346929143,-12.051151738829349,7.934285880706979,12.675478283047067
pca,pca,eː,axis,250.64034280723197,-15.20911609893534,10.212707938423037,-18.085362876029887,-12.245159145665335,7.798519422855242,12.574066315698778
pca,pca,eː,axis,253.02739369111038,-15.37117706621197,10.10714367546899,-18.240974734789997,-12.418054716111724,7.710516149029935,12.473126398418465
pca,pca,eː,axis,255.41444457498878,-15.533672864102442,10.004592297820125,-18.422433880818843,-12.60043780101564,7.64107471661662,12.373030469041236
pca,pca,eː,axis,257.8014954588672,-15.696597536022978,9.90501253307498,-18.62219734543146,-12.752352302223239,7.556450503226023,12.277595345967274
pca,pca,eː,axis,260.18854634274555,-15.859945125389828,9.80836310883214,-18.782401238695616,-12.914697610234422,7.487929455518563,12.15851180701055
pca,pca,eː,axis,262.575597226624,-16.0237096756193,9.714602752690126,-18.91321607379895,-13.079330346786207,7.410338511671275,12.042966187771306
pca,pca,eː,axis,264.96264811050236,-16.187885230127563,9.623690192247523,-19.07836037822279,-13.236389734305096,7.317572520191837,11.930596073947246
pca,pca,eː,axis,267.3496989943808,-16.35246583233092,9.53558415510291,-19.260401537178595,-13.37592586140147,7.246443838173963,11.819374926752902
pca,pca,eː,axis,269.73674987825916,-16.5174455256456,9.4502433688548,-19.43020411430453,-13.522483722411971,7.176988462876169,11.728693048728953
pca,pca,eː,axis,272.1238007621376,-16.682818353487875,9.367626561101801,-19.57460341913025,-13.671598920439187,7.100503099229701,11.685884057257226
pca,pca,eː,axis,274.51085164601596,-16.848578359273915,9.28769245944244,-19.758223342392125,-13.848797159485907,7.024396588210045,11.605275702222567
pca,pca,eː,axis,276.89790252989434,-17.014719586420057,9.210399791475297,-19.94393854085747,-14.036513030319481,6.927634504529951,11.519928495560945
pca,pca,eː,axis,279.28495341377277,-17.181236078342522,9.135707284798883,-20.129859120618224,-14.226454214176425,6.834517047929919,11.435352977706836
pca,pca,eː,axis,281.67200429765114,-17.34812187845756,9.06357366701181,-20.31598182165378,-14.418585388627749,6.7443257539104975,11.351536899631578
pca,pca,eː,axis,284.0590551815296,-17.515371030181427,8.993957665712628,-20.51323996111225,-14.614649506160603,6.681300732397974,11.268468012306483
pca,pca,eː,axis,286.44610606540795,-17.68297757693037,8.926818008499879,-20.713118573226385,-14.832259204254544,6.635138588266813,11.188082665821618
pca,pca,eː,axis,288.8331569492864,-17.85093556212061,8.862113422972158,-20.913040620992195,-14.992442049717344,6.572904476005712,11.11738114659269
pca,pca,eː,axis,291.22020783316475,-18.01923902916839,8.79980263672796,-21.11283776513375,-15.133225177970735,6.492462874477801,11.042965002775933
pca,pca,eː,axis,293.6072587170432,-18.187882021490026,8.739844377365912,-21.282870703984468,-15.28558815265101,6.422018642935577,10.971665172331987
pca,pca,eː,axis,295.99430960092155,-18.356858582501687,8.682197372484524,-21.50093138438592,-15.461335965968761,6.400186566951566,10.91058261388354
pca,pca,eː,axis,298.3813604848,-18.52616275561965,8.626820349682433,-21.629742978850203,-15.664350735457743,6.349633739497417,10.864433557786192
pca,pca,eː,axis,300.76841136867836,-18.695788584260242,8.573672036558037,-21.763353473830865,-15.872470628406393,6.287750274687798,10.802527407466748
pca,pca,eː,axis,303.1554622525568,-18.86573011183964,8.52271116071006,-21.91691170123898,-16.132516009565016,6.225678851233051,10.744238850401024
pca,pca,eː,axis,305.54251313643516,-19.035981381774036,8.473896449736998,-22.123181131050046,-16.376871249635233,6.166325838102693,10.691357967283126
pca,pca,eː,axis,307.92956402031353,-19.206536437479713,8.42718663123739,-22.32933407109263,-16.52992772779967,6.108732582759167,10.661758880995006
pca,pca,eː,axis,310.31661490419197,-19.377389322373034,8.382540432809861,-22.535372805479817,-16.680028333908265,6.076003624878187,10.632044423359032
pca,pca,eː,axis,312.70366578807034,-19.54853407987011,8.339916582052922,-22.71377969945093,-16.829967242422043,6.058291070534026,10.603895227813831
pca,pca,eː,axis,315.09071667194877,-19.719964753387245,8.299273806565111,-22.87455295967961,-17.012737036795865,6.043321235345755,10.573191112812639
pca,pca,eː,axis,317.47776755582714,-19.891675386340722,8.260570833945025,-23.04828308404498,-17.202161174109843,6.005825033223534,10.513673521630068
pca,pca,eː,axis,319.8648184397056,-20.063660022146706,8.223766391791202,-23.262177168713208,-17.366544562346633,5.9930386624852,10.417199441871672
pca,pca,eː,axis,322.25186932358395,-20.235912704221533,8.188819207702238,-23.463291598686865,-17.54577861650212,5.998881944012324,10.34535499858051
pca,pca,eː,axis,324.6389202074624,-20.408427475981398,8.155688009276588,-23.636798981317035,-17.75226620299566,5.9756803781310746,10.325239757153838
pca,pca,eː,axis,327.02597109134075,-20.581198380842494,8.124331524113018,-23.829433570386257,-17.926257909027463,5.950094419684286,10.291775982139724
pca,pca,eː,axis,329.4130219752192,-20.754219462221187,8.09470847980981,-24.03926112386708,-18.101135978025482,5.903130878346966,10.228318566418235
pca,pca,eː,axis,331.80007285909755,-20.92748476353367,8.066777603965846,-24.248431972512396,-18.27487771150665,5.898998675259774,10.184167502142733
pca,pca,eː,axis,334.187123742976,-21.10098832819625,8.040497624179324,-24.46100174399419,-18.436706178741566,5.8826695480619655,10.169466122559584
pca,pca,eː,axis,336.57417462685436,-21.27472419962507,8.015827268049065,-24.694084677730423,-18.563328113801095,5.871303649195289,10.143518745063316
pca,pca,eː,axis,338.96122551073273,-21.44868642123643,7.992725263173583,-24.8850768422978,-18.719004002347283,5.856940811111086,10.119675273375625
pca,pca,eː,axis,341.34827639461116,-21.62286903644656,7.971150337151386,-25.0966005216139,-18.89588289151834,5.832917118318542,10.096782261158815
pca,pca,eː,axis,343.73532727848954,-21.79726608867182,7.951061217581042,-25.307793856035683,-19.054982921405184,5.8066127547800646,10.088204772874574
pca,pca,eː,axis,346.12237816236797,-21.97187162132829,7.932416632061148,-25.606044630393054,-19.187253934838427,5.754066596513725,10.107849179476052
pca,pca,eː,axis,348.50942904624634,-22.14667967783231,7.915175308190243,-25.932497792215756,-19.34019617379872,5.746919123147912,10.116401576924904
pca,pca,eː,axis,350.89647993012477,-22.321684301600158,7.899295973566836,-26.20619002084386,-19.50621405978739,5.688287987877728,10.193986419891758
pca,pca,eː,axis,353.28353081400314,-22.49687953604797,7.884737355789582,-26.48447940534189,-19.65474768706351,5.619629342764936,10.24664164276718
pca,pca,eː,axis,355.6705816978816,-22.672259424592113,7.8714581824569905,-26.770633260710618,-19.799071372067793,5.569054126884397,10.301073573038877
pca,pca,eː,axis,358.05763258175995,-22.84781801064878,7.859417181167601,-27.062904742956384,-19.94862931635355,5.555924515375998,10.357224897565056
pca,pca,eː,axis,360.4446834656384,-23.02354933763428,7.848573079519923,-27.322438718549105,-20.108846111046077,5.503780820479263,10.410111640597261
pca,pca,eː,axis,362.83173434951675,-23.199447448964747,7.838884605112696,-27.630046640851514,-20.267437658432133,5.452005102661542,10.464965901327206
pca,pca,eː,axis,365.2187852333952,-23.375506388056493,7.830310485544345,-27.897410439201227,-20.384581979908234,5.371674894836985,10.464136244893245
pca,pca,eː,axis,367.60583611727355,-23.551720198325796,7.8228094484133806,-28.202938574921216,-20.52889445942967,5.26120538439276,10.467403390512663
pca,pca,eː,axis,369.9928870011519,-23.72808292318885,7.816340221318541,-28.531583275697525,-20.659727263778805,5.1898059904805915,10.510896268607016
pca,pca,eː,axis,372.37993788503036,-23.904588606061964,7.810861531858222,-28.861363484484635,-20.782676957636063,5.148617691807794,10.550689809678413
pca,pca,eː,axis,374.76698876890873,-24.08123129036133,7.80633210763105,-29.19223188844875,-20.874425565814917,5.128130570315332,10.616522293667192
pca,pca,eː,axis,377.15403965278716,-24.25800501950323,7.8027106762355345,-29.52414117475612,-20.974649260104357,5.074409363652173,10.624075244576405
pca,pca,eː,axis,379.54109053666554,-24.434903836903885,7.7999559652703,-29.857044030572915,-21.06623256449537,5.021318723034779,10.641280867420502
pca,pca,eː,axis,381.92814142054397,-24.61192178597966,7.798026702333885,-30.201317970317504,-21.176871823096786,4.968906644406298,10.679397416634291
pca,pca,eː,axis,384.31519230442234,-24.78905291014655,7.796881615024887,-30.55646332244289,-21.28392645515712,4.958109273657921,10.782402205031095
pca,pca,eː,axis,386.70224318830077,-24.966291252821037,7.796479430941758,-30.918580683803103,-21.363258151347765,4.9482574575695555,10.905930038795077
pca,pca,eː,axis,389.08929407217914,-25.14363085741934,7.796778877683153,-31.287608207985905,-21.438955810062655,4.939298665326769,11.041038306621335
pca,pca,eː,axis,391.4763449560576,-25.321065767357624,7.797738682847552,-31.655978169792455,-21.505907048030927,4.925472124192682,11.182757123527987
pca,pca,eː,axis,393.86339583993595,-25.498590026052113,7.7993175740336085,-31.940143849810074,-21.567860111287278,4.859880523278451,11.311574069956537
pca,pca,eː,axis,396.2504467238144,-25.676197676919173,7.801474278839805,-32.228710900482675,-21.602455525509477,4.787790315072859,11.414655543126093
pca,pca,eː,axis,398.63749760769275,-25.853882763374997,7.804167524864795,-32.55699411583079,-21.670532386974372,4.701900469609413,11.518637998071059
pca,pca,eː,axis,401.0245484915711,-26.031639328835865,7.807356039707031,-32.93235759629975,-21.769314913172902,4.611969583886927,11.593791672917801
pca,pca,eː,axis,403.41159937544955,-26.209461416717943,7.810998550965053,-33.32817876505054,-21.858659622854198,4.522136866480898,11.655594495713885
pca,pca,eː,axis,405.7986502593279,-26.387343070437566,7.81505378623757,-33.72902967728273,-21.920313548437285,4.432393392998974,11.71793271965407
pca,pca,eː,axis,408.18570114320636,-26.5652783334109,7.819480473123065,-34.10864842500854,-21.957728479861142,4.342085582980424,11.780752804624074
pca,pca,eː,axis,410.57275202708473,-26.743261249054285,7.824237339220076,-34.42410956933982,-22.03014042578618,4.261988320545643,11.844001210509381
pca,pca,eː,axis,412.95980291096316,-26.921285860783996,7.8292831121270865,-34.74017924852525,-22.132814010742276,4.20444369340741,11.910064161725868
pca,pca,eː,axis,415.34685379484154,-27.099346212016087,7.834576519442805,-35.059848000209556,-22.207162081389814,4.131946101592706,11.985211069788372
pca,pca,eː,axis,417.73390467871997,-27.277436346166894,7.840076288765772,-35.379699286649895,-22.28534513903176,4.039461925014712,12.062509459382547
pca,pca,eː,axis,420.12095556259834,-27.455550306652924,7.845741147694355,-35.69969660089507,-22.36184355755366,3.93638495296011,12.148645530624304
pca,pca,eː,axis,422.50800644647677,-27.633682136890116,7.851529823827207,-36.019803435993865,-22.42778382276406,3.833329851250103,12.23595302932202
pca,pca,eː,axis,424.89505733035514,-27.81182588029469,7.8574010447632645,-36.36997893642323,-22.482782735575586,3.7325282404522087,12.323371641368785
pca,pca,eː,axis,427.2821082142336,-27.989975580283158,7.863313538100556,-36.737623760586494,-22.50777558456249,3.6497393482640144,12.435336542742414
pca,pca,yː,axis,0.0,-17.471569158996644,12.336216758507048,-26.46709789624175,-5.941583790484291,7.559767980396251,18.840780139683172
pca,pca,yː,axis,2.3870508838783997,-17.0714772708471,12.545410802514796,-25.757837098625295,-5.940402768459062,7.899867869555024,18.833451405471436
pca,pca,yː,axis,4.774101767756799,-16.67170620507579,12.754522021736465,-25.049139808898392,-5.939168235881142,8.239811760439654,18.880781700385004
pca,pca,yː,axis,7.161152651635199,-16.272576784060952,12.963467591385967,-24.341569534950597,-5.937826682197834,8.579443654775996,18.936565390343567
pca,pca,yː,axis,9.548203535513599,-15.874409830180813,13.172164686677224,-23.635689784671467,-5.936324596856446,8.918607554289911,18.933434601246656
pca,pca,yː,axis,11.935254419391999,-15.477526165813611,13.380530482824154,-22.933732068235937,-5.930252586679501,9.319721200192305,18.88922826009368
pca,pca,yː,axis,14.322305303270397,-15.082246613337581,13.588482155040673,-22.23939409797197,-5.922904710422834,9.644612019129692,18.836471139166328
pca,pca,yː,axis,16.7093561871488,-14.688891995130959,13.7959368785407,-21.552976289566434,-5.902650884549828,9.997049021663289,18.80441696044933
pca,pca,yː,axis,19.096407071027198,-14.297783133571977,14.002811828538153,-20.879169350322158,-5.8743057354765424,10.3604252591705,18.81918796576955
pca,pca,yː,axis,21.483457954905596,-13.90924085103887,14.209024180246951,-20.21889395387684,-5.901712810875523,10.692249971952698,18.79138229472921
pca,pca,yː,axis,23.870508838783998,-13.523585969909867,14.41449110888101,-19.52240274133801,-5.893037365025858,11.032038916737939,18.79885644312028
pca,pca,yː,axis,26.257559722662396,-13.141139312563212,14.61912978965425,-18.84396784560876,-5.806323584650675,11.378377422222592,18.80907761261802
pca,pca,yː,axis,28.644610606540795,-12.76222170137713,14.822857397780588,-18.246611997060345,-5.71294631767499,11.689468371435325,18.8195501568733
pca,pca,yː,axis,31.031661490419197,-12.387153958729863,15.025591108473945,-17.66912508455758,-5.722790252335519,12.00179448158785,18.79205938817656
pca,pca,yː,axis,33.4187123742976,-12.016256906999642,15.227248096948232,-16.9931558859384,-5.779727193641046,12.304146002087997,18.80615985227867
pca,pca,yː,axis,35.80576325817599,-11.6498513685647,15.427745538417373,-16.350595927794842,-5.673631168093674,12.642591134633602,18.834268259042297
pca,pca,yː,axis,38.192814142054395,-11.288258165803274,15.627000608095285,-15.915301423541662,-5.563636616062044,12.959025789170209,18.86723520004395
pca,pca,yː,axis,40.5798650259328,-10.931798121093593,15.824930481195883,-15.549197905011738,-5.366530247770156,13.271373566581971,18.912558838171414
pca,pca,yː,axis,42.96691590981119,-10.5807920568139,16.02145233293309,-14.988579431676074,-5.28582799231714,13.550217977591148,18.984158613424967
pca,pca,yː,axis,45.353966793689594,-10.235560795342423,16.21648333852082,-14.534854017431504,-5.2512326166223335,13.829105994775944,19.04551495279473
pca,pca,yː,axis,47.741017677567996,-9.896425159057396,16.409940673172994,-14.112777490224676,-5.204324177898875,14.072240843739237,19.135725908521906
pca,pca,yː,axis,50.12806856144639,-9.563705970337057,16.601741512103526,-13.672238884555988,-5.093023508319382,14.366179531053458,19.181339468831254
pca,pca,yː,axis,52.51511944532479,-9.237724051559638,16.79180303052634,-13.25390190246427,-4.908290501059397,14.581180606436082,19.227133353061916
pca,pca,yː,axis,54.902170329203194,-8.918800225103373,16.980042403655343,-12.853754003072309,-4.611197861872271,14.790814009604063,19.27481609752514
pca,pca,yː,axis,57.28922121308159,-8.6072553133465,17.166376806704466,-12.403180058696258,-4.375442407377451,15.01202877897663,19.386074503875676
pca,pca,yː,axis,59.67627209695999,-8.303410138667246,17.350723414887618,-11.944569618962333,-4.267527268997643,15.188082610073451,19.460013916725657
pca,pca,yː,axis,62.06332298083839,-8.00758552344385,17.532999403418724,-11.580530292309305,-3.8185216969815747,15.388730976084942,19.518256580040152
pca,pca,yː,axis,64.4503738647168,-7.720102290054548,17.713121947511702,-11.28111370486182,-3.4129347888898236,15.560778047518108,19.635549348610585
pca,pca,yː,axis,66.8374247485952,-7.441281260877574,17.89100822238046,-11.057709618003697,-3.2040751882927907,15.732123188974501,19.829637658178267
pca,pca,yː,axis,69.22447563247358,-7.171443258291159,18.066575403238925,-10.84806306703134,-2.934762676948197,15.902740403047577,19.98672184043597
pca,pca,yː,axis,71.61152651635199,-6.910909104673536,18.23974066530101,-10.63067342397,-2.555200395818801,16.072603692330787,20.13983625855575
pca,pca,yː,axis,73.99857740023039,-6.659999622402946,18.410421183780638,-10.543140233985223,-2.1458081408427763,16.241687059417583,20.32625344513638
pca,pca,yː,axis,76.38562828410879,-6.419035633857618,18.578534133891726,-10.404194478499225,-1.7207721977287427,16.409964506901417,20.515736843922014
pca,pca,yː,axis,78.77267916798719,-6.188337961415787,18.74399669084819,-10.241785741914013,-1.3387453107694194,16.61420039945247,20.683966271112766
pca,pca,yː,axis,81.1597300518656,-5.968227427455689,18.906726029863943,-10.054300040122436,-0.9799178816199875,16.811906542809115,20.89024941143527
pca,pca,yː,axis,83.546780935744,-5.759024854355557,19.066639326152917,-9.875764294084176,-0.644656525501683,16.964890517185378,21.071904148744437
pca,pca,yː,axis,85.93383181962238,-5.561001934219364,19.223663782991643,-9.666008715675122,-0.41024517808328376,17.137346126479777,21.225896903200802
pca,pca,yː,axis,88.32088270350079,-5.37409586076082,19.377794878683808,-9.52883655884151,-0.20767699033356288,17.245139552456777,21.37950615891213
pca,pca,yː,axis,90.70793358737919,-5.19810440923275,19.529056548468816,-9.356922934289173,-0.04155354744573779,17.342674712667005,21.51884874620346
pca,pca,yː,axis,93.09498447125759,-5.032824893416787,19.67747282177773,-9.302874561019754,0.09763972494749007,17.485886557138322,21.68980701787129
pca,pca,yː,axis,95.48203535513599,-4.878054627094549,19.823067728041636,-9.20637237465766,0.34346248398942886,17.62874263211192,21.82107221265921
pca,pca,yː,axis,97.8690862390144,-4.733590924047675,19.965865296691597,-9.095054883124028,0.5993094593022553,17.76473932427704,22.009718897576942
pca,pca,yː,axis,100.25613712289278,-4.599231098057771,20.10588955715869,-9.006658608188046,0.8583267582600627,17.91137008060062,22.192505929431036
pca,pca,yː,axis,102.64318800677118,-4.4747724629064685,20.243164538873984,-8.966575781040245,1.0611416551562034,18.020923836715088,22.336337806079428
pca,pca,yː,axis,105.03023889064958,-4.360012332375398,20.37771427126855,-8.924625718102762,1.1409554215935491,18.082660111701866,22.463469897602923
pca,pca,yː,axis,107.41728977452799,-4.254748020246186,20.509562783773468,-8.878373760059327,1.2596427312050307,18.170714308431954,22.602622641155865
pca,pca,yː,axis,109.80434065840639,-4.1587768403004475,20.638734105819804,-8.862960723373668,1.3641442434292816,18.27656724958513,22.73613466696267
pca,pca,yː,axis,112.19139154228479,-4.071896106319812,20.76525226683863,-8.861976904277387,1.444175902370953,18.406655052092933,22.864747412422442
pca,pca,yː,axis,114.57844242616318,-3.993903132085908,20.889141296261016,-8.853525653601443,1.4818429752884255,18.53077022999825,23.00008963679579
pca,pca,yː,axis,116.96549331004158,-3.924595231380355,21.01042522351804,-8.838490146701552,1.5240091836518486,18.650556250153482,23.125548054347494
pca,pca,yː,axis,119.35254419391998,-3.8637697179847805,21.12912807804077,-8.776135568811995,1.5480572230987726,18.772411783113622,23.257436159990245
pca,pca,yː,axis,121.73959507779838,-3.8112239056808086,21.24527388926028,-8.73059769000981,1.5727016724604024,18.884286090713005,23.37540907251375
pca,pca,yː,axis,124.12664596167679,-3.7667551082500665,21.35888668660764,-8.705564722357135,1.5438955916542352,18.99264684733295,23.47025976074561
pca,pca,yː,axis,126.51369684555519,-3.730160639474171,21.469990499513923,-8.703541036709728,1.5167343189683042,19.100736711799932,23.559854041025126
pca,pca,yː,axis,128.9007477294336,-3.7012378131347603,21.5786093574102,-8.683991543185078,1.4804319439253895,19.228704015383467,23.649914787608747
pca,pca,yː,axis,131.287798613312,-3.679783943013451,21.68476728972755,-8.604944207996917,1.42727635283889,19.359559541364558,23.73852430725427
pca,pca,yː,axis,133.6748494971904,-3.6655963428918703,21.788488325897035,-8.52214123883865,1.3814076445338639,19.48927789406657,23.826826170488335
pca,pca,yː,axis,136.0619003810688,-3.6584723265516423,21.889796495349735,-8.510118230331821,1.3094331747460841,19.608570657869755,23.901207161055805
pca,pca,yː,axis,138.44895126494717,-3.6582092077743873,21.988715827516717,-8.510081181694721,1.1967894648220867,19.721598769805563,23.996645426559148
pca,pca,yː,axis,140.83600214882557,-3.6646043003417432,22.085270351829056,-8.448086708589953,1.0731413646992585,19.85441904776183,24.06357384198506
pca,pca,yː,axis,143.22305303270397,-3.6774549180353198,22.179484097717825,-8.387719600622528,0.989576169391926,19.96967536723624,24.15688272526143
pca,pca,yː,axis,145.61010391658237,-3.696558374636755,22.27138109461409,-8.330103998721931,0.9131526260735964,20.08378442752043,24.228718252603482
pca,pca,yː,axis,147.99715480046078,-3.7217119839276585,22.360985371948928,-8.3105166093086,0.8616356206493103,20.16451029843146,24.297782313773528
pca,pca,yː,axis,150.38420568433918,-3.752713059689672,22.448320959153413,-8.292289592416898,0.7998567666452353,20.245189769355097,24.362260336026615
pca,pca,yː,axis,152.77125656821758,-3.789358915704412,22.533411885658616,-8.276568276196452,0.7392357959310087,20.355515303864472,24.426549764510526
pca,pca,yː,axis,155.15830745209598,-3.8314468657535024,22.616282180895602,-8.200855560978049,0.605420134572146,20.479694836020066,24.49502968423601
pca,pca,yː,axis,157.54535833597438,-3.878774223618567,22.69695587429546,-8.116300129334178,0.5538223104050151,20.575388771804302,24.5594598668615
pca,pca,yː,axis,159.9324092198528,-3.931138303081248,22.77545699528924,-8.032045071122509,0.4571213644654749,20.68079338979101,24.627580798713502
pca,pca,yː,axis,162.3194601037312,-3.9883364179231435,22.851809573308028,-8.084035434454368,0.35076476528768247,20.80025281654109,24.703437909917646
pca,pca,yː,axis,164.7065109876096,-4.050165881925892,22.926037637782894,-8.208852776635585,0.3144283172156461,20.922535249053308,24.792692650602458
pca,pca,yː,axis,167.093561871488,-4.116424008871125,22.998165218144912,-8.332343787460063,0.18227394685462264,21.029143374840366,24.839063432171688
pca,pca,yː,axis,169.48061275536637,-4.186908112540451,23.06821634382515,-8.462249303764752,0.08564451303845244,21.130991711331788,24.916820712393537
pca,pca,yː,axis,171.86766363924477,-4.261415506715501,23.13621504425468,-8.52324210152195,-0.011675370104770943,21.243928004626774,24.96575915960259
pca,pca,yː,axis,174.25471452312317,-4.339743505177907,23.202185348864575,-8.695239319373108,-0.11638600090122614,21.32116037903197,25.02644235396987
pca,pca,yː,axis,176.64176540700157,-4.421689421709303,23.26615128708591,-8.867745507123988,-0.22051256069489436,21.38486534689271,25.099252823688737
pca,pca,yː,axis,179.02881629087997,-4.5070505700912875,23.328136888349754,-8.926640927356623,-0.3500037223169494,21.44104511708649,25.19469635400179
pca,pca,yː,axis,181.41586717475838,-4.59562426410551,23.38816618208718,-8.987656504926738,-0.42395553412539383,21.49480668348437,25.249969931730387
pca,pca,yː,axis,183.80291805863678,-4.687207817533562,23.446263197729266,-8.998273276014162,-0.5098497405282059,21.57451069395694,25.292214243692488
pca,pca,yː,axis,186.18996894251518,-4.781598544157113,23.502451964707067,-9.026775590561348,-0.5534768824209142,21.660933924946846,25.315000130835728
pca,pca,yː,axis,188.57701982639358,-4.8785937577577485,23.556756512451674,-9.10132050593212,-0.6127196398382565,21.704588949708544,25.330969415588584
pca,pca,yː,axis,190.96407071027198,-4.977990772117117,23.60920087039415,-9.177932572630015,-0.6349796739457092,21.740041258560446,25.34805227485353
pca,pca,yː,axis,193.35112159415038,-5.079586901016846,23.659809067965572,-9.273569802195196,-0.7340723081322006,21.8049690537805,25.373303491800904
pca,pca,yː,axis,195.7381724780288,-5.183179458238541,23.708605134597,-9.358565025020953,-0.8179355889281108,21.8140397706394,25.420616081522134
pca,pca,yː,axis,198.1252233619072,-5.288565757563838,23.755613099719522,-9.396714863795864,-0.9067395501602793,21.855556782907232,25.467755765562206
pca,pca,yː,axis,200.51227424578556,-5.395543112774369,23.800856992764203,-9.481144302043317,-1.0174099624537103,21.897183864442084,25.544616102191075
pca,pca,yː,axis,202.89932512966396,-5.503908837651743,23.844360843162114,-9.597495170249342,-1.105946893121336,21.925522702153113,25.587975011695
pca,pca,yː,axis,205.28637601354237,-5.613460245977599,23.88614868034433,-9.706318604501021,-1.2623948449727278,21.95390222495744,25.638469416085677
pca,pca,yː,axis,207.67342689742077,-5.723994651533559,23.926244533741915,-9.852219958079345,-1.2800861159065928,21.963853269622856,25.701508130088612
pca,pca,yː,axis,210.06047778129917,-5.835309368101228,23.964672432785953,-10.026862302466647,-1.3150720698677396,21.998591611456604,25.753904102236973
pca,pca,yː,axis,212.44752866517757,-5.947201709462263,24.001456406907515,-10.172216566363584,-1.2987680321122683,22.006551717071716,25.813932758121428
pca,pca,yː,axis,214.83457954905597,-6.059468989398276,24.03662048553766,-10.321497572266086,-1.3153358161414892,22.05004880736818,25.84428801391006
pca,pca,yː,axis,217.22163043293438,-6.171908521690881,24.070188698107472,-10.499416854873605,-1.3990824243123339,22.101870681402254,25.948975739942746
pca,pca,yː,axis,219.60868131681278,-6.284317620121726,24.102185074048016,-10.711223735193952,-1.5551665465787399,22.120050477748457,25.997451208273382
pca,pca,yː,axis,221.99573220069118,-6.3964935984723965,24.13263364279038,-10.80326008830032,-1.631972475764324,22.133443317444797,26.039762441347868
pca,pca,yː,axis,224.38278308456958,-6.508233770524576,24.161558433765613,-10.893919957428302,-1.7261642294437614,22.132556062898793,26.080646848499637
pca,pca,yː,axis,226.76983396844798,-6.619335450059822,24.1889834764048,-10.98304450447749,-1.8229897479423014,22.1135573442181,26.117735192557515
pca,pca,yː,axis,229.15688485232636,-6.729595950859817,24.214932800139014,-11.12028497770527,-1.8730787650060547,22.109037464989076,26.153072778353785
pca,pca,yː,axis,231.54393573620476,-6.838812586706162,24.239430434399324,-11.253815517403675,-1.9522189252048412,22.106490060062807,26.202639873445175
pca,pca,yː,axis,233.93098662008316,-6.946782685999139,24.26250040817272,-11.389503566010907,-2.020099439343053,22.118915378130552,26.248812456168917
pca,pca,yː,axis,236.31803750396156,-7.053348964432516,24.28416537168366,-11.58037376075195,-2.095197851432133,22.130447980689905,26.27191782488165
pca,pca,yː,axis,238.70508838783996,-7.158499907741884,24.304443546994936,-11.69986323048521,-2.1775080365354014,22.141045617252317,26.297331530515674
pca,pca,yː,axis,241.09213927171837,-7.262253207616311,24.323352268959052,-11.810728130750416,-2.267012259933831,22.151446465432638,26.33955742956324
pca,pca,yː,axis,243.47919015559677,-7.36462655574482,24.340908872428503,-11.889696128608312,-2.3636194578515344,22.161653016223053,26.379384099276084
pca,pca,yː,axis,245.86624103947517,-7.465637643816521,24.35713069225578,-12.01194022190504,-2.4480706936029906,22.177372643018657,26.41538591712988
pca,pca,yː,axis,248.25329192335357,-7.565304163520409,24.372035063293385,-12.140298072309111,-2.5291002826541846,22.19916918666638,26.441524712073186
pca,pca,yː,axis,250.64034280723197,-7.663643806545537,24.3856393203938,-12.262402401629824,-2.6120048350412124,22.209215786076708,26.45897215640786
pca,pca,yː,axis,253.02739369111038,-7.7606742645809845,24.397960798409542,-12.37723946327775,-2.698296105614532,22.21703212633182,26.473612714891743
pca,pca,yː,axis,255.41444457498878,-7.8564132293158195,24.409016832193082,-12.484907463572913,-2.7879283279121974,22.21891710712588,26.485484318414713
pca,pca,yː,axis,257.8014954588672,-7.950878392439009,24.41882475659694,-12.585504608835082,-2.8970332093141016,22.233875058341365,26.500285914204404
pca,pca,yː,axis,260.18854634274555,-8.044087445639676,24.427401906473598,-12.681283921349463,-3.018285861657676,22.24710300873056,26.522739905105556
pca,pca,yː,axis,262.575597226624,-8.13605808060683,24.434765616675556,-12.790668587471364,-3.138467289309168,22.26100961125192,26.54155700036731
pca,pca,yː,axis,264.96264811050236,-8.22680798902958,24.440933222055307,-12.875097013920007,-3.244003205942566,22.2520630184491,26.55678915564167
pca,pca,yː,axis,267.3496989943808,-8.31635486259691,24.445922057465346,-12.945978181210688,-3.335754916661733,22.241136941443948,26.56638193436085
pca,pca,yː,axis,269.73674987825916,-8.404716392997884,24.449749457758173,-13.021377814987927,-3.4345938736323522,22.231368645106798,26.563892145047443
pca,pca,yː,axis,272.1238007621376,-8.491910271921597,24.452432757786276,-13.10765019703581,-3.534215549269242,22.222740849129128,26.551937078127995
pca,pca,yː,axis,274.51085164601596,-8.577954191057032,24.45398929240217,-13.20088217044505,-3.635374833990838,22.215236273202503,26.528507716323233
pca,pca,yː,axis,276.89790252989434,-8.662865842093254,24.454436396458327,-13.288320800607028,-3.7766768703817943,22.208837637018416,26.505275673705267
pca,pca,yː,axis,279.28495341377277,-8.746662916719387,24.453791404807248,-13.333453079921446,-3.9279646461139572,22.20352766026841,26.49813487085886
pca,pca,yː,axis,281.67200429765114,-8.82936310662437,24.45207165230144,-13.374966344517311,-4.081898219116466,22.20819751532129,26.508166618425072
pca,pca,yː,axis,284.0590551815296,-8.910984103497341,24.449294473793394,-13.456621021637092,-4.262381655410672,22.216921884017946,26.50897341978634
pca,pca,yː,axis,286.44610606540795,-8.991543599027324,24.4454772041356,-13.556597604218867,-4.412574183262999,22.226877564178217,26.501674049692618
pca,pca,yː,axis,288.8331569492864,-9.071059284903342,24.440637178180552,-13.598224066426637,-4.548874467834081,22.23804403394437,26.467075732505428
pca,pca,yː,axis,291.22020783316475,-9.149548852814448,24.43479173078076,-13.629809905575856,-4.693718388209202,22.250400771458697,26.453696538433267
pca,pca,yː,axis,293.6072587170432,-9.227029994449751,24.4279581967887,-13.657909132866873,-4.837190929226689,22.26295341230195,26.443211468433276
pca,pca,yː,axis,295.99430960092155,-9.303520401498233,24.4201539110569,-13.696299496696328,-4.982999624424298,22.276474463739707,26.423775867933994
pca,pca,yː,axis,298.3813604848,-9.379037765648945,24.411396208437814,-13.741816342247024,-5.109866338343469,22.29112082122237,26.397063249680514
pca,pca,yː,axis,300.76841136867836,-9.453599778591027,24.40170242378396,-13.783499146898201,-5.237149836615284,22.285015229528145,26.385197249805888
pca,pca,yː,axis,303.1554622525568,-9.527224132013401,24.39108989194785,-13.803210746560577,-5.3625226088464855,22.278074509573276,26.356504651942835
pca,pca,yː,axis,305.54251313643516,-9.599928517605207,24.379575947781937,-13.811070689796855,-5.469135745292327,22.27104242164591,26.321956550145796
pca,pca,yː,axis,307.92956402031353,-9.671730627055439,24.367177926138766,-13.814530024507848,-5.5758094827533435,22.263630436645386,26.28016610318735
pca,pca,yː,axis,310.31661490419197,-9.742648152053192,24.353913161870793,-13.81824328451426,-5.680124361011328,22.254866692392472,26.2339172338799
pca,pca,yː,axis,312.70366578807034,-9.81269878428752,24.339798989830534,-13.921296681273976,-5.756907187669948,22.264664066730155,26.188551716640568
pca,pca,yː,axis,315.09071667194877,-9.881900215447416,24.32485274487047,-13.9488697692873,-5.88829173997927,22.304527300720395,26.14095442352244
pca,pca,yː,axis,317.47776755582714,-9.950270137221963,24.30909176184312,-14.004755495761641,-6.017236601598434,22.31912500788915,26.09859542694093
pca,pca,yː,axis,319.8648184397056,-10.017826241300241,24.292533375600954,-14.056437630528457,-6.081067125400736,22.311635601572174,26.08245746653843
pca,pca,yː,axis,322.25186932358395,-10.084586219371289,24.27519492099649,-14.083974092524135,-6.125154728933114,22.33197866258231,26.044588305582142
pca,pca,yː,axis,324.6389202074624,-10.150567763124116,24.257093732882204,-14.073421380016919,-6.225353784320203,22.358735382021578,25.996912799727333
pca,pca,yː,axis,327.02597109134075,-10.21578856424776,24.238247146110623,-14.130590900961936,-6.306445604719634,22.38586682594156,25.990288550677672
pca,pca,yː,axis,329.4130219752192,-10.280266314431401,24.218672495534193,-14.217557906655903,-6.410428662392681,22.41306558101823,25.960937954988275
pca,pca,yː,axis,331.80007285909755,-10.344018705363908,24.198387116005456,-14.20361496907125,-6.51500952274963,22.432197156924254,25.95739663643464
pca,pca,yː,axis,334.187123742976,-10.407063428734489,24.17740834237687,-14.230022467752395,-6.660258761382571,22.44320490131871,25.929246695341106
pca,pca,yː,axis,336.57417462685436,-10.469418176232068,24.155753509500975,-14.267052896293558,-6.800006015143422,22.427045511676287,25.917599402250037
pca,pca,yː,axis,338.96122551073273,-10.531100639545713,24.133439952230233,-14.371310395169827,-6.935492441084668,22.390221505295628,25.90228606693269
pca,pca,yː,axis,341.34827639461116,-10.592128510364603,24.11048500541714,-14.496960518319938,-7.0295898972157005,22.374761752261787,25.87467340953834
pca,pca,yː,axis,343.73532727848954,-10.652519480377634,24.08690600391421,-14.70053145250831,-7.140687162424409,22.37521617443328,25.823704911401027
pca,pca,yː,axis,346.12237816236797,-10.712291241273931,24.062720282573927,-14.782947237411646,-7.297390692879961,22.39420205043774,25.80729423001822
pca,pca,yː,axis,348.50942904624634,-10.771461484742531,24.03794517624879,-14.835386315436931,-7.383981005347263,22.38327178125274,25.788851259657154
pca,pca,yː,axis,350.89647993012477,-10.830047902472472,24.012598019791284,-14.943015360748449,-7.470030720421846,22.392470357810616,25.74812111056693
pca,pca,yː,axis,353.28353081400314,-10.888068186152822,23.98669614805393,-14.991043294084307,-7.469139614306508,22.403514316691954,25.706146536093296
pca,pca,yː,axis,355.6705816978816,-10.945540027472674,23.960256895889195,-15.046594698720984,-7.530112015864997,22.38347570538042,25.684158214597595
pca,pca,yː,axis,358.05763258175995,-11.002481118120954,23.9332975981496,-15.198078335049118,-7.635918595321103,22.350182790096866,25.686657633562575
pca,pca,yː,axis,360.4446834656384,-11.058909149786814,23.90583558968762,-15.39024851018359,-7.732660953459685,22.348131316748727,25.664413361479266
pca,pca,yː,axis,362.83173434951675,-11.114841814159291,23.87788820535576,-15.529744453810952,-7.810665654090778,22.3342803810283,25.64144486139348
pca,pca,yː,axis,365.2187852333952,-11.170296802927425,23.849472780006515,-15.669635221848809,-7.929548852005454,22.29426095767095,25.617777998591016
pca,pca,yː,axis,367.60583611727355,-11.225291807780252,23.820606648492387,-15.891367544032597,-8.002331153555685,22.208728358756368,25.59569890496859
pca,pca,yː,axis,369.9928870011519,-11.279844520406812,23.79130714566586,-16.19382752761181,-8.012305739198029,22.14593876306798,25.593152888835167
pca,pca,yː,axis,372.37993788503036,-11.333972632496199,23.761591606379426,-16.360989039762167,-8.059229085897599,22.09106911527426,25.598724456300083
pca,pca,yː,axis,374.76698876890873,-11.387693835737451,23.731477365485603,-16.488376270059486,-8.009533740333271,22.00621710280228,25.610251575538683
pca,pca,yː,axis,377.15403965278716,-11.441025821819522,23.700981757836878,-16.699503264166623,-8.017889857867239,21.918893017307774,25.634480270180998
pca,pca,yː,axis,379.54109053666554,-11.49398628243165,23.670122118285732,-16.870096669395444,-8.038028680426324,21.852392431396396,25.648212471460855
pca,pca,yː,axis,381.92814142054397,-11.5465929092627,23.638915781684673,-17.040471549056438,-8.09197961267902,21.811434841321883,25.64562322843688
pca,pca,yː,axis,384.31519230442234,-11.598863394001796,23.607380082886202,-17.210638829427708,-8.101415029247853,21.768608591922526,25.713141850290093
pca,pca,yː,axis,386.70224318830077,-11.650815428338035,23.575532356742812,-17.380609436787942,-8.049178583925443,21.697882890694768,25.774471128239924
pca,pca,yː,axis,389.08929407217914,-11.702466703960482,23.54338993810697,-17.550394297415583,-7.964758784311404,21.606611759208416,25.814994582128673
pca,pca,yː,axis,391.4763449560576,-11.753834912558034,23.51097016183121,-17.720004337588694,-7.959293388839069,21.51401770817661,25.85147880770438
pca,pca,yː,axis,393.86339583993595,-11.804937745819842,23.478290362768035,-17.889450483585893,-7.929215286169948,21.427747984082902,25.900531505083446
pca,pca,yː,axis,396.2504467238144,-11.855792895435002,23.44536787576989,-18.097274240629936,-7.817868433139313,21.32753111475502,25.93925338075349
pca,pca,yː,axis,398.63749760769275,-11.906418053092523,23.412220035689295,-18.317607392499674,-7.724569710110528,21.238436451511323,25.95472946411727
pca,pca,yː,axis,401.0245484915711,-11.956830910481358,23.37886417737878,-18.549314464599902,-7.690493306961832,21.148130449129553,25.94958337529256
pca,pca,yː,axis,403.41159937544955,-12.007049159290716,23.345317635690797,-18.795358848043342,-7.641148638811656,21.064775362081637,25.96072657403766
pca,pca,yː,axis,405.7986502593279,-12.05709049120955,23.31159774547786,-19.041795318516396,-7.555930460052964,20.982565955945137,25.973046071888515
pca,pca,yː,axis,408.18570114320636,-12.106972597926898,23.277721841592474,-19.28858466731615,-7.406871075971708,20.920822861746064,25.98521716545159
pca,pca,yː,axis,410.57275202708473,-12.156713171131855,23.24370725888712,-19.535687685739653,-7.271518556794558,20.831131254868566,25.997956298503283
pca,pca,yː,axis,412.95980291096316,-12.20632990251363,23.209571332214253,-19.785014017489875,-7.2130268287432555,20.739200772432397,26.018741976841916
pca,pca,yː,axis,415.34685379484154,-12.255840483761006,23.175331396426422,-20.037213761492744,-7.15687004368616,20.64702373591756,26.046755792124028
pca,pca,yː,axis,417.73390467871997,-12.30526260656302,23.141004786376158,-20.28962413976681,-7.035976813764246,20.54557881744547,26.09957959449547
pca,pca,yː,axis,420.12095556259834,-12.354613962608937,23.106608836915882,-20.558699804561485,-6.894244294591371,20.417173021189896,26.165962324515316
pca,pca,yː,axis,422.50800644647677,-12.40391224358774,23.072160882898103,-20.874692047886377,-6.73264006993818,20.274030536088546,26.207512385661218
pca,pca,yː,axis,424.89505733035514,-12.453175141188296,23.037678259175387,-21.190839551699586,-6.634646184316802,20.13076095343553,26.25327626777749
pca,pca,yː,axis,427.2821082142336,-12.502420347099957,23.003178300600098,-21.507064685756905,-6.54772416510349,19.987427822006765,26.310699550972558
pca,pca,ʉ̟ː,axis,0.0,-1.9400362573374514,5.704906653819441,-14.611998087246771,9.42378803354067,-1.2303891248570928,13.829893504840767
pca,pca,ʉ̟ː,axis,2.3870508838783997,-1.947621377765274,5.951217118131052,-14.240412586237396,8.965793452626313,-0.7389903323840883,13.781498041411096
pca,pca,ʉ̟ː,axis,4.774101767756799,-1.9550705942557032,6.197359506247,-13.83445069769914,8.508357056505476,-0.25526502482935404,13.773299323555598
pca,pca,ʉ̟ː,axis,7.161152651635199,-1.9622480028713463,6.443165741971619,-13.428942907515038,8.089101441897618,0.2274475910090941,13.749323080644082
pca,pca,ʉ̟ː,axis,9.548203535513599,-1.9690176996748097,6.688467749109244,-13.028234255863463,7.77118834825337,0.7111210862957756,13.688630888226214
pca,pca,ʉ̟ː,axis,11.935254419391999,-1.9752437807287004,6.933097451464211,-12.60757294015586,7.462776053419692,1.1829111686111327,13.62946688857621
pca,pca,ʉ̟ː,axis,14.322305303270397,-1.9807903420956254,7.176886772840854,-12.121074272568794,7.157788740825176,1.6530461331831867,13.57912990124358
pca,pca,ʉ̟ː,axis,16.7093561871488,-1.9855214798381915,7.419667637043512,-11.620854066754816,6.895911640513704,2.11899180959312,13.5438223791147
pca,pca,ʉ̟ː,axis,19.096407071027198,-1.989301290019005,7.661271967876518,-11.142393162090134,6.60126297744341,2.5507328692640634,13.585578730870617
pca,pca,ʉ̟ː,axis,21.483457954905596,-1.9919938687006735,7.901531689144207,-10.727620182411966,6.309564542388479,3.0108362404353954,13.612756451337336
pca,pca,ʉ̟ː,axis,23.870508838783998,-1.9934633119458034,8.140278724650916,-10.320196932174238,6.0293773033343765,3.4725126692014547,13.603870357056072
pca,pca,ʉ̟ː,axis,26.257559722662396,-1.9935737158170017,8.377344998200979,-9.964763992579314,5.649391661946898,3.8405439794444587,13.526133147182485
pca,pca,ʉ̟ː,axis,28.644610606540795,-1.992189176376875,8.612562433598733,-9.597131555926019,5.291709183808669,4.152387535279617,13.498407213471422
pca,pca,ʉ̟ː,axis,31.031661490419197,-1.9891737896880304,8.84576295464851,-9.211692867941087,5.0463654586283795,4.525951363813666,13.439371295057478
pca,pca,ʉ̟ː,axis,33.4187123742976,-1.9843916518130746,9.076778485154652,-8.917089688946374,4.811919836866524,4.940484611432452,13.475853057449454
pca,pca,ʉ̟ː,axis,35.80576325817599,-1.9777068588146143,9.305440948921488,-8.538483686908702,4.52765824658993,5.376670851664143,13.43220140237061
pca,pca,ʉ̟ː,axis,38.192814142054395,-1.9689835067552566,9.531582269753358,-8.306535328840551,4.1528584525346135,5.758009272561832,13.477850476690342
pca,pca,ʉ̟ː,axis,40.5798650259328,-1.9580856916976082,9.755034371454594,-7.816150629692475,3.9856782060676235,6.169711646096197,13.601480790466193
pca,pca,ʉ̟ː,axis,42.96691590981119,-1.9448775097042756,9.975629177829532,-7.411126407560842,3.743715379974033,6.589457208473423,13.60002617427824
pca,pca,ʉ̟ː,axis,45.353966793689594,-1.9292230568378665,10.193198612682512,-7.273003879839257,3.3614752750333876,6.977894189324767,13.616515946885228
pca,pca,ʉ̟ː,axis,47.741017677567996,-1.910986429160987,10.407574599817863,-6.990631134941532,3.2185090413066995,7.314736265530233,13.659096710151964
pca,pca,ʉ̟ː,axis,50.12806856144639,-1.890031722736244,10.618589063039925,-6.71326781636901,3.2030246218751417,7.623950923887792,13.786750996074955
pca,pca,ʉ̟ː,axis,52.51511944532479,-1.8662230336262446,10.82607392615303,-6.460645668705075,3.165753951404315,7.923365948610542,13.896340461546812
pca,pca,ʉ̟ː,axis,54.902170329203194,-1.8394244578935954,11.02986111296152,-6.200707310277555,2.991845142878747,8.236966256273423,13.894105193625183
pca,pca,ʉ̟ː,axis,57.28922121308159,-1.8095000916009034,11.229782547269721,-6.014616908539449,2.870651564390104,8.493348352008491,13.963133885598007
pca,pca,ʉ̟ː,axis,59.67627209695999,-1.7763140308107752,11.425670152881974,-5.7843708714301725,2.9636476987868856,8.75476147172092,14.077813045982666
pca,pca,ʉ̟ː,axis,62.06332298083839,-1.7397303715858181,11.617355853602618,-5.757921486309219,2.9941067527547145,9.040211349576925,14.317321509015182
pca,pca,ʉ̟ː,axis,64.4503738647168,-1.6996132099886383,11.80467157323598,-5.653662014305239,2.9692687957829405,9.258438503955293,14.463102046180255
pca,pca,ʉ̟ː,axis,66.8374247485952,-1.6558266420818428,11.9874492355864,-5.659849536939353,3.005046861173943,9.427695426856033,14.623768048350437
pca,pca,ʉ̟ː,axis,69.22447563247358,-1.6082347639280394,12.165520764458215,-5.6534741671447195,3.0083349377313486,9.633065434308394,14.813760090945479
pca,pca,ʉ̟ː,axis,71.61152651635199,-1.5567016715898334,12.338718083655758,-5.640096452160549,3.0847514202378696,9.799744537324395,15.028912309306572
pca,pca,ʉ̟ː,axis,73.99857740023039,-1.5010914611298325,12.506873116983366,-5.654897956242646,3.174375846588167,9.964705280348198,15.22615277366531
pca,pca,ʉ̟ː,axis,76.38562828410879,-1.4412682286106433,12.669817788245373,-5.663153791020816,3.238236142599776,10.121649412840013,15.420656571807555
pca,pca,ʉ̟ː,axis,78.77267916798719,-1.3770960700948727,12.827384021246115,-5.657195112214972,3.3006672700283244,10.268703877438398,15.602774236521368
pca,pca,ʉ̟ː,axis,81.1597300518656,-1.3084390816451275,12.979403739789927,-5.71649159559986,3.360648428463817,10.410005957423255,15.762399936200737
pca,pca,ʉ̟ː,axis,83.546780935744,-1.2351613593240145,13.125708867681148,-5.698720022992376,3.488491799052451,10.571301846229114,15.93455781423029
pca,pca,ʉ̟ː,axis,85.93383181962238,-1.157126999194141,13.266131328724107,-5.603062691908749,3.594258599012854,10.639157300940301,16.092122975294675
pca,pca,ʉ̟ː,axis,88.32088270350079,-1.0742080779070449,13.400509978187316,-5.523006485351578,3.7942117123667796,10.728353749335492,16.21580736558862
pca,pca,ʉ̟ː,axis,90.70793358737919,-0.9864445833703195,13.528829509054386,-5.482500682266711,3.9306814693443686,10.878302560631077,16.311802324239736
pca,pca,ʉ̟ː,axis,93.09498447125759,-0.8940361585988801,13.651213281225052,-5.456940982349885,4.084918006020862,10.94882096814274,16.402700452488777
pca,pca,ʉ̟ː,axis,95.48203535513599,-0.7971887746508246,13.767790150760417,-5.355185270996847,4.2222366758963625,11.078175638090528,16.487714543137677
pca,pca,ʉ̟ː,axis,97.8690862390144,-0.6961084025842519,13.878688973721577,-5.287724654242176,4.3851110080697735,11.225997290660452,16.56643847158322
pca,pca,ʉ̟ː,axis,100.25613712289278,-0.5910010134572616,13.98403860616963,-5.19918541748595,4.514852927980006,11.286989915263101,16.661487203161066
pca,pca,ʉ̟ː,axis,102.64318800677118,-0.4820725783279513,14.083967904165682,-5.130667620993732,4.64318123090259,11.399902954068457,16.79442268610797
pca,pca,ʉ̟ː,axis,105.03023889064958,-0.3695290682544194,14.178605723770833,-5.043429968120934,4.726222326314354,11.482685706517202,16.943092430169553
pca,pca,ʉ̟ː,axis,107.41728977452799,-0.25357645429476566,14.268080921046185,-4.9496334960174595,4.778118505802103,11.570145740879397,17.032235892347074
pca,pca,ʉ̟ː,axis,109.80434065840639,-0.1344207075070879,14.35252235205283,-4.829707180822476,4.845588094525566,11.606134214428211,17.120998881117945
pca,pca,ʉ̟ː,axis,112.19139154228479,-0.01226779894948582,14.432058872851877,-4.680533544777097,4.9319026275463,11.640216322889708,17.229705041522788
pca,pca,ʉ̟ː,axis,114.57844242616318,0.11267630031994208,14.506819339504421,-4.512251803643653,5.0110072430390655,11.678882891503871,17.310765872769203
pca,pca,ʉ̟ː,axis,116.96549331004158,0.24020561924309847,14.57693260807157,-4.329168901335049,5.082854632400235,11.749290360409736,17.42467795872161
pca,pca,ʉ̟ː,axis,119.35254419391998,0.37011418676188346,14.642527534614414,-4.13825584687932,5.181390217259386,11.87473789217898,17.497767948714007
pca,pca,ʉ̟ː,axis,121.73959507779838,0.5021960318181984,14.703732975194066,-3.9399232944064138,5.224316260658581,11.975426347141834,17.547488601721938
pca,pca,ʉ̟ː,axis,124.12664596167679,0.6362451833539444,14.760677785871616,-3.7596421001196054,5.262798532288085,12.074074935747285,17.581136623716713
pca,pca,ʉ̟ː,axis,126.51369684555519,0.772055670311024,14.813490822708166,-3.63742466649928,5.350758573854579,12.071165709267209,17.604718034076434
pca,pca,ʉ̟ː,axis,128.9007477294336,0.9094215216313373,14.862300941764822,-3.548037723804639,5.462184832020871,12.153109274947433,17.605956381082976
pca,pca,ʉ̟ː,axis,131.287798613312,1.0481367662567855,14.907236999102683,-3.431907102105894,5.580888112941754,12.227843047658824,17.55247291569569
pca,pca,ʉ̟ː,axis,133.6748494971904,1.1879954331292712,14.948427850782842,-3.2311474158788,5.706013876892944,12.330708978897547,17.52403307376979
pca,pca,ʉ̟ː,axis,136.0619003810688,1.328791551190695,14.986002352866413,-2.991313848491293,5.801771961693169,12.354995006300433,17.585340873902332
pca,pca,ʉ̟ː,axis,138.44895126494717,1.4703191493829548,15.020089361414485,-2.7306190524838825,5.860038168490474,12.41256442024907,17.60533447895895
pca,pca,ʉ̟ː,axis,140.83600214882557,1.6123722566479577,15.050817732488161,-2.645870419533139,5.916766317078518,12.464834078516462,17.613673478191572
pca,pca,ʉ̟ː,axis,143.22305303270397,1.754744901927602,15.078316322148543,-2.5136432916964417,6.043284536062051,12.492999475084519,17.656211385375805
pca,pca,ʉ̟ː,axis,145.61010391658237,1.8972311141637899,15.102713986456735,-2.3753081989499623,6.2124131443485915,12.475052844429772,17.69811524495162
pca,pca,ʉ̟ː,axis,147.99715480046078,2.0396249222984224,15.12413958147383,-2.1783559423264887,6.316635014722514,12.420592722433007,17.74650813432966
pca,pca,ʉ̟ː,axis,150.38420568433918,2.1817203552734012,15.142721963260932,-1.961132682968052,6.389486141156711,12.398038570981466,17.782697663673048
pca,pca,ʉ̟ː,axis,152.77125656821758,2.3233114420306267,15.158589987879147,-1.7031672537032407,6.440162292776854,12.32165282022498,17.78836172483484
pca,pca,ʉ̟ː,axis,155.15830745209598,2.4641922115119987,15.171872511389566,-1.5242122947989398,6.5451482834389205,12.238928511010842,17.805743137682008
pca,pca,ʉ̟ː,axis,157.54535833597438,2.6041566926594224,15.182698389853297,-1.3849527717493142,6.65055873813096,12.176290025579071,17.82739624243239
pca,pca,ʉ̟ː,axis,159.9324092198528,2.7429989144147955,15.191196479331435,-1.2460401911237335,6.753302051516588,12.183768929998863,17.789468743686374
pca,pca,ʉ̟ː,axis,162.3194601037312,2.8805129057200225,15.197495635885081,-1.1423966823139071,6.921691196797238,12.108690719906042,17.81017535966442
pca,pca,ʉ̟ː,axis,164.7065109876096,3.016492695517002,15.20172471557534,-1.0059177775080916,7.046889994963821,12.011060142708995,17.802305260736226
pca,pca,ʉ̟ː,axis,167.093561871488,3.1507323127476385,15.204012574463311,-0.8226291324474858,7.162274822479712,11.924490780923072,17.820625176600856
pca,pca,ʉ̟ː,axis,169.48061275536637,3.283025786353827,15.204488068610097,-0.614647677614479,7.324375639222428,11.800945592709079,17.83205021982523
pca,pca,ʉ̟ː,axis,171.86766363924477,3.4131671452774768,15.203280054076787,-0.4263247078305064,7.530429141522885,11.676701685255779,17.863840588230705
pca,pca,ʉ̟ː,axis,174.25471452312317,3.5409504184604823,15.200517386924494,-0.2530959387677144,7.72963153592833,11.582507815287398,17.92426783034734
pca,pca,ʉ̟ː,axis,176.64176540700157,3.66616963484475,15.196328923214313,-0.11970042119408866,7.870681528767531,11.445452214448641,17.932362375777583
pca,pca,ʉ̟ː,axis,179.02881629087997,3.7886188233721776,15.190843519007347,0.05497449337473033,8.044979181070694,11.383132791781335,17.960326244750846
pca,pca,ʉ̟ː,axis,181.41586717475838,3.908092012984671,15.184190030364693,0.15093513624066876,8.187001487922375,11.248330888098927,17.956758950894894
pca,pca,ʉ̟ː,axis,183.80291805863678,4.024383232624126,15.176497313347458,0.15839996729180633,8.406379070611083,11.061275613232532,17.98966592201637
pca,pca,ʉ̟ː,axis,186.18996894251518,4.137286511232447,15.167894224016731,0.12277184883833664,8.595174872432361,10.954380290219662,18.008587678523888
pca,pca,ʉ̟ː,axis,188.57701982639358,4.246595877751533,15.158509618433628,0.2140775322037909,8.774969682864835,10.872401226019019,18.05269881793046
pca,pca,ʉ̟ː,axis,190.96407071027198,4.352105361123289,15.148472352659233,0.2775680965298054,8.985928924266677,10.732587278389433,18.079868913458114
pca,pca,ʉ̟ː,axis,193.35112159415038,4.453608990289613,15.137911282754661,0.39542871798924406,9.142614620844185,10.594284984972147,18.13036581393248
pca,pca,ʉ̟ː,axis,195.7381724780288,4.550900794192409,15.126955264781001,0.5093506871687029,9.257687052540506,10.45830575637706,18.154843185364367
pca,pca,ʉ̟ː,axis,198.1252233619072,4.643774801773574,15.11573315479936,0.6087776384020767,9.37959194282069,10.324990683702977,18.169997093314237
pca,pca,ʉ̟ː,axis,200.51227424578556,4.732025041975015,15.104373808870841,0.7087800389433817,9.575218416103334,10.192232999634417,18.18306790052115
pca,pca,ʉ̟ː,axis,202.89932512966396,4.815445543738626,15.093006083056535,0.7082896666334526,9.705531506749448,10.061842849423007,18.196254043730185
pca,pca,ʉ̟ː,axis,205.28637601354237,4.893830336006316,15.081758833417554,0.713380906870406,9.863066927681045,9.93521105080067,18.2430549095895
pca,pca,ʉ̟ː,axis,207.67342689742077,4.9669734477199885,15.070760916014988,0.6924289840448417,10.069531654778963,9.81268296318872,18.273975784889206
pca,pca,ʉ̟ː,axis,210.06047778129917,5.034668907821532,15.060141186909943,0.7420340059783663,10.273167031798469,9.694603946008513,18.31572695071522
pca,pca,ʉ̟ː,axis,212.44752866517757,5.096710745252857,15.050028502163523,0.7879157677578812,10.454105599001718,9.58131935868139,18.368805457902138
pca,pca,ʉ̟ː,axis,214.83457954905597,5.152892988955861,15.040551717836822,0.8056348174663434,10.587254698905497,9.473319301887834,18.437054436659423
pca,pca,ʉ̟ː,axis,217.22163043293438,5.203009667872449,15.03183968999094,0.736650253918183,10.710137090471168,9.362722566057132,18.511911287179156
pca,pca,ʉ̟ː,axis,219.60868131681278,5.246854810944523,15.02402127468698,0.6521631004632261,10.822381316239992,9.257953317626567,18.5677590194198
pca,pca,ʉ̟ː,axis,221.99573220069118,5.284222447113979,15.017225327986047,0.6078841746774999,10.923615918753232,9.17692312181565,18.634603400874184
pca,pca,ʉ̟ː,axis,224.38278308456958,5.314906605322722,15.011580705949235,0.547436395735706,11.013469440552155,9.120477713133203,18.70158739635925
pca,pca,ʉ̟ː,axis,226.76983396844798,5.338701314512651,15.007216264637648,0.42326543947710615,11.111857243206448,9.069832773790889,18.777531843309955
pca,pca,ʉ̟ː,axis,229.15688485232636,5.355400603625673,15.004260860112382,0.26930508075206244,11.228163547082039,9.020424403972667,18.851829038155017
pca,pca,ʉ̟ː,axis,231.54393573620476,5.36479850160368,15.002843348434546,0.20830956092320613,11.298209925937154,8.977173432205632,18.923062534015255
pca,pca,ʉ̟ː,axis,233.93098662008316,5.366689037388584,15.003092585665229,0.17927258271658342,11.28718625429467,8.94069834812305,18.991155845462686
pca,pca,ʉ̟ː,axis,236.31803750396156,5.3608669165667155,15.005137088587823,0.1397212543307798,11.29822173255852,8.91128478420341,19.06600667855713
pca,pca,ʉ̟ː,axis,238.70508838783996,5.347220115444911,15.009058606916135,0.08813603242198184,11.314797905985206,8.901242791085398,19.11500918380049
pca,pca,ʉ̟ː,axis,241.09213927171837,5.325824234312044,15.014844813425668,0.03487445888217454,11.32186641556108,8.906200196603058,19.15090997171288
pca,pca,ʉ̟ː,axis,243.47919015559677,5.296777362788525,15.022472104468562,-0.02267295658506843,11.352102419563984,8.869668777256834,19.183722399876604
pca,pca,ʉ̟ː,axis,245.86624103947517,5.260177590494742,15.031916876396942,-0.09026180767297966,11.325537686096393,8.838297364191678,19.21348606264741
pca,pca,ʉ̟ː,axis,248.25329192335357,5.216123007051081,15.043155525562945,-0.19569519908269697,11.256878526561872,8.815109878535532,19.241339423888455
pca,pca,ʉ̟ː,axis,250.64034280723197,5.164711702077941,15.056164448318725,-0.30127146535270727,11.187845628324277,8.799998637033028,19.267893601220653
pca,pca,ʉ̟ː,axis,253.02739369111038,5.106041765195723,15.070920041016379,-0.4069887014848751,11.180068799713323,8.79285595642874,19.291405094512967
pca,pca,ʉ̟ː,axis,255.41444457498878,5.04021128602481,15.087398700008087,-0.5138886756569041,11.16478872098879,8.793574153467327,19.32975336550553
pca,pca,ʉ̟ː,axis,257.8014954588672,4.967318354185597,15.105576821645961,-0.6212579104407089,11.099053401960225,8.802045544893394,19.349795259340038
pca,pca,ʉ̟ː,axis,260.18854634274555,4.887461059298467,15.125430802282146,-0.7287130932164826,11.026641180781722,8.818162447451575,19.366404599742975
pca,pca,ʉ̟ː,axis,262.575597226624,4.800737490983828,15.146937038268774,-0.8362530134491467,10.95490285250706,8.840690271681646,19.381881272638825
pca,pca,ʉ̟ː,axis,264.96264811050236,4.707245738862074,15.170071925957977,-0.9438764606036111,10.83701712154993,8.895413400497771,19.402325262500145
pca,pca,ʉ̟ː,axis,267.3496989943808,4.607083892553582,15.194811861701915,-1.0515822241447512,10.713649611356022,8.963696148890467,19.433375196168075
pca,pca,ʉ̟ː,axis,269.73674987825916,4.5003500416787645,15.221133241852698,-1.1593690935374803,10.563044390243926,9.038295698563791,19.461945194614348
pca,pca,ʉ̟ː,axis,272.1238007621376,4.387142275858004,15.249012462762472,-1.273264216032501,10.416335679318397,9.11911776890162,19.455255824080506
pca,pca,ʉ̟ː,axis,274.51085164601596,4.267558684711684,15.278425920783384,-1.3926903751087303,10.315479014018337,9.206068079287846,19.44289251927286
pca,pca,ʉ̟ː,axis,276.89790252989434,4.141697357860224,15.30935001226755,-1.5127491471600818,10.204698406367323,9.2990523491063,19.426876700054123
pca,pca,ʉ̟ː,axis,279.28495341377277,4.009656384923993,15.341761133567125,-1.6334306476088283,10.054700485778184,9.39797629774088,19.429620005236202
pca,pca,ʉ̟ː,axis,281.67200429765114,3.871533855523392,15.375635681034225,-1.7313159081984946,9.85119788839953,9.50274564457546,19.449163870156198
pca,pca,ʉ̟ː,axis,284.0590551815296,3.7274278592788193,15.410950051021011,-1.8296554349778738,9.628263530658664,9.61326610899392,19.42911743885331
pca,pca,ʉ̟ː,axis,286.44610606540795,3.577436485810665,15.447680639879593,-1.9530781726036117,9.359833951817762,9.729443410380082,19.423665387688626
pca,pca,ʉ̟ː,axis,288.8331569492864,3.421657824739306,15.485803843962138,-2.0760170065925787,9.10025324809174,9.851183268117873,19.445245001306276
pca,pca,ʉ̟ː,axis,291.22020783316475,3.2601899656851643,15.525296059620757,-2.2312881592364926,8.895229843331302,9.978391401591114,19.464154116138033
pca,pca,ʉ̟ː,axis,293.6072587170432,3.093130998268613,15.566133683207589,-2.370043410293228,8.638377001822782,10.110973530183742,19.480438775266414
pca,pca,ʉ̟ː,axis,295.99430960092155,2.9205790121100534,15.6082931110748,-2.4890572524933967,8.371711460187875,10.248835373279556,19.49414502177393
pca,pca,ʉ̟ː,axis,298.3813604848,2.7426320968298725,15.651750739574489,-2.593902433727572,8.221650420973454,10.391882650262493,19.505318898743106
pca,pca,ʉ̟ː,axis,300.76841136867836,2.5593883420484715,15.696482965058806,-2.7459559742035413,8.077833676444126,10.540021080516354,19.514006449256453
pca,pca,ʉ̟ː,axis,303.1554622525568,2.3709458373862375,15.742466183879884,-2.8790795645333813,7.845271100277605,10.693156383425073,19.50864317103031
pca,pca,ʉ̟ː,axis,305.54251313643516,2.1774026724635576,15.789676792389862,-3.166006580886988,7.618896509068469,10.851194278372486,19.49974389004302
pca,pca,ʉ̟ː,axis,307.92956402031353,1.9788569369008329,15.838091186940908,-3.458728303011939,7.42604348930628,11.01404048474249,19.496838963453726
pca,pca,ʉ̟ː,axis,310.31661490419197,1.7754067203184576,15.887685763885095,-3.646788385331841,7.2259189909597135,11.181600721918931,19.455911072375354
pca,pca,ʉ̟ː,axis,312.70366578807034,1.5671501123368188,15.93843691957462,-3.861050005288335,7.018668443600431,11.353780709285683,19.44476661793204
pca,pca,ʉ̟ː,axis,315.09071667194877,1.3541852025763248,15.990321050361572,-4.10794934819503,6.8074922390543655,11.527427841459758,19.415649244377832
pca,pca,ʉ̟ː,axis,317.47776755582714,1.1366100806573556,16.043314552598126,-4.315966987165654,6.590367107218657,11.672430986238371,19.38579568161144
pca,pca,ʉ̟ː,axis,319.8648184397056,0.9145228362002982,16.097393822636384,-4.496157798776526,6.366665946298839,11.851398187714082,19.374595696205404
pca,pca,ʉ̟ː,axis,322.25186932358395,0.6880215588255396,16.15253525682852,-4.653097266555259,6.105759659331644,12.131366920121838,19.372625450942515
pca,pca,ʉ̟ː,axis,324.6389202074624,0.4572043381535167,16.208715251526634,-4.959040190533289,5.829729768121394,12.343415008467266,19.381069673901965
pca,pca,ʉ̟ː,axis,327.02597109134075,0.2221692638045738,16.26591020308289,-5.310434887131647,5.547476044797241,12.47234172777957,19.418484369204574
pca,pca,ʉ̟ː,axis,329.4130219752192,-0.01698557460086647,16.324096507849404,-5.604591392112782,5.273083140364891,12.570549114484104,19.426393167043567
pca,pca,ʉ̟ː,axis,331.80007285909755,-0.2601620874424384,16.383250562178333,-5.788380176578018,4.986913572991543,12.731269058509282,19.404725149884257
pca,pca,ʉ̟ː,axis,334.187123742976,-0.5072621850997194,16.443348762421763,-6.027103107517771,4.842903307234041,12.95102153482185,19.367056701475953
pca,pca,ʉ̟ː,axis,336.57417462685436,-0.7581877779523438,16.50436750493192,-6.279930112164435,4.653823759211077,13.207133798379635,19.307023371612917
pca,pca,ʉ̟ː,axis,338.96122551073273,-1.0128407763798748,16.566283186060858,-6.588973321441383,4.32999224258665,13.49249637111128,19.245326595779595
pca,pca,ʉ̟ː,axis,341.34827639461116,-1.271123090761975,16.629072202160756,-6.904696069959148,4.037127042641009,13.690408803163214,19.19238934160003
pca,pca,ʉ̟ː,axis,343.73532727848954,-1.532936631478215,16.692710949583756,-7.320150889152711,3.8567605379958376,13.794717910505238,19.149782799112373
pca,pca,ʉ̟ː,axis,346.12237816236797,-1.7981833089082215,16.75717582468195,-7.84473605470397,3.6878503425373754,14.018070913406307,19.152878869953504
pca,pca,ʉ̟ː,axis,348.50942904624634,-2.0667650334315795,16.822443223807525,-8.238442927493972,3.5158035569790886,14.15095039606475,19.285506233141543
pca,pca,ʉ̟ː,axis,350.89647993012477,-2.33858371542793,16.888489543312602,-8.767734097578053,3.3407124339709364,14.334189665230927,19.357753299071526
pca,pca,ʉ̟ː,axis,353.28353081400314,-2.6135412652768366,16.955291179549306,-9.293479620660356,3.1436836635226397,14.447828013340526,19.39412752338707
pca,pca,ʉ̟ː,axis,355.6705816978816,-2.8915395933579475,17.022824528869748,-9.739147343947481,2.89470422389158,14.536223580142998,19.416578733718524
pca,pca,ʉ̟ː,axis,358.05763258175995,-3.172480610050826,17.091065987626124,-10.235735313303387,2.6988623242684397,14.603066349506197,19.46682670667374
pca,pca,ʉ̟ː,axis,360.4446834656384,-3.4562662257351064,17.15999195217053,-10.9201879875533,2.501527711092379,14.659807710162976,19.535930382790244
pca,pca,ʉ̟ː,axis,362.83173434951675,-3.7427983507903804,17.229578818855117,-11.448702282112396,2.3014947259347833,14.704071101252524,19.678527219139834
pca,pca,ʉ̟ː,axis,365.2187852333952,-4.031978895596325,17.29980298403204,-11.940059918105508,2.074149053878854,14.80605142418075,19.76493619057525
pca,pca,ʉ̟ː,axis,367.60583611727355,-4.323709770532432,17.370640844053383,-12.429158474401868,1.7675728256288015,14.945053681793812,19.928401970434578
pca,pca,ʉ̟ː,axis,369.9928870011519,-4.617892885978378,17.442068795271325,-12.944938343072495,1.542004637973633,14.9971085386054,20.016654024126627
pca,pca,ʉ̟ː,axis,372.37993788503036,-4.91443015231377,17.514063234038005,-13.51618833013277,1.241190877272871,15.078813640543665,20.122374554324555
pca,pca,ʉ̟ː,axis,374.76698876890873,-5.2132234799181845,17.58660055670552,-14.097245597969128,0.9345968262655348,15.184642311366158,20.3579996304413
pca,pca,ʉ̟ː,axis,377.15403965278716,-5.51417477917127,17.659657159626065,-14.669271159287149,0.7626402264135059,15.227021134422388,20.447154487312872
pca,pca,ʉ̟ː,axis,379.54109053666554,-5.817185960452619,17.733209439151707,-15.279741877529348,0.7146740243541163,15.252200829949215,20.542579201518095
pca,pca,ʉ̟ː,axis,381.92814142054397,-6.122158934141794,17.80723379163466,-15.893972381028385,0.5910737564849953,15.312140088183261,20.635958862956354
pca,pca,ʉ̟ː,axis,384.31519230442234,-6.428995610618458,17.881706613427,-16.51820210034753,0.41245344445171017,15.293173450602923,20.847997714973292
pca,pca,ʉ̟ː,axis,386.70224318830077,-6.7375979002621875,17.956604300880855,-17.14612063351959,0.327095084239441,15.234591219772907,21.076319133928575
pca,pca,ʉ̟ː,axis,389.08929407217914,-7.0478677134525896,18.031903250348407,-17.777290523732532,0.19517479680913727,15.296298721786652,21.23952683082238
pca,pca,ʉ̟ː,axis,391.4763449560576,-7.359706960569284,18.107579858181793,-18.41152051468993,0.015382207845955875,15.261232373082427,21.515647549311307
pca,pca,ʉ̟ː,axis,393.86339583993595,-7.67301755199189,18.183610520733126,-19.054357692311623,-0.08357811370672258,15.213841958893493,21.828385478684364
pca,pca,ʉ̟ː,axis,396.2504467238144,-7.987701398099986,18.259971634354528,-19.73038719590347,-0.1986668854206595,15.185474946607357,22.0945937523308
pca,pca,ʉ̟ː,axis,398.63749760769275,-8.303660409273192,18.336639595398182,-20.40918279174107,-0.26722989300343714,15.205837525986423,22.297834215778597
pca,pca,ʉ̟ː,axis,401.0245484915711,-8.6207964958911,18.41359080021617,-21.090531703497902,-0.34215337457417916,15.173647661601168,22.501860719839176
pca,pca,ʉ̟ː,axis,403.41159937544955,-8.939011568333356,18.490801645160673,-21.774221154847332,-0.47801850252701317,15.113457637864768,22.707001041068917
pca,pca,ʉ̟ː,axis,405.7986502593279,-9.25820753697954,18.5682485265838,-22.41885776381854,-0.6293989739725758,15.044953279293507,22.91754586564366
pca,pca,ʉ̟ː,axis,408.18570114320636,-9.578286312209286,18.645907840837737,-23.05218789025338,-0.7814209202968045,15.028108352019123,23.209046359820114
pca,pca,ʉ̟ː,axis,410.57275202708473,-9.899149804402171,18.723755984274575,-23.686954349716515,-0.8810593891606242,14.99251983346937,23.537965693821132
pca,pca,ʉ̟ː,axis,412.95980291096316,-10.220699923937758,18.801769353246428,-24.322977600579463,-0.9306855998860732,14.928750946344678,23.826135535528074
pca,pca,ʉ̟ː,axis,415.34685379484154,-10.54283858119571,18.879924344105433,-24.96007810121362,-1.134339146663067,14.854336303066312,24.073040555704136
pca,pca,ʉ̟ː,axis,417.73390467871997,-10.86546768655569,18.958197353203815,-25.598076309990592,-1.2886571727647151,14.77977744160904,24.320372895054042
pca,pca,ʉ̟ː,axis,420.12095556259834,-11.18848915039716,19.0365647768936,-26.23679268528161,-1.3743198329516781,14.704416421104945,24.568047089742798
pca,pca,ʉ̟ː,axis,422.50800644647677,-11.511804883099813,19.11500301152698,-26.876047685458317,-1.4960575964538874,14.602837734240982,24.815977675935876
pca,pca,ʉ̟ː,axis,424.89505733035514,-11.835316795043326,19.19348845345614,-27.515661768892212,-1.5486120855722443,14.496261074994383,25.06439355980209
pca,pca,ʉ̟ː,axis,427.2821082142336,-12.158926796607204,19.271997499033134,-28.155455393954554,-1.6438225260204298,14.389634822065414,25.314042005313958
pca,pca,øː,axis,0.0,-11.675168780735662,-4.58140415152907,-22.428846408480013,0.09303224407818134,-11.678529035610993,6.047251421099372
pca,pca,øː,axis,2.3870508838783997,-11.689959238885317,-4.571667526992624,-22.115584715767778,-0.2490547593087074,-11.281340848850872,5.667990118323562
pca,pca,øː,axis,4.774101767756799,-11.70466859270267,-4.561974744748457,-21.793904048956428,-0.6058469590225817,-10.925646987625539,5.289016427715782
pca,pca,øː,axis,7.161152651635199,-11.719215737855432,-4.5523696470888435,-21.413632711828345,-0.9832556603958363,-10.665593290852486,4.915714214057951
pca,pca,øː,axis,9.548203535513599,-11.7335195700113,-4.542896076306064,-21.086394187018072,-1.4134400488963925,-10.4586619982887,4.558540454123091
pca,pca,øː,axis,11.935254419391999,-11.747498984837977,-4.533597874692395,-20.763374420246002,-1.8678262995745076,-10.34180668728449,4.139858461413266
pca,pca,øː,axis,14.322305303270397,-11.761072878003162,-4.5245188845401145,-20.51002221223611,-2.3198152402078587,-10.252537479892844,3.7959603991664546
pca,pca,øː,axis,16.7093561871488,-11.774160145174562,-4.5157029481415,-20.29203908647222,-2.7140046281606236,-10.045088646913927,3.4431754720966756
pca,pca,øː,axis,19.096407071027198,-11.786679682019878,-4.507193907788828,-20.05949981959164,-3.1446511598255227,-9.818136085720715,3.044928779101854
pca,pca,øː,axis,21.483457954905596,-11.798550384206813,-4.4990356057743774,-19.773900165543974,-3.621754206734127,-9.504255615823064,2.6786910922347733
pca,pca,øː,axis,23.870508838783998,-11.809691147403063,-4.491271884390426,-19.46611786964496,-4.02835415618132,-9.3762769350786,2.3313891041743258
pca,pca,øː,axis,26.257559722662396,-11.82002086727634,-4.483946585929252,-19.16007516808129,-4.372972773573823,-9.22407368959879,1.9469798800452804
pca,pca,øː,axis,28.644610606540795,-11.829458439494339,-4.477103552683131,-18.825896569041078,-4.664801794564677,-9.049714513940268,1.5583726177095378
pca,pca,øː,axis,31.031661490419197,-11.837922759724766,-4.470786626944342,-18.425080224065596,-5.0074328525107346,-8.868229037258736,1.3527064960474193
pca,pca,øː,axis,33.4187123742976,-11.845332723635318,-4.465039651005163,-18.070213041417134,-5.290430952193799,-8.735925568062973,1.0702855290299744
pca,pca,øː,axis,35.80576325817599,-11.851607226893703,-4.45990646715787,-17.789852341684924,-5.584158287218023,-8.608590449258472,0.7565684780334138
pca,pca,øː,axis,38.192814142054395,-11.856665165167621,-4.455430917694741,-17.555377073848742,-5.897357449212337,-8.48279492813217,0.4560348843644477
pca,pca,øː,axis,40.5798650259328,-11.860425434124776,-4.451656844908056,-17.365337343437588,-6.129970114695665,-8.48256656754311,0.23030301338240516
pca,pca,øː,axis,42.96691590981119,-11.862806929432866,-4.448628091090091,-17.123626715133796,-6.377966857429896,-8.372293298772579,-0.01985562439217133
pca,pca,øː,axis,45.353966793689594,-11.863728546759596,-4.446388498533124,-16.914660612055336,-6.540886689351315,-8.243829820839796,-0.07847922418576846
pca,pca,øː,axis,47.741017677567996,-11.86310918177267,-4.444981909529431,-16.70271155855044,-6.792220288185167,-8.176781275782352,-0.27829280810101326
pca,pca,øː,axis,50.12806856144639,-11.860867730139786,-4.444452166371291,-16.437185309596735,-6.951682541856909,-8.08498368588633,-0.618545781309742
pca,pca,øː,axis,52.51511944532479,-11.856923087528648,-4.444843111350982,-16.348979632538907,-7.0813052126975045,-7.96909682762845,-0.6112456539182287
pca,pca,øː,axis,54.902170329203194,-11.85119414960696,-4.446198586760781,-16.263795770542373,-7.244092442898349,-7.9280030940369075,-0.7933177758187526
pca,pca,øː,axis,57.28922121308159,-11.843599812042422,-4.448562434892967,-16.022185023369236,-7.350732010479531,-7.880937217297454,-0.890471697357099
pca,pca,øː,axis,59.67627209695999,-11.834058970502735,-4.451978498039816,-15.859458884578062,-7.472023303622874,-7.885362181875748,-0.8660708411038067
pca,pca,øː,axis,62.06332298083839,-11.822490520655604,-4.456490618493606,-15.810338887563521,-7.524879720991196,-7.8464195197321835,-0.9583720716423954
pca,pca,øː,axis,64.4503738647168,-11.808813358168733,-4.462142638546615,-15.767562606308049,-7.629193863877085,-7.820848293012857,-1.0046774425892055
pca,pca,øː,axis,66.8374247485952,-11.79294637870982,-4.46897840049112,-15.605022623997579,-7.582914631650228,-7.798983618161295,-0.8962685053151601
pca,pca,øː,axis,69.22447563247358,-11.774808477946566,-4.477041746619399,-15.592542318766245,-7.537153095370714,-7.859818185135078,-0.8153418083521743
pca,pca,øː,axis,71.61152651635199,-11.754318551546678,-4.486376519223731,-15.615850121301431,-7.443084597908794,-7.930961216567756,-0.8033115714421617
pca,pca,øː,axis,73.99857740023039,-11.731395495177857,-4.4970265605963915,-15.598677704704587,-7.3611577685300595,-8.044252145135658,-0.773941340434875
pca,pca,øː,axis,76.38562828410879,-11.705958204507803,-4.509035713029659,-15.462399946265261,-7.311975637444983,-8.1731070953476,-0.8113466617669944
pca,pca,øː,axis,78.77267916798719,-11.677925575204219,-4.522447818815812,-15.312279606123235,-7.248747671676744,-8.27490706826183,-0.835260710216163
pca,pca,øː,axis,81.1597300518656,-11.647216502934809,-4.537306720247127,-15.262292263072961,-7.326692200225455,-8.30296914484357,-0.861610779729519
pca,pca,øː,axis,83.546780935744,-11.613749883367273,-4.553656259615882,-15.226722281994746,-7.36319481260843,-8.359219568948358,-0.9028904065409569
pca,pca,øː,axis,85.93383181962238,-11.577444612169316,-4.5715402792143545,-15.246008297285359,-7.393458754216943,-8.422062408953172,-0.9063549605509734
pca,pca,øː,axis,88.32088270350079,-11.538224698996418,-4.591000059403683,-15.376190474207206,-7.3459402725666685,-8.438470137344568,-0.8417249250907333
pca,pca,øː,axis,90.70793358737919,-11.496121751592296,-4.612022977621385,-15.372749131390748,-7.310450239876654,-8.430561590655763,-0.7663492087455954
pca,pca,øː,axis,93.09498447125759,-11.451269685221485,-4.634545158772798,-15.36861567136723,-7.272731809164006,-8.46100646737537,-0.7023330809194439
pca,pca,øː,axis,95.48203535513599,-11.403806470179513,-4.658500696332864,-15.354168397178139,-7.263119952286702,-8.573999750845157,-0.663521455480922
pca,pca,øː,axis,97.8690862390144,-11.353870076761911,-4.683823683776526,-15.335855853199009,-7.287033099350151,-8.717999468927461,-0.6934176738058951
pca,pca,øː,axis,100.25613712289278,-11.301598475264216,-4.71044821457873,-15.310357031307449,-7.256316280594984,-8.77016463751366,-0.7053298370450164
pca,pca,øː,axis,102.64318800677118,-11.247129635981958,-4.73830838221442,-15.269966708840698,-7.278584101692592,-8.816739302370475,-0.7116448472980352
pca,pca,øː,axis,105.03023889064958,-11.190601529210667,-4.767338280158539,-15.145748498282797,-7.169062868983247,-8.88238800224511,-0.7279565436908005
pca,pca,øː,axis,107.41728977452799,-11.132152125245879,-4.797472001886031,-15.033865542706147,-7.118383808019378,-8.954147712333175,-0.7455249115501372
pca,pca,øː,axis,109.80434065840639,-11.071919394383125,-4.8286436408718405,-14.967361300296426,-7.0258837127708755,-8.988762890548424,-0.7710633325274378
pca,pca,øː,axis,112.19139154228479,-11.01004130691794,-4.8607872905909115,-14.93333334404928,-6.992796367353755,-9.03562164161644,-0.8320735478135974
pca,pca,øː,axis,114.57844242616318,-10.946655833145853,-4.893837044518188,-14.821333889524256,-6.969534922208035,-9.06359340585531,-0.90087111564459
pca,pca,øː,axis,116.96549331004158,-10.881900943362396,-4.927726996128613,-14.720879612437173,-6.946997427005054,-9.092575859161888,-0.9534699058741133
pca,pca,øː,axis,119.35254419391998,-10.815914607863101,-4.962391238897133,-14.635285831325875,-6.9252539828944055,-9.138497444531062,-0.9983430490199667
pca,pca,øː,axis,121.73959507779838,-10.748834796943505,-4.99776386629869,-14.542051687247792,-6.8802536866022,-9.139435509899188,-1.0313177584211084
pca,pca,øː,axis,124.12664596167679,-10.680799480899136,-5.033778971808228,-14.441534482048182,-6.826626645746973,-9.106253308979316,-1.0910049193183713
pca,pca,øː,axis,126.51369684555519,-10.611946630025528,-5.070370648900692,-14.343968054621927,-6.747524041962916,-9.119114151151924,-1.1600911083199654
pca,pca,øː,axis,128.9007477294336,-10.542414214618214,-5.107472991051025,-14.262137513388863,-6.6148229788299515,-9.17155519674456,-1.2351275866455738
pca,pca,øː,axis,131.287798613312,-10.472340204972726,-5.145020091734172,-14.175202125861636,-6.566984076925523,-9.200495337911555,-1.314221458507306
pca,pca,øː,axis,133.6748494971904,-10.401862571384596,-5.182946044425077,-14.085303824741638,-6.534392197274673,-9.198620871746995,-1.4017980917949582
pca,pca,øː,axis,136.0619003810688,-10.331119284149356,-5.221184942598684,-14.041110197535696,-6.503267789493027,-9.190929221497171,-1.4975762479842198
pca,pca,øː,axis,138.44895126494717,-10.26024831356254,-5.259670879729936,-14.000229525557142,-6.547995331630995,-9.155309656449635,-1.591838667986607
pca,pca,øː,axis,140.83600214882557,-10.189387629919679,-5.298337949293778,-13.933994767429207,-6.566004613024997,-9.137419744648424,-1.6998947451096251
pca,pca,øː,axis,143.22305303270397,-10.118675203516304,-5.337120244765154,-13.845809417231592,-6.4285951319824575,-9.14473352289471,-1.8100586229947513
pca,pca,øː,axis,145.61010391658237,-10.04824900464795,-5.375951859619007,-13.719394423182925,-6.401525145969653,-9.153402305384711,-1.90390883167851
pca,pca,øː,axis,147.99715480046078,-9.97824700361015,-5.414766887330281,-13.621226467973262,-6.444096367660599,-9.156749496970368,-2.0279336707883724
pca,pca,øː,axis,150.38420568433918,-9.908807170698433,-5.453499421373922,-13.508311250799142,-6.412725411698798,-9.12854053952471,-2.1437552600744247
pca,pca,øː,axis,152.77125656821758,-9.840067476208333,-5.492083555224873,-13.391160105949325,-6.393426265182928,-9.092831119676564,-2.2747651983475077
pca,pca,øː,axis,155.15830745209598,-9.772165890435383,-5.530453382358079,-13.231755836531677,-6.381379160054322,-9.05247780548232,-2.3383922387561276
pca,pca,øː,axis,157.54535833597438,-9.705240383675116,-5.56854299624848,-13.137713851590522,-6.305232220112163,-8.976823667878842,-2.472208638374494
pca,pca,øː,axis,159.9324092198528,-9.639428926223061,-5.6062864903710246,-13.173707811675406,-6.266262577028068,-8.878943636728009,-2.5477690117066456
pca,pca,øː,axis,162.3194601037312,-9.574869488374755,-5.643617958200656,-13.153363528656703,-6.212939548721012,-8.804951250517062,-2.6829391395041053
pca,pca,øː,axis,164.7065109876096,-9.511700040425728,-5.680471493212316,-13.08813798875775,-6.140413164321772,-8.77250691761447,-2.795335536373509
pca,pca,øː,axis,167.093561871488,-9.45005855267151,-5.716781188880951,-13.00259892485405,-6.061969238286941,-8.772860577514775,-2.8893503719092415
pca,pca,øː,axis,169.48061275536637,-9.390082995407642,-5.752481138681502,-12.98571996151566,-5.9658195943504415,-8.785785323131364,-2.9849234189447293
pca,pca,øː,axis,171.86766363924477,-9.331911338929645,-5.787505436088916,-12.954892475909384,-5.895634677715376,-8.822828100208541,-3.0819807458458897
pca,pca,øː,axis,174.25471452312317,-9.275681553533058,-5.821788174578137,-12.887904952611745,-5.862570353685489,-8.838833872974016,-3.1535747878240623
pca,pca,øː,axis,176.64176540700157,-9.221531609513413,-5.855263447624107,-12.797354727375167,-5.756686121486866,-8.815856583040318,-3.2317246543644034
pca,pca,øː,axis,179.02881629087997,-9.16959947716624,-5.887865348701772,-12.742092599887178,-5.73217900010768,-8.758440634076592,-3.3460739718799757
pca,pca,øː,axis,181.41586717475838,-9.120023126787073,-5.919527971286076,-12.688773954734714,-5.695059809064349,-8.735026295982776,-3.420984944518955
pca,pca,øː,axis,183.80291805863678,-9.072940528671445,-5.950185408851961,-12.630608569683332,-5.647591691746319,-8.747638457257102,-3.4741621511658254
pca,pca,øː,axis,186.18996894251518,-9.028489653114889,-5.979771754874371,-12.571675165480057,-5.528204935340879,-8.795075950634219,-3.5247803895025878
pca,pca,øː,axis,188.57701982639358,-8.986808470412935,-6.008221102828253,-12.62777596889902,-5.248485688799191,-8.780826398009472,-3.5466627816493044
pca,pca,øː,axis,190.96407071027198,-8.948034950861116,-6.035467546188548,-12.63910973223249,-5.013620200372689,-8.723205626027504,-3.519808524086187
pca,pca,øː,axis,193.35112159415038,-8.912307064754966,-6.061445178430203,-12.641205232145886,-4.921724282640545,-8.662952533176188,-3.507037480872055
pca,pca,øː,axis,195.7381724780288,-8.879762782390014,-6.086088093028159,-12.6318649276413,-4.846261691198567,-8.705377875407455,-3.4844086558174983
pca,pca,øː,axis,198.1252233619072,-8.850540074061797,-6.109330383457362,-12.595086814387471,-4.786108077935635,-8.727407488418903,-3.495393491482801
pca,pca,øː,axis,200.51227424578556,-8.824776910065843,-6.131106143192753,-12.632006520547352,-4.733193505147254,-8.707727997281436,-3.486179790283649
pca,pca,øː,axis,202.89932512966396,-8.802611260697688,-6.151349465709281,-12.744116791106162,-4.63887602204613,-8.709139742458731,-3.486536719491916
pca,pca,øː,axis,205.28637601354237,-8.784181096252865,-6.169994444481885,-12.883599030350263,-4.524115985234208,-8.7474168465657,-3.46274902315316
pca,pca,øː,axis,207.67342689742077,-8.769624387026898,-6.186975172985516,-12.931068905741961,-4.397046796650551,-8.832229924379568,-3.4614096274954784
pca,pca,øː,axis,210.06047778129917,-8.759079103315331,-6.2022257446951095,-12.930036967644757,-4.252160805543686,-8.908341176154117,-3.459252472933827
pca,pca,øː,axis,212.44752866517757,-8.75268321541369,-6.2156802530856154,-12.93165571464215,-4.10998513586053,-8.904819219524503,-3.4486346903333396
pca,pca,øː,axis,214.83457954905597,-8.750574693617505,-6.2272727916319734,-12.945806601287064,-3.9770553188006885,-8.917517570161973,-3.447417469300985
pca,pca,øː,axis,217.22163043293438,-8.752891508222318,-6.236937453809132,-13.020186926384545,-3.853750366001141,-8.875844628885762,-3.4163192052234224
pca,pca,øː,axis,219.60868131681278,-8.759771629523652,-6.244608333092032,-13.14005858497712,-3.740449289098866,-8.929403124683645,-3.3843820798621174
pca,pca,øː,axis,221.99573220069118,-8.771353027817042,-6.25021952295562,-13.235557533805919,-3.67182505247239,-8.967125959105447,-3.263466968962336
pca,pca,øː,axis,224.38278308456958,-8.78777367339802,-6.253705116874836,-13.36133158798863,-3.638777163719371,-8.967725495501917,-3.211066560268432
pca,pca,øː,axis,226.76983396844798,-8.80917153656212,-6.254999208324629,-13.494753302827837,-3.615603901008709,-8.964053379142948,-3.1674418420054553
pca,pca,øː,axis,229.15688485232636,-8.835684587604874,-6.2540358907799405,-13.631998322390213,-3.6026737665356667,-9.017714083887048,-3.0905121100953896
pca,pca,øː,axis,231.54393573620476,-8.867450796821817,-6.250749257715714,-13.764503982628135,-3.59710011785,-9.088192001548807,-3.0465258034454
pca,pca,øː,axis,233.93098662008316,-8.904608134508473,-6.245073402606894,-13.858440792721131,-3.564596106554592,-9.150684888159322,-2.9981074986504814
pca,pca,øː,axis,236.31803750396156,-8.947294107659872,-6.2369426350808,-13.95297025080056,-3.5286728273828714,-9.210457697732533,-2.964836032965613
pca,pca,øː,axis,238.70508838783996,-8.995582360524418,-6.226321059863112,-14.048061708488428,-3.505523625958346,-9.227200770711544,-2.9513266496402846
pca,pca,øː,axis,241.09213927171837,-9.04941807063811,-6.2132327176912865,-14.143705640538599,-3.4940493740066687,-9.236355787775508,-2.9073152825221045
pca,pca,øː,axis,243.47919015559677,-9.108731017023104,-6.197708833463481,-14.239895053604723,-3.495465859999412,-9.248652717435235,-2.8650023831508653
pca,pca,øː,axis,245.86624103947517,-9.173450978701561,-6.1797806320778434,-14.336622954340447,-3.509607818065495,-9.238713786790619,-2.8243661762990464
pca,pca,øː,axis,248.25329192335357,-9.243507734695651,-6.159479338432533,-14.435483668906532,-3.5363099823338664,-9.189172035488136,-2.758065195664086
pca,pca,øː,axis,250.64034280723197,-9.318831064027536,-6.136836177425696,-14.53527994423959,-3.571404769114988,-9.157917183847992,-2.698247355088903
pca,pca,øː,axis,253.02739369111038,-9.399350745719369,-6.111882373955494,-14.635508906862462,-3.5747300661557158,-9.138276403142383,-2.644081452491337
pca,pca,øː,axis,255.41444457498878,-9.484996558793322,-6.08464915292008,-14.736164709649596,-3.5906414093314485,-9.141742812734428,-2.604565727254896
pca,pca,øː,axis,257.8014954588672,-9.575698282271551,-6.055167739217602,-14.849600654610425,-3.617088127019917,-9.140193907320645,-2.5909231575831404
pca,pca,øː,axis,260.18854634274555,-9.67138569517623,-6.023469357746217,-14.966161041103858,-3.673137206897218,-9.133699344053857,-2.585790287324678
pca,pca,øː,axis,262.575597226624,-9.771988576529514,-5.989585233404078,-15.08227298357019,-3.79621548739457,-9.122328780086951,-2.5554199913318727
pca,pca,øː,axis,264.96264811050236,-9.877436705353562,-5.95354659108934,-15.197942888352669,-3.926643508664518,-9.112491128820478,-2.508130560708921
pca,pca,øː,axis,267.3496989943808,-9.987659860670545,-5.915384655700153,-15.313177161794535,-4.067700898209123,-9.110489340683461,-2.460131846087808
pca,pca,øː,axis,269.73674987825916,-10.102587821502619,-5.875130652134676,-15.427982210239033,-4.182379141166927,-9.080883145620856,-2.412278847444693
pca,pca,øː,axis,272.1238007621376,-10.222150366871952,-5.832815805291061,-15.542364440029404,-4.30201648795746,-9.040389146610886,-2.349020664176497
pca,pca,øː,axis,274.51085164601596,-10.346277275800704,-5.788471340067458,-15.656330257508882,-4.43109016824702,-9.009948549418395,-2.313511394640101
pca,pca,øː,axis,276.89790252989434,-10.47489832731104,-5.742128481362023,-15.76988606902073,-4.569455007674056,-8.97535531172172,-2.269572398729836
pca,pca,øː,axis,279.28495341377277,-10.607943300425122,-5.693818454072909,-15.883038280908194,-4.71696583187705,-8.91388742264826,-2.217108415384962
pca,pca,øː,axis,281.67200429765114,-10.74534197416511,-5.643572483098271,-15.995793299514505,-4.873477466494497,-8.866414164423121,-2.1608285261967017
pca,pca,øː,axis,284.0590551815296,-10.887024127553177,-5.591421793336261,-16.108157531182904,-5.03729682072744,-8.802340159610093,-2.108304416386626
pca,pca,øː,axis,286.44610606540795,-11.032919539611457,-5.537397609685037,-16.21528759020321,-5.209408091228797,-8.722625888493974,-2.0695115827352577
pca,pca,øː,axis,288.8331569492864,-11.18295798936215,-5.481531157042747,-16.285943878516967,-5.389940853975913,-8.640394835967948,-2.023882620009746
pca,pca,øː,axis,291.22020783316475,-11.337069255827396,-5.4238536603075485,-16.386232378369762,-5.583073278866354,-8.56380586932612,-1.9863054840243568
pca,pca,øː,axis,293.6072587170432,-11.495183118029372,-5.364396344377591,-16.500914908397583,-5.836991052329011,-8.471819521667454,-1.9785379930887643
pca,pca,øː,axis,295.99430960092155,-11.657229354990223,-5.3031904341510305,-16.57552092813942,-6.10012310323894,-8.376449524669672,-1.955779788390218
pca,pca,øː,axis,298.3813604848,-11.823137745732131,-5.24026715452602,-16.690942807321917,-6.3593504953138105,-8.290840342174409,-1.9300562350192592
pca,pca,øː,axis,300.76841136867836,-11.992838069277235,-5.175657730400719,-16.805724905676694,-6.582260527909498,-8.218497166668365,-1.898532763973823
pca,pca,øː,axis,303.1554622525568,-12.166260104647721,-5.109393386673272,-16.910206020156586,-6.812956498561305,-8.117131818855963,-1.8537493528184321
pca,pca,øː,axis,305.54251313643516,-12.343333630865741,-5.041505348241838,-16.99432455004152,-7.051667666593607,-8.00908862720579,-1.8083788256776072
pca,pca,øː,axis,307.92956402031353,-12.523988426953466,-4.972024840004568,-17.078349675240887,-7.298239893595196,-7.872852867625818,-1.7637996309232675
pca,pca,øː,axis,310.31661490419197,-12.708154271933047,-4.900983086859613,-17.150773989082513,-7.564780676666921,-7.736153895432464,-1.71866775043746
pca,pca,øː,axis,312.70366578807034,-12.895760944826655,-4.828411313705132,-17.289923840203322,-7.869290022809029,-7.642083149726134,-1.6985909350857626
pca,pca,øː,axis,315.09071667194877,-13.086738224656447,-4.754340745439286,-17.470026443900547,-8.177803325113734,-7.565301873229304,-1.6982477428571394
pca,pca,øː,axis,317.47776755582714,-13.281015890444579,-4.678802606960211,-17.676753889903782,-8.474215482643402,-7.437676990155969,-1.7124350306945426
pca,pca,øː,axis,319.8648184397056,-13.478523721213229,-4.601828123166072,-17.854510060079807,-8.778291575174839,-7.326129578366319,-1.7139903254593178
pca,pca,øː,axis,322.25186932358395,-13.679191495984576,-4.523448518955018,-18.001304991592974,-9.087791055838359,-7.210992351880683,-1.6905495078362447
pca,pca,øː,axis,324.6389202074624,-13.882948993780722,-4.44369501922521,-18.184624562606338,-9.348736557996547,-7.103497216781552,-1.6494739287760842
pca,pca,øː,axis,327.02597109134075,-14.089725993623908,-4.362598848874789,-18.35381539262661,-9.525111578863102,-7.003130139846801,-1.5782588233336694
pca,pca,øː,axis,329.4130219752192,-14.299452274536229,-4.2801912328019185,-18.48721372018063,-9.69554412263433,-6.904975757358296,-1.5308204335698643
pca,pca,øː,axis,331.80007285909755,-14.512057615539895,-4.196503395904749,-18.763952723906726,-9.874417074445477,-6.805707743788864,-1.4985031933538209
pca,pca,øː,axis,334.187123742976,-14.727471795657031,-4.111566563081439,-19.05448859697834,-10.153974103626553,-6.72101720652656,-1.4234709655850737
pca,pca,øː,axis,336.57417462685436,-14.94562459390984,-4.02541195923013,-19.310245939917785,-10.352079179344083,-6.570287416364867,-1.3871738077275688
pca,pca,øː,axis,338.96122551073273,-15.166445789320441,-3.938070809248991,-19.502809420180743,-10.59106809431469,-6.4085132428181595,-1.3520935595515091
pca,pca,øː,axis,341.34827639461116,-15.389865160911043,-3.8495743380361596,-19.692419919950012,-10.883381494613248,-6.276798414799508,-1.3292188523644588
pca,pca,øː,axis,343.73532727848954,-15.615812487703764,-3.7599537704898047,-19.909479980136265,-11.143775046335964,-6.142298521996566,-1.2269335857542825
pca,pca,øː,axis,346.12237816236797,-15.844217548720799,-3.6692403315080675,-20.14433126919566,-11.4435045503289,-6.101288344440229,-1.098449942608135
pca,pca,øː,axis,348.50942904624634,-16.075010122984303,-3.57746524598911,-20.43630373273334,-11.665553779756515,-5.977585891706523,-0.9688364122280524
pca,pca,øː,axis,350.89647993012477,-16.308119989516427,-3.4846597388310805,-20.728025771179485,-11.741049692496052,-5.879189049981886,-0.8779741134394331
pca,pca,øː,axis,353.28353081400314,-16.54347692733934,-3.390855034932141,-21.08588786032036,-11.968271768540793,-5.785449602662007,-0.8421462829124704
pca,pca,øː,axis,355.6705816978816,-16.781010715475226,-3.2960823591904287,-21.42939963942812,-12.155608374386423,-5.696894477933386,-0.7668071014673886
pca,pca,øː,axis,358.05763258175995,-17.020651132946206,-3.2003729365041202,-21.771770233695364,-12.488075409606473,-5.635354016357505,-0.661868350997316
pca,pca,øː,axis,360.4446834656384,-17.26232795877447,-3.1037579917713565,-22.15599615661656,-12.785589988666857,-5.552357738995475,-0.5424276644761964
pca,pca,øː,axis,362.83173434951675,-17.505970971982173,-3.0062687498902854,-22.509492761144465,-12.822508783194207,-5.434671679778319,-0.3969307362906909
pca,pca,øː,axis,365.2187852333952,-17.75150995159151,-2.907936435759062,-22.85976058810258,-13.054415512967632,-5.331277735660161,-0.2634440657369561
pca,pca,øː,axis,367.60583611727355,-17.998874676624588,-2.8087922742758487,-23.294982316919505,-13.353444236069572,-5.3057667418334455,-0.0988717394101325
pca,pca,øː,axis,369.9928870011519,-18.2479949261036,-2.708867490338797,-23.668313675605763,-13.586163965667742,-5.283002199796791,0.09498662674557853
pca,pca,øː,axis,372.37993788503036,-18.498800479050715,-2.6081933088460545,-24.01329211397098,-13.73051590854045,-5.273923447541429,0.2909442355616895
pca,pca,øː,axis,374.76698876890873,-18.751221114488075,-2.506800954695784,-24.32905504496464,-13.824450859525887,-5.222389588213301,0.48372122868875445
pca,pca,øː,axis,377.15403965278716,-19.005186611437864,-2.404721652786126,-24.65739409289739,-13.90015389305995,-5.179953840033918,0.6889399421988296
pca,pca,øː,axis,379.54109053666554,-19.260626748922228,-2.3019866280152463,-25.02001370556644,-14.02781283796365,-5.15031300555981,0.889223281584663
pca,pca,øː,axis,381.92814142054397,-19.517471305963348,-2.1986271052812967,-25.41433242661216,-14.072774783582158,-5.138995958588058,1.0800240240677614
pca,pca,øː,axis,384.31519230442234,-19.775650061583363,-2.0946743094824214,-25.819609897711683,-14.065886595651971,-5.125452975554857,1.2741642276723597
pca,pca,øː,axis,386.70224318830077,-20.03509279480444,-1.9901594655167827,-26.227140934652073,-14.236758081303822,-5.120455300148628,1.4808984477842726
pca,pca,øː,axis,389.08929407217914,-20.295729284648758,-1.8851137982825428,-26.665487088498647,-14.44486589718486,-5.1154512998631505,1.6851334456415776
pca,pca,øː,axis,391.4763449560576,-20.55748931013847,-1.7795685326778354,-27.139357589948,-14.563028137226647,-5.098757448002558,1.841955490089082
pca,pca,øː,axis,393.86339583993595,-20.820302650295744,-1.6735548936008193,-27.57403141122548,-14.75726202790374,-5.138145392969432,2.016044069711536
pca,pca,øː,axis,396.2504467238144,-21.084099084142743,-1.5671041059496602,-28.005112463328757,-14.850368879271466,-5.189945382733868,2.1891532644671448
pca,pca,øː,axis,398.63749760769275,-21.34880839070162,-1.4602473946225096,-28.437722872289317,-14.949473832055757,-5.221393764518085,2.343530240018947
pca,pca,øː,axis,401.0245484915711,-21.614360348994545,-1.353015984517512,-28.871744995272064,-15.048972152458266,-5.269129062173605,2.5001895989274407
pca,pca,øː,axis,403.41159937544955,-21.88068473804369,-1.2454411005328154,-29.30706118944181,-15.148831059844147,-5.317353550669918,2.7092028473998537
pca,pca,øː,axis,405.7986502593279,-22.147711336871183,-1.137553967566589,-29.743553811963366,-15.24804116634997,-5.364152762626478,2.9718045998462763
pca,pca,øː,axis,408.18570114320636,-22.41536992449923,-1.0293858105169704,-30.181105220001516,-15.347545248185162,-5.434441304088671,3.1427384637604647
pca,pca,øː,axis,410.57275202708473,-22.683590279949982,-0.9209678542821322,-30.619597770721136,-15.436529514490951,-5.519572348716951,3.3181416090889764
pca,pca,øː,axis,412.95980291096316,-22.952302182245575,-0.812331323760219,-31.04643984534374,-15.524552467790372,-5.604143272959008,3.5344882198525958
pca,pca,øː,axis,415.34685379484154,-23.221435410408183,-0.7035074438493965,-31.45254059471962,-15.612759939999597,-5.702641123323398,3.752750593996324
pca,pca,øː,axis,417.73390467871997,-23.49091974346002,-0.5945274394477664,-31.859092562573665,-15.701121177967012,-5.778628916213469,3.9456307083575144
pca,pca,øː,axis,420.12095556259834,-23.76068496042315,-0.48542253545356573,-32.26600550521022,-15.789605428540936,-5.821626431284916,4.139167835533942
pca,pca,øː,axis,422.50800644647677,-24.030660840319804,-0.3762239567648962,-32.67641825276968,-15.82332133040969,-5.865883364596725,4.369887978533004
pca,pca,øː,axis,424.89505733035514,-24.300777162172174,-0.2669629282798951,-33.088353004055605,-15.84924295123336,-5.910180817813439,4.627933859152964
pca,pca,øː,axis,427.2821082142336,-24.570963705002363,-0.15767067489674957,-33.500379682854685,-15.872628758497582,-5.940063893214828,4.913749384957766
