method,space,vowel,geographic_coordinate,geographic_position,predicted_display_x,predicted_display_y,display_x_lower_95,display_x_upper_95,display_y_lower_95,display_y_upper_95
fasttrack,bark,uː,axis,0.0,-10.304174168069192,-4.467100687126899,-11.182217025420725,-9.056330160897186,-4.813976004675895,-4.130540860332539
fasttrack,bark,uː,axis,2.3870508838783997,-10.223579576166149,-4.45520881698041,-11.07117681971709,-9.017773938166442,-4.79032211777412,-4.128063583192799
fasttrack,bark,uː,axis,4.774101767756799,-10.143034126342517,-4.443321544189043,-10.9603601027489,-8.983132279250611,-4.766682509666356,-4.127446936075918
fasttrack,bark,uː,axis,7.161152651635199,-10.062586960677702,-4.431443466107917,-10.849719025356585,-8.948514302198815,-4.743071459146607,-4.131157833819728
fasttrack,bark,uː,axis,9.548203535513599,-9.982287221251115,-4.419579180092155,-10.739313307856463,-8.913931847943077,-4.719503245008887,-4.134839427862995
fasttrack,bark,uː,axis,11.935254419391999,-9.902184050142164,-4.407733283496877,-10.631971101907052,-8.875898194336726,-4.695992146047202,-4.138450565592667
fasttrack,bark,uː,axis,14.322305303270397,-9.822326589430261,-4.395910373677205,-10.524984995881962,-8.833454149572697,-4.6704234268571625,-4.138981588551864
fasttrack,bark,uː,axis,16.7093561871488,-9.742763981194813,-4.38411504798826,-10.41842620976606,-8.791140920790442,-4.64598850528043,-4.141008845818334
fasttrack,bark,uː,axis,19.096407071027198,-9.66354536751523,-4.3723519037851615,-10.310661255959271,-8.748836313291958,-4.625118004559334,-4.14297427082009
fasttrack,bark,uː,axis,21.483457954905596,-9.584719890470922,-4.360625538423032,-10.20334464817002,-8.706356753853493,-4.6028685426553855,-4.144869030376455
fasttrack,bark,uː,axis,23.870508838783998,-9.506336692141296,-4.348940549256992,-10.100062702130575,-8.660680020156107,-4.5826272425788135,-4.1447166411326855
fasttrack,bark,uː,axis,26.257559722662396,-9.428444914605763,-4.3373015336421625,-9.994743157372614,-8.616349970279911,-4.559325670395442,-4.14276465790903
fasttrack,bark,uː,axis,28.644610606540795,-9.351093699943734,-4.325713088933666,-9.893480720595019,-8.577298094604366,-4.53616439508065,-4.138023046322303
fasttrack,bark,uː,axis,31.031661490419197,-9.274332190234613,-4.314179812486622,-9.79588214935756,-8.540974710349047,-4.512605456470816,-4.135324707889342
fasttrack,bark,uː,axis,33.4187123742976,-9.198209527557815,-4.302706301656152,-9.693583198672354,-8.510572464508018,-4.490031615910559,-4.1325115264076695
fasttrack,bark,uː,axis,35.80576325817599,-9.122774853992745,-4.291297153797378,-9.596387279500037,-8.47142456964683,-4.468309604585869,-4.129454838422328
fasttrack,bark,uː,axis,38.192814142054395,-9.048077311618815,-4.279956966265418,-9.494093557310322,-8.424789695747991,-4.44565866848982,-4.125489927386252
fasttrack,bark,uː,axis,40.5798650259328,-8.974166042515433,-4.268690336415397,-9.398783933989185,-8.374396421407054,-4.424123041826225,-4.120066110876725
fasttrack,bark,uː,axis,42.96691590981119,-8.901090188762009,-4.257501861602435,-9.3033863552925,-8.324474789553665,-4.403941764852525,-4.118844022323558
fasttrack,bark,uː,axis,45.353966793689594,-8.828898892437952,-4.246396139181652,-9.214925859335724,-8.278660222786138,-4.387840853871041,-4.111490621587927
fasttrack,bark,uː,axis,47.741017677567996,-8.75764129562267,-4.2353777665081696,-9.131038866101855,-8.243680903456017,-4.370292123522739,-4.102975152411991
fasttrack,bark,uː,axis,50.12806856144639,-8.687366540395573,-4.224451340937109,-9.052511918261926,-8.20444431733614,-4.35310679348099,-4.095188704074916
fasttrack,bark,uː,axis,52.51511944532479,-8.618123768836073,-4.213621459823591,-8.971441330584371,-8.157709167707747,-4.338021693692471,-4.092312067409602
fasttrack,bark,uː,axis,54.902170329203194,-8.549962123023574,-4.202892720522736,-8.894603769490407,-8.110145831385221,-4.3236608867746,-4.081516755957421
fasttrack,bark,uː,axis,57.28922121308159,-8.482930745037491,-4.192269720389667,-8.816053819471495,-8.068265342939137,-4.310141347678254,-4.074068670582895
fasttrack,bark,uː,axis,59.67627209695999,-8.41707877695723,-4.181757056779504,-8.73886455901908,-8.021414126900526,-4.29664325273522,-4.066647439035641
fasttrack,bark,uː,axis,62.06332298083839,-8.3524553608622,-4.171359327047368,-8.660888843828827,-7.9830354701687884,-4.283183251670211,-4.057587292164371
fasttrack,bark,uː,axis,64.4503738647168,-8.28910963883181,-4.16108112854838,-8.587885238861809,-7.929690754507305,-4.270379323006238,-4.048884046637772
fasttrack,bark,uː,axis,66.8374247485952,-8.227090752945472,-4.150927058637661,-8.521370978980064,-7.884689328606365,-4.26179062035642,-4.03927312324777
fasttrack,bark,uː,axis,69.22447563247358,-8.166447845282594,-4.140901714670333,-8.459071140854332,-7.8527814835433585,-4.258022803564329,-4.031266275583039
fasttrack,bark,uː,axis,71.61152651635199,-8.107230057922582,-4.1310096940015155,-8.39695067296631,-7.80143028855456,-4.250216662853282,-4.023585294600227
fasttrack,bark,uː,axis,73.99857740023039,-8.04948653294485,-4.121255593986331,-8.335506996285831,-7.752942949463307,-4.239680959773051,-4.014465847920345
fasttrack,bark,uː,axis,76.38562828410879,-7.993266412428806,-4.111644011979901,-8.27716345961085,-7.705862420806118,-4.231080166956017,-4.005448590928469
fasttrack,bark,uː,axis,78.77267916798719,-7.9386188384538565,-4.102179545337345,-8.229607582770553,-7.659904134555084,-4.2213102037424965,-3.993825628778659
fasttrack,bark,uː,axis,81.1597300518656,-7.885592953099415,-4.092866791413784,-8.172304034654205,-7.6129204315987105,-4.21300343267606,-3.9827556685357464
fasttrack,bark,uː,axis,83.546780935744,-7.834237898444886,-4.083710347564342,-8.116247272868591,-7.570582684660286,-4.204457944082768,-3.973774572453134
fasttrack,bark,uː,axis,85.93383181962238,-7.784602816569684,-4.074714811144135,-8.066429470114251,-7.530121394355996,-4.198091949332849,-3.9640421762844626
fasttrack,bark,uː,axis,88.32088270350079,-7.736736849163003,-4.065884779480124,-8.021662977654934,-7.484320150410795,-4.191414622504476,-3.9531556385978015
fasttrack,bark,uː,axis,90.70793358737919,-7.69067453719326,-4.0572237960292545,-7.975761815992771,-7.437208052673631,-4.182993135214669,-3.9434572516499236
fasttrack,bark,uː,axis,93.09498447125759,-7.646397171002741,-4.048731560654825,-7.933004287030384,-7.387818938740677,-4.174416630640924,-3.9329603311469388
fasttrack,bark,uː,axis,95.48203535513599,-7.603873904532283,-4.040406897222999,-7.8932325958533545,-7.338897078592403,-4.166482955386985,-3.924216271529403
fasttrack,bark,uː,axis,97.8690862390144,-7.563073891722718,-4.032248629599945,-7.855140550910772,-7.289148264230988,-4.157861054967072,-3.914845698750124
fasttrack,bark,uː,axis,100.25613712289278,-7.523966286514882,-4.024255581651829,-7.817860034358277,-7.243284616152898,-4.151548091246932,-3.9043136194275383
fasttrack,bark,uː,axis,102.64318800677118,-7.486520242849606,-4.016426577244818,-7.784811420509031,-7.198850743906158,-4.145127084667118,-3.8962287868254175
fasttrack,bark,uː,axis,105.03023889064958,-7.450704914667726,-4.008760440245078,-7.753259057043132,-7.157711023472468,-4.1369562700849105,-3.8896487737363707
fasttrack,bark,uː,axis,107.41728977452799,-7.416489455910076,-4.001255994518778,-7.720864084052181,-7.119092562511817,-4.127970245897195,-3.8826374349654738
fasttrack,bark,uː,axis,109.80434065840639,-7.3838430205174905,-3.993912063932082,-7.689288403928603,-7.078962761237667,-4.118916190207574,-3.8767418290762365
fasttrack,bark,uː,axis,112.19139154228479,-7.352734762430805,-3.986727472351158,-7.66061070087757,-7.047661845644159,-4.109812619816853,-3.870501666644915
fasttrack,bark,uː,axis,114.57844242616318,-7.32313383559085,-3.979701043642172,-7.633920477139367,-7.015852708572903,-4.100794314949125,-3.864064278003911
fasttrack,bark,uː,axis,116.96549331004158,-7.295009393938464,-3.972831601671291,-7.60886927414338,-6.985547629908325,-4.094612884628655,-3.8581240901104006
fasttrack,bark,uː,axis,119.35254419391998,-7.268330591414477,-3.9661179703046825,-7.58334390971082,-6.958636936920832,-4.089546140782588,-3.8513400354008485
fasttrack,bark,uː,axis,121.73959507779838,-7.2430665819597255,-3.9595589734085115,-7.557249474249376,-6.9350223784558285,-4.084495119840725,-3.844239844080968
fasttrack,bark,uː,axis,124.12664596167679,-7.219186519515043,-3.9531534348489457,-7.533260334219969,-6.913305777197056,-4.079461235916387,-3.8361811468546723
fasttrack,bark,uː,axis,126.51369684555519,-7.196659558021266,-3.946900178492152,-7.512901465179257,-6.892704565732234,-4.074027692212808,-3.829980090320244
fasttrack,bark,uː,axis,128.9007477294336,-7.175454851419224,-3.9407980282042967,-7.493782349781786,-6.869126547813467,-4.0668873478744,-3.824747822318625
fasttrack,bark,uː,axis,131.287798613312,-7.155541553649754,-3.9348458078515454,-7.472949739547427,-6.851484945986197,-4.059611049386109,-3.8196832058766663
fasttrack,bark,uː,axis,133.6748494971904,-7.13688881865369,-3.9290423413000677,-7.45200241572718,-6.837916647667178,-4.0533074756837735,-3.8147988407115103
fasttrack,bark,uː,axis,136.0619003810688,-7.119465800371865,-3.9233864524160276,-7.431488655270533,-6.826011961590515,-4.048155351838432,-3.8089292617074246
fasttrack,bark,uː,axis,138.44895126494717,-7.103241652745115,-3.9178769650655925,-7.414963145155924,-6.814897622118506,-4.041946641124291,-3.8016794627968706
fasttrack,bark,uː,axis,140.83600214882557,-7.088185529714273,-3.912512703114929,-7.400725338458749,-6.801565521453631,-4.035378866561045,-3.7944015957186603
fasttrack,bark,uː,axis,143.22305303270397,-7.074266585220173,-3.907292490430204,-7.38439414773194,-6.787614927869547,-4.028469328227785,-3.7887497457109025
fasttrack,bark,uː,axis,145.61010391658237,-7.061453973203649,-3.9022151508775846,-7.369566084303445,-6.774602521508573,-4.021884497270989,-3.7818665718932998
fasttrack,bark,uː,axis,147.99715480046078,-7.049716847605538,-3.897279508323237,-7.356074215639169,-6.759447640023951,-4.015206812090977,-3.7769235005747506
fasttrack,bark,uː,axis,150.38420568433918,-7.0390243623666695,-3.892484386633328,-7.343360977308846,-6.745237266180882,-4.008139897064439,-3.77184666261591
fasttrack,bark,uː,axis,152.77125656821758,-7.0293456714278815,-3.8878286096740236,-7.331537608099681,-6.737304338557434,-4.000636937150956,-3.767543656268588
fasttrack,bark,uː,axis,155.15830745209598,-7.0206499287300055,-3.8833110013114918,-7.317570526943928,-6.7291269841733365,-3.9943059089703152,-3.765793291580899
fasttrack,bark,uː,axis,157.54535833597438,-7.012906288213877,-3.8789303854118984,-7.307559511916768,-6.723852098084561,-3.9882705175504576,-3.7620887751769203
fasttrack,bark,uː,axis,159.9324092198528,-7.006083903820327,-3.87468558584141,-7.29496528757003,-6.719579644637593,-3.9829548001774784,-3.7607907480779557
fasttrack,bark,uː,axis,162.3194601037312,-7.000151929490196,-3.8705754264661936,-7.286636055458475,-6.71936649576855,-3.9771069753273665,-3.7589100359024306
fasttrack,bark,uː,axis,164.7065109876096,-6.995079519164315,-3.866598731152415,-7.279942334422022,-6.715845150424246,-3.9719307578544885,-3.758309157171825
fasttrack,bark,uː,axis,167.093561871488,-6.990835826783516,-3.862754323766243,-7.279506056913828,-6.70872068375033,-3.9676564486880967,-3.756478651774512
fasttrack,bark,uː,axis,169.48061275536637,-6.987390006288634,-3.8590410281738423,-7.278843758018488,-6.704084923255748,-3.9619892989671595,-3.750292829369491
fasttrack,bark,uː,axis,171.86766363924477,-6.984711211620508,-3.85545766824138,-7.276061919283376,-6.704857877348752,-3.9595243677909377,-3.744082963483089
fasttrack,bark,uː,axis,174.25471452312317,-6.982768596719965,-3.8520030678350228,-7.271408011904686,-6.710029269625912,-3.957158040662513,-3.7413216779545473
fasttrack,bark,uː,axis,176.64176540700157,-6.981531315527842,-3.848676050820938,-7.267492692709952,-6.7134770221908875,-3.9560388927469456,-3.739139626839353
fasttrack,bark,uː,axis,179.02881629087997,-6.980968521984974,-3.845475441065292,-7.266739717948064,-6.715571231575447,-3.954085419377939,-3.73464868293453
fasttrack,bark,uː,axis,181.41586717475838,-6.9810493700321965,-3.842400062434251,-7.267120523191205,-6.71823478397527,-3.9527367492559233,-3.731559601705372
fasttrack,bark,uː,axis,183.80291805863678,-6.981743013610341,-3.8394487387939824,-7.27167025103395,-6.720502773015684,-3.9513794737325063,-3.7278965322758997
fasttrack,bark,uː,axis,186.18996894251518,-6.9830186066602415,-3.8366202940106513,-7.27687278775958,-6.71854640908764,-3.9504855021476315,-3.723664531715365
fasttrack,bark,uː,axis,188.57701982639358,-6.984845303122732,-3.8339135519504266,-7.284068439225543,-6.720502894808891,-3.9494879800570772,-3.717659415567054
fasttrack,bark,uː,axis,190.96407071027198,-6.98719225693865,-3.8313273364794735,-7.283858070830406,-6.722033541392985,-3.948556019967733,-3.7119510160225655
fasttrack,bark,uː,axis,193.35112159415038,-6.9900286220488255,-3.82886047146396,-7.288578263589721,-6.720358058404337,-3.946822260372224,-3.707891095340572
fasttrack,bark,uː,axis,195.7381724780288,-6.993323552394098,-3.8265117807700513,-7.294357380956443,-6.724546830236113,-3.9445945153500666,-3.705586383912236
fasttrack,bark,uː,axis,198.1252233619072,-6.997046201915295,-3.8242800882639143,-7.303250463439014,-6.726996289104137,-3.9438368226775946,-3.7034599004160795
fasttrack,bark,uː,axis,200.51227424578556,-7.001165724553255,-3.8221642178117166,-7.314567368542464,-6.732381997558885,-3.9439598859302967,-3.7010776762267783
fasttrack,bark,uː,axis,202.89932512966396,-7.005651274248811,-3.8201629932796237,-7.32196555530922,-6.73451416808374,-3.9425270672250523,-3.6978317834632257
fasttrack,bark,uː,axis,205.28637601354237,-7.010472004942795,-3.8182752385338032,-7.336299608029218,-6.738551372155874,-3.9410397068110097,-3.6954418827568287
fasttrack,bark,uː,axis,207.67342689742077,-7.015597070576048,-3.8164997774404217,-7.348913206228878,-6.748731885923014,-3.9409369820164097,-3.6922961153504783
fasttrack,bark,uː,axis,210.06047778129917,-7.020995625089393,-3.8148354338656447,-7.354868686566327,-6.755063805989169,-3.940284074783756,-3.687356930012347
fasttrack,bark,uː,axis,212.44752866517757,-7.026636822423674,-3.8132810316756407,-7.358901539967584,-6.757254350562875,-3.940591725105654,-3.6818071396085723
fasttrack,bark,uː,axis,214.83457954905597,-7.032489816519723,-3.811835394736576,-7.361943954276285,-6.762935485162256,-3.941312525163161,-3.6757258793835015
fasttrack,bark,uː,axis,217.22163043293438,-7.03852376131837,-3.810497346914615,-7.366523157396911,-6.765944604307133,-3.9422117380433193,-3.6720467408662483
fasttrack,bark,uː,axis,219.60868131681278,-7.044707810760453,-3.809265712075928,-7.372996948178742,-6.769784648367952,-3.9431104701873783,-3.6700042977858187
fasttrack,bark,uː,axis,221.99573220069118,-7.051011118786803,-3.808139314086679,-7.3840749712022955,-6.773295956014654,-3.9440857661461455,-3.667782484194781
fasttrack,bark,uː,axis,224.38278308456958,-7.057402839338261,-3.8071169768130355,-7.394976747619817,-6.781012194487585,-3.9442928596328675,-3.6656385725013894
fasttrack,bark,uː,axis,226.76983396844798,-7.063852126355654,-3.806197524121164,-7.40427811566202,-6.790254579420574,-3.9441449705193063,-3.6635876141030836
fasttrack,bark,uː,axis,229.15688485232636,-7.070328133779819,-3.8053797798772315,-7.415553382544287,-6.797212328321416,-3.9440937641669436,-3.6620304538584776
fasttrack,bark,uː,axis,231.54393573620476,-7.076800015551589,-3.8046625679474046,-7.426681672100894,-6.8001926603778555,-3.9445679489278858,-3.6596495196435046
fasttrack,bark,uː,axis,233.93098662008316,-7.0832369256118,-3.8040447121978502,-7.437380094832116,-6.804860076458966,-3.9468798549236817,-3.6573287188425225
fasttrack,bark,uː,axis,236.31803750396156,-7.089609509690845,-3.8035250348,-7.447604347833394,-6.807881267504795,-3.9476024563537235,-3.6552261730095226
fasttrack,bark,uː,axis,238.70508838783996,-7.095906484430651,-3.803102337395984,-7.456603236713645,-6.81040010053297,-3.9483634869142716,-3.653474964317543
fasttrack,bark,uː,axis,241.09213927171837,-7.102128580815199,-3.8027754079791416,-7.46242951473054,-6.8141883607450415,-3.948933854233209,-3.651499972496553
fasttrack,bark,uː,axis,243.47919015559677,-7.108276746671772,-3.8025430342964732,-7.467852437693482,-6.818164150554845,-3.949122342763711,-3.649801027948633
fasttrack,bark,uː,axis,245.86624103947517,-7.114351929827642,-3.802404004094975,-7.472877176821102,-6.82232506573676,-3.9492905941028877,-3.648374591606179
fasttrack,bark,uː,axis,248.25329192335357,-7.120355078110103,-3.8023571051216445,-7.477508903332047,-6.8266687020651755,-3.949383238453219,-3.6472171244015885
fasttrack,bark,uː,axis,250.64034280723197,-7.126287139346431,-3.80240112512348,-7.481752788444957,-6.831192655314486,-3.949401270643505,-3.6463250872672566
fasttrack,bark,uː,axis,253.02739369111038,-7.132149061363908,-3.80253485184748,-7.485614003378468,-6.835894521259075,-3.9493456855025473,-3.6456610188623384
fasttrack,bark,uː,axis,255.41444457498878,-7.137941791989812,-3.802757073040641,-7.489097719351228,-6.8388783505024575,-3.9492174778591456,-3.6448393188027084
fasttrack,bark,uː,axis,257.8014954588672,-7.143666279051436,-3.8030665764499614,-7.493188318378465,-6.8420280565434,-3.9490176425421013,-3.644299657264074
fasttrack,bark,uː,axis,260.18854634274555,-7.14932347037605,-3.803462149822439,-7.497249333151941,-6.847330705802398,-3.9487471743802143,-3.644038117044755
fasttrack,bark,uː,axis,262.575597226624,-7.154914313790936,-3.8039425809050726,-7.501117885327355,-6.857829837451277,-3.948438889615836,-3.6443054023989814
fasttrack,bark,uː,axis,264.96264811050236,-7.160439757123385,-3.8045066574448567,-7.5054882321123895,-6.86838789645278,-3.9483045702490203,-3.645494880384074
fasttrack,bark,uː,axis,267.3496989943808,-7.165900748200677,-3.8051531671887933,-7.511896926719722,-6.877256879533,-3.9480938877168326,-3.6463374862756868
fasttrack,bark,uː,axis,269.73674987825916,-7.171298234850084,-3.8058808978838767,-7.518137875889937,-6.885547447108126,-3.9478495152152617,-3.6470234133240704
fasttrack,bark,uː,axis,272.1238007621376,-7.176633164898902,-3.8066886372771074,-7.524213583286285,-6.891631556997288,-3.948254291537827,-3.6470969862981186
fasttrack,bark,uː,axis,274.51085164601596,-7.1819064861744,-3.807575173115481,-7.530126552571993,-6.893988885195788,-3.948618589798816,-3.6473630261498444
fasttrack,bark,uː,axis,276.89790252989434,-7.187119146503864,-3.8085392931459965,-7.535879287410306,-6.896220152448663,-3.9490224000063985,-3.6484091719179514
fasttrack,bark,uː,axis,279.28495341377277,-7.192272093714578,-3.809579785115652,-7.535166370878771,-6.898708510964689,-3.949415313298501,-3.6501922980421373
fasttrack,bark,uː,axis,281.67200429765114,-7.197366275633819,-3.8106954367714443,-7.536070555454177,-6.901449879930163,-3.9508547787312005,-3.6536035552970914
fasttrack,bark,uː,axis,284.0590551815296,-7.202402640088877,-3.8118850358603718,-7.541225298964455,-6.904440178531388,-3.9509323658769544,-3.656224013097666
fasttrack,bark,uː,axis,286.44610606540795,-7.207382134907029,-3.8131473701294314,-7.546102062785892,-6.910960233155077,-3.9494394632252012,-3.658571042524281
fasttrack,bark,uː,axis,288.8331569492864,-7.212305707915554,-3.814481227325622,-7.5509642133676955,-6.9197627543397395,-3.94721682573325,-3.661123232143433
fasttrack,bark,uː,axis,291.22020783316475,-7.21717430694174,-3.815885395195942,-7.55606809592188,-6.927230738283348,-3.9472407618652747,-3.6638771046637224
fasttrack,bark,uː,axis,293.6072587170432,-7.221988879812862,-3.817358661487387,-7.560901016443679,-6.931776535129834,-3.9480030798163566,-3.6668291827937516
fasttrack,bark,uː,axis,295.99430960092155,-7.226750374356204,-3.818899813946955,-7.564687863848501,-6.936565311088766,-3.9489836642414566,-3.668698584775742
fasttrack,bark,uː,axis,298.3813604848,-7.231459738399053,-3.8205076403216465,-7.567562912780156,-6.943763192805466,-3.948768963562082,-3.670391735877751
fasttrack,bark,uː,axis,300.76841136867836,-7.2361179197686845,-3.8221809283584576,-7.5674776086857936,-6.951281576534101,-3.94885644303594,-3.6736376762451424
fasttrack,bark,uː,axis,303.1554622525568,-7.240725866292383,-3.823918465804385,-7.5650246407341255,-6.958372007295012,-3.9500033573710374,-3.677267059112183
fasttrack,bark,uː,axis,305.54251313643516,-7.24528452579743,-3.825719040406428,-7.565963629370537,-6.963305216350887,-3.951676896212014,-3.6819740503294054
fasttrack,bark,uː,axis,307.92956402031353,-7.249794846111104,-3.827581439911583,-7.566955871872148,-6.972198683358135,-3.9523975033504253,-3.6863271058905567
fasttrack,bark,uː,axis,310.31661490419197,-7.254257775060694,-3.8295044520668498,-7.565816410067345,-6.981229002397993,-3.9537777848177127,-3.690823267045807
fasttrack,bark,uː,axis,312.70366578807034,-7.2586742604734695,-3.8314868646192246,-7.564378936522971,-6.991021710064571,-3.955090082612796,-3.6938151755648088
fasttrack,bark,uː,axis,315.09071667194877,-7.263045250176731,-3.8335274653157057,-7.562771527011081,-6.996828541675821,-3.955376332175348,-3.6954160082979386
fasttrack,bark,uː,axis,317.47776755582714,-7.267371691997742,-3.83562504190329,-7.565384404521553,-7.000253144434626,-3.956103292927749,-3.6971202891676347
fasttrack,bark,uː,axis,319.8648184397056,-7.27165453376379,-3.837778382128977,-7.566573152806102,-7.003408631614855,-3.9577815843164297,-3.699330773420574
fasttrack,bark,uː,axis,322.25186932358395,-7.275894723302166,-3.8399862737397634,-7.567868461280466,-7.009931654820964,-3.959673087782832,-3.703340153341914
fasttrack,bark,uː,axis,324.6389202074624,-7.280093208440139,-3.8422475044826476,-7.571924596547541,-7.015368933315822,-3.9615621228311726,-3.708314982667832
fasttrack,bark,uː,axis,327.02597109134075,-7.284250937004995,-3.8445608621046263,-7.572763862778729,-7.021426028095166,-3.9636448790013894,-3.7133204041195103
fasttrack,bark,uː,axis,329.4130219752192,-7.288368856824022,-3.846925134352699,-7.5700241490508215,-7.026622670080372,-3.9665871925393654,-3.7183880173185884
fasttrack,bark,uː,axis,331.80007285909755,-7.292447915724491,-3.8493391089738607,-7.567898235180838,-7.030517532727944,-3.9682981805433712,-3.723008069745064
fasttrack,bark,uː,axis,334.187123742976,-7.296489061533695,-3.851801573715112,-7.566601354735635,-7.03527813696327,-3.9734456454871228,-3.726195823287035
fasttrack,bark,uː,axis,336.57417462685436,-7.300493242078904,-3.8543113163234493,-7.565119271038655,-7.034296984884451,-3.975856232944094,-3.7293091725190126
fasttrack,bark,uː,axis,338.96122551073273,-7.304461405187411,-3.8568671245458708,-7.563456732891246,-7.037911234617699,-3.976787938257472,-3.7336508289034747
fasttrack,bark,uː,axis,341.34827639461116,-7.308394498686493,-3.8594677861293745,-7.566044424741534,-7.036268354846328,-3.978209402399983,-3.7379398975271547
fasttrack,bark,uː,axis,343.73532727848954,-7.312293470403425,-3.8621120888209584,-7.56941376357877,-7.030258819905518,-3.9828740672941425,-3.741014209146827
fasttrack,bark,uː,axis,346.12237816236797,-7.316159268165499,-3.864798820367618,-7.568601924190597,-7.033265400726224,-3.9847494470348765,-3.7444802519341915
fasttrack,bark,uː,axis,348.50942904624634,-7.319992839799987,-3.867526768516354,-7.564756753251892,-7.0338468109254375,-3.9862055419542513,-3.749070624099263
fasttrack,bark,uː,axis,350.89647993012477,-7.32379513313419,-3.8702947210141634,-7.567121975334196,-7.023635925720454,-3.9877927886054936,-3.7526757245525193
fasttrack,bark,uː,axis,353.28353081400314,-7.3275670959953665,-3.873101465608043,-7.572987980921392,-7.020912449665645,-3.990596771613882,-3.7578293970351244
fasttrack,bark,uː,axis,355.6705816978816,-7.331309676210818,-3.875945790044991,-7.578864889274258,-7.019040612404851,-3.9934083624549577,-3.761105105284041
fasttrack,bark,uː,axis,358.05763258175995,-7.335023821607805,-3.8788264820720064,-7.582223732857233,-7.012028199224424,-3.9963388795252,-3.764735262263302
fasttrack,bark,uː,axis,360.4446834656384,-7.338710480013628,-3.881742329436085,-7.587462313047589,-7.011012541505746,-3.9985178441636053,-3.76669059347527
fasttrack,bark,uː,axis,362.83173434951675,-7.34237059925556,-3.884692119884226,-7.593547233714932,-7.010572433018147,-4.000686380963186,-3.7690599425435805
fasttrack,bark,uː,axis,365.2187852333952,-7.346005127160886,-3.8876746411634278,-7.597902881465034,-7.009427782159474,-4.003435160362718,-3.770106265348039
fasttrack,bark,uː,axis,367.60583611727355,-7.349615011556871,-3.890688681020684,-7.606697790041135,-7.004532501395086,-4.008575716738877,-3.7731760982265015
fasttrack,bark,uː,axis,369.9928870011519,-7.353201200270824,-3.8937330272029977,-7.612246290123591,-6.995334232081381,-4.014076394215379,-3.7760327413995642
fasttrack,bark,uː,axis,372.37993788503036,-7.356764641130013,-3.896806467457365,-7.6160061925764335,-6.981984883508394,-4.020402218042045,-3.7787491947195178
fasttrack,bark,uː,axis,374.76698876890873,-7.36030628196173,-3.8999077895307828,-7.620093486579387,-6.967802330016928,-4.029046639140262,-3.7810555393362626
fasttrack,bark,uː,axis,377.15403965278716,-7.3638270705932385,-3.9030357811702485,-7.627897895961974,-6.954497994537276,-4.038035729726232,-3.7837247054231593
fasttrack,bark,uː,axis,379.54109053666554,-7.3673279548518344,-3.906189230122762,-7.637976681390568,-6.946750419370839,-4.046632883592821,-3.784762856617222
fasttrack,bark,uː,axis,381.92814142054397,-7.370809882564792,-3.9093669241353193,-7.648076552254255,-6.938915810014983,-4.054735638743983,-3.7841701950340685
fasttrack,bark,uː,axis,384.31519230442234,-7.37427380155939,-3.9125676509549168,-7.658196454281289,-6.930998518179198,-4.0634410517819575,-3.785415468400331
fasttrack,bark,uː,axis,386.70224318830077,-7.377720659662927,-3.9157901983285566,-7.668335333199917,-6.923002895572964,-4.0696546055226355,-3.7875717545080567
fasttrack,bark,uː,axis,389.08929407217914,-7.3811514047026705,-3.9190333540032336,-7.6827024767049155,-6.914933293905739,-4.073314610464236,-3.7880591773511116
fasttrack,bark,uː,axis,391.4763449560576,-7.384566984505909,-3.9222959057259446,-7.696239417426785,-6.906653365437262,-4.0769738064031165,-3.7875172217033874
fasttrack,bark,uː,axis,393.86339583993595,-7.38796834689991,-3.9255766412436897,-7.706377116625861,-6.897154472336715,-4.08480851772977,-3.7863512904142014
fasttrack,bark,uː,axis,396.2504467238144,-7.391356439711977,-3.9288743483034665,-7.723524761353529,-6.884646620112819,-4.093698737319018,-3.785481946194917
fasttrack,bark,uː,axis,398.63749760769275,-7.394732210769391,-3.9321878146522713,-7.735921845280906,-6.872050722917792,-4.104763544851795,-3.7824027375615517
fasttrack,bark,uː,axis,401.0245484915711,-7.39809660789939,-3.9355158280371025,-7.743322643359368,-6.859252381130179,-4.115871394601435,-3.7821695299699587
fasttrack,bark,uː,axis,403.41159937544955,-7.401450578929314,-3.938857176204958,-7.7535196345201705,-6.846355878677645,-4.127018699716534,-3.7807651838775382
fasttrack,bark,uː,axis,405.7986502593279,-7.404795071686408,-3.9422106469028355,-7.768388238309992,-6.834506764720681,-4.137894640416522,-3.777935425810274
fasttrack,bark,uː,axis,408.18570114320636,-7.408131033997989,-3.945575027877734,-7.779528751173311,-6.823007424314339,-4.147306628328961,-3.77571991279607
fasttrack,bark,uː,axis,410.57275202708473,-7.411459413691283,-3.9489491068766496,-7.791470376634451,-6.807427215243222,-4.156740858819739,-3.77479098409503
fasttrack,bark,uː,axis,412.95980291096316,-7.414781158593627,-3.9523316716465793,-7.811983377770587,-6.794152294223746,-4.166701082196597,-3.7733446791037615
fasttrack,bark,uː,axis,415.34685379484154,-7.418097216532274,-3.9557215099345244,-7.82483988944131,-6.780981314151772,-4.177202842168273,-3.7718972510704685
fasttrack,bark,uː,axis,417.73390467871997,-7.421408535334521,-3.95911740948748,-7.840716739501731,-6.7667606313475,-4.187766086593719,-3.77044888716882
fasttrack,bark,uː,axis,420.12095556259834,-7.424716062827642,-3.9625181580524442,-7.854553816846134,-6.752065313633749,-4.198460898830567,-3.7689997745724857
fasttrack,bark,uː,axis,422.50800644647677,-7.428020746838911,-3.965922543376416,-7.86854121980431,-6.737347900581015,-4.209166831435474,-3.7675501004551393
fasttrack,bark,uː,axis,424.89505733035514,-7.4313235351956095,-3.9693293532063905,-7.882824877466803,-6.722615757302279,-4.219702749412016,-3.7658213596906087
fasttrack,bark,uː,axis,427.2821082142336,-7.434625375725034,-3.972737375289368,-7.901392472397246,-6.707876248910545,-4.227685502474411,-3.7630528207842526
fasttrack,bark,oː,axis,0.0,-9.169313184880318,-5.196740010429979,-9.82669059265754,-8.14887103264203,-5.563064417887915,-4.794375751994889
fasttrack,bark,oː,axis,2.3870508838783997,-9.102816897786104,-5.168288758078165,-9.74103408223156,-8.11704452000222,-5.522883651521205,-4.7808497367339795
fasttrack,bark,oː,axis,4.774101767756799,-9.036369552558826,-5.139860624830261,-9.656907802101438,-8.085238236969136,-5.482734260903274,-4.764475430381085
fasttrack,bark,oː,axis,7.161152651635199,-8.970020091065429,-5.111478729790172,-9.572994228275888,-8.053472413149493,-5.442647621782898,-4.747690881333194
fasttrack,bark,oː,axis,9.548203535513599,-8.903817455172845,-5.083166192061809,-9.48042621294083,-8.02176727815001,-5.402664963457721,-4.7309482865338195
fasttrack,bark,oː,axis,11.935254419391999,-8.837810586748022,-5.054946130749078,-9.383606952961468,-7.989825387312266,-5.363182254425955,-4.714261630732464
fasttrack,bark,oː,axis,14.322305303270397,-8.77204842765789,-5.026841664955889,-9.289167449266433,-7.9574197829710505,-5.325429712983804,-4.6995900593326985
fasttrack,bark,oː,axis,16.7093561871488,-8.706579919769394,-4.998875913786148,-9.202951948900079,-7.925145544701183,-5.287532487502623,-4.6857265387684475
fasttrack,bark,oː,axis,19.096407071027198,-8.641454004949471,-4.971071996343765,-9.115973223646142,-7.893024566847889,-5.247304805585073,-4.673383480220009
fasttrack,bark,oː,axis,21.483457954905596,-8.576719625065062,-4.9434530317326475,-9.033320988319215,-7.861078743756392,-5.206294815038347,-4.66104508199726
fasttrack,bark,oː,axis,23.870508838783998,-8.512425721983103,-4.916042139056703,-8.95128632034157,-7.8293299697719165,-5.168332258788171,-4.645348524615581
fasttrack,bark,oː,axis,26.257559722662396,-8.448621237570533,-4.888862437419842,-8.871231858206908,-7.79780013923969,-5.131931029228527,-4.629634970957304
fasttrack,bark,oː,axis,28.644610606540795,-8.385355113694294,-4.86193704592597,-8.793854328614952,-7.765716805853696,-5.09991465620641,-4.614283715304755
fasttrack,bark,oː,axis,31.031661490419197,-8.32267629222132,-4.8352890836789975,-8.712687784762704,-7.736746965484149,-5.064789349154092,-4.600081520719249
fasttrack,bark,oː,axis,33.4187123742976,-8.260633715018557,-4.808941669782831,-8.63768312486749,-7.705150150125995,-5.0297544909465115,-4.588860637085206
fasttrack,bark,oː,axis,35.80576325817599,-8.199276323952938,-4.78291792334138,-8.56604695276074,-7.674105409570365,-4.994879848796135,-4.578117855797883
fasttrack,bark,oː,axis,38.192814142054395,-8.138653060891407,-4.757240963458551,-8.488980784701644,-7.6439279422655595,-4.959504294643934,-4.567370099959604
fasttrack,bark,oː,axis,40.5798650259328,-8.078812867700899,-4.731933909238254,-8.412074401145894,-7.609546461409446,-4.92536313945429,-4.550802079662596
fasttrack,bark,oː,axis,42.96691590981119,-8.019804686248355,-4.707019879784395,-8.336256106533796,-7.579787097180224,-4.889962444652765,-4.533009391945128
fasttrack,bark,oː,axis,45.353966793689594,-7.961677458400712,-4.682521994200886,-8.26160292663956,-7.553786441413642,-4.85261655607781,-4.515183261098667
fasttrack,bark,oː,axis,47.741017677567996,-7.904480126024911,-4.6584633715916315,-8.193307634076595,-7.528069913118637,-4.821514420762718,-4.498427862341979
fasttrack,bark,oː,axis,50.12806856144639,-7.848261630987891,-4.634867131060542,-8.123416867339069,-7.499086176415803,-4.791179476112683,-4.483823338454757
fasttrack,bark,oː,axis,52.51511944532479,-7.793070915156591,-4.611756391711523,-8.05685160246962,-7.466885969098818,-4.76135834642605,-4.470071280668383
fasttrack,bark,oː,axis,54.902170329203194,-7.73895692039795,-4.589154272648486,-7.9861733612424315,-7.434910135352939,-4.733657617629049,-4.455145921752988
fasttrack,bark,oː,axis,57.28922121308159,-7.685968588578905,-4.5670838929753375,-7.919699327822392,-7.397988713906312,-4.703813389342475,-4.443130809598522
fasttrack,bark,oː,axis,59.67627209695999,-7.634154861566397,-4.545568371795985,-7.867027170707511,-7.371881735284403,-4.6747129935466685,-4.4301846656420505
fasttrack,bark,oː,axis,62.06332298083839,-7.583564681227364,-4.524630828214339,-7.8060188989963475,-7.336490399269873,-4.646916719979476,-4.41472962578157
fasttrack,bark,oː,axis,64.4503738647168,-7.5342469894287465,-4.504294381334305,-7.7483262578407714,-7.3039089738909935,-4.619339087455982,-4.398765529072233
fasttrack,bark,oː,axis,66.8374247485952,-7.486250728037484,-4.484582150259794,-7.686744208654441,-7.276266408046713,-4.595614190993918,-4.384188071412157
fasttrack,bark,oː,axis,69.22447563247358,-7.439624838920512,-4.465517254094711,-7.6277984021634895,-7.245066767313746,-4.57225530528005,-4.368867004329044
fasttrack,bark,oː,axis,71.61152651635199,-7.394418263944773,-4.447122811942966,-7.573068650203944,-7.212788024289654,-4.5497994152499,-4.354097643443388
fasttrack,bark,oː,axis,73.99857740023039,-7.350679944977204,-4.429421942908468,-7.523704694250565,-7.170321065519745,-4.529604353953684,-4.336740423422947
fasttrack,bark,oː,axis,76.38562828410879,-7.308458823884745,-4.412437766095124,-7.48403194239027,-7.135197467666605,-4.512501710739961,-4.319221774018022
fasttrack,bark,oː,axis,78.77267916798719,-7.2678038425343345,-4.396193400606843,-7.44455934708661,-7.099284326273471,-4.497307942233164,-4.303945026457661
fasttrack,bark,oː,axis,81.1597300518656,-7.228763942792913,-4.380711965547532,-7.401424324279936,-7.064450207502997,-4.482763549784208,-4.287762311051419
fasttrack,bark,oː,axis,83.546780935744,-7.191388066527418,-4.366016580021101,-7.362808059690961,-7.027236422740342,-4.470399771340534,-4.2758663866365
fasttrack,bark,oː,axis,85.93383181962238,-7.155725155604788,-4.352130363131455,-7.324744385920726,-6.991774073161781,-4.458162952664238,-4.2615945351303
fasttrack,bark,oː,axis,88.32088270350079,-7.121822247828684,-4.339075506480828,-7.292667966401722,-6.954425075517799,-4.444640150995017,-4.246709896015445
fasttrack,bark,oː,axis,90.70793358737919,-7.089686319591254,-4.326854687075068,-7.2627991242887875,-6.918435089420106,-4.431034908009478,-4.232175643092175
fasttrack,bark,oː,axis,93.09498447125759,-7.059286255681371,-4.3154520268508065,-7.23303089646815,-6.887517468239296,-4.419389644651284,-4.217645760550895
fasttrack,bark,oː,axis,95.48203535513599,-7.030589431100241,-4.30485091230137,-7.206771318782537,-6.857464804273089,-4.40895405927358,-4.2049948662299546
fasttrack,bark,oː,axis,97.8690862390144,-7.003563220849078,-4.295034729920089,-7.180260616943336,-6.829338503853562,-4.398191755158768,-4.194219843303268
fasttrack,bark,oː,axis,100.25613712289278,-6.97817499992909,-4.28598686620029,-7.1566449566310375,-6.804198358712133,-4.391008215187897,-4.185056461759358
fasttrack,bark,oː,axis,102.64318800677118,-6.954392143341483,-4.277690707635303,-7.1339511203097,-6.779988618681731,-4.385007327343844,-4.176146045396782
fasttrack,bark,oː,axis,105.03023889064958,-6.932182026087473,-4.270129640718453,-7.1149228397382975,-6.756656357601965,-4.377244348279256,-4.166954360365841
fasttrack,bark,oː,axis,107.41728977452799,-6.911512023168267,-4.263287051943071,-7.095359215267746,-6.736942591290247,-4.371927560974964,-4.159428733035169
fasttrack,bark,oː,axis,109.80434065840639,-6.892349509585074,-4.257146327802484,-7.076724317254365,-6.717304740753329,-4.367994934396163,-4.152188217550699
fasttrack,bark,oː,axis,112.19139154228479,-6.8746618603391045,-4.251690854790022,-7.0590046299380775,-6.699080411525689,-4.36263387621334,-4.145484956777109
fasttrack,bark,oː,axis,114.57844242616318,-6.858416450431567,-4.24690401939901,-7.0395882666361205,-6.682725238338371,-4.357988282940025,-4.139310494424874
fasttrack,bark,oː,axis,116.96549331004158,-6.843580654863675,-4.242769208122779,-7.026669980414713,-6.667927589650596,-4.355242481437518,-4.135641283898713
fasttrack,bark,oː,axis,119.35254419391998,-6.830121848636633,-4.239269807454654,-7.013485655323626,-6.655670797672222,-4.353512461815942,-4.1319694756167715
fasttrack,bark,oː,axis,121.73959507779838,-6.818007406751654,-4.236389203887967,-7.000513175421157,-6.644732533365508,-4.351929103220966,-4.12837831182192
fasttrack,bark,oː,axis,124.12664596167679,-6.8072047042099495,-4.2341107839160435,-6.988608227746478,-6.63328188185921,-4.351189406927436,-4.126406316786261
fasttrack,bark,oː,axis,126.51369684555519,-6.797681116012727,-4.232417934032213,-6.981049130382769,-6.622744670175885,-4.349236268588179,-4.125168448535334
fasttrack,bark,oː,axis,128.9007477294336,-6.789404017161196,-4.231294040729802,-6.975542672163117,-6.61434167524851,-4.34752334735543,-4.123635716074893
fasttrack,bark,oː,axis,131.287798613312,-6.7823407826565685,-4.23072249050214,-6.968987918548327,-6.609037067028021,-4.34613036703127,-4.122514811308433
fasttrack,bark,oː,axis,133.6748494971904,-6.776458787500051,-4.230686669842557,-6.963318005906735,-6.6053703846464344,-4.345356921127403,-4.123211292714068
fasttrack,bark,oː,axis,136.0619003810688,-6.7717254066928545,-4.231169965244376,-6.956388766006044,-6.604414469343757,-4.345553037460177,-4.1245069708400495
fasttrack,bark,oː,axis,138.44895126494717,-6.768108015236191,-4.232155763200931,-6.9502931822858205,-6.602920737472674,-4.346749487687974,-4.126350245777476
fasttrack,bark,oː,axis,140.83600214882557,-6.765573988131266,-4.233627450205544,-6.942289208622639,-6.604336699086582,-4.3496334556450735,-4.128760017243888
fasttrack,bark,oː,axis,143.22305303270397,-6.764090700379294,-4.235568412751549,-6.939025145935159,-6.606469720842272,-4.351170889118339,-4.130841995875205
fasttrack,bark,oː,axis,145.61010391658237,-6.763625526981482,-4.237962037332272,-6.935197238462254,-6.608005095758843,-4.35315526089483,-4.134239576651178
fasttrack,bark,oː,axis,147.99715480046078,-6.76414584293904,-4.240791710441041,-6.933472808685356,-6.609390626550001,-4.355275021657958,-4.13786549944211
fasttrack,bark,oː,axis,150.38420568433918,-6.765619023253179,-4.244040818571182,-6.9341394981371325,-6.610052627943346,-4.357085383544073,-4.141665477931418
fasttrack,bark,oː,axis,152.77125656821758,-6.768012442925108,-4.2476927482160285,-6.934691362497049,-6.611650102544117,-4.361142516511196,-4.145894698604879
fasttrack,bark,oː,axis,155.15830745209598,-6.7712934769560365,-4.251730885868902,-6.932958223101619,-6.613190562954074,-4.364332737561013,-4.149624948084114
fasttrack,bark,oː,axis,157.54535833597438,-6.775429500347174,-4.256138618023137,-6.9343107149116525,-6.619093701543429,-4.369871481019167,-4.154551270229818
fasttrack,bark,oː,axis,159.9324092198528,-6.780387888099733,-4.260899331172057,-6.939097357456634,-6.624661798583063,-4.373376443764455,-4.160672673305681
fasttrack,bark,oː,axis,162.3194601037312,-6.78613601521492,-4.265996411808993,-6.945173827013106,-6.633474604589283,-4.377746646545524,-4.166798091837135
fasttrack,bark,oː,axis,164.7065109876096,-6.792641256693946,-4.271413246427271,-6.9503211474338,-6.642032948821225,-4.3830644916843395,-4.173024201650359
fasttrack,bark,oː,axis,167.093561871488,-6.799870987538021,-4.27713322152022,-6.9571152497873285,-6.647263958197222,-4.38812199210578,-4.179799663532888
fasttrack,bark,oː,axis,169.48061275536637,-6.807792582748354,-4.2831397235811695,-6.965661108402587,-6.655156014408214,-4.3931925637968465,-4.18646783135769
fasttrack,bark,oː,axis,171.86766363924477,-6.816373417326155,-4.289416139103446,-6.974012549570517,-6.6633096522130195,-4.397633864314679,-4.193496719850937
fasttrack,bark,oː,axis,174.25471452312317,-6.825580866272636,-4.295945854580379,-6.98091228878831,-6.672461634166229,-4.403145965545025,-4.199940602774238
fasttrack,bark,oː,axis,176.64176540700157,-6.835382304589004,-4.302712256505294,-6.988286716557088,-6.680406277665714,-4.409573516499429,-4.205245605935261
fasttrack,bark,oː,axis,179.02881629087997,-6.845745107276469,-4.3096987313715225,-6.998915363683242,-6.692304745414571,-4.416227741183236,-4.2108897863924515
fasttrack,bark,oː,axis,181.41586717475838,-6.8566366493362425,-4.3168886656723915,-7.008176135978787,-6.701243618206782,-4.424530235776265,-4.217370839182549
fasttrack,bark,oː,axis,183.80291805863678,-6.868024305769534,-4.324265445901228,-7.017423484113345,-6.71003667854756,-4.431194632366634,-4.226416659065464
fasttrack,bark,oː,axis,186.18996894251518,-6.8798754515775515,-4.3318124585513615,-7.031838412719017,-6.72062843554142,-4.439028653829359,-4.235586169386382
fasttrack,bark,oː,axis,188.57701982639358,-6.892157461761507,-4.33951309011612,-7.044646494118724,-6.7333764842985815,-4.447204856002659,-4.243822351196996
fasttrack,bark,oː,axis,190.96407071027198,-6.904837711322609,-4.347350727088832,-7.0560143986566795,-6.7450441494638405,-4.455741294133166,-4.251116442711366
fasttrack,bark,oː,axis,193.35112159415038,-6.917883575262066,-4.355308755962823,-7.068900927436655,-6.753021437162168,-4.464955808856227,-4.258172193483465
fasttrack,bark,oː,axis,195.7381724780288,-6.931262428581092,-4.363370563231426,-7.080159917359913,-6.760932597573106,-4.474847700198522,-4.264678029075276
fasttrack,bark,oː,axis,198.1252233619072,-6.944941646280892,-4.3715195353879635,-7.094594390309101,-6.767738725879851,-4.484748068194368,-4.272035957718043
fasttrack,bark,oː,axis,200.51227424578556,-6.958888603362681,-4.379739058925768,-7.109377980985119,-6.777883810035479,-4.494336901035472,-4.279804062993382
fasttrack,bark,oː,axis,202.89932512966396,-6.973070674827661,-4.388012520338166,-7.12136967999546,-6.788262421981957,-4.5023470543022635,-4.287916062612403
fasttrack,bark,oː,axis,205.28637601354237,-6.98745523567705,-4.396323306118486,-7.137406411235946,-6.800485988107247,-4.510353358921206,-4.296361648497155
fasttrack,bark,oː,axis,207.67342689742077,-7.002009660912056,-4.4046548027600565,-7.152666884379428,-6.819216221405271,-4.5185350190447755,-4.303392137404582
fasttrack,bark,oː,axis,210.06047778129917,-7.016701325533884,-4.412990396756205,-7.166588220952028,-6.838189902989682,-4.528703320944431,-4.310450221482245
fasttrack,bark,oː,axis,212.44752866517757,-7.031497604543748,-4.421313474600259,-7.184218974715028,-6.855712542504909,-4.539668832702735,-4.318263210801017
fasttrack,bark,oː,axis,214.83457954905597,-7.0463658729428555,-4.429607422785548,-7.203869180407129,-6.87173679006224,-4.5510117994435255,-4.326272683946001
fasttrack,bark,oː,axis,217.22163043293438,-7.061273505732421,-4.4378556278054,-7.2205989222263245,-6.887916975317642,-4.562120930666373,-4.3333499714567525
fasttrack,bark,oː,axis,219.60868131681278,-7.0761878779136484,-4.446041476153142,-7.237126248244834,-6.904218237788885,-4.572936229776362,-4.3393304535847275
fasttrack,bark,oː,axis,221.99573220069118,-7.0910763644877495,-4.454148354322105,-7.253492795603459,-6.92006689160497,-4.583429340773285,-4.346251531534841
fasttrack,bark,oː,axis,224.38278308456958,-7.105906340455935,-4.462159648805614,-7.2697269661728745,-6.934417998665422,-4.591723112865121,-4.353363797894726
fasttrack,bark,oː,axis,226.76983396844798,-7.120645180819414,-4.470058746096997,-7.285671001296601,-6.946080165405622,-4.599571022756565,-4.360668385738109
fasttrack,bark,oː,axis,229.15688485232636,-7.135260260579399,-4.477829032689586,-7.300405807487364,-6.95560828295546,-4.607110507342786,-4.3678871479854235
fasttrack,bark,oː,axis,231.54393573620476,-7.149718954737093,-4.485453895076704,-7.313838271805652,-6.964663345427279,-4.6142968059085945,-4.375032570785347
fasttrack,bark,oː,axis,233.93098662008316,-7.163988638293716,-4.492916719751685,-7.33083120972877,-6.978916101886237,-4.6210708675072585,-4.381098204479805
fasttrack,bark,oː,axis,236.31803750396156,-7.17803676569002,-4.500200935485189,-7.344429800458569,-6.993373037019937,-4.627409429158893,-4.386817837825953
fasttrack,bark,oː,axis,238.70508838783996,-7.191841741555805,-4.507295798684274,-7.355931777382433,-7.006879959163291,-4.634329322399689,-4.391359185346974
fasttrack,bark,oː,axis,241.09213927171837,-7.205403997991613,-4.514202288666884,-7.36738294207846,-7.024234032120928,-4.641241370521713,-4.397012238572093
fasttrack,bark,oː,axis,243.47919015559677,-7.2187266073953005,-4.520922789904115,-7.381920001071181,-7.042622431799125,-4.647458399280429,-4.402357957816877
fasttrack,bark,oː,axis,245.86624103947517,-7.231812642164712,-4.52745968686706,-7.395112896873792,-7.057667592314895,-4.652466234985388,-4.407792790360454
fasttrack,bark,oː,axis,248.25329192335357,-7.244665174697692,-4.533815364026811,-7.40964388906467,-7.070461659210457,-4.65707643879199,-4.4141602123122485
fasttrack,bark,oː,axis,250.64034280723197,-7.257287277392091,-4.539992205854467,-7.423923341024624,-7.086352866340037,-4.662745874757771,-4.4206477048761545
fasttrack,bark,oː,axis,253.02739369111038,-7.269682022645766,-4.545992596821122,-7.440024042905186,-7.101399060743549,-4.668723502022145,-4.427048017857587
fasttrack,bark,oː,axis,255.41444457498878,-7.2818524828565465,-4.551818921397868,-7.45265948867478,-7.11643562775137,-4.674431997855397,-4.43293911667277
fasttrack,bark,oː,axis,257.8014954588672,-7.293801730422295,-4.557473564055805,-7.45987972584359,-7.130439861145522,-4.67995682993205,-4.439144691245676
fasttrack,bark,oː,axis,260.18854634274555,-7.30553283774085,-4.562958909266021,-7.465559940568314,-7.143401287626604,-4.685201510670806,-4.445395035798118
fasttrack,bark,oː,axis,262.575597226624,-7.317048877210066,-4.568277341499613,-7.476976110777895,-7.153970728372003,-4.6901699858651575,-4.451659760405082
fasttrack,bark,oː,axis,264.96264811050236,-7.328352921227786,-4.573431245227679,-7.489064026453458,-7.163997246212269,-4.694027358868073,-4.457393636834462
fasttrack,bark,oː,axis,267.3496989943808,-7.33944804219186,-4.57842300492131,-7.503096759676217,-7.173502970535239,-4.697183745082052,-4.46282376619167
fasttrack,bark,oː,axis,269.73674987825916,-7.350337312500136,-4.5832550050516,-7.516359753134236,-7.189210677810708,-4.700996112130259,-4.4684080266995405
fasttrack,bark,oː,axis,272.1238007621376,-7.3610238045504595,-4.587929630089647,-7.525853608907705,-7.1983096196308995,-4.704572943750074,-4.473941974561087
fasttrack,bark,oː,axis,274.51085164601596,-7.37151059074068,-4.592449264506543,-7.535961161840226,-7.21279232264249,-4.708487275733328,-4.47942637208913
fasttrack,bark,oː,axis,276.89790252989434,-7.381800743468645,-4.596816292773383,-7.5461824100067405,-7.220627701596652,-4.712070270966213,-4.484861981596493
fasttrack,bark,oː,axis,279.28495341377277,-7.391897335132203,-4.601033099361262,-7.557576536219358,-7.228060769125111,-4.715142171938713,-4.490249565396005
fasttrack,bark,oː,axis,281.67200429765114,-7.401803438129203,-4.605102068741277,-7.568265660728656,-7.236656442592532,-4.7181861771201135,-4.495030068396454
fasttrack,bark,oː,axis,284.0590551815296,-7.411522124857486,-4.609025585384517,-7.584725105405684,-7.241661748369432,-4.720571171625218,-4.499500409735447
fasttrack,bark,oː,axis,286.44610606540795,-7.4210564677149105,-4.612806033762082,-7.600651262472561,-7.248195688541113,-4.723495020538248,-4.50507460266273
fasttrack,bark,oː,axis,288.8331569492864,-7.430409539099312,-4.6164457983450635,-7.613659404739873,-7.252317484866833,-4.726689789198374,-4.51040774668961
fasttrack,bark,oː,axis,291.22020783316475,-7.43958441140855,-4.619947263604557,-7.632559264251134,-7.256313336722018,-4.729619853247024,-4.514626623562088
fasttrack,bark,oː,axis,293.6072587170432,-7.448584157040461,-4.6233128140116575,-7.647361198417111,-7.2607040980977855,-4.731896830179136,-4.518736642491058
fasttrack,bark,oː,axis,295.99430960092155,-7.457411848392901,-4.62654483403746,-7.662062329484925,-7.265967128576283,-4.733897610990643,-4.522791991490693
fasttrack,bark,oː,axis,298.3813604848,-7.46607055786372,-4.629645708153056,-7.674917816434046,-7.26926843921854,-4.734017007187895,-4.526473715230192
fasttrack,bark,oː,axis,300.76841136867836,-7.474563357850759,-4.632617820829546,-7.6909709788985055,-7.2714443114058085,-4.733727261888828,-4.530316646751121
fasttrack,bark,oː,axis,303.1554622525568,-7.482893320751867,-4.635463556538021,-7.708328354046041,-7.274422366960555,-4.734104189908237,-4.534304482020115
fasttrack,bark,oː,axis,305.54251313643516,-7.491063518964889,-4.638185299749573,-7.726633623028993,-7.276907547347169,-4.736800821994899,-4.537134482714321
fasttrack,bark,oː,axis,307.92956402031353,-7.499077024887676,-4.6407854349352995,-7.744878023192472,-7.279826707994196,-4.73741693563572,-4.540205201140739
fasttrack,bark,oː,axis,310.31661490419197,-7.506936910918071,-4.643266346566296,-7.763074367953172,-7.282781478310262,-4.737122961182911,-4.543563972199434
fasttrack,bark,oː,axis,312.70366578807034,-7.514646249453939,-4.645630419113655,-7.782339559652671,-7.284544072416078,-4.736670936837939,-4.547014661970822
fasttrack,bark,oː,axis,315.09071667194877,-7.522208112893104,-4.647880037048475,-7.800777647324806,-7.286288164188428,-4.736065138368173,-4.550405860796948
fasttrack,bark,oː,axis,317.47776755582714,-7.529625573633439,-4.650017584841848,-7.8187475293444475,-7.287905143128178,-4.736184001792166,-4.553245374049552
fasttrack,bark,oː,axis,319.8648184397056,-7.536901704072768,-4.652045446964866,-7.840004815175248,-7.287773223453863,-4.737665289405701,-4.556259510799697
fasttrack,bark,oː,axis,322.25186932358395,-7.544039576608945,-4.653966007888627,-7.864637468154919,-7.288369496209962,-4.738187323613055,-4.559262293297247
fasttrack,bark,oː,axis,324.6389202074624,-7.551042263639836,-4.655781652084226,-7.883674461901251,-7.2871014847882565,-4.738163154370114,-4.562007735858339
fasttrack,bark,oː,axis,327.02597109134075,-7.557912837563261,-4.657494764022752,-7.906138187635727,-7.283651131961539,-4.739201814106523,-4.564889121250005
fasttrack,bark,oː,axis,329.4130219752192,-7.564654370777092,-4.659107728175311,-7.92865391441861,-7.279615782034681,-4.741003772284075,-4.568813875461193
fasttrack,bark,oː,axis,331.80007285909755,-7.571269935679155,-4.660622929012986,-7.949553872688085,-7.275824042102613,-4.741909085038117,-4.572469111842805
fasttrack,bark,oː,axis,334.187123742976,-7.577762604667313,-4.662042751006879,-7.962230826919006,-7.27022903482195,-4.7421268289901874,-4.5747268137730455
fasttrack,bark,oː,axis,336.57417462685436,-7.5841354501394065,-4.663369578628078,-7.976785517587225,-7.263517566553301,-4.742058822240613,-4.577815070367048
fasttrack,bark,oː,axis,338.96122551073273,-7.590391544493286,-4.664605796347685,-7.997974857986529,-7.258666150784768,-4.741126670521183,-4.578428276642928
fasttrack,bark,oː,axis,341.34827639461116,-7.5965339601267985,-4.665753788636787,-8.023543769804157,-7.253077655329621,-4.742694775680073,-4.579358726032211
fasttrack,bark,oː,axis,343.73532727848954,-7.6025657694377955,-4.666815939966487,-8.049213081783739,-7.247307526047606,-4.744586945192736,-4.5810402623440325
fasttrack,bark,oː,axis,346.12237816236797,-7.608490044824123,-4.667794634807873,-8.074980005031886,-7.240176291077086,-4.744612549251481,-4.582880323214555
fasttrack,bark,oː,axis,348.50942904624634,-7.614309858683622,-4.668692257632044,-8.100943761469964,-7.235635552422286,-4.744967103410156,-4.581899989233108
fasttrack,bark,oː,axis,350.89647993012477,-7.620028283414147,-4.66951119291009,-8.12702881839952,-7.23203406068484,-4.746789799957803,-4.582512867552938
fasttrack,bark,oː,axis,353.28353081400314,-7.625648391413549,-4.670253825113111,-8.159307215069942,-7.227139035223841,-4.748986457313116,-4.582127788517579
fasttrack,bark,oː,axis,355.6705816978816,-7.631173255079659,-4.670922538712194,-8.1920169949083,-7.219753170953423,-4.749696611277877,-4.580838081309961
fasttrack,bark,oː,axis,358.05763258175995,-7.6366059468103415,-4.671519718178445,-8.224924815514656,-7.211901674495636,-4.751231936955197,-4.580476477870802
fasttrack,bark,oː,axis,360.4446834656384,-7.6419495390034555,-4.672047747982951,-8.246510452718967,-7.203847208228128,-4.752816830969904,-4.577253543815879
fasttrack,bark,oː,axis,362.83173434951675,-7.647207104056818,-4.672509012596802,-8.267989649104255,-7.198306008832873,-4.755149751909278,-4.574587879311155
fasttrack,bark,oː,axis,365.2187852333952,-7.652381714368289,-4.672905896491102,-8.290024932648913,-7.189919313804581,-4.757578994360538,-4.573162536080024
fasttrack,bark,oː,axis,367.60583611727355,-7.657476442335721,-4.67324078413694,-8.315308562080052,-7.179621094703918,-4.759755096253131,-4.57210799652742
fasttrack,bark,oː,axis,369.9928870011519,-7.662494360356966,-4.673516060005417,-8.345828198511825,-7.170834028368969,-4.762182301127653,-4.5686956000533305
fasttrack,bark,oː,axis,372.37993788503036,-7.66743854082986,-4.67373410856762,-8.372165999904384,-7.162506693808089,-4.76543140548418,-4.56507176395957
fasttrack,bark,oː,axis,374.76698876890873,-7.672312056152258,-4.673897314294642,-8.397756765060924,-7.15324983512373,-4.768461853412389,-4.560556821165604
fasttrack,bark,oː,axis,377.15403965278716,-7.677117978722002,-4.674008061657592,-8.426213894980885,-7.141191935102037,-4.7707355456501395,-4.557200618319165
fasttrack,bark,oː,axis,379.54109053666554,-7.681859380936942,-4.674068735127548,-8.454224537719133,-7.1289671015802085,-4.772766260099169,-4.553941946274443
fasttrack,bark,oː,axis,381.92814142054397,-7.686539335194933,-4.674081719175614,-8.482305124894399,-7.117058214418122,-4.775364366449333,-4.552098311564638
fasttrack,bark,oː,axis,384.31519230442234,-7.6911609138938175,-4.6740493982728815,-8.510452159284831,-7.106899698530586,-4.779096853213452,-4.547543770155271
fasttrack,bark,oː,axis,386.70224318830077,-7.695727189431437,-4.6739741568904485,-8.538662143668589,-7.097368351759389,-4.781139785361944,-4.542866103004789
fasttrack,bark,oː,axis,389.08929407217914,-7.700241234205656,-4.6738583794994035,-8.56693158082381,-7.08441378605595,-4.78450630323983,-4.538753031384818
fasttrack,bark,oː,axis,391.4763449560576,-7.704706120614304,-4.673704450570849,-8.595256973528649,-7.0694745666995615,-4.789596939938278,-4.533861541347266
fasttrack,bark,oː,axis,393.86339583993595,-7.709124921055228,-4.673514754575869,-8.625488258499518,-7.055824746995399,-4.793350218998038,-4.5287471945452085
fasttrack,bark,oː,axis,396.2504467238144,-7.713500707926293,-4.6732916759855705,-8.656199589016733,-7.044042229639342,-4.796089715978002,-4.523573959576102
fasttrack,bark,oː,axis,398.63749760769275,-7.717836553625332,-4.673037599271037,-8.6869734763207,-7.034228031690548,-4.798130309347081,-4.518346042737592
fasttrack,bark,oː,axis,401.0245484915711,-7.7221355305502115,-4.672754908903373,-8.717805108350891,-7.0220367514072874,-4.80149880690425,-4.513000332960408
fasttrack,bark,oː,axis,403.41159937544955,-7.726400711098755,-4.672445989353669,-8.748689673046796,-7.009570734057908,-4.8041720799575645,-4.505776739364936
fasttrack,bark,oː,axis,405.7986502593279,-7.730635167668815,-4.672113225093014,-8.779622358347892,-6.997694909613008,-4.8068269574757085,-4.498382498068128
fasttrack,bark,oː,axis,408.18570114320636,-7.734841972658245,-4.671759000592502,-8.8106528579985,-6.986414462835748,-4.810234853451492,-4.49094473510446
fasttrack,bark,oː,axis,410.57275202708473,-7.739024198464897,-4.671385700323235,-8.841871038410616,-6.975280425665349,-4.815231238174345,-4.485483272111844
fasttrack,bark,oː,axis,412.95980291096316,-7.743184917486623,-4.670995708756319,-8.87312378243133,-6.964590975537293,-4.818762510033966,-4.480442986703159
fasttrack,bark,oː,axis,415.34685379484154,-7.747327202121262,-4.670591410362828,-8.904406152402261,-6.953863917989439,-4.82224829208754,-4.475312111121117
fasttrack,bark,oː,axis,417.73390467871997,-7.751454124766646,-4.670175189613854,-8.935713210665027,-6.941645658645351,-4.823670429395823,-4.470109328728971
fasttrack,bark,oː,axis,420.12095556259834,-7.755568757820662,-4.669749430980513,-8.967040019561283,-6.928457413571095,-4.828167715711596,-4.46489231829525
fasttrack,bark,oː,axis,422.50800644647677,-7.759674173681134,-4.669316518933893,-8.998381641432644,-6.9151893623351315,-4.833118046882045,-4.458580878812918
fasttrack,bark,oː,axis,424.89505733035514,-7.763773444745894,-4.668878837945069,-9.02973313862074,-6.9017626449688905,-4.83806734825282,-4.4518441637888175
fasttrack,bark,oː,axis,427.2821082142336,-7.767869643412816,-4.66843877248516,-9.061089573467209,-6.888327521957286,-4.8412308620746485,-4.445103256432013
fasttrack,bark,ɑː,axis,0.0,-8.595306993673589,-5.546739889003314,-9.110254301083648,-8.223602178144123,-5.922179533287282,-5.227866958724602
fasttrack,bark,ɑː,axis,2.3870508838783997,-8.580443130692837,-5.545252449609136,-9.081386291231402,-8.222216611481372,-5.907723260327473,-5.236394936177553
fasttrack,bark,ɑː,axis,4.774101767756799,-8.565587755304064,-5.543765183154608,-9.052537347351343,-8.219285680741722,-5.893278169465967,-5.244601290992071
fasttrack,bark,ɑː,axis,7.161152651635199,-8.550749355099247,-5.542278262579377,-9.023726535415653,-8.211193897393466,-5.878855442801063,-5.253638715947896
fasttrack,bark,ɑː,axis,9.548203535513599,-8.535936417670372,-5.540791860823095,-8.99497292139652,-8.204765720677912,-5.8644662624310655,-5.262578208580779
fasttrack,bark,ɑː,axis,11.935254419391999,-8.521157430609415,-5.539306150825409,-8.966295571266127,-8.200336009497882,-5.850121810454274,-5.271821825628629
fasttrack,bark,ɑː,axis,14.322305303270397,-8.506420881508356,-5.537821305525967,-8.937713550996659,-8.197143575036877,-5.835833268968991,-5.281022282439598
fasttrack,bark,ɑː,axis,16.7093561871488,-8.491735257959173,-5.5363374978644195,-8.909245926560303,-8.190934610776571,-5.821145883470932,-5.290151989107255
fasttrack,bark,ɑː,axis,19.096407071027198,-8.477109047553848,-5.534854900780416,-8.88091176392924,-8.187448463405087,-5.806436486534736,-5.298722375417488
fasttrack,bark,ɑː,axis,21.483457954905596,-8.46255073788436,-5.533373687213604,-8.852730129075658,-8.184142880620316,-5.791828578617677,-5.30551749995564
fasttrack,bark,ɑː,axis,23.870508838783998,-8.448068816542689,-5.531894030103635,-8.824720087971743,-8.180776483967213,-5.778199262564406,-5.311538181457015
fasttrack,bark,ɑː,axis,26.257559722662396,-8.433671771120812,-5.530416102390156,-8.796900706589678,-8.175205440214183,-5.766470331084446,-5.318136025446172
fasttrack,bark,ɑː,axis,28.644610606540795,-8.419368089210709,-5.528940077012816,-8.76929105090165,-8.17351448079266,-5.755807780208345,-5.325139248812712
fasttrack,bark,ɑː,axis,31.031661490419197,-8.405166258404362,-5.527466126911266,-8.741541867094142,-8.167574594898182,-5.743935924940196,-5.334027757252469
fasttrack,bark,ɑː,axis,33.4187123742976,-8.39107476629375,-5.525994425025154,-8.71262026020848,-8.160367720070989,-5.732588030091014,-5.344581159116316
fasttrack,bark,ɑː,axis,35.80576325817599,-8.377102100470852,-5.524525144294127,-8.68180375436353,-8.155070135502369,-5.723378444147381,-5.3536047274875935
fasttrack,bark,ɑː,axis,38.192814142054395,-8.363256748527645,-5.523058457657838,-8.651341964186715,-8.147697945265197,-5.7142544797258035,-5.361167139268126
fasttrack,bark,ɑː,axis,40.5798650259328,-8.349547198056115,-5.521594538055933,-8.621264981082259,-8.14018014870316,-5.703868760806271,-5.368608888863247
fasttrack,bark,ɑː,axis,42.96691590981119,-8.335981936648235,-5.5201335584280615,-8.58875209644252,-8.137446413648087,-5.691038658295536,-5.37597696802281
fasttrack,bark,ɑː,axis,45.353966793689594,-8.322569451895989,-5.518675691713874,-8.556311946925966,-8.133900229197957,-5.678300867900052,-5.38221307210404
fasttrack,bark,ɑː,axis,47.741017677567996,-8.309318231391353,-5.5172211108530185,-8.530284685132488,-8.126762360666255,-5.669747102783014,-5.387863440781631
fasttrack,bark,ɑː,axis,50.12806856144639,-8.296236762726307,-5.515769988785144,-8.507609405149639,-8.121034930812279,-5.659793781867371,-5.393794075959219
fasttrack,bark,ɑː,axis,52.51511944532479,-8.283333533492835,-5.5143224984499,-8.484835249642062,-8.10766776897626,-5.648433434608908,-5.399609969370773
fasttrack,bark,ɑː,axis,54.902170329203194,-8.270617031282914,-5.512878812786936,-8.465297846087696,-8.096866706632246,-5.6418409521111945,-5.40172101529541
fasttrack,bark,ɑː,axis,57.28922121308159,-8.258095743688521,-5.511439104735899,-8.448418024465608,-8.087551950374111,-5.631884243634436,-5.405786206500675
fasttrack,bark,ɑː,axis,59.67627209695999,-8.245778158301636,-5.510003547236441,-8.425792482871643,-8.077133743028545,-5.624568332092772,-5.409939067217248
fasttrack,bark,ɑː,axis,62.06332298083839,-8.233672762714242,-5.508572313228209,-8.403399745827326,-8.070234579160322,-5.619766155485162,-5.416464259532179
fasttrack,bark,ɑː,axis,64.4503738647168,-8.221788044518318,-5.507145575650852,-8.38419622710636,-8.06127478261296,-5.61225410136714,-5.415157481689357
fasttrack,bark,ɑː,axis,66.8374247485952,-8.210132491305842,-5.50572350744402,-8.366542812262526,-8.052463741469762,-5.609756034502584,-5.417045418293267
fasttrack,bark,ɑː,axis,69.22447563247358,-8.198714590668793,-5.504306281547362,-8.35230139132238,-8.044342590208467,-5.60620489639854,-5.41909668522581
fasttrack,bark,ɑː,axis,71.61152651635199,-8.187542830199149,-5.502894070900527,-8.337764985741533,-8.033730964380071,-5.5997898004729825,-5.4197325255882545
fasttrack,bark,ɑː,axis,73.99857740023039,-8.176625697488895,-5.501487048443163,-8.320903139176604,-8.026647627668297,-5.593140138155871,-5.418524434145565
fasttrack,bark,ɑː,axis,76.38562828410879,-8.165971680130008,-5.500085387114922,-8.305135076902845,-8.019750262452611,-5.59327923020225,-5.416994793734252
fasttrack,bark,ɑː,axis,78.77267916798719,-8.155589265714466,-5.498689259855449,-8.28857162711555,-8.011062940767959,-5.596430162432622,-5.415048406442629
fasttrack,bark,ɑː,axis,81.1597300518656,-8.14548694183425,-5.497298839604396,-8.277307981631505,-8.002229548552926,-5.596309512942777,-5.414241718020173
fasttrack,bark,ɑː,axis,83.546780935744,-8.135673196081337,-5.49591429930141,-8.2653101041239,-7.993664266517123,-5.592775404139248,-5.4119375709260416
fasttrack,bark,ɑː,axis,85.93383181962238,-8.126156516046802,-5.494535811886281,-8.255727398859118,-7.985443154752942,-5.589989518305934,-5.409123899101444
fasttrack,bark,ɑː,axis,88.32088270350079,-8.116943450525339,-5.493163845221157,-8.248716149621924,-7.97777614348859,-5.587604864202461,-5.407417061347718
fasttrack,bark,ɑː,axis,90.70793358737919,-8.108032973218606,-5.491800019462662,-8.241908013198204,-7.9711954128665266,-5.585414791465119,-5.405518058399543
fasttrack,bark,ɑː,axis,93.09498447125759,-8.099422208037382,-5.4904462361506035,-8.235425702483186,-7.963416007639272,-5.586158182768892,-5.403539905665253
fasttrack,bark,ɑː,axis,95.48203535513599,-8.091108278892436,-5.489104396824789,-8.225889003952023,-7.95707008177309,-5.5856992669850225,-5.40206200929266
fasttrack,bark,ɑː,axis,97.8690862390144,-8.083088309694546,-5.487776403025028,-8.21510862164074,-7.950420353437188,-5.586648863573688,-5.401238907432153
fasttrack,bark,ɑː,axis,100.25613712289278,-8.075359424354486,-5.4864641562911265,-8.206077419515337,-7.943734297943988,-5.585079550624614,-5.3993582482752895
fasttrack,bark,ɑː,axis,102.64318800677118,-8.06791874678303,-5.485169558162892,-8.197119028626268,-7.936474507665084,-5.581567738791979,-5.397665163557368
fasttrack,bark,ɑː,axis,105.03023889064958,-8.060763400890952,-5.483894510180133,-8.188246322929245,-7.931148700990098,-5.581525454399792,-5.395922806493168
fasttrack,bark,ɑː,axis,107.41728977452799,-8.053890510589028,-5.482640913882658,-8.179671749145195,-7.923614984004301,-5.583812898553692,-5.394139779060167
fasttrack,bark,ɑː,axis,109.80434065840639,-8.047297199788034,-5.4814106708102734,-8.172088853691207,-7.919275176878394,-5.584557124926032,-5.3924809184606906
fasttrack,bark,ɑː,axis,112.19139154228479,-8.04098059239874,-5.480205682502789,-8.164624706558397,-7.9135372122764185,-5.5839418582101095,-5.391499260665087
fasttrack,bark,ɑː,axis,114.57844242616318,-8.034937812331922,-5.47902785050001,-8.15612519590614,-7.906739359044941,-5.582809956480359,-5.390572421753881
fasttrack,bark,ɑː,axis,116.96549331004158,-8.029165983498357,-5.477879076341747,-8.146736948310517,-7.9001900278813935,-5.581969559205742,-5.387164861981175
fasttrack,bark,ɑː,axis,119.35254419391998,-8.023662229808819,-5.476761261567805,-8.137740455299008,-7.895167977627245,-5.5793328720410456,-5.385863874022807
fasttrack,bark,ɑː,axis,121.73959507779838,-8.018423675174079,-5.475676307717994,-8.131564043717978,-7.891437028556113,-5.577624506846689,-5.384147249154102
fasttrack,bark,ɑː,axis,124.12664596167679,-8.013447443504916,-5.4746261163321215,-8.12637512775146,-7.887015267088436,-5.57630231292695,-5.381626048114978
fasttrack,bark,ɑː,axis,126.51369684555519,-8.008730658712102,-5.473612588949995,-8.122150966542502,-7.882641627385029,-5.573683225186816,-5.3780361242400065
fasttrack,bark,ɑː,axis,128.9007477294336,-8.004270444706412,-5.472637627111421,-8.115206863283548,-7.879353414980482,-5.571250574091067,-5.375095433474685
fasttrack,bark,ɑː,axis,131.287798613312,-8.00006392539862,-5.471703132356209,-8.11033005476581,-7.876602698106229,-5.569493504586692,-5.374194003645734
fasttrack,bark,ɑː,axis,133.6748494971904,-7.996108224699504,-5.470811006224166,-8.108096363385044,-7.872722282571218,-5.567677285147543,-5.37426106379686
fasttrack,bark,ɑː,axis,136.0619003810688,-7.992400466519834,-5.469963150255101,-8.105269659314361,-7.869030487266634,-5.565727376571154,-5.373397590219492
fasttrack,bark,ɑː,axis,138.44895126494717,-7.9889377747703865,-5.46916146598882,-8.101755357956657,-7.866746506501168,-5.56425266810905,-5.372537365640019
fasttrack,bark,ɑː,axis,140.83600214882557,-7.985717273361935,-5.4684078549651325,-8.100603291626902,-7.863931873269971,-5.5631425353078745,-5.373090807235124
fasttrack,bark,ɑː,axis,143.22305303270397,-7.982736086205257,-5.467704218723846,-8.099650786051804,-7.8615821288987995,-5.562018593184998,-5.371843812318311
fasttrack,bark,ɑː,axis,145.61010391658237,-7.979991337211125,-5.467052458804766,-8.097696523000922,-7.859627168836782,-5.560365729996317,-5.372947529198033
fasttrack,bark,ɑː,axis,147.99715480046078,-7.977480150290312,-5.466454476747703,-8.093860646605911,-7.857618881672279,-5.559364283026797,-5.37328200981552
fasttrack,bark,ɑː,axis,150.38420568433918,-7.975199649353595,-5.465912174092464,-8.088947924173,-7.85600713277402,-5.55797633365206,-5.373465982698098
fasttrack,bark,ɑː,axis,152.77125656821758,-7.973146958311749,-5.465427452378859,-8.085229021798646,-7.859684884558298,-5.556534494642537,-5.373493479629944
fasttrack,bark,ɑː,axis,155.15830745209598,-7.971319201075544,-5.4650022131466915,-8.082571815315271,-7.856263531034705,-5.55456365634215,-5.3734702607623515
fasttrack,bark,ɑː,axis,157.54535833597438,-7.96971350155576,-5.464638357935772,-8.08230809785994,-7.853196794042,-5.553598851176663,-5.373537436832172
fasttrack,bark,ɑː,axis,159.9324092198528,-7.96832698366317,-5.464337788285907,-8.081880325692074,-7.852243495489369,-5.552080941290115,-5.373712109394116
fasttrack,bark,ɑː,axis,162.3194601037312,-7.967156771308545,-5.464102405736906,-8.079668933278978,-7.8522113539931695,-5.550141780652422,-5.373734697701228
fasttrack,bark,ɑː,axis,164.7065109876096,-7.966199988402665,-5.463934111828575,-8.077896425646248,-7.850808753151816,-5.549791896092438,-5.372624062256434
fasttrack,bark,ɑː,axis,167.093561871488,-7.965453758856302,-5.4638348081007235,-8.077474503493931,-7.845314664807646,-5.54944285391694,-5.372403732551199
fasttrack,bark,ɑː,axis,169.48061275536637,-7.96491520658023,-5.463806396093158,-8.076756470940923,-7.843612704383608,-5.548125129370777,-5.373621260955067
fasttrack,bark,ɑː,axis,171.86766363924477,-7.964581455485224,-5.463850777345687,-8.075847013280539,-7.840378061562803,-5.547764971470449,-5.37543798979808
fasttrack,bark,ɑː,axis,174.25471452312317,-7.964449629482058,-5.463969853398119,-8.072889621275559,-7.836967959042082,-5.545785025248677,-5.3785634657601396
fasttrack,bark,ɑː,axis,176.64176540700157,-7.964516852481507,-5.46416552579026,-8.073398608097019,-7.833969740662876,-5.542643734489183,-5.381659023370647
fasttrack,bark,ɑː,axis,179.02881629087997,-7.964780248394346,-5.464439696061919,-8.074788477634739,-7.829628090665769,-5.541645872409235,-5.383999357759556
fasttrack,bark,ɑː,axis,181.41586717475838,-7.965236941131351,-5.464794265752903,-8.075554484356969,-7.827485367252989,-5.542147547996672,-5.385859688974819
fasttrack,bark,ɑː,axis,183.80291805863678,-7.965884054603293,-5.4652311364030215,-8.077536657781316,-7.825709481898045,-5.543164512070136,-5.3868882401794815
fasttrack,bark,ɑː,axis,186.18996894251518,-7.966718712720949,-5.46575220955208,-8.080117636424234,-7.826235156408036,-5.543576301033893,-5.387395285653519
fasttrack,bark,ɑː,axis,188.57701982639358,-7.967738039395093,-5.466359386739888,-8.08323133393966,-7.825525159816983,-5.5455134170932245,-5.388211678398396
fasttrack,bark,ɑː,axis,190.96407071027198,-7.968939158536499,-5.467054569506253,-8.086897072331395,-7.8254289704794955,-5.546647591125656,-5.387592953466336
fasttrack,bark,ɑː,axis,193.35112159415038,-7.970319194055941,-5.467839659390982,-8.089968529313603,-7.823065410567086,-5.5460738169334,-5.387389081888456
fasttrack,bark,ɑː,axis,195.7381724780288,-7.9718752698641975,-5.4687165579338854,-8.092870819651047,-7.821020130933261,-5.548210218644402,-5.388173661489954
fasttrack,bark,ɑː,axis,198.1252233619072,-7.973604509872038,-5.469687166674767,-8.096277754981504,-7.819297215006595,-5.5492422871664475,-5.385566408625593
fasttrack,bark,ɑː,axis,200.51227424578556,-7.975504037990239,-5.4707533871534375,-8.100814737789712,-7.818642467251261,-5.5518802798754585,-5.3836216393985685
fasttrack,bark,ɑː,axis,202.89932512966396,-7.977570978129576,-5.471917120909704,-8.10485239950935,-7.817720912462132,-5.55158601442244,-5.383346747488365
fasttrack,bark,ɑː,axis,205.28637601354237,-7.979802454200822,-5.473180269483374,-8.109789768978027,-7.81715176869367,-5.552572614507393,-5.383915490652745
fasttrack,bark,ɑː,axis,207.67342689742077,-7.9821955901147525,-5.474544734414256,-8.114861349815216,-7.819383621889531,-5.55508267522213,-5.383646347284109
fasttrack,bark,ɑː,axis,210.06047778129917,-7.984747509782141,-5.476012417242156,-8.120264769453778,-7.818903053125919,-5.557564722356629,-5.382169533593422
fasttrack,bark,ɑː,axis,212.44752866517757,-7.987455337113765,-5.477585219506885,-8.126860601006282,-7.818307070823415,-5.559729250416083,-5.380260316385529
fasttrack,bark,ɑː,axis,214.83457954905597,-7.990316196020395,-5.479265042748247,-8.13294161926293,-7.818586794396561,-5.562710101739204,-5.378688951910721
fasttrack,bark,ɑː,axis,217.22163043293438,-7.993327210412809,-5.4810537885060535,-8.138606234168053,-7.819905909917946,-5.567428312308546,-5.378909239964172
fasttrack,bark,ɑː,axis,219.60868131681278,-7.996485504201779,-5.482953358320111,-8.143362350944614,-7.8217776878631,-5.572082614275756,-5.379775718334283
fasttrack,bark,ɑː,axis,221.99573220069118,-7.999788201298081,-5.484965653730225,-8.148150178386574,-7.825187350086539,-5.575608675789665,-5.381092107717416
fasttrack,bark,ɑː,axis,224.38278308456958,-8.003232425612488,-5.487092576276207,-8.155215880699382,-7.828992825056027,-5.579605127970699,-5.383072840797573
fasttrack,bark,ɑː,axis,226.76983396844798,-8.006815301055777,-5.4893360274978615,-8.162456762306068,-7.833196677765555,-5.581902828647511,-5.385076782383721
fasttrack,bark,ɑː,axis,229.15688485232636,-8.01053395153872,-5.4916979089349995,-8.16922113093102,-7.837801473209117,-5.583344302123564,-5.385951361796837
fasttrack,bark,ɑː,axis,231.54393573620476,-8.014385500972095,-5.494180122127426,-8.174975223806598,-7.8422475467479,-5.585458873584468,-5.389166106848504
fasttrack,bark,ɑː,axis,233.93098662008316,-8.018367073266672,-5.496784568614951,-8.18059927141621,-7.844729058158727,-5.588757157235093,-5.393315178425157
fasttrack,bark,ɑː,axis,236.31803750396156,-8.022475792333228,-5.499513149937379,-8.185981166440667,-7.847528373987594,-5.593798095007152,-5.395590958064173
fasttrack,bark,ɑː,axis,238.70508838783996,-8.026708903497003,-5.502367448472503,-8.191298399745083,-7.850647289727591,-5.598794180771623,-5.396568261558021
fasttrack,bark,ɑː,axis,241.09213927171837,-8.031064496417113,-5.505346827098881,-8.197476806299619,-7.855998033089202,-5.6030083837823685,-5.397867872809831
fasttrack,bark,ɑː,axis,243.47919015559677,-8.035541019399648,-5.508449705920321,-8.204396601308783,-7.86197047639203,-5.607348077284974,-5.400089702459968
fasttrack,bark,ɑː,axis,245.86624103947517,-8.040136922059194,-5.511674501600986,-8.21211409708596,-7.8675749333719045,-5.612146463046062,-5.403210176311285
fasttrack,bark,ɑː,axis,248.25329192335357,-8.044850654010332,-5.515019630805044,-8.219118167631986,-7.872839419214846,-5.6175669117525615,-5.40665285095318
fasttrack,bark,ɑː,axis,250.64034280723197,-8.049680664867651,-5.518483510196661,-8.226657353462288,-7.8780124526975435,-5.622039075618854,-5.410366382626544
fasttrack,bark,ɑː,axis,253.02739369111038,-8.054625404245732,-5.522064556440003,-8.230980756126794,-7.8828764998727365,-5.6261672339559095,-5.414398232828382
fasttrack,bark,ɑː,axis,255.41444457498878,-8.05968332175916,-5.525761186199233,-8.238191310542046,-7.887329997137322,-5.631548759335666,-5.418744099956957
fasttrack,bark,ɑː,axis,257.8014954588672,-8.06485286702252,-5.52957181613852,-8.24537716883238,-7.897243000908606,-5.636919184129924,-5.423162689087505
fasttrack,bark,ɑː,axis,260.18854634274555,-8.070132489650396,-5.533494862922029,-8.253181612054362,-7.903608639488374,-5.6423452209877984,-5.426413064042359
fasttrack,bark,ɑː,axis,262.575597226624,-8.07552063925737,-5.537528743213926,-8.262400658084744,-7.9115198944856315,-5.6479118241911515,-5.429914279081469
fasttrack,bark,ɑː,axis,264.96264811050236,-8.08101576545803,-5.541671873678377,-8.271692863572255,-7.9179054249429806,-5.6533256777109075,-5.433400476542162
fasttrack,bark,ɑː,axis,267.3496989943808,-8.086616317866957,-5.545922670979547,-8.276281107489707,-7.923042712179721,-5.658536352556796,-5.435909364338266
fasttrack,bark,ɑː,axis,269.73674987825916,-8.09232074609874,-5.550279551781602,-8.282285615910022,-7.931386254527781,-5.664704898837306,-5.439850144617533
fasttrack,bark,ɑː,axis,272.1238007621376,-8.098127499767957,-5.554740932748709,-8.288489818990646,-7.9382136145595785,-5.669714979632752,-5.442978289380085
fasttrack,bark,ɑː,axis,274.51085164601596,-8.104035028489195,-5.559305230545034,-8.29501549751283,-7.943181134803019,-5.674717639047212,-5.447018242895381
fasttrack,bark,ɑː,axis,276.89790252989434,-8.110041781877039,-5.563970861834741,-8.3020161348663,-7.948341619115621,-5.679712991255779,-5.4539918966086605
fasttrack,bark,ɑː,axis,279.28495341377277,-8.116146209546075,-5.568736243281998,-8.308995163110467,-7.953965958536526,-5.684010924388764,-5.462454641686151
fasttrack,bark,ɑː,axis,281.67200429765114,-8.122346761110883,-5.5735997915509685,-8.315952925247068,-7.962613757637242,-5.689045128399668,-5.47094130110172
fasttrack,bark,ɑː,axis,284.0590551815296,-8.128641886186053,-5.578559923305821,-8.322889764277837,-7.9680808960516325,-5.693202121105052,-5.476486127286445
fasttrack,bark,ɑː,axis,286.44610606540795,-8.135030034386162,-5.58361505521072,-8.329806023204512,-7.973590595172859,-5.697685722894732,-5.478938199478602
fasttrack,bark,ɑː,axis,288.8331569492864,-8.141509655325798,-5.588763603929832,-8.336702045028826,-7.979091443918281,-5.702416525599625,-5.483743694000276
fasttrack,bark,ɑː,axis,291.22020783316475,-8.148079198619548,-5.594003986127322,-8.34357817275251,-7.984786301340348,-5.707109336110906,-5.490085947910956
fasttrack,bark,ɑː,axis,293.6072587170432,-8.154737113881993,-5.599334618467356,-8.347897031252547,-7.991653763183252,-5.712728149345524,-5.497808044987821
fasttrack,bark,ɑː,axis,295.99430960092155,-8.161481850727718,-5.6047539176141,-8.360386079202446,-7.998459815816775,-5.718626443175106,-5.503293908422786
fasttrack,bark,ɑː,axis,298.3813604848,-8.168311858771307,-5.6102603002317215,-8.370085113040217,-8.00377481149511,-5.724623715241747,-5.510259524360034
fasttrack,bark,ɑː,axis,300.76841136867836,-8.175225587627343,-5.615852182984384,-8.377644425896863,-8.009723643607431,-5.730597092891056,-5.5144327098533035
fasttrack,bark,ɑː,axis,303.1554622525568,-8.182221486910414,-5.6215279825362545,-8.383895624599798,-8.016971707092681,-5.735856670662495,-5.520078576707349
fasttrack,bark,ɑː,axis,305.54251313643516,-8.1892980062351,-5.627286115551499,-8.390674969111162,-8.02120330082482,-5.741213011838915,-5.522618003421912
fasttrack,bark,ɑː,axis,307.92956402031353,-8.19645359521599,-5.633124998694283,-8.399259571428216,-8.025782367739522,-5.746600782385043,-5.5247409332184105
fasttrack,bark,ɑː,axis,310.31661490419197,-8.203686703467664,-5.639043048628773,-8.408661676667782,-8.029586446165247,-5.751756717029373,-5.52874467404325
fasttrack,bark,ɑː,axis,312.70366578807034,-8.210995780604708,-5.645038682019134,-8.418588790969414,-8.035881132876181,-5.757958650808915,-5.536640580319109
fasttrack,bark,ɑː,axis,315.09071667194877,-8.21837927624171,-5.651110315529533,-8.430951630460912,-8.042287608968792,-5.767514586159961,-5.542202797072639
fasttrack,bark,ɑː,axis,317.47776755582714,-8.225835639993246,-5.657256365824135,-8.441963602631107,-8.046524454298495,-5.7728447546038195,-5.5438577551532635
fasttrack,bark,ɑː,axis,319.8648184397056,-8.233363321473906,-5.663475249567106,-8.455544232590753,-8.04684851613613,-5.778765251196315,-5.5475728628631655
fasttrack,bark,ɑː,axis,322.25186932358395,-8.240960770298273,-5.669765383422612,-8.470740115200728,-8.050242049505544,-5.787485532376556,-5.55284253690355
fasttrack,bark,ɑː,axis,324.6389202074624,-8.24862643608093,-5.676125184054818,-8.487283774857943,-8.053433755290543,-5.7978979639248704,-5.559162711022619
fasttrack,bark,ɑː,axis,327.02597109134075,-8.256358768436465,-5.682553068127892,-8.503858341602584,-8.056941978583795,-5.804238755994193,-5.562814791437457
fasttrack,bark,ɑː,axis,329.4130219752192,-8.264156216979458,-5.689047452305999,-8.520714702317077,-8.063689747848985,-5.812234574663128,-5.566208379278701
fasttrack,bark,ɑː,axis,331.80007285909755,-8.272017231324497,-5.695606753253303,-8.532995183944294,-8.06181674332283,-5.821277538487472,-5.571116913102463
fasttrack,bark,ɑː,axis,334.187123742976,-8.279940261086166,-5.702229387633973,-8.54952978700695,-8.065996483247336,-5.831191620701259,-5.574243465795378
fasttrack,bark,ɑː,axis,336.57417462685436,-8.287923755879044,-5.708913772112172,-8.567971499073073,-8.066737084145464,-5.839868394941757,-5.577866907255452
fasttrack,bark,ɑː,axis,338.96122551073273,-8.295966165317722,-5.715658323352068,-8.58176175735707,-8.067258771412185,-5.84978902794222,-5.582141980345832
fasttrack,bark,ɑː,axis,341.34827639461116,-8.30406593901678,-5.722461458017827,-8.597875842532185,-8.07204946640225,-5.86058808872165,-5.584275829087032
fasttrack,bark,ɑː,axis,343.73532727848954,-8.312221526590804,-5.729321592773613,-8.624088139501994,-8.077389031007906,-5.869547610258743,-5.585968629833757
fasttrack,bark,ɑː,axis,346.12237816236797,-8.320431377654378,-5.736237144283594,-8.650468758454425,-8.081748309397408,-5.876982501144212,-5.586978862476876
fasttrack,bark,ɑː,axis,348.50942904624634,-8.328693941822086,-5.743206529211933,-8.66847202817619,-8.0861432719507,-5.8849865222321505,-5.587983234354603
fasttrack,bark,ɑː,axis,350.89647993012477,-8.337007668708514,-5.750228164222799,-8.688059046936141,-8.08816995341425,-5.897450385711606,-5.589118652546015
fasttrack,bark,ɑː,axis,353.28353081400314,-8.345371007928243,-5.7573004659803555,-8.707300968448031,-8.08889559018042,-5.908281504576574,-5.593181733453211
fasttrack,bark,ɑː,axis,355.6705816978816,-8.353782409095858,-5.7644218511487715,-8.721882975605633,-8.089599044559202,-5.920383900322043,-5.59617949201305
fasttrack,bark,ɑː,axis,358.05763258175995,-8.362240321825947,-5.771590736392208,-8.739375722556401,-8.09028103211149,-5.933647888196606,-5.597712488672597
fasttrack,bark,ɑː,axis,360.4446834656384,-8.370743195733093,-5.778805538374836,-8.757283728676079,-8.090942268398157,-5.94608864017142,-5.599240720506729
fasttrack,bark,ɑː,axis,362.83173434951675,-8.379289480431876,-5.786064673760818,-8.775293351463523,-8.09158346898009,-5.958564981156006,-5.60076435181977
fasttrack,bark,ɑː,axis,365.2187852333952,-8.387877625536884,-5.793366559214322,-8.793400961752026,-8.09220534941817,-5.9711145129870005,-5.6034426334870675
fasttrack,bark,ɑː,axis,367.60583611727355,-8.3965060806627,-5.800709611399512,-8.811602930374882,-8.092808625273284,-5.983734524892313,-5.60639928321004
fasttrack,bark,ɑː,axis,369.9928870011519,-8.405173295423909,-5.8080922469805545,-8.830086059226328,-8.093394012106312,-5.997037831392703,-5.608836393222597
fasttrack,bark,ɑː,axis,372.37993788503036,-8.413877719435098,-5.815512882621617,-8.854463822052745,-8.093962225478144,-6.011372391205218,-5.61072260448841
fasttrack,bark,ɑː,axis,374.76698876890873,-8.422617802310846,-5.822969934986863,-8.880722499798976,-8.094513980949657,-6.0224670540637035,-5.6128801401067
fasttrack,bark,ɑː,axis,377.15403965278716,-8.431391993665738,-5.83046182074046,-8.908826795764096,-8.094971464038112,-6.032160515275568,-5.615220199754112
fasttrack,bark,ɑː,axis,379.54109053666554,-8.440198743114363,-5.837986956546573,-8.935522163373252,-8.095410612913984,-6.042141810725181,-5.6172928522851215
fasttrack,bark,ɑː,axis,381.92814142054397,-8.4490365002713,-5.845543759069368,-8.965146681448724,-8.09679756851357,-6.05743167873744,-5.618625157114868
fasttrack,bark,ɑː,axis,384.31519230442234,-8.457903714751136,-5.853130644973012,-8.992443994246399,-8.098622429319082,-6.072914366770869,-5.619951637445038
fasttrack,bark,ɑː,axis,386.70224318830077,-8.466798836168456,-5.8607460309216695,-9.016792539265376,-8.100443224494347,-6.088473850720719,-5.621208245201308
fasttrack,bark,ɑː,axis,389.08929407217914,-8.475720314137844,-5.868388333579507,-9.041247465529906,-8.102255762676638,-6.104487698496421,-5.62141757315415
fasttrack,bark,ɑː,axis,391.4763449560576,-8.484666598273883,-5.8760559696106895,-9.065966996143176,-8.103406244672028,-6.121517737444569,-5.62169208726245
fasttrack,bark,ɑː,axis,393.86339583993595,-8.493636138191155,-5.883747355679384,-9.090892377961115,-8.103154187001202,-6.13861978755103,-5.622686650525607
fasttrack,bark,ɑː,axis,396.2504467238144,-8.50262738350425,-5.891460908449757,-9.115906379162881,-8.102447891275833,-6.155062854103332,-5.62368317069731
fasttrack,bark,ɑː,axis,398.63749760769275,-8.511638783827747,-5.899195044585972,-9.139659592630787,-8.102723278350581,-6.169148345185031,-5.624888438193719
fasttrack,bark,ɑː,axis,401.0245484915711,-8.520668788776234,-5.906948180752197,-9.162134975382347,-8.10313341070202,-6.183487981425428,-5.626476903854714
fasttrack,bark,ɑː,axis,403.41159937544955,-8.529715847964294,-5.914718733612599,-9.184666438366506,-8.10350859063016,-6.197864265419196,-5.628260580435338
fasttrack,bark,ɑː,axis,405.7986502593279,-8.538778411006508,-5.92250511983134,-9.207248883380295,-8.104670818698912,-6.210756097724995,-5.630044523618302
fasttrack,bark,ɑː,axis,408.18570114320636,-8.547854927517466,-5.930305756072588,-9.229877212220755,-8.105573928111248,-6.223430882463997,-5.63182870674337
fasttrack,bark,ɑː,axis,410.57275202708473,-8.55694384711175,-5.93811905900051,-9.25254632668492,-8.106414304164222,-6.23644406682293,-5.633517160526652
fasttrack,bark,ɑː,axis,412.95980291096316,-8.566043619403946,-5.94594344527927,-9.275251128569826,-8.107199221451436,-6.250510405295458,-5.634846310074931
fasttrack,bark,ɑː,axis,415.34685379484154,-8.575152694008633,-5.9537773315730345,-9.297986519672511,-8.10798027423136,-6.26487256936642,-5.637042773808714
fasttrack,bark,ɑː,axis,417.73390467871997,-8.5842695205404,-5.961619134545971,-9.321021162111053,-8.108758106588544,-6.2807923584856065,-5.638967305460014
fasttrack,bark,ɑː,axis,420.12095556259834,-8.593392548613828,-5.969467270862242,-9.344734381534126,-8.10933950622184,-6.297132217241657,-5.640752288392099
fasttrack,bark,ɑː,axis,422.50800644647677,-8.602520227843506,-5.977320157186016,-9.36846295577587,-8.108086020538563,-6.313485525018873,-5.642537351304885
fasttrack,bark,ɑː,axis,424.89505733035514,-8.611651007844012,-5.985176210181459,-9.39220176656339,-8.106822029130248,-6.329847798810202,-5.644322467538136
fasttrack,bark,ɑː,axis,427.2821082142336,-8.620783338229938,-5.993033846512735,-9.415945695623803,-8.105556562886825,-6.346214555608582,-5.646107610431624
fasttrack,bark,æː,axis,0.0,-11.772958105683427,-5.961285002534919,-12.422050455708801,-11.34232327370591,-6.194704038368093,-5.707986120005521
fasttrack,bark,æː,axis,2.3870508838783997,-11.78098186214326,-5.959716082223288,-12.405743873259654,-11.362616604559872,-6.184005529674901,-5.714316287496533
fasttrack,bark,æː,axis,4.774101767756799,-11.78899907236625,-5.958147262164075,-12.392519729137765,-11.382732725466312,-6.174672986365689,-5.720592021591183
fasttrack,bark,æː,axis,7.161152651635199,-11.797003190115552,-5.9565786426097,-12.378736599542778,-11.407535408101456,-6.166559000580037,-5.7268540640247085
fasttrack,bark,æː,axis,9.548203535513599,-11.804987669154324,-5.955010323812581,-12.367071217840419,-11.428881851060206,-6.158109604158418,-5.732060919738025
fasttrack,bark,æː,axis,11.935254419391999,-11.81294596324572,-5.953442406025138,-12.356062582908514,-11.450491342231011,-6.149769645006856,-5.736417440699503
fasttrack,bark,æː,axis,14.322305303270397,-11.8208715261529,-5.95187498949979,-12.344614716163123,-11.473044399969263,-6.142157355828853,-5.742328623114118
fasttrack,bark,æː,axis,16.7093561871488,-11.828757811639019,-5.950308174488954,-12.3279697345404,-11.495493903611372,-6.134974451053186,-5.749656238729686
fasttrack,bark,æː,axis,19.096407071027198,-11.83659827346723,-5.948742061245051,-12.315783969830726,-11.517822594141313,-6.1278554365336735,-5.754960731424202
fasttrack,bark,æː,axis,21.483457954905596,-11.844386365400695,-5.947176750020499,-12.30482737943443,-11.539908963125571,-6.1217724745992195,-5.760171751371562
fasttrack,bark,æː,axis,23.870508838783998,-11.852115541202567,-5.945612341067716,-12.289492403985781,-11.558973484721534,-6.112016187592008,-5.765365832203788
fasttrack,bark,æː,axis,26.257559722662396,-11.859779254636003,-5.944048934639122,-12.274279255739904,-11.575945283522504,-6.1015067480119765,-5.772015395119426
fasttrack,bark,æː,axis,28.644610606540795,-11.867370959464159,-5.942486630987135,-12.259256020071428,-11.585153048995172,-6.089972773011359,-5.781161864596287
fasttrack,bark,æː,axis,31.031661490419197,-11.874884109450191,-5.940925530364175,-12.24521095709885,-11.591178368900831,-6.080432715268327,-5.783002832033693
fasttrack,bark,æː,axis,33.4187123742976,-11.882312158357259,-5.939365733022661,-12.235588026497084,-11.60871744858086,-6.073410635549353,-5.785612280377291
fasttrack,bark,æː,axis,35.80576325817599,-11.889648559948515,-5.937807339215009,-12.228415281913751,-11.626274934269286,-6.068483289148114,-5.791756039747962
fasttrack,bark,æː,axis,38.192814142054395,-11.896886767987118,-5.936250449193642,-12.22086756655006,-11.641152885175366,-6.063450974026927,-5.796070371718075
fasttrack,bark,æː,axis,40.5798650259328,-11.904020236236223,-5.934695163210976,-12.208108682256048,-11.658075130004258,-6.057064444490228,-5.80056962647019
fasttrack,bark,æː,axis,42.96691590981119,-11.911042418458987,-5.933141581519431,-12.199133544761029,-11.676651331127077,-6.048747010744951,-5.804546960006509
fasttrack,bark,æː,axis,45.353966793689594,-11.917946768418567,-5.931589804371425,-12.191883002441717,-11.692820634774339,-6.043052963729818,-5.806936358020998
fasttrack,bark,æː,axis,47.741017677567996,-11.924726739878118,-5.930039932019378,-12.18113354675703,-11.696084270993353,-6.0396892624824945,-5.811018774250871
fasttrack,bark,æː,axis,50.12806856144639,-11.931375786600798,-5.928492064715709,-12.17267448787281,-11.714150530437644,-6.035261112298813,-5.8143280208412165
fasttrack,bark,æː,axis,52.51511944532479,-11.937887362349763,-5.926946302712835,-12.164249087668372,-11.732670847937833,-6.031975330603641,-5.816415247349394
fasttrack,bark,æː,axis,54.902170329203194,-11.944254920888168,-5.925402746263176,-12.160989341658905,-11.746753662163883,-6.0284230030414205,-5.821930362096641
fasttrack,bark,æː,axis,57.28922121308159,-11.950471915979172,-5.9238614956191515,-12.156157649885726,-11.75829789616596,-6.02411644994899,-5.823112028689442
fasttrack,bark,æː,axis,59.67627209695999,-11.95653180138593,-5.922322651033179,-12.146564734125498,-11.768485909352968,-6.021884628839608,-5.822593417179459
fasttrack,bark,æː,axis,62.06332298083839,-11.962428030871598,-5.920786312757679,-12.145090913803683,-11.77520845954526,-6.018080519640085,-5.819452920914408
fasttrack,bark,æː,axis,64.4503738647168,-11.968154058199332,-5.91925258104507,-12.145376607814512,-11.781464462433618,-6.016549686023372,-5.815071838306477
fasttrack,bark,æː,axis,66.8374247485952,-11.973703337132289,-5.917721556147769,-12.143822018713028,-11.78832511307338,-6.015003186809513,-5.811227986567055
fasttrack,bark,æː,axis,69.22447563247358,-11.979069321433625,-5.916193338318197,-12.145383036073893,-11.796708322136086,-6.015426105388154,-5.811119267627615
fasttrack,bark,æː,axis,71.61152651635199,-11.984245464866499,-5.914668027808772,-12.143592677722646,-11.802526952369877,-6.016396275264498,-5.808918910884826
fasttrack,bark,æː,axis,73.99857740023039,-11.989225221194063,-5.913145724871913,-12.143080070387464,-11.809545237375847,-6.0166512653961695,-5.807764728599921
fasttrack,bark,æː,axis,76.38562828410879,-11.994002044179478,-5.9116265297600386,-12.15145126106998,-11.814891938138564,-6.016386980264333,-5.804942917403466
fasttrack,bark,æː,axis,78.77267916798719,-11.998569387585897,-5.910110542725567,-12.151438868639326,-11.818968248631696,-6.014085226951798,-5.804009221683913
fasttrack,bark,æː,axis,81.1597300518656,-12.002920705176479,-5.90859786402092,-12.155503549028575,-11.823670754070635,-6.014372463973558,-5.799745062541884
fasttrack,bark,æː,axis,83.546780935744,-12.007049450714378,-5.907088593898513,-12.158099290405971,-11.823615362444059,-6.016043082863218,-5.793385907174336
fasttrack,bark,æː,axis,85.93383181962238,-12.010949077963568,-5.9055828326109285,-12.162483647789742,-11.821184151218619,-6.018625656611498,-5.7885351816716675
fasttrack,bark,æː,axis,88.32088270350079,-12.014614780706786,-5.904081025232705,-12.16810935540745,-11.82209119514408,-6.018434497638882,-5.784217153363505
fasttrack,bark,æː,axis,90.70793358737919,-12.018048551173587,-5.902584964096116,-12.173953544698328,-11.821600973403221,-6.017728488268407,-5.781218366966935
fasttrack,bark,æː,axis,93.09498447125759,-12.02125404173221,-5.901096770525447,-12.179604389832328,-11.823745083080112,-6.017386069842901,-5.780208105024926
fasttrack,bark,æː,axis,95.48203535513599,-12.024234904750887,-5.899618565844979,-12.186546354544642,-11.825871524858067,-6.017770752876375,-5.778909267430777
fasttrack,bark,æː,axis,97.8690862390144,-12.026994792597858,-5.898152471379,-12.19277650085066,-11.827057072928906,-6.017318837651609,-5.776154718514112
fasttrack,bark,æː,axis,100.25613712289278,-12.029537357641352,-5.896700608451791,-12.198443146159592,-11.826889227174954,-6.017601735452358,-5.7736304542130865
fasttrack,bark,æː,axis,102.64318800677118,-12.03186625224961,-5.895265098387637,-12.203569168863549,-11.824988455400987,-6.017122903128296,-5.770122727179203
fasttrack,bark,æː,axis,105.03023889064958,-12.033985128790864,-5.8938480625108225,-12.207945652482348,-11.824506810891805,-6.016795965903303,-5.766829275778341
fasttrack,bark,æː,axis,107.41728977452799,-12.035897639633353,-5.8924516221456305,-12.211506656915907,-11.827122260474555,-6.017148775371711,-5.763837650495361
fasttrack,bark,æː,axis,109.80434065840639,-12.037607437145311,-5.891077898616345,-12.214509012822571,-11.829464528115345,-6.0169581811629484,-5.761109542689077
fasttrack,bark,æː,axis,112.19139154228479,-12.039118173694973,-5.88972901324725,-12.21699261229589,-11.829684577533929,-6.014055793168559,-5.758660366859267
fasttrack,bark,æː,axis,114.57844242616318,-12.040433501650574,-5.88840708736263,-12.218955542258605,-11.829453269414023,-6.011943870142185,-5.756034291981515
fasttrack,bark,æː,axis,116.96549331004158,-12.041557073380352,-5.887114242286769,-12.221397351853007,-11.828896843344845,-6.011380659397832,-5.753493578010582
fasttrack,bark,æː,axis,119.35254419391998,-12.042492541252539,-5.885852599343949,-12.225123113773034,-11.827701483558632,-6.010034801961254,-5.751190887204787
fasttrack,bark,æː,axis,121.73959507779838,-12.043243557635373,-5.884624279858457,-12.229186599264372,-11.825748793114538,-6.009366436405111,-5.750034541452687
fasttrack,bark,æː,axis,124.12664596167679,-12.043813774897089,-5.8834314051545755,-12.229782016987912,-11.823278759938866,-6.008475031995768,-5.749751535778469
fasttrack,bark,æː,axis,126.51369684555519,-12.044206845405924,-5.882276096556589,-12.232695311541876,-11.8224343106289,-6.0066748978499716,-5.749604975718611
fasttrack,bark,æː,axis,128.9007477294336,-12.04442642153011,-5.881160475388779,-12.235545782166833,-11.821858051110029,-6.00470840596131,-5.747598553858596
fasttrack,bark,æː,axis,131.287798613312,-12.044476155637884,-5.880086662975432,-12.235995068143989,-11.823770076291861,-6.002585017705123,-5.747622174051261
fasttrack,bark,æː,axis,133.6748494971904,-12.044359700097486,-5.879056780640831,-12.235904699350469,-11.821772244039856,-6.000314194456761,-5.746895128379998
fasttrack,bark,æː,axis,136.0619003810688,-12.044080707277143,-5.878072949709261,-12.234986840825867,-11.821873269821854,-5.999283221111714,-5.744820010069813
fasttrack,bark,æː,axis,138.44895126494717,-12.0436428295451,-5.877137291505004,-12.230265571106111,-11.822187053687957,-5.996509000095161,-5.743033366449733
fasttrack,bark,æː,axis,140.83600214882557,-12.043049719269582,-5.876251927352347,-12.228142781279269,-11.823007712499596,-5.995889619434191,-5.742411690124926
fasttrack,bark,æː,axis,143.22305303270397,-12.042305028818834,-5.875418978575571,-12.228693503171257,-11.8235811778366,-5.996538319404108,-5.741424489579752
fasttrack,bark,æː,axis,145.61010391658237,-12.041412410561088,-5.87464056649896,-12.229784319306907,-11.82316298195361,-5.9959668075407535,-5.74050100329752
fasttrack,bark,æː,axis,147.99715480046078,-12.040375516864579,-5.8739188124468,-12.229713609140207,-11.823754959243715,-5.994402111884407,-5.740119547465635
fasttrack,bark,æː,axis,150.38420568433918,-12.039198000097542,-5.873255837743375,-12.227237760038955,-11.82211789203976,-5.994968643701367,-5.738963767250993
fasttrack,bark,æː,axis,152.77125656821758,-12.037883512628213,-5.872653763712966,-12.224481658191298,-11.821285149430949,-5.994832438255743,-5.73867068184181
fasttrack,bark,æː,axis,155.15830745209598,-12.03643570682483,-5.87211471167986,-12.222955483921133,-11.819701629622276,-5.996213324258212,-5.7382455141230135
fasttrack,bark,æː,axis,157.54535833597438,-12.034858235055626,-5.871640802968339,-12.221880011872377,-11.816664838029785,-5.9967484249499154,-5.73922453907301
fasttrack,bark,æː,axis,159.9324092198528,-12.033154749688835,-5.871234158902688,-12.218735813716021,-11.812970933816361,-6.000065387332496,-5.738466216755676
fasttrack,bark,æː,axis,162.3194601037312,-12.031328903092698,-5.87089690080719,-12.218993174995278,-11.808346827152992,-6.000003554067293,-5.736686180489572
fasttrack,bark,æː,axis,164.7065109876096,-12.029384347635444,-5.87063115000613,-12.219718073562872,-11.80498184334937,-5.999201200997881,-5.735804115257313
fasttrack,bark,æː,axis,167.093561871488,-12.027324735685312,-5.870439027823792,-12.217807388190604,-11.805202006670998,-6.001144841323254,-5.732388460963019
fasttrack,bark,æː,axis,169.48061275536637,-12.025153719610538,-5.870322655584459,-12.217145688714952,-11.804396079733946,-6.0022874020657815,-5.729097341849567
fasttrack,bark,æː,axis,171.86766363924477,-12.022874951779357,-5.870284154612416,-12.218165974995724,-11.801256453454656,-6.0039162514349735,-5.725935303014714
fasttrack,bark,æː,axis,174.25471452312317,-12.020492084560004,-5.870325646231946,-12.216066830896734,-11.797843980881009,-6.0076078661420125,-5.722906889556223
fasttrack,bark,æː,axis,176.64176540700157,-12.018008770320716,-5.870449251767334,-12.212894175887367,-11.796728820916238,-6.011327106606161,-5.719764677965807
fasttrack,bark,æː,axis,179.02881629087997,-12.015428661429725,-5.870657092542863,-12.209467991890575,-11.795358704462373,-6.014880091924304,-5.71723766417922
fasttrack,bark,æː,axis,181.41586717475838,-12.01275541025527,-5.870951289882816,-12.2080580746828,-11.796561293070045,-6.018153573744191,-5.714617125522175
fasttrack,bark,æː,axis,183.80291805863678,-12.009992669165586,-5.8713339651114795,-12.20709220801379,-11.796161078373025,-6.019907736646593,-5.711857330886235
fasttrack,bark,æː,axis,186.18996894251518,-12.007144090528906,-5.871807239553136,-12.205947305812833,-11.793128415228464,-6.021415740292974,-5.709908309849046
fasttrack,bark,æː,axis,188.57701982639358,-12.00421332671347,-5.87237323453207,-12.204420465154364,-11.791743755753881,-6.022927107660046,-5.708364797615572
fasttrack,bark,æː,axis,190.96407071027198,-12.001204030087509,-5.8730340713725635,-12.20289382416954,-11.78608405099442,-6.024976662850828,-5.706986557913182
fasttrack,bark,æː,axis,193.35112159415038,-11.998119853019261,-5.873791871398904,-12.20225465037481,-11.780437576852016,-6.025965653416447,-5.705751694958224
fasttrack,bark,æː,axis,195.7381724780288,-11.994964447876962,-5.874648755935372,-12.201341089426228,-11.774553350107283,-6.027495691735865,-5.704681313947552
fasttrack,bark,æː,axis,198.1252233619072,-11.991741467028847,-5.875606846306253,-12.199818751819908,-11.769907300982334,-6.029519097695867,-5.702192368088604
fasttrack,bark,æː,axis,200.51227424578556,-11.98845456284315,-5.876668263835832,-12.19900517804592,-11.768155152625908,-6.0314412173070755,-5.69861242935719
fasttrack,bark,æː,axis,202.89932512966396,-11.985107387688107,-5.877835129848391,-12.198092905032189,-11.764009008746493,-6.033483613902954,-5.696532705593301
fasttrack,bark,æː,axis,205.28637601354237,-11.981703593931956,-5.879109565668214,-12.197102522926272,-11.762507010861817,-6.035476854483708,-5.69462508345589
fasttrack,bark,æː,axis,207.67342689742077,-11.97824683394293,-5.880493692619587,-12.194299761606352,-11.759897936172244,-6.039224069658464,-5.693958479316149
fasttrack,bark,æː,axis,210.06047778129917,-11.974740760089267,-5.881989632026793,-12.191813341941481,-11.753985813005313,-6.043587442253796,-5.696417974034817
fasttrack,bark,æː,axis,212.44752866517757,-11.971189024739198,-5.883599505214114,-12.188700851844215,-11.74989961551771,-6.047988390511269,-5.697659413014396
fasttrack,bark,æː,axis,214.83457954905597,-11.967595280260962,-5.885325433505836,-12.185699974492909,-11.745806635688073,-6.052408038401829,-5.697693812453924
fasttrack,bark,æː,axis,217.22163043293438,-11.963963179022796,-5.887169538226242,-12.183937542278588,-11.741231635711152,-6.056226989781386,-5.696876385821839
fasttrack,bark,æː,axis,219.60868131681278,-11.96029637339293,-5.889133940699618,-12.185018619208718,-11.737678861672011,-6.059417992493724,-5.696445842921973
fasttrack,bark,æː,axis,221.99573220069118,-11.956598515739607,-5.891220762250247,-12.183990018859454,-11.734286299289106,-6.064133676443849,-5.697029499815862
fasttrack,bark,æː,axis,224.38278308456958,-11.952873258431056,-5.89343212420241,-12.181139104279925,-11.72979216818581,-6.067854829390439,-5.697843026194254
fasttrack,bark,æː,axis,226.76983396844798,-11.949124253835517,-5.895770147880395,-12.1780903226272,-11.723694583186717,-6.071169344483506,-5.698891020656401
fasttrack,bark,æː,axis,229.15688485232636,-11.945355154321222,-5.898236954608483,-12.17423911811739,-11.718142257041016,-6.074503052545781,-5.700178081801555
fasttrack,bark,æː,axis,231.54393573620476,-11.941569612256409,-5.90083466571096,-12.169900073669359,-11.715624814577433,-6.076890553692399,-5.701708808228967
fasttrack,bark,æː,axis,233.93098662008316,-11.937771280009311,-5.903565402512109,-12.168039491625208,-11.713204085652446,-6.078758199072318,-5.703487798537894
fasttrack,bark,æː,axis,236.31803750396156,-11.933963809948168,-5.906431286336214,-12.16540262530566,-11.711395766377981,-6.080692826076311,-5.705049508740895
fasttrack,bark,æː,axis,238.70508838783996,-11.93015052547523,-5.909434086283337,-12.162536688536019,-11.709163569074404,-6.082637097270373,-5.706865017547702
fasttrack,bark,æː,axis,241.09213927171837,-11.926332462315369,-5.912573122034939,-12.159491684011472,-11.7065242087388,-6.085378539678831,-5.708960667891828
fasttrack,bark,æː,axis,243.47919015559677,-11.922509684458706,-5.915846672835067,-12.15665723426742,-11.702664546967295,-6.088151091802573,-5.711332922332483
fasttrack,bark,æː,axis,245.86624103947517,-11.918682252350079,-5.91925301413182,-12.153579328573311,-11.700122660171772,-6.090937535807354,-5.713978234663297
fasttrack,bark,æː,axis,248.25329192335357,-11.914850226434314,-5.922790421373291,-12.151235085153862,-11.697715527686906,-6.093737691279135,-5.716893058677907
fasttrack,bark,æː,axis,250.64034280723197,-11.911013667156242,-5.926457170007577,-12.149171984898382,-11.695379448910108,-6.096551377803876,-5.720073848169946
fasttrack,bark,æː,axis,253.02739369111038,-11.907172634960697,-5.930251535482775,-12.146159526595158,-11.692259202948993,-6.099410228564382,-5.723517056933048
fasttrack,bark,æː,axis,255.41444457498878,-11.903327190292504,-5.934171793246978,-12.140051637190691,-11.688920812931437,-6.102297395971814,-5.727219138760847
fasttrack,bark,æː,axis,257.8014954588672,-11.899477393596502,-5.938216218748284,-12.134352665927672,-11.685358318040043,-6.105517774940191,-5.73117654744698
fasttrack,bark,æː,axis,260.18854634274555,-11.895623305317514,-5.94238308743479,-12.129763888652118,-11.68195844229458,-6.109428769879165,-5.735385736785078
fasttrack,bark,æː,axis,262.575597226624,-11.891764985900373,-5.946670674754587,-12.125585004159712,-11.678725609744154,-6.113337227622006,-5.739843160568777
fasttrack,bark,æː,axis,264.96264811050236,-11.887902495789913,-5.951077256155776,-12.121490562103158,-11.675657434057404,-6.117831916811988,-5.7445299878907905
fasttrack,bark,æː,axis,267.3496989943808,-11.88403589543096,-5.95560110708645,-12.117123460087456,-11.673648984218968,-6.122711438642442,-5.749447994557349
fasttrack,bark,æː,axis,269.73674987825916,-11.880165245268348,-5.960240502994706,-12.112263587050402,-11.672795433631338,-6.12755127847297,-5.754604838324903
fasttrack,bark,æː,axis,272.1238007621376,-11.876290605746906,-5.964993719328638,-12.106144971469513,-11.67096768826473,-6.130567881132942,-5.7599969544606004
fasttrack,bark,æː,axis,274.51085164601596,-11.872412037311467,-5.969859031536344,-12.099835563230284,-11.66763773300644,-6.133420395587117,-5.7656207782315905
fasttrack,bark,æː,axis,276.89790252989434,-11.868529600406859,-5.974834715065918,-12.093338297604378,-11.664529624313369,-6.136947402654817,-5.771472744905022
fasttrack,bark,æː,axis,279.28495341377277,-11.864643355477913,-5.979919045365457,-12.086656109863464,-11.661639895832934,-6.140737790841272,-5.7775492897480465
fasttrack,bark,æː,axis,281.67200429765114,-11.860753362969461,-5.985110297883057,-12.079791935279209,-11.658965081212555,-6.144852962130479,-5.783846848027811
fasttrack,bark,æː,axis,284.0590551815296,-11.856859683326334,-5.990406748066812,-12.07274971505757,-11.656753315892917,-6.148287355341064,-5.790361855011467
fasttrack,bark,æː,axis,286.44610606540795,-11.852962376993364,-5.99580667136482,-12.06555245866148,-11.655325931788852,-6.152208587458298,-5.797090745966161
fasttrack,bark,æː,axis,288.8331569492864,-11.849061504415378,-6.001308343225175,-12.058179211540772,-11.652893705859311,-6.155732752666432,-5.80495457849746
fasttrack,bark,æː,axis,291.22020783316475,-11.84515712603721,-6.006910039095974,-12.051677906840178,-11.650394413651357,-6.159143281292792,-5.814038179914155
fasttrack,bark,æː,axis,293.6072587170432,-11.841249302303687,-6.012610034425314,-12.046809838142673,-11.648057898721234,-6.163079897707778,-5.823208568537497
fasttrack,bark,æː,axis,295.99430960092155,-11.837338093659643,-6.018406604661287,-12.042233309189315,-11.645761649022159,-6.167027494299708,-5.8330453773801025
fasttrack,bark,æː,axis,298.3813604848,-11.83342356054991,-6.0242980252519915,-12.037502210397978,-11.643521700358358,-6.170703416708947,-5.8420481319020885
fasttrack,bark,æː,axis,300.76841136867836,-11.829505763419316,-6.030282571645523,-12.0311587585075,-11.642668342960981,-6.1742312144230365,-5.851222588245898
fasttrack,bark,æː,axis,303.1554622525568,-11.82558476271269,-6.036358519289977,-12.023588089318391,-11.642291572469718,-6.177721344629777,-5.860516586519164
fasttrack,bark,æː,axis,305.54251313643516,-11.821660618874867,-6.04252414363345,-12.012239071049295,-11.641691558864103,-6.181235992281304,-5.871565894218759
fasttrack,bark,æː,axis,307.92956402031353,-11.817733392350675,-6.048777720124037,-12.000725795347654,-11.640271286323902,-6.184591445351962,-5.882824086600392
fasttrack,bark,æː,axis,310.31661490419197,-11.813803143584948,-6.055117524209833,-11.990395288796002,-11.63895008998923,-6.187972837282776,-5.894335699801844
fasttrack,bark,æː,axis,312.70366578807034,-11.809869933022512,-6.0615418313389355,-11.980972064623579,-11.637725988335982,-6.191325584132278,-5.906576718462256
fasttrack,bark,æː,axis,315.09071667194877,-11.805933821108201,-6.06804891695944,-11.973829419015626,-11.636596999840041,-6.195406347229858,-5.918879966531624
fasttrack,bark,æː,axis,317.47776755582714,-11.801994868286844,-6.0746370565194425,-11.967527726726235,-11.635561142977302,-6.198993593481886,-5.929069774176375
fasttrack,bark,æː,axis,319.8648184397056,-11.798053135003276,-6.081304525467036,-11.959675903575695,-11.636146402510978,-6.201977772753208,-5.939399739707979
fasttrack,bark,æː,axis,322.25186932358395,-11.79410868170232,-6.08804959925032,-11.951470086155897,-11.634718084986103,-6.204968075236486,-5.9513750251148645
fasttrack,bark,æː,axis,324.6389202074624,-11.790161568828815,-6.0948705533173895,-11.94494830146592,-11.634007942726992,-6.209561652984436,-5.961577699282044
fasttrack,bark,æː,axis,327.02597109134075,-11.786211856827586,-6.101765663116338,-11.936191063345714,-11.634806701516224,-6.215590773651577,-5.9726507634638395
fasttrack,bark,æː,axis,329.4130219752192,-11.782259606143466,-6.108733204095265,-11.927485701907248,-11.63574434091597,-6.220401918478104,-5.982038504699972
fasttrack,bark,æː,axis,331.80007285909755,-11.778304877221284,-6.115771451702263,-11.918771229154226,-11.636984032472151,-6.224074384922212,-5.991574770304659
fasttrack,bark,æː,axis,334.187123742976,-11.774347730505871,-6.122878681385428,-11.912133050853207,-11.638301438040815,-6.22889436609706,-6.001255937732322
fasttrack,bark,æː,axis,336.57417462685436,-11.770388226442062,-6.130053168592858,-11.905902285295165,-11.63987513809478,-6.232709597384998,-6.011045435158629
fasttrack,bark,æː,axis,338.96122551073273,-11.766426425474684,-6.137293188772648,-11.90002609475969,-11.64086001751728,-6.238810476522261,-6.020892909938861
fasttrack,bark,æː,axis,341.34827639461116,-11.762462388048569,-6.1445970173728925,-11.893157922704765,-11.638778844533238,-6.24429093359952,-6.032016746572979
fasttrack,bark,æː,axis,343.73532727848954,-11.758496174608545,-6.151962929841688,-11.886835418233343,-11.63837577563567,-6.248258097184572,-6.043140761460699
fasttrack,bark,æː,axis,346.12237816236797,-11.754527845599448,-6.159389201627131,-11.879024350405599,-11.636390037655447,-6.256123729132999,-6.05227220579633
fasttrack,bark,æː,axis,348.50942904624634,-11.750557461466101,-6.166874108177317,-11.87287674460079,-11.634801743520855,-6.264528268767551,-6.06198207866889
fasttrack,bark,æː,axis,350.89647993012477,-11.746585082653343,-6.174415924940341,-11.867703812790749,-11.630080799729516,-6.27099034409464,-6.073126844380535
fasttrack,bark,æː,axis,353.28353081400314,-11.742610769606,-6.1820129273643,-11.861279638239914,-11.62796752504355,-6.27592306199967,-6.081831373158497
fasttrack,bark,æː,axis,355.6705816978816,-11.738634582768906,-6.189663390897289,-11.854387346468332,-11.62143587865403,-6.28130761566969,-6.087603572965444
fasttrack,bark,æː,axis,358.05763258175995,-11.734656582586886,-6.197365590987404,-11.848148250184318,-11.619104983277142,-6.28720372053081,-6.0957389772116715
fasttrack,bark,æː,axis,360.4446834656384,-11.730676829504777,-6.205117803082741,-11.846737511657249,-11.610745833192679,-6.295343896654532,-6.102798476670482
fasttrack,bark,æː,axis,362.83173434951675,-11.726695383967403,-6.212918302631396,-11.84304829136433,-11.606063313111711,-6.3068112731418,-6.109468225997805
fasttrack,bark,æː,axis,365.2187852333952,-11.722712306419604,-6.220765365081464,-11.838227634969812,-11.60264829694514,-6.315894292337691,-6.11798792678399
fasttrack,bark,æː,axis,367.60583611727355,-11.718727657306204,-6.22865726588104,-11.83433016616389,-11.592907807361788,-6.324892448413196,-6.12716809475677
fasttrack,bark,æː,axis,369.9928870011519,-11.714741497072033,-6.236592280478223,-11.8290371723021,-11.585498335893865,-6.333401054498706,-6.137484466861077
fasttrack,bark,æː,axis,372.37993788503036,-11.710753886161926,-6.244568684321106,-11.823398305628647,-11.57919685473476,-6.343658955215943,-6.14307381283705
fasttrack,bark,æː,axis,374.76698876890873,-11.70676488502071,-6.252584752857785,-11.820026141737209,-11.57382919567644,-6.354467583037433,-6.150214356253168
fasttrack,bark,æː,axis,377.15403965278716,-11.702774554093223,-6.260638761536357,-11.819469651054273,-11.566240131298501,-6.3693440605035665,-6.155572562097527
fasttrack,bark,æː,axis,379.54109053666554,-11.698782953824285,-6.268728985804917,-11.818511748102024,-11.554793131388095,-6.380607805881983,-6.161102482787708
fasttrack,bark,æː,axis,381.92814142054397,-11.694790144658732,-6.276853701111561,-11.81781840110401,-11.547441217507163,-6.391696982420982,-6.167530123657538
fasttrack,bark,æː,axis,384.31519230442234,-11.690796187041396,-6.285011182904385,-11.816779150493018,-11.540070577033502,-6.404088968076916,-6.173232514736398
fasttrack,bark,æː,axis,386.70224318830077,-11.68680114141711,-6.293199706631484,-11.818823409880501,-11.532682195577255,-6.415596207012519,-6.175915821993649
fasttrack,bark,æː,axis,389.08929407217914,-11.682805068230696,-6.3014175477409555,-11.82135200492821,-11.524660621938471,-6.427168049614166,-6.180603553888425
fasttrack,bark,æː,axis,391.4763449560576,-11.678808027926994,-6.309662981680893,-11.823317501756375,-11.514523913811223,-6.4429529135165415,-6.186195763634939
fasttrack,bark,æː,axis,393.86339583993595,-11.674810080950829,-6.317934283899394,-11.82297800184323,-11.504296082486874,-6.457425664739079,-6.192631389316772
fasttrack,bark,æː,axis,396.2504467238144,-11.670811287747032,-6.326229729844554,-11.823160517545833,-11.494031517015786,-6.469742237501481,-6.199087786724094
fasttrack,bark,æː,axis,398.63749760769275,-11.666811708760438,-6.3345475949644685,-11.825893270450731,-11.483732841265585,-6.483129590041689,-6.205563472162227
fasttrack,bark,æː,axis,401.0245484915711,-11.662811404435875,-6.342886154707234,-11.828816556429075,-11.473402679103893,-6.4991328009760405,-6.210287872840959
fasttrack,bark,æː,axis,403.41159937544955,-11.658810435218172,-6.351243684520945,-11.830982735917443,-11.462346184754288,-6.514539011350441,-6.21396775483287
fasttrack,bark,æː,axis,405.7986502593279,-11.654808861552162,-6.359618459853698,-11.835420414070537,-11.448889061923486,-6.528904738088296,-6.214915639224677
fasttrack,bark,æː,axis,408.18570114320636,-11.650806743882676,-6.368008756153589,-11.839691105187274,-11.436816034318309,-6.543322892551036,-6.21581527548482
fasttrack,bark,æː,axis,410.57275202708473,-11.646804142654544,-6.376412848868712,-11.84226142533118,-11.42711418596322,-6.558163485908628,-6.216658994740229
fasttrack,bark,æː,axis,412.95980291096316,-11.642801118312594,-6.384829013447168,-11.844891404394135,-11.415787906715396,-6.573656629691762,-6.217497873825402
fasttrack,bark,æː,axis,415.34685379484154,-11.638797731301663,-6.393255525337047,-11.847532798432445,-11.403803000812161,-6.589857100269034,-6.218332604193228
fasttrack,bark,æː,axis,417.73390467871997,-11.634794042066577,-6.401690659986447,-11.850183704950224,-11.39087098424629,-6.606097790928295,-6.219163877296602
fasttrack,bark,æː,axis,420.12095556259834,-11.630790111052168,-6.410132692843463,-11.852842221451567,-11.378491337307409,-6.6202106788771875,-6.220902310411949
fasttrack,bark,æː,axis,422.50800644647677,-11.626785998703266,-6.418579899356192,-11.855506445440595,-11.366147438011492,-6.634975686553567,-6.2232657051327145
fasttrack,bark,æː,axis,424.89505733035514,-11.622781765464705,-6.427030554972731,-11.858666388668796,-11.353774527153382,-6.649214218505586,-6.225727656791473
fasttrack,bark,æː,axis,427.2821082142336,-11.61877747178131,-6.435482935141174,-11.862766126494503,-11.339135524413795,-6.663456286748194,-6.229464308107631
fasttrack,bark,eː,axis,0.0,-12.580611809002047,-5.191754960722482,-13.103464122906974,-12.26559954320028,-5.556364588756726,-4.793654332145701
fasttrack,bark,eː,axis,2.3870508838783997,-12.601870749049555,-5.164091308860251,-13.099719458924318,-12.299047170020959,-5.515977354675365,-4.779586695644074
fasttrack,bark,eː,axis,4.774101767756799,-12.623106984455507,-5.136452777023135,-13.098849616394144,-12.33047486199315,-5.475626105488168,-4.7671038871788145
fasttrack,bark,eː,axis,7.161152651635199,-12.644297810578355,-5.108864485236247,-13.102956404985905,-12.361280163436103,-5.4353468260892965,-4.755595485677425
fasttrack,bark,eː,axis,9.548203535513599,-12.665420522776543,-5.081351553524703,-13.10978353627993,-12.393364776239753,-5.394647132821555,-4.743972043614272
fasttrack,bark,eː,axis,11.935254419391999,-12.68645241640852,-5.0539391019136195,-13.116566711387094,-12.427241817773602,-5.352343881416387,-4.731447564775955
fasttrack,bark,eː,axis,14.322305303270397,-12.70737078683273,-5.026652250428107,-13.123294941260678,-12.460326966432891,-5.3102349188284235,-4.717480585178742
fasttrack,bark,eː,axis,16.7093561871488,-12.728152929407624,-4.9995161190932835,-13.13003439024601,-12.490991458431902,-5.2698802592360865,-4.703568762364988
fasttrack,bark,eː,axis,19.096407071027198,-12.748776139491643,-4.972555827934261,-13.136123332504228,-12.523546829124884,-5.231914099406906,-4.689688270451109
fasttrack,bark,eː,axis,21.483457954905596,-12.76921771244324,-4.945796496976157,-13.140150987000826,-12.553948349819672,-5.196544625229338,-4.6758794197229365
fasttrack,bark,eː,axis,23.870508838783998,-12.78945494362086,-4.919263246244085,-13.14156628279678,-12.587750648533362,-5.162226679471705,-4.662476990493438
fasttrack,bark,eː,axis,26.257559722662396,-12.80946512838295,-4.8929811957631575,-13.142303288966263,-12.617116032774465,-5.124936704825588,-4.64809604900633
fasttrack,bark,eː,axis,28.644610606540795,-12.829225562087956,-4.866975465558491,-13.146633987158879,-12.642825087595904,-5.088173156838734,-4.633091393935812
fasttrack,bark,eː,axis,31.031661490419197,-12.848713540094323,-4.841271175655201,-13.150037777683119,-12.667172665853107,-5.05112155364587,-4.618538130556852
fasttrack,bark,eː,axis,33.4187123742976,-12.867906357760502,-4.815893446078401,-13.149438930150197,-12.69004179273142,-5.0136756914683,-4.605397848276043
fasttrack,bark,eː,axis,35.80576325817599,-12.886781310444938,-4.790867396853207,-13.157112021734168,-12.71277900400415,-4.97790302652252,-4.592581233197129
fasttrack,bark,eː,axis,38.192814142054395,-12.905315693506079,-4.7662181480047305,-13.163445928560227,-12.729167779447222,-4.94290073615339,-4.579184229463332
fasttrack,bark,eː,axis,40.5798650259328,-12.923486802302373,-4.741970819558088,-13.1693300962044,-12.750642871724942,-4.910091475619129,-4.566005025425094
fasttrack,bark,eː,axis,42.96691590981119,-12.94127193219226,-4.718150531538396,-13.176149697214148,-12.774711785244914,-4.877606865912592,-4.553219396588885
fasttrack,bark,eː,axis,45.353966793689594,-12.958648378534196,-4.694782403970765,-13.18447469301544,-12.7967012663455,-4.8502741819998265,-4.541074387401781
fasttrack,bark,eː,axis,47.741017677567996,-12.975593436686623,-4.671891556880314,-13.192782389590818,-12.814675990141852,-4.8205213534764475,-4.527608937212465
fasttrack,bark,eː,axis,50.12806856144639,-12.99208440200799,-4.649503110292155,-13.199291911596472,-12.832333968827955,-4.789027793885156,-4.514970579345468
fasttrack,bark,eː,axis,52.51511944532479,-13.008098569856742,-4.627642184231402,-13.203681038141557,-12.8470564427378,-4.76184383091042,-4.500818959892659
fasttrack,bark,eː,axis,54.902170329203194,-13.023613235591325,-4.606333898723172,-13.212578797432773,-12.856500374852077,-4.732864883280222,-4.48559799843734
fasttrack,bark,eː,axis,57.28922121308159,-13.03860569457019,-4.585603373792578,-13.221822667716182,-12.867658156814402,-4.706845421094096,-4.470772397426876
fasttrack,bark,eː,axis,59.67627209695999,-13.053053242151783,-4.565475729464735,-13.23195889605017,-12.877536460679893,-4.681474728473898,-4.456589922322896
fasttrack,bark,eː,axis,62.06332298083839,-13.066933173694549,-4.545976085764758,-13.241036346697094,-12.887153490716242,-4.654287455893597,-4.443562334144064
fasttrack,bark,eː,axis,64.4503738647168,-13.080222784556934,-4.527129562717762,-13.255283236134787,-12.898912726798216,-4.631177173566951,-4.429376036145286
fasttrack,bark,eː,axis,66.8374247485952,-13.092899370097388,-4.50896128034886,-13.274933910452297,-12.90509751876967,-4.610807132455929,-4.415334884003131
fasttrack,bark,eː,axis,69.22447563247358,-13.104940225674357,-4.491496358683168,-13.287630078051713,-12.914126563122661,-4.591126809230795,-4.39969098730623
fasttrack,bark,eː,axis,71.61152651635199,-13.116322646646285,-4.4747599177458,-13.300135840731118,-12.922797346215544,-4.572301245214047,-4.384265502198021
fasttrack,bark,eː,axis,73.99857740023039,-13.127023928371624,-4.458777077561871,-13.314924672239465,-12.931426288635775,-4.555709127663666,-4.3700322061110946
fasttrack,bark,eː,axis,76.38562828410879,-13.137021366208819,-4.443572958156495,-13.325903126002116,-12.94032249098454,-4.537912924782374,-4.353075748035871
fasttrack,bark,eː,axis,78.77267916798719,-13.146292255516315,-4.429172679554787,-13.33524081811695,-12.945881334884957,-4.522459045019592,-4.336325440423487
fasttrack,bark,eː,axis,81.1597300518656,-13.154813891652559,-4.415601361781862,-13.348300699118822,-12.952104654645408,-4.509473623837957,-4.321610075527866
fasttrack,bark,eː,axis,83.546780935744,-13.162563569976001,-4.402884124862835,-13.362085569568125,-12.958041593459866,-4.498396989345595,-4.3071456081733075
fasttrack,bark,eː,axis,85.93383181962238,-13.169518585845086,-4.3910460888228195,-13.366594495899525,-12.959360991427388,-4.486674547375085,-4.291713808386397
fasttrack,bark,eː,axis,88.32088270350079,-13.175657225993705,-4.380111320763256,-13.378086769718523,-12.963123400392385,-4.4751161011340495,-4.277281805125554
fasttrack,bark,eː,axis,90.70793358737919,-13.180978635653446,-4.370081734315683,-13.384483451033308,-12.965014023653506,-4.467530512010041,-4.263578871608263
fasttrack,bark,eː,axis,93.09498447125759,-13.185501792947196,-4.360938178921555,-13.387724482384797,-12.96552810256249,-4.461675921031287,-4.253492731278915
fasttrack,bark,eː,axis,95.48203535513599,-13.18924646208853,-4.352660669128243,-13.392740202992007,-12.966256044491633,-4.45355463289265,-4.243515565401704
fasttrack,bark,eː,axis,97.8690862390144,-13.192232407291012,-4.345229219483118,-13.397912519093047,-12.962426357535351,-4.447535838968189,-4.2355594453134175
fasttrack,bark,eː,axis,100.25613712289278,-13.19447939276822,-4.338623844533551,-13.401958749015092,-12.959253617759154,-4.445105194881117,-4.229303921874131
fasttrack,bark,eː,axis,102.64318800677118,-13.196007182733716,-4.332824558826912,-13.404862318037333,-12.959982043090044,-4.440916527732648,-4.224348018259942
fasttrack,bark,eː,axis,105.03023889064958,-13.19683554140108,-4.327811376910574,-13.407670205245877,-12.960933787178584,-4.436710933743642,-4.220655077727266
fasttrack,bark,eː,axis,107.41728977452799,-13.19698423298388,-4.323564313331906,-13.409400127491704,-12.961710114697686,-4.433710456950966,-4.218188443532517
fasttrack,bark,eː,axis,109.80434065840639,-13.196473021695686,-4.320063382638281,-13.410031351345662,-12.962530182859544,-4.433269211061029,-4.215193598696808
fasttrack,bark,eː,axis,112.19139154228479,-13.195321671750069,-4.317288599377069,-13.409059344242493,-12.959501993487828,-4.433172684011638,-4.211619371115788
fasttrack,bark,eː,axis,114.57844242616318,-13.1935499473606,-4.315219978095641,-13.405303591456278,-12.956060657166553,-4.433014582995312,-4.208884851343978
fasttrack,bark,eː,axis,116.96549331004158,-13.191177612740852,-4.313837533341368,-13.400643383037202,-12.95222173576078,-4.432709974881966,-4.207608988020782
fasttrack,bark,eː,axis,119.35254419391998,-13.188224432104391,-4.313121279661622,-13.395233729418717,-12.94763514670196,-4.432602036037733,-4.208618552706719
fasttrack,bark,eː,axis,121.73959507779838,-13.184710169664795,-4.3130512316037715,-13.390966925462182,-12.942583053219758,-4.432078767687974,-4.209507014460598
fasttrack,bark,eː,axis,124.12664596167679,-13.18065458963563,-4.31360740371519,-13.386940920609298,-12.937738724319352,-4.432017984936395,-4.212454979290182
fasttrack,bark,eː,axis,126.51369684555519,-13.176077456230466,-4.314769810543249,-13.381850939655967,-12.931773637309092,-4.431919364382058,-4.213266464826593
fasttrack,bark,eː,axis,128.9007477294336,-13.170998533662878,-4.3165184666353165,-13.376292103149444,-12.9257792101429,-4.432101890964153,-4.216529941113292
fasttrack,bark,eː,axis,131.287798613312,-13.165437586146435,-4.318833386538765,-13.367640258856975,-12.91976034725615,-4.434041221149702,-4.21828665157927
fasttrack,bark,eː,axis,133.6748494971904,-13.159414377894707,-4.321694584800968,-13.357928302788181,-12.916127782173321,-4.436733836085046,-4.221555784995824
fasttrack,bark,eː,axis,136.0619003810688,-13.152948673121267,-4.325082075969293,-13.347563606210693,-12.910482536296348,-4.4398496648059,-4.226027626100083
fasttrack,bark,eː,axis,138.44895126494717,-13.146060236039686,-4.328975874591112,-13.336950007464985,-12.90847826798978,-4.445251860660171,-4.230041242301941
fasttrack,bark,eː,axis,140.83600214882557,-13.138768830863532,-4.333355995213797,-13.326722407620494,-12.906400212372763,-4.450818890386928,-4.23357336213629
fasttrack,bark,eː,axis,143.22305303270397,-13.131094221806377,-4.338202452384718,-13.317381534265728,-12.9042519207778,-4.45537022095379,-4.239109155431474
fasttrack,bark,eː,axis,145.61010391658237,-13.123056173081796,-4.343495260651246,-13.308231919812263,-12.896057575048856,-4.461021648879962,-4.246307890898397
fasttrack,bark,eː,axis,147.99715480046078,-13.114674448903354,-4.3492144345607535,-13.299577390617303,-12.883963540111473,-4.467787509782252,-4.252567301305753
fasttrack,bark,eː,axis,150.38420568433918,-13.105968813484626,-4.355339988660611,-13.286847058797395,-12.871608999911295,-4.473224249645375,-4.25748148229164
fasttrack,bark,eː,axis,152.77125656821758,-13.096959031039182,-4.361851937498188,-13.277184404795616,-12.862030470298258,-4.479230173643666,-4.263309895730255
fasttrack,bark,eː,axis,155.15830745209598,-13.087664865780592,-4.368730295620857,-13.268254978657668,-12.855831232375833,-4.483998900132034,-4.271737706364728
fasttrack,bark,eː,axis,157.54535833597438,-13.078106081922428,-4.375955077575989,-13.260469770241254,-12.849990501428174,-4.489666891860154,-4.279778612269586
fasttrack,bark,eː,axis,159.9324092198528,-13.068302443678263,-4.3835062979109525,-13.252309826806709,-12.839973242964227,-4.495395664170256,-4.287075558207125
fasttrack,bark,eː,axis,162.3194601037312,-13.058273715261663,-4.3913639711731225,-13.243821914306107,-12.831550416235372,-4.502453961598771,-4.2959566565216285
fasttrack,bark,eː,axis,164.7065109876096,-13.048039660886202,-4.399508111909868,-13.233682322694644,-12.823514829720644,-4.512624309460184,-4.3039573683213455
fasttrack,bark,eː,axis,167.093561871488,-13.03762004476545,-4.407918734668561,-13.218635715954871,-12.815284469910534,-4.519094183677457,-4.310335926612151
fasttrack,bark,eː,axis,169.48061275536637,-13.02703463111298,-4.416575853996569,-13.206703061333087,-12.803802669730784,-4.526785741120073,-4.318722011882715
fasttrack,bark,eː,axis,171.86766363924477,-13.016303184142359,-4.425459484441268,-13.190595169211853,-12.792946360537067,-4.535135202304362,-4.326324551175871
fasttrack,bark,eː,axis,174.25471452312317,-13.005445468067162,-4.434549640550026,-13.174277281453882,-12.785575188004776,-4.5434008299526685,-4.332786430590363
fasttrack,bark,eː,axis,176.64176540700157,-12.994481247100957,-4.443826336870215,-13.157740935153834,-12.776254242930033,-4.553280174113694,-4.339156045519926
fasttrack,bark,eː,axis,179.02881629087997,-12.983430285457318,-4.453269587949205,-13.141577847076212,-12.77028095946552,-4.562734108335382,-4.347593970881358
fasttrack,bark,eː,axis,181.41586717475838,-12.972312347349813,-4.462859408334371,-13.131293303796596,-12.764474969677115,-4.572701700657376,-4.355602007318757
fasttrack,bark,eː,axis,183.80291805863678,-12.961147196992018,-4.472575812573078,-13.118883397280984,-12.753910728602637,-4.585132331475352,-4.362586224262455
fasttrack,bark,eː,axis,186.18996894251518,-12.949954598597495,-4.482398815212699,-13.11020670499655,-12.745190105239379,-4.596559244653674,-4.369165845562641
fasttrack,bark,eː,axis,188.57701982639358,-12.938754316379823,-4.492308430800607,-13.101266604033837,-12.7390333389025,-4.6092281878746855,-4.3758924568597255
fasttrack,bark,eː,axis,190.96407071027198,-12.927566114552569,-4.502284673884174,-13.08836961795908,-12.732949838708397,-4.6232713634171985,-4.384005677256426
fasttrack,bark,eː,axis,193.35112159415038,-12.916409757329307,-4.512307559010766,-13.078765372637575,-12.723075575504089,-4.636670157897056,-4.391142476304891
fasttrack,bark,eː,axis,195.7381724780288,-12.905305008923605,-4.52235710072776,-13.070039310463788,-12.71140599974722,-4.650730419781256,-4.397530779005651
fasttrack,bark,eː,axis,198.1252233619072,-12.894271633549035,-4.532413313582522,-13.058881481730662,-12.701262550497235,-4.6649442632765545,-4.403936480972819
fasttrack,bark,eː,axis,200.51227424578556,-12.883329395419167,-4.542456212122425,-13.050749966784764,-12.692427795240878,-4.677269721824755,-4.411097898929903
fasttrack,bark,eː,axis,202.89932512966396,-12.872498058747576,-4.552465810894841,-13.042654473076878,-12.682131577462204,-4.687877380277434,-4.418851994567599
fasttrack,bark,eː,axis,205.28637601354237,-12.861797387747828,-4.562422124447139,-13.034608100597415,-12.670014679922321,-4.69935009132643,-4.427535537239653
fasttrack,bark,eː,axis,207.67342689742077,-12.851247146633495,-4.572305167326692,-13.02662394933679,-12.654106670523898,-4.710492845483783,-4.436192647504077
fasttrack,bark,eː,axis,210.06047778129917,-12.84086709961815,-4.582094954080871,-13.02021989249455,-12.642201413254696,-4.722308077974314,-4.445347463248243
fasttrack,bark,eː,axis,212.44752866517757,-12.830677010915363,-4.591771499257044,-13.014866506623763,-12.631493994670636,-4.735487434446163,-4.4543290663479995
fasttrack,bark,eː,axis,214.83457954905597,-12.820696644738705,-4.601314817402586,-13.007279339039378,-12.617890276800791,-4.747887427841553,-4.462315346015509
fasttrack,bark,eː,axis,217.22163043293438,-12.810945765301746,-4.610704923064865,-12.998574830488076,-12.607198879825546,-4.760166116709407,-4.469294427233372
fasttrack,bark,eː,axis,219.60868131681278,-12.801444136818056,-4.619921830791254,-12.991931257723657,-12.594421692763135,-4.77253660293782,-4.476244093433445
fasttrack,bark,eː,axis,221.99573220069118,-12.79221152350121,-4.628945555129124,-12.984646880791528,-12.582090800285256,-4.784811550840394,-4.4831526954357015
fasttrack,bark,eː,axis,224.38278308456958,-12.783267689564777,-4.637756110625844,-12.976210565128131,-12.570233409960302,-4.79620976409213,-4.490400331127876
fasttrack,bark,eː,axis,226.76983396844798,-12.774632399222327,-4.646333511828788,-12.968904536195517,-12.558855558084582,-4.806539998480145,-4.497578514336338
fasttrack,bark,eː,axis,229.15688485232636,-12.76632541668743,-4.654657773285323,-12.960957952089807,-12.547980054281155,-4.816420006479452,-4.504288358660759
fasttrack,bark,eː,axis,231.54393573620476,-12.75836646567524,-4.662708948888839,-12.95462814538823,-12.537654994715561,-4.8258546703751914,-4.51091520845766
fasttrack,bark,eː,axis,233.93098662008316,-12.750768187837329,-4.670473973072033,-12.947623912380012,-12.527897489473432,-4.834837412798971,-4.517414324265078
fasttrack,bark,eː,axis,236.31803750396156,-12.743528105195113,-4.677954469659845,-12.94083804450925,-12.517666651955182,-4.8433604516184845,-4.523749794971773
fasttrack,bark,eː,axis,238.70508838783996,-12.73664179558568,-4.685153951338643,-12.934274938806876,-12.507639706809721,-4.849959776153677,-4.529872657530709
fasttrack,bark,eː,axis,241.09213927171837,-12.73010483684612,-4.69207593079478,-12.926842708185449,-12.498196342623945,-4.858240714239331,-4.535955084767874
fasttrack,bark,eː,axis,243.47919015559677,-12.723912806813527,-4.698723920714629,-12.918691900518803,-12.490319731374216,-4.86620925768718,-4.540722081412408
fasttrack,bark,eː,axis,245.86624103947517,-12.718061283324985,-4.705101433784545,-12.91301563642622,-12.481824585783338,-4.873290211132283,-4.545636685956432
fasttrack,bark,eː,axis,248.25329192335357,-12.71254584421759,-4.711211982690896,-12.907774209119518,-12.47425464512602,-4.88011220907191,-4.55031168348678
fasttrack,bark,eː,axis,250.64034280723197,-12.707362067328432,-4.717059080120042,-12.902685270255827,-12.471028970449392,-4.886621191631772,-4.555095155991376
fasttrack,bark,eː,axis,253.02739369111038,-12.702505530494598,-4.722646238758347,-12.897745190131443,-12.468867857406137,-4.89225707789885,-4.5593411550927865
fasttrack,bark,eː,axis,255.41444457498878,-12.697971811553177,-4.727976971292174,-12.893329164749902,-12.465403472565642,-4.897456560828189,-4.563363855403649
fasttrack,bark,eː,axis,257.8014954588672,-12.693756488341265,-4.733054790407882,-12.889958619507594,-12.459859943969846,-4.90299365260265,-4.567218878154818
fasttrack,bark,eː,axis,260.18854634274555,-12.689855138695949,-4.737883208791837,-12.886597021757243,-12.45462051347003,-4.908107031226718,-4.5708090779292165
fasttrack,bark,eː,axis,262.575597226624,-12.686263340454317,-4.742465739130404,-12.883836790441148,-12.449941304034153,-4.91200989555938,-4.575227771538547
fasttrack,bark,eː,axis,264.96264811050236,-12.68297667145346,-4.746805894109944,-12.88122165831354,-12.446738977530677,-4.915591325418006,-4.579496298000278
fasttrack,bark,eː,axis,267.3496989943808,-12.679990709530472,-4.750907186416813,-12.878747046742106,-12.444831425978903,-4.9187787933456955,-4.580830144409466
fasttrack,bark,eː,axis,269.73674987825916,-12.67730103252244,-4.754773128737385,-12.876125625574126,-12.445086803820155,-4.921551861375352,-4.584540043872652
fasttrack,bark,eː,axis,272.1238007621376,-12.674903218266454,-4.758407233758014,-12.873503962805458,-12.446805963139871,-4.9238984926412215,-4.5880840770625175
fasttrack,bark,eː,axis,274.51085164601596,-12.672792844599606,-4.761813014165067,-12.870955780856685,-12.448497103860946,-4.924382637933142,-4.591761807194997
fasttrack,bark,eː,axis,276.89790252989434,-12.670965489358988,-4.764993982644905,-12.86933219037179,-12.448268658473378,-4.924243645174241,-4.596249580089908
fasttrack,bark,eː,axis,279.28495341377277,-12.669416730381682,-4.767953651883893,-12.868062010152775,-12.453532695861755,-4.9263774706924846,-4.60137645504274
fasttrack,bark,eː,axis,281.67200429765114,-12.668142145504786,-4.770695534568391,-12.866938273819946,-12.459750414225255,-4.927821605031363,-4.605498700579193
fasttrack,bark,eː,axis,284.0590551815296,-12.667137312565387,-4.773223143384762,-12.8636621241161,-12.462600135716102,-4.927758420744555,-4.6094142925241455
fasttrack,bark,eː,axis,286.44610606540795,-12.666397809400578,-4.775539991019372,-12.860321466294318,-12.464638270204139,-4.930586433056526,-4.613245749636338
fasttrack,bark,eː,axis,288.8331569492864,-12.665919213847447,-4.777649590158578,-12.85566031121381,-12.466534196720694,-4.932065822448748,-4.617413465461385
fasttrack,bark,eː,axis,291.22020783316475,-12.665697103743083,-4.779555453488749,-12.856890853314292,-12.467536423841612,-4.93286881608701,-4.620789839319785
fasttrack,bark,eː,axis,293.6072587170432,-12.665727056924577,-4.781261093696244,-12.856201032969324,-12.467242508742546,-4.933346007183854,-4.62363195469791
fasttrack,bark,eː,axis,295.99430960092155,-12.666004651229024,-4.782770023467425,-12.858799409318843,-12.467307245646166,-4.9339171883221855,-4.627644729121078
fasttrack,bark,eː,axis,298.3813604848,-12.666525464493507,-4.784085755488656,-12.86489300531621,-12.467748238292794,-4.934830429434411,-4.629656018787715
fasttrack,bark,eː,axis,300.76841136867836,-12.667285074555117,-4.7852118024463035,-12.868024371254721,-12.471983423425486,-4.935437285566843,-4.631428738484413
fasttrack,bark,eː,axis,303.1554622525568,-12.668279059250949,-4.786151677026725,-12.86690562091158,-12.477005982412985,-4.936930333632701,-4.632112073688392
fasttrack,bark,eː,axis,305.54251313643516,-12.669502996418093,-4.786908891916282,-12.865872513159548,-12.4824243223372,-4.934231101726788,-4.632582691865373
fasttrack,bark,eː,axis,307.92956402031353,-12.670952463893634,-4.787486959801342,-12.869071526731108,-12.487003357796365,-4.932175013943714,-4.633806487728354
fasttrack,bark,eː,axis,310.31661490419197,-12.672623039514665,-4.787889393368266,-12.870938555227662,-12.489979925606745,-4.929875669795347,-4.636537800151606
fasttrack,bark,eː,axis,312.70366578807034,-12.674510301118278,-4.788119705303414,-12.87133992816966,-12.494165100153094,-4.929251242081577,-4.6390140074689645
fasttrack,bark,eː,axis,315.09071667194877,-12.67660982654156,-4.788181408293154,-12.872034406642932,-12.499144623537184,-4.928325308040547,-4.641515494310834
fasttrack,bark,eː,axis,317.47776755582714,-12.678917193621603,-4.788078015023846,-12.873212052594111,-12.504476828139964,-4.926625281312841,-4.642395668599692
fasttrack,bark,eː,axis,319.8648184397056,-12.681427980195496,-4.787813038181852,-12.876186560207024,-12.509849978570177,-4.923915926772648,-4.638995214978053
fasttrack,bark,eː,axis,322.25186932358395,-12.68413776410033,-4.787389990453535,-12.884018648539422,-12.51561260166699,-4.920945696807244,-4.635395612808001
fasttrack,bark,eː,axis,324.6389202074624,-12.687042123173194,-4.786812384525261,-12.88697852152125,-12.519729626745585,-4.919044523627999,-4.631637268338028
fasttrack,bark,eː,axis,327.02597109134075,-12.690136635251184,-4.786083733083386,-12.890244410004303,-12.523354059018363,-4.9168314528131605,-4.630027370489974
fasttrack,bark,eː,axis,329.4130219752192,-12.693416878171382,-4.785207548814279,-12.895224792302978,-12.527361952647869,-4.9138317948504024,-4.632237453899878
fasttrack,bark,eː,axis,331.80007285909755,-12.696878429770885,-4.784187344404296,-12.902694150057975,-12.533055667664389,-4.910439173629529,-4.6344043043472585
fasttrack,bark,eː,axis,334.187123742976,-12.700516867886776,-4.78302663253981,-12.912734309828268,-12.538689262754259,-4.909236984409636,-4.636537620464239
fasttrack,bark,eː,axis,336.57417462685436,-12.704327770356151,-4.781728925907178,-12.915850580347723,-12.54294768712132,-4.905950843164001,-4.633887957719645
fasttrack,bark,eː,axis,338.96122551073273,-12.708306715016098,-4.7802977371927575,-12.919307486534755,-12.546789580089651,-4.9017125932771615,-4.628765554424176
fasttrack,bark,eː,axis,341.34827639461116,-12.71244927970371,-4.778736579082919,-12.924137692553018,-12.553619092798707,-4.897993615378403,-4.6233158734053195
fasttrack,bark,eː,axis,343.73532727848954,-12.71675104225607,-4.777048964264024,-12.927300484532735,-12.559389317433808,-4.895737955228304,-4.619244435733357
fasttrack,bark,eː,axis,346.12237816236797,-12.721207580510278,-4.775238405422428,-12.937436069396176,-12.565519780546275,-4.892879832374273,-4.618372040718548
fasttrack,bark,eː,axis,348.50942904624634,-12.725814472303417,-4.773308415244502,-12.949272568977605,-12.571541547273926,-4.891142946119456,-4.615145803498393
fasttrack,bark,eː,axis,350.89647993012477,-12.730567295472579,-4.77126250641661,-12.962977041796247,-12.575527779559836,-4.889091648483572,-4.608307689292449
fasttrack,bark,eː,axis,353.28353081400314,-12.735461627854857,-4.769104191625104,-12.981720153063664,-12.580647096203869,-4.886507088154635,-4.598172491603631
fasttrack,bark,eː,axis,355.6705816978816,-12.740493047287337,-4.7668369835563595,-13.000747266808744,-12.58627039171093,-4.882874928039206,-4.592872869230764
fasttrack,bark,eː,axis,358.05763258175995,-12.74565713160711,-4.764464394896731,-13.020049221661228,-12.591570284769276,-4.880841656562716,-4.584668820464031
fasttrack,bark,eː,axis,360.4446834656384,-12.750949458651265,-4.7619899383325865,-13.03971373965022,-12.597640473438657,-4.880952625599728,-4.579590534260988
fasttrack,bark,eː,axis,362.83173434951675,-12.7563656062569,-4.759417126550282,-13.057692260058905,-12.605588392362833,-4.880359248561622,-4.577343274639299
fasttrack,bark,eː,axis,365.2187852333952,-12.761901152261098,-4.756749472236182,-13.073416509339019,-12.609619405259163,-4.878093549559674,-4.569692410785202
fasttrack,bark,eː,axis,367.60583611727355,-12.76755167450095,-4.753990488076653,-13.089439468860734,-12.613685747451783,-4.874875017043358,-4.566046287633517
fasttrack,bark,eː,axis,369.9928870011519,-12.773312750813549,-4.751143686758059,-13.105640072265484,-12.618246552334934,-4.873799814675812,-4.5628964115271025
fasttrack,bark,eː,axis,372.37993788503036,-12.77917995903598,-4.748212580966758,-13.12004197212984,-12.621384429663022,-4.872233811433958,-4.555909335442274
fasttrack,bark,eː,axis,374.76698876890873,-12.785148877005337,-4.745200683389111,-13.133644674907297,-12.62628818376681,-4.8702461372387456,-4.54652522287233
fasttrack,bark,eː,axis,377.15403965278716,-12.791215082558711,-4.7421115067114865,-13.147372047469439,-12.630567710742778,-4.868185685066429,-4.537022932536994
fasttrack,bark,eː,axis,379.54109053666554,-12.797374153533191,-4.738948563620244,-13.161218423007876,-12.636860221894787,-4.866734242653269,-4.528415563160949
fasttrack,bark,eː,axis,381.92814142054397,-12.803621667765864,-4.735715366801752,-13.17517813471421,-12.639048186279009,-4.866160384852624,-4.521073261674408
fasttrack,bark,eː,axis,384.31519230442234,-12.80995320309383,-4.732415428942364,-13.189245515780051,-12.644033790945459,-4.8648667200092195,-4.513653255658468
fasttrack,bark,eː,axis,386.70224318830077,-12.816364337354166,-4.729052262728445,-13.203414899397,-12.64979432948195,-4.863325455835319,-4.506159634825207
fasttrack,bark,eː,axis,389.08929407217914,-12.822850648383968,-4.725629380846367,-13.219347546892246,-12.652563212656002,-4.862022892028326,-4.496441561737924
fasttrack,bark,eː,axis,391.4763449560576,-12.829407714020329,-4.72215029598248,-13.235008226638634,-12.655220304342244,-4.8621070193325036,-4.483839240995528
fasttrack,bark,eː,axis,393.86339583993595,-12.83603111210034,-4.718618520823149,-13.248309514819564,-12.65891906614839,-4.861992748110094,-4.4714444199128485
fasttrack,bark,eː,axis,396.2504467238144,-12.842716420461086,-4.715037568054743,-13.263833514830235,-12.660200832443948,-4.8599943449409775,-4.463856358783147
fasttrack,bark,eː,axis,398.63749760769275,-12.849459216939657,-4.711410950363625,-13.28035972671131,-12.661789902718676,-4.858510849617726,-4.453866536074473
fasttrack,bark,eː,axis,401.0245484915711,-12.856255079373147,-4.707742180436149,-13.296972887554002,-12.662864423673936,-4.859412411700238,-4.442922757104961
fasttrack,bark,eː,axis,403.41159937544955,-12.863099585598645,-4.704034770958685,-13.314548142154331,-12.663177424123537,-4.858399649097637,-4.431919348320501
fasttrack,bark,eː,axis,405.7986502593279,-12.869988313453241,-4.700292234617599,-13.333274633907033,-12.665698573799173,-4.858788236725405,-4.421855681001049
fasttrack,bark,eː,axis,408.18570114320636,-12.87691684077403,-4.696518084099242,-13.352067943324004,-12.664822594093605,-4.860051291734867,-4.413552374277718
fasttrack,bark,eː,axis,410.57275202708473,-12.883880745398091,-4.692715832089981,-13.370920646220315,-12.663710179907776,-4.861299174083459,-4.4052162774729755
fasttrack,bark,eː,axis,412.95980291096316,-12.89087560516252,-4.68888899127619,-13.389825318411054,-12.663320381285619,-4.8621366117330584,-4.396787950459422
fasttrack,bark,eː,axis,415.34685379484154,-12.897896997904411,-4.685041074344213,-13.408774535711308,-12.662730355653206,-4.861934557192934,-4.388264449248524
fasttrack,bark,eː,axis,417.73390467871997,-12.904940501460853,-4.681175593980427,-13.427760873936148,-12.662204615599558,-4.8602638113045575,-4.379720072899596
fasttrack,bark,eː,axis,420.12095556259834,-12.912001693668927,-4.677296062871196,-13.446776908900654,-12.661462954704668,-4.8604659244337345,-4.371158996440248
fasttrack,bark,eː,axis,422.50800644647677,-12.91907615236573,-4.673405993702875,-13.465815216419918,-12.660945049501521,-4.860813477211062,-4.362585394898077
fasttrack,bark,eː,axis,424.89505733035514,-12.926159455388365,-4.669508899161819,-13.484868372309029,-12.660538185916343,-4.861345412094018,-4.354003443300684
fasttrack,bark,eː,axis,427.2821082142336,-12.9332471805739,-4.665608291934404,-13.503928952383049,-12.660436621242932,-4.862846813640752,-4.345417316675697
fasttrack,bark,yː,axis,0.0,-12.314546268082996,-4.41589201981658,-13.023641046802718,-11.876807644914248,-4.705934717792424,-4.049151915083917
fasttrack,bark,yː,axis,2.3870508838783997,-12.317914851734228,-4.403943114858089,-13.003904340829822,-11.898052854518111,-4.68494454754601,-4.048761496974601
fasttrack,bark,yː,axis,4.774101767756799,-12.321285693916717,-4.392000260647999,-12.98418762479136,-11.918405340478074,-4.664259222840219,-4.048367189774417
fasttrack,bark,yː,axis,7.161152651635199,-12.324661053161728,-4.380069507934712,-12.962185501524162,-11.937959263218326,-4.643597755078837,-4.047965104392496
fasttrack,bark,yː,axis,9.548203535513599,-12.328043188000516,-4.368156907466631,-12.941922208648473,-11.957053157089998,-4.622972072734071,-4.047551351737971
fasttrack,bark,yː,axis,11.935254419391999,-12.331434356964342,-4.356268509992154,-12.92313110087398,-11.975653763674712,-4.602394104278125,-4.047122042719973
fasttrack,bark,yː,axis,14.322305303270397,-12.334836818584469,-4.344410366259686,-12.904430808359999,-11.994179496731029,-4.581875778183206,-4.046673288247634
fasttrack,bark,yː,axis,16.7093561871488,-12.338252831392149,-4.332588527017627,-12.88623529575434,-12.011771424839624,-4.561708475833161,-4.046201199230086
fasttrack,bark,yː,axis,19.096407071027198,-12.341684653918646,-4.320809043014378,-12.867721849852868,-12.027903164972285,-4.542485078160738,-4.04570188657646
fasttrack,bark,yː,axis,21.483457954905596,-12.34513454469522,-4.309077964998343,-12.845523748451924,-12.041435746636846,-4.52334610693308,-4.045171461195888
fasttrack,bark,yː,axis,23.870508838783998,-12.34860476225313,-4.2974013437179215,-12.823513506429567,-12.055466119305729,-4.503459859459503,-4.045794283515288
fasttrack,bark,yː,axis,26.257559722662396,-12.352097565123636,-4.2857852299215144,-12.801095252747452,-12.070065505519668,-4.482371356006501,-4.043903982042643
fasttrack,bark,yː,axis,28.644610606540795,-12.355615211837994,-4.274235674357525,-12.778328957994141,-12.088552444545615,-4.462113102634497,-4.043323990832345
fasttrack,bark,yː,axis,31.031661490419197,-12.35915996092747,-4.262758727774354,-12.75804106734149,-12.09750791469889,-4.4426819828377235,-4.042586383781278
fasttrack,bark,yː,axis,33.4187123742976,-12.362734070923317,-4.251360440920403,-12.738660306567828,-12.106620166967602,-4.424115709176196,-4.042598010418286
fasttrack,bark,yː,axis,35.80576325817599,-12.366339800356798,-4.240046864544074,-12.719952695471045,-12.12452910708864,-4.406718517781086,-4.042631156824893
fasttrack,bark,yː,axis,38.192814142054395,-12.369979407759173,-4.2288240493937685,-12.705292547211029,-12.130546326327138,-4.39162142051015,-4.042895414134359
fasttrack,bark,yː,axis,40.5798650259328,-12.373655151661698,-4.217698046217886,-12.691643749216444,-12.143497432970433,-4.373009212068585,-4.042494974991831
fasttrack,bark,yː,axis,42.96691590981119,-12.377369290595638,-4.206674905764831,-12.681375947721824,-12.15242891298626,-4.358785306529226,-4.041921934012541
fasttrack,bark,yː,axis,45.353966793689594,-12.381124083092246,-4.195760678783004,-12.671574897413189,-12.160788794894149,-4.341586772271639,-4.039116746940468
fasttrack,bark,yː,axis,47.741017677567996,-12.384921787682787,-4.184961416020805,-12.664489460649317,-12.173174570395632,-4.32604110845765,-4.037944238220279
fasttrack,bark,yː,axis,50.12806856144639,-12.388764662898518,-4.174283168226638,-12.65116007262157,-12.182235925299922,-4.311654824808535,-4.036342167671217
fasttrack,bark,yː,axis,52.51511944532479,-12.392654967270698,-4.163731986148903,-12.634119611003065,-12.19105532802565,-4.297902085687623,-4.035349535047994
fasttrack,bark,yː,axis,54.902170329203194,-12.396594959330589,-4.153313920536002,-12.625764648623178,-12.199024466514743,-4.2832266738207565,-4.030792888213806
fasttrack,bark,yː,axis,57.28922121308159,-12.400586897609449,-4.143035022136337,-12.621601484433784,-12.205578572072996,-4.271319231677344,-4.026205349813138
fasttrack,bark,yː,axis,59.67627209695999,-12.404633040638537,-4.132901341698308,-12.622334960925144,-12.207995248557697,-4.258270094318576,-4.023679039717587
fasttrack,bark,yː,axis,62.06332298083839,-12.408735646949113,-4.122918929970318,-12.619952117373767,-12.216381083518838,-4.244895102196835,-4.0198371637192505
fasttrack,bark,yː,axis,64.4503738647168,-12.412896975072435,-4.113093837700768,-12.614649901908498,-12.22760718184178,-4.229094653958797,-4.012804164498738
fasttrack,bark,yː,axis,66.8374247485952,-12.417119283539767,-4.103432115638061,-12.611068882418285,-12.239254346327266,-4.21845619239323,-4.003685877220734
fasttrack,bark,yː,axis,69.22447563247358,-12.421404830882363,-4.093939814530595,-12.607194319697763,-12.247455138175772,-4.207044643124813,-3.9950764463651542
fasttrack,bark,yː,axis,71.61152651635199,-12.425755875631486,-4.084622985126774,-12.60477695283841,-12.246436027882217,-4.194073058283083,-3.985704704866661
fasttrack,bark,yː,axis,73.99857740023039,-12.430174676318396,-4.075487678175001,-12.60993059068255,-12.248257667172464,-4.1826721235447195,-3.979122639601523
fasttrack,bark,yː,axis,76.38562828410879,-12.43466349147435,-4.066539944423674,-12.614145283784033,-12.246368102973674,-4.172588469800621,-3.9712042660595035
fasttrack,bark,yː,axis,78.77267916798719,-12.43922457963061,-4.057785834621198,-12.616843989770507,-12.244661612401602,-4.161483142567786,-3.960202043541444
fasttrack,bark,yː,axis,81.1597300518656,-12.443860199318431,-4.049231399515972,-12.619240476265828,-12.243936472822753,-4.151778900077111,-3.9484334359799216
fasttrack,bark,yː,axis,83.546780935744,-12.448572609069078,-4.0408826898563985,-12.625201468210225,-12.247618161072356,-4.142814083846876,-3.9408880783097735
fasttrack,bark,yː,axis,85.93383181962238,-12.45336364955744,-4.0327449221883445,-12.630196847321818,-12.253104532118888,-4.135454556126804,-3.9317032998123937
fasttrack,bark,yː,axis,88.32088270350079,-12.458232316526562,-4.024817633476013,-12.63847134599539,-12.259233301193293,-4.127665301523804,-3.9230164333533457
fasttrack,bark,yː,axis,90.70793358737919,-12.463176419955868,-4.017097993441913,-12.645536002111191,-12.26214873843361,-4.122887856249546,-3.9158546559042686
fasttrack,bark,yː,axis,93.09498447125759,-12.468193765899944,-4.0095831639730575,-12.650816709612931,-12.26556163808705,-4.116640545967464,-3.907378066425133
fasttrack,bark,yː,axis,95.48203535513599,-12.473282160413373,-4.002270306956453,-12.655478432626666,-12.264223409362769,-4.1110844145785865,-3.8998678923827015
fasttrack,bark,yː,axis,97.8690862390144,-12.478439409550736,-3.9951565842791124,-12.661843314258189,-12.262592418652156,-4.104687552980745,-3.890857209683186
fasttrack,bark,yː,axis,100.25613712289278,-12.48366331936662,-3.9882391578280396,-12.66804654638423,-12.265982579799113,-4.0995218982719885,-3.8829856420529043
fasttrack,bark,yː,axis,102.64318800677118,-12.488951695915606,-3.9815151894902474,-12.674116367766354,-12.267861466816418,-4.094082826913715,-3.875484347520719
fasttrack,bark,yː,axis,105.03023889064958,-12.494302345252281,-3.9749818411527436,-12.679984977158275,-12.269968346362973,-4.08917497509552,-3.8696258722555505
fasttrack,bark,yː,axis,107.41728977452799,-12.499713073431224,-3.968636274702537,-12.681879538384562,-12.272864801715576,-4.084410262275321,-3.8648671165423494
fasttrack,bark,yː,axis,109.80434065840639,-12.505181686507019,-3.9624756520266375,-12.683421011291173,-12.27571017916396,-4.076486836111665,-3.8591059138730257
fasttrack,bark,yː,axis,112.19139154228479,-12.510705990534252,-3.9564971350120537,-12.687870776541288,-12.281465541510034,-4.070324791802402,-3.8516183352918834
fasttrack,bark,yː,axis,114.57844242616318,-12.516283791567504,-3.9506978855457953,-12.693488159689363,-12.287251280178516,-4.06323606508215,-3.847003151809685
fasttrack,bark,yː,axis,116.96549331004158,-12.521912895661362,-3.9450750655148696,-12.699612346604205,-12.29127310827798,-4.057679628696594,-3.8428070167010655
fasttrack,bark,yː,axis,119.35254419391998,-12.527591108870405,-3.9396258368062873,-12.703571575897447,-12.297086475157778,-4.053551264336685,-3.8379913471910516
fasttrack,bark,yː,axis,121.73959507779838,-12.53331623724922,-3.934347361307058,-12.709986680917247,-12.306866545114787,-4.0489990116623895,-3.8330837731501575
fasttrack,bark,yː,axis,124.12664596167679,-12.53908608685239,-3.9292368009041887,-12.717154019010657,-12.312743660050534,-4.044175426176965,-3.8272173475349818
fasttrack,bark,yː,axis,126.51369684555519,-12.544898463734496,-3.9242913174846903,-12.724520848090679,-12.317020335008742,-4.039171495403922,-3.8223937381954007
fasttrack,bark,yː,axis,128.9007477294336,-12.550751173950122,-3.919508072935572,-12.732494442664905,-12.3212021282694,-4.03364644319377,-3.8171548187531354
fasttrack,bark,yː,axis,131.287798613312,-12.556642023553854,-3.914884229143841,-12.741102310444104,-12.326748738266252,-4.028094180993757,-3.8133297780883666
fasttrack,bark,yː,axis,133.6748494971904,-12.562568818600274,-3.910416947996508,-12.74648076086887,-12.335629306265512,-4.023291930238271,-3.8083564595039383
fasttrack,bark,yː,axis,136.0619003810688,-12.568529365143963,-3.906103391380581,-12.749664196399374,-12.344682187943192,-4.020269567518519,-3.8036473409617515
fasttrack,bark,yː,axis,138.44895126494717,-12.57452146923951,-3.9019407211830712,-12.75416795381808,-12.3540236681751,-4.01735655424455,-3.7996720575859126
fasttrack,bark,yː,axis,140.83600214882557,-12.580542936941493,-3.897926099290985,-12.761950430113716,-12.36057101916751,-4.014502974743152,-3.7966795482180955
fasttrack,bark,yː,axis,143.22305303270397,-12.586591574304498,-3.8940566875913323,-12.76962809643013,-12.367178184851024,-4.008934692217418,-3.7947966520605303
fasttrack,bark,yː,axis,145.61010391658237,-12.59266518738311,-3.890329647971124,-12.775704747820045,-12.376082860367724,-4.005303988780015,-3.792504715818989
fasttrack,bark,yː,axis,147.99715480046078,-12.598761582231909,-3.8867421423173663,-12.782591315295788,-12.382638289687161,-4.002939934470076,-3.7904926528393834
fasttrack,bark,yː,axis,150.38420568433918,-12.60487856490548,-3.88329133251707,-12.789156274503624,-12.388515252934605,-3.9964673815118843,-3.788742053961235
fasttrack,bark,yː,axis,152.77125656821758,-12.611013941458406,-3.879974380457245,-12.793591269866045,-12.395497260954176,-3.9916490797213497,-3.7865663090276787
fasttrack,bark,yː,axis,155.15830745209598,-12.617165517945274,-3.876788448024899,-12.796418825706295,-12.403776417723298,-3.988346479481698,-3.7827152295157975
fasttrack,bark,yː,axis,157.54535833597438,-12.623331100420662,-3.8737306971070407,-12.799881063283113,-12.406267629587141,-3.984778629092318,-3.7770419255862095
fasttrack,bark,yː,axis,159.9324092198528,-12.629508494939156,-3.8707982895906796,-12.805846161341265,-12.415824975653779,-3.9815568232976934,-3.7739982698486063
fasttrack,bark,yː,axis,162.3194601037312,-12.63569550755534,-3.867988387362826,-12.809194256038973,-12.422794436075229,-3.9802313849618036,-3.7707999011114186
fasttrack,bark,yː,axis,164.7065109876096,-12.641889944323797,-3.8652981523104875,-12.81435181378239,-12.431987588676263,-3.978371398647308,-3.768125812411259
fasttrack,bark,yː,axis,167.093561871488,-12.64808961129911,-3.8627247463206738,-12.81856350940925,-12.440079991075956,-3.9749849700868767,-3.765387751776759
fasttrack,bark,yː,axis,169.48061275536637,-12.654292314535862,-3.8602653312803943,-12.824080403753758,-12.447212106470795,-3.97237963827499,-3.7624938985765106
fasttrack,bark,yː,axis,171.86766363924477,-12.660495860088638,-3.8579170690766578,-12.831967969812467,-12.450394037685607,-3.9720246271511317,-3.759773434737357
fasttrack,bark,yː,axis,174.25471452312317,-12.66669805401202,-3.8556771215964725,-12.840217953087024,-12.45789044299263,-3.9723053063634275,-3.7572679249189895
fasttrack,bark,yː,axis,176.64176540700157,-12.672896702360594,-3.853542650726849,-12.848211745471046,-12.464688626025962,-3.9706766987872224,-3.7550253866349825
fasttrack,bark,yː,axis,179.02881629087997,-12.679089611188939,-3.8515108183547944,-12.857612675734492,-12.470491620024529,-3.969036992151595,-3.7524243579633523
fasttrack,bark,yː,axis,181.41586717475838,-12.685274586551643,-3.84957878636732,-12.865668657824619,-12.478263263093446,-3.9665343677659477,-3.749635176831651
fasttrack,bark,yː,axis,183.80291805863678,-12.691449434503287,-3.8477437166514346,-12.872529652787051,-12.485820620084697,-3.964105212833638,-3.7476844462398837
fasttrack,bark,yː,axis,186.18996894251518,-12.697611961098456,-3.8460027710941453,-12.879148639751346,-12.492841096414493,-3.9634339260752367,-3.7441172567704237
fasttrack,bark,yː,axis,188.57701982639358,-12.70375997239173,-3.844353111582463,-12.886105588312688,-12.495415649413204,-3.962491662851799,-3.740967951606545
fasttrack,bark,yː,axis,190.96407071027198,-12.709891274437696,-3.842791900003397,-12.894097784018763,-12.498984935802097,-3.9623566998732693,-3.7403878588339325
fasttrack,bark,yː,axis,193.35112159415038,-12.716003673290937,-3.8413162982439544,-12.902741256900574,-12.50504963328386,-3.962847536488162,-3.7391872616379307
fasttrack,bark,yː,axis,195.7381724780288,-12.722094975006035,-3.839923468191147,-12.910806354022041,-12.50930501757506,-3.9635166219661837,-3.7360585983562067
fasttrack,bark,yː,axis,198.1252233619072,-12.728162985637574,-3.838610571731981,-12.9203571433057,-12.51036146852809,-3.9641938177374643,-3.731271783655556
fasttrack,bark,yː,axis,200.51227424578556,-12.73420551124014,-3.837374770753468,-12.932142596997151,-12.51462691062227,-3.965968936339336,-3.727629914142137
fasttrack,bark,yː,axis,202.89932512966396,-12.740220357868312,-3.8362132271426157,-12.941274661742122,-12.520532906591868,-3.9671471692869735,-3.7238462930468192
fasttrack,bark,yː,axis,205.28637601354237,-12.746205331576675,-3.835123102786433,-12.951618851443369,-12.529128120552198,-3.969012610653011,-3.7186723072033927
fasttrack,bark,yː,axis,207.67342689742077,-12.752158238419815,-3.8341015595719306,-12.960308633034423,-12.53763130199815,-3.969444814615963,-3.715365872063231
fasttrack,bark,yː,axis,210.06047778129917,-12.758076884452311,-3.8331457593861153,-12.966256430248112,-12.54088267297546,-3.9698754318239513,-3.711417573636394
fasttrack,bark,yː,axis,212.44752866517757,-12.763959075728751,-3.832252864115998,-12.972078217472415,-12.54137069508213,-3.970300441704973,-3.7085390171340578
fasttrack,bark,yː,axis,214.83457954905597,-12.769802618303718,-3.831420035648586,-12.978690570278923,-12.543031954066828,-3.970715823687024,-3.7066448054765453
fasttrack,bark,yː,axis,217.22163043293438,-12.77560531823179,-3.83064443587089,-12.986066549415725,-12.548758361619907,-3.970942902222281,-3.7036579048237783
fasttrack,bark,yː,axis,219.60868131681278,-12.781364981567558,-3.8299232266699197,-12.995541856995212,-12.55419160636655,-3.971543813059149,-3.7002910035215093
fasttrack,bark,yː,axis,221.99573220069118,-12.7870794143656,-3.829253569932682,-13.004583802425246,-12.556669980320253,-3.971250660013807,-3.696850738122152
fasttrack,bark,yː,axis,224.38278308456958,-12.792746422680503,-3.828632627546188,-13.015429692716722,-12.562140206946683,-3.972067268747284,-3.693573449716697
fasttrack,bark,yː,axis,226.76983396844798,-12.798363812566846,-3.8280575613974452,-13.026167056719752,-12.567666660402782,-3.9726133755040975,-3.6902078146637756
fasttrack,bark,yː,axis,229.15688485232636,-12.803929390079217,-3.8275255333734632,-13.036547444284773,-12.570847177906362,-3.972907224078082,-3.6867368378962713
fasttrack,bark,yː,axis,231.54393573620476,-12.809440961272198,-3.827033705361252,-13.043762547483325,-12.572563283930476,-3.9731629954655308,-3.6834767854802712
fasttrack,bark,yː,axis,233.93098662008316,-12.81489633239355,-3.826579239407666,-13.051571579106469,-12.574580780584846,-3.973376645332651,-3.6811772682388373
fasttrack,bark,yː,axis,236.31803750396156,-12.820293909468244,-3.826159793843394,-13.054484953671105,-12.576172310895947,-3.9735450788691113,-3.67915778113269
fasttrack,bark,yː,axis,238.70508838783996,-12.825634024821342,-3.8257746209103187,-13.056710335660807,-12.577310154528877,-3.9737180232571707,-3.6760841601821173
fasttrack,bark,yː,axis,241.09213927171837,-12.830917396724363,-3.8254232922005498,-13.06083583999353,-12.58064916483358,-3.97445740035834,-3.6729715904440856
fasttrack,bark,yː,axis,243.47919015559677,-12.83614474344883,-3.8251053793061978,-13.065680818108431,-12.58609122031987,-3.974840523776857,-3.6704476350847957
fasttrack,bark,yː,axis,245.86624103947517,-12.84131678326626,-3.824820453819372,-13.070982365413492,-12.591687805513224,-3.974731837104516,-3.6684854586695215
fasttrack,bark,yː,axis,248.25329192335357,-12.846434234448175,-3.8245680873321835,-13.077569661236637,-12.597436913534331,-3.9746281797323295,-3.667148070910303
fasttrack,bark,yː,axis,250.64034280723197,-12.851497815266093,-3.824347851436741,-13.08404771810766,-12.603221035269378,-3.974285990595288,-3.6665810796376883
fasttrack,bark,yː,axis,253.02739369111038,-12.856508243991534,-3.8241593177251554,-13.090925915773413,-12.6106867836775,-3.973698213010578,-3.66621201411727
fasttrack,bark,yː,axis,255.41444457498878,-12.861466238896021,-3.824002057789537,-13.097709855327654,-12.619069717380446,-3.973783947838525,-3.6660381996767213
fasttrack,bark,yː,axis,257.8014954588672,-12.86637251825107,-3.823875643221995,-13.10297771543109,-12.627532265433848,-3.9734876169560374,-3.666056961643716
fasttrack,bark,yː,axis,260.18854634274555,-12.871227800328203,-3.823779645614639,-13.108638536857434,-12.636073322082838,-3.973095943112022,-3.6662427663703534
fasttrack,bark,yː,axis,262.575597226624,-12.876032803398939,-3.82371363655958,-13.113967951905483,-12.64469178157255,-3.9728354184950048,-3.6664098583453137
fasttrack,bark,yː,axis,264.96264811050236,-12.8807882457348,-3.8236771876489293,-13.118970694952074,-12.653386538148116,-3.9731949378315923,-3.6661679761762476
fasttrack,bark,yː,axis,267.3496989943808,-12.885494845607305,-3.823669870474795,-13.123651500374036,-12.662156486054668,-3.9734467901700237,-3.6669650398836002
fasttrack,bark,yː,axis,269.73674987825916,-12.890153321287972,-3.8236912566292878,-13.128015102548204,-12.670060308963036,-3.9733292133858917,-3.6679623392108107
fasttrack,bark,yː,axis,272.1238007621376,-12.894764391048325,-3.8237409177045167,-13.132066235851406,-12.676554051013401,-3.9727000474156595,-3.6691320923666413
fasttrack,bark,yː,axis,274.51085164601596,-12.899328773159878,-3.8238184252925937,-13.135809634660484,-12.682249736383977,-3.972506669129281,-3.6704716864142948
fasttrack,bark,yː,axis,276.89790252989434,-12.903847185894156,-3.8239233509856274,-13.139250033352258,-12.688106898861063,-3.9719631461865696,-3.6719785084169754
fasttrack,bark,yː,axis,279.28495341377277,-12.908320347522679,-3.824055266375729,-13.142392166303576,-12.694407822788511,-3.970959271502917,-3.673153440250408
fasttrack,bark,yː,axis,281.67200429765114,-12.912748976316962,-3.824213743055007,-13.14524076789126,-12.702740719800941,-3.969868211100751,-3.6739349743341227
fasttrack,bark,yː,axis,284.0590551815296,-12.917133790548531,-3.8243983526155727,-13.147800572492143,-12.713254687482358,-3.9693702177468726,-3.6759504599693575
fasttrack,bark,yː,axis,286.44610606540795,-12.9214755084889,-3.824608666649536,-13.150076314483064,-12.720081988170513,-3.969192919170523,-3.67859747016032
fasttrack,bark,yː,axis,288.8331569492864,-12.925774848409596,-3.8248442567490066,-13.152337398229404,-12.7263540634082,-3.9689427230670655,-3.681050999073765
fasttrack,bark,yː,axis,291.22020783316475,-12.930032528582133,-3.825104694506094,-13.155533604243706,-12.736235929661621,-3.9676853582293248,-3.683328263862435
fasttrack,bark,yː,axis,293.6072587170432,-12.934249267278032,-3.8253895515129095,-13.15863838339106,-12.742580042802391,-3.965771569918596,-3.6857754186168257
fasttrack,bark,yː,axis,295.99430960092155,-12.938425782768816,-3.8256983993615625,-13.165796934017745,-12.748977729618355,-3.9626443784631658,-3.6883655210602733
fasttrack,bark,yː,axis,298.3813604848,-12.942562793326003,-3.8260308096441626,-13.166618891854677,-12.755484393974625,-3.961327118665687,-3.691114320118954
fasttrack,bark,yː,axis,300.76841136867836,-12.94666101722111,-3.826386353952821,-13.167118374413425,-12.762098054461381,-3.96013947129948,-3.6940225607968773
fasttrack,bark,yː,axis,303.1554622525568,-12.950721172725661,-3.826764603879646,-13.167355331939126,-12.769264593438345,-3.958930536268263,-3.6970872904714662
fasttrack,bark,yː,axis,305.54251313643516,-12.954743978111177,-3.8271651310167503,-13.166693518109014,-12.775008567638233,-3.958654040958172,-3.699078767085613
fasttrack,bark,yː,axis,307.92956402031353,-12.958730151649174,-3.8275875069562404,-13.164988507942363,-12.780721316193521,-3.958855889104473,-3.700927018998711
fasttrack,bark,yː,axis,310.31661490419197,-12.962680411611172,-3.8280313032902296,-13.163106679175407,-12.786482227227198,-3.958917866258239,-3.7020000213707074
fasttrack,bark,yː,axis,312.70366578807034,-12.966595476268695,-3.828496091610826,-13.163405509845823,-12.793526046127544,-3.9582904451664622,-3.7020013012523254
fasttrack,bark,yː,axis,315.09071667194877,-12.97047606389326,-3.8289814435101404,-13.164775609659808,-12.799843402261263,-3.957660151638187,-3.701989652812545
fasttrack,bark,yː,axis,317.47776755582714,-12.974322892756389,-3.829486930580283,-13.162594698721588,-12.806750410917275,-3.9556700483754965,-3.7020080439304586
fasttrack,bark,yː,axis,319.8648184397056,-12.978136681129598,-3.830012124413364,-13.159838113324984,-12.813748683208294,-3.954761762880831,-3.7030978613027594
fasttrack,bark,yː,axis,322.25186932358395,-12.981918147284409,-3.8305565966014923,-13.157145320373218,-12.821193979890287,-3.952980710730953,-3.7061833986044124
fasttrack,bark,yː,axis,324.6389202074624,-12.985668009492343,-3.8311199187367784,-13.155451116015195,-12.832255466652162,-3.9512848686555717,-3.7081032358993946
fasttrack,bark,yː,axis,327.02597109134075,-12.989386986024918,-3.831701662411332,-13.154674386147233,-12.84451932610637,-3.9500402939222297,-3.7119714309017406
fasttrack,bark,yː,axis,329.4130219752192,-12.99307579515366,-3.8323013992172648,-13.153861111724188,-12.854574798572045,-3.949445194725838,-3.716718502510783
fasttrack,bark,yː,axis,331.80007285909755,-12.996735155150079,-3.832918700746685,-13.155178997111967,-12.864735114478131,-3.9486447130333535,-3.7189354647916395
fasttrack,bark,yː,axis,334.187123742976,-13.000365784285703,-3.833553138591706,-13.155326820642024,-12.869617997687088,-3.9475259854805302,-3.7209810769463654
fasttrack,bark,yː,axis,336.57417462685436,-13.003968400832047,-3.834204284344432,-13.15549112036457,-12.874391898733707,-3.946476936162919,-3.723231019036925
fasttrack,bark,yː,axis,338.96122551073273,-13.007543723060635,-3.8348717095969773,-13.160677634204527,-12.881660205955974,-3.9447135472300907,-3.722807140690326
fasttrack,bark,yː,axis,341.34827639461116,-13.011092469242985,-3.835554985941452,-13.16381126354047,-12.888929252940782,-3.943920457719696,-3.7229356963613474
fasttrack,bark,yː,axis,343.73532727848954,-13.014615357650616,-3.8362536849699644,-13.16741678120605,-12.896083579922372,-3.9473414802672804,-3.72311534527662
fasttrack,bark,yː,axis,346.12237816236797,-13.018113106555047,-3.8369673782746254,-13.170385194455415,-12.902417711042325,-3.9456345938797575,-3.7259569576839753
fasttrack,bark,yː,axis,348.50942904624634,-13.021586434227803,-3.837695637447544,-13.176802612537713,-12.908007558552349,-3.9450408321890844,-3.729440028347131
fasttrack,bark,yː,axis,350.89647993012477,-13.0250360589404,-3.838438034080833,-13.183211465781222,-12.916799830947813,-3.947394839837346,-3.7341962471979913
fasttrack,bark,yː,axis,353.28353081400314,-13.028462698964358,-3.8391941397665996,-13.190588998244934,-12.924940520672012,-3.9471237659895344,-3.737706019646505
fasttrack,bark,yː,axis,355.6705816978816,-13.031867072571197,-3.8399635260969545,-13.202424047852858,-12.929731073492045,-3.9490515517238998,-3.740306286260101
fasttrack,bark,yː,axis,358.05763258175995,-13.035249898032438,-3.8407457646640077,-13.208373060113535,-12.93593689266383,-3.9516973360843624,-3.740044418561738
fasttrack,bark,yː,axis,360.4446834656384,-13.038611893619601,-3.8415404270598703,-13.216478426823599,-12.939950900471487,-3.949644830031312,-3.742099049231658
fasttrack,bark,yː,axis,362.83173434951675,-13.041953777604204,-3.8423470848766526,-13.227147307914464,-12.947130704874628,-3.95509012683656,-3.741456549707316
fasttrack,bark,yː,axis,365.2187852333952,-13.04527626825777,-3.8431653097064613,-13.238283571563244,-12.95089074696403,-3.959440139383086,-3.7388492104938527
fasttrack,bark,yː,axis,367.60583611727355,-13.048580083851817,-3.8439946731414105,-13.247346842861752,-12.956057251239315,-3.963154697574443,-3.7365455710029494
fasttrack,bark,yː,axis,369.9928870011519,-13.051865942657866,-3.844834746773609,-13.256411491349926,-12.95603263102427,-3.9634208922442062,-3.7371636809974227
fasttrack,bark,yː,axis,372.37993788503036,-13.055134562947435,-3.845685102195165,-13.26547746194017,-12.960742694127969,-3.961903935599833,-3.739393563235412
fasttrack,bark,yː,axis,374.76698876890873,-13.058386662992046,-3.8465453109981906,-13.274544699544903,-12.963331037274928,-3.9651888335367906,-3.7383011024956243
fasttrack,bark,yː,axis,377.15403965278716,-13.061622961063218,-3.847414944774794,-13.281503852639183,-12.964199141591884,-3.969181498918671,-3.7341193476099104
fasttrack,bark,yː,axis,379.54109053666554,-13.064844175432471,-3.848293575117088,-13.288355681943493,-12.964916053675918,-3.972736140919125,-3.7325894421426624
fasttrack,bark,yː,axis,381.92814142054397,-13.068051024371325,-3.8491807736171815,-13.29803770611839,-12.964775060934699,-3.9794969686273465,-3.731032380750909
fasttrack,bark,yː,axis,384.31519230442234,-13.071244226151299,-3.8500761118671836,-13.311720045591578,-12.96135541910154,-3.9866278205498458,-3.7269781958424293
fasttrack,bark,yː,axis,386.70224318830077,-13.074424499043918,-3.850979161459204,-13.324589097094881,-12.960065689075233,-3.9938061174582695,-3.7249346270295995
fasttrack,bark,yː,axis,389.08929407217914,-13.077592561320694,-3.8518894939853556,-13.336309507137804,-12.955763466522837,-4.001029223520066,-3.7249234134464215
fasttrack,bark,yː,axis,391.4763449560576,-13.080749131253151,-3.8528066810377446,-13.348056945410022,-12.953297934317668,-4.008321458611627,-3.723773089650936
fasttrack,bark,yː,axis,393.86339583993595,-13.08389492711281,-3.853730294208483,-13.36000508273536,-12.952179003872216,-4.015674679692258,-3.720405709731036
fasttrack,bark,yː,axis,396.2504467238144,-13.08703066717119,-3.854659905089683,-13.373064648449029,-12.949909498940325,-4.022809375221281,-3.716946072627013
fasttrack,bark,yː,axis,398.63749760769275,-13.09015706969981,-3.8555950852734515,-13.388053194588293,-12.946349595823348,-4.0296218155552115,-3.7161664598527273
fasttrack,bark,yː,axis,401.0245484915711,-13.09327485297019,-3.856535406351899,-13.403080854313965,-12.943436309380557,-4.036461160786613,-3.7147447048006166
fasttrack,bark,yː,axis,403.41159937544955,-13.096384735253851,-3.8574804399171354,-13.418144368160503,-12.940940486652881,-4.0437586771601275,-3.7119899140230643
fasttrack,bark,yː,axis,405.7986502593279,-13.099487434822313,-3.85842975756127,-13.433240476662379,-12.935339063500983,-4.051684947560018,-3.709229973917447
fasttrack,bark,yː,axis,408.18570114320636,-13.102583669947094,-3.859382930876417,-13.448365920354052,-12.92973898321809,-4.059664671909086,-3.7059930623637087
fasttrack,bark,yː,axis,410.57275202708473,-13.105674158899715,-3.8603395314546827,-13.4635208076193,-12.926269583372413,-4.067666704236129,-3.7014911206931447
fasttrack,bark,yː,axis,412.95980291096316,-13.1087596199517,-3.861299130888179,-13.47874898138828,-12.920060086944735,-4.073814392674645,-3.697564577883463
fasttrack,bark,yː,axis,415.34685379484154,-13.111840771374565,-3.8622613007690134,-13.493996701199812,-12.914560319937534,-4.07955155138589,-3.694665679574218
fasttrack,bark,yː,axis,417.73390467871997,-13.114918331439828,-3.8632256126893,-13.507783677961877,-12.909042093671504,-4.088484366425279,-3.6917638741102103
fasttrack,bark,yː,axis,420.12095556259834,-13.11799301841901,-3.8641916382411434,-13.52446128688714,-12.903201615849591,-4.0970722991535675,-3.6888597429223986
fasttrack,bark,yː,axis,422.50800644647677,-13.121065550583635,-3.86515894901666,-13.539824560152145,-12.896902892929962,-4.103301195694164,-3.685953867441734
fasttrack,bark,yː,axis,424.89505733035514,-13.12413664620522,-3.866127116607953,-13.555117887396303,-12.892200799796809,-4.109554030353264,-3.6830468290991623
fasttrack,bark,yː,axis,427.2821082142336,-13.127207023555284,-3.867095712607137,-13.570414472314221,-12.885631446918916,-4.115868786410425,-3.6802106856243952
fasttrack,bark,ʉ̟ː,axis,0.0,-11.165427893730302,-4.163776088170849,-11.791084869950755,-10.743870555883332,-4.4413095430386464,-3.815555486815862
fasttrack,bark,ʉ̟ː,axis,2.3870508838783997,-11.179280655097125,-4.162685515818952,-11.782065610736915,-10.771180280198475,-4.428533900984861,-3.8289403823291566
fasttrack,bark,ʉ̟ː,axis,4.774101767756799,-11.19311768648017,-4.161593322445705,-11.77297546808341,-10.801332073466762,-4.415896940904223,-3.8423098932603175
fasttrack,bark,ʉ̟ː,axis,7.161152651635199,-11.206923257895655,-4.160497887029759,-11.763558075468092,-10.825599737775349,-4.4033397798889,-3.853919535860604
fasttrack,bark,ʉ̟ː,axis,9.548203535513599,-11.2206816393598,-4.1593975885497665,-11.754158879641997,-10.849612691250373,-4.392196886553671,-3.86460590281099
fasttrack,bark,ʉ̟ː,axis,11.935254419391999,-11.234377100888825,-4.158290805984375,-11.745583719798443,-10.87354463231042,-4.381076590158409,-3.8747511462325566
fasttrack,bark,ʉ̟ː,axis,14.322305303270397,-11.247993912498949,-4.157175918312238,-11.735317003069841,-10.901468655798835,-4.369984539938105,-3.881841393573822
fasttrack,bark,ʉ̟ː,axis,16.7093561871488,-11.261516344206395,-4.156051304512004,-11.726614179332008,-10.927999902902647,-4.3607076866489445,-3.888887307822638
fasttrack,bark,ʉ̟ː,axis,19.096407071027198,-11.274928666027384,-4.154915343562325,-11.71838900395531,-10.953795245647017,-4.35326075770121,-3.895881500130263
fasttrack,bark,ʉ̟ː,axis,21.483457954905596,-11.28821514797813,-4.1537664144418525,-11.71120369560315,-10.984530323104993,-4.342496975872104,-3.9028165816479556
fasttrack,bark,ʉ̟ː,axis,23.870508838783998,-11.30136006007486,-4.152602896129235,-11.705562008465023,-11.01347046333148,-4.331588142093608,-3.912684187322505
fasttrack,bark,ʉ̟ː,axis,26.257559722662396,-11.314347672333788,-4.151423167603124,-11.698490768390032,-11.034241657731613,-4.320738371888076,-3.9241364802765717
fasttrack,bark,ʉ̟ː,axis,28.644610606540795,-11.32716225477114,-4.15022560784217,-11.692569674339433,-11.055316311441548,-4.312141351298082,-3.9342154936808575
fasttrack,bark,ʉ̟ː,axis,31.031661490419197,-11.339788077403133,-4.149008595825024,-11.689117000383968,-11.080169287839782,-4.304794514433251,-3.9429923948088748
fasttrack,bark,ʉ̟ː,axis,33.4187123742976,-11.352209410245987,-4.1477705105303375,-11.678660166420817,-11.104717165187985,-4.298053019354401,-3.9512244534120424
fasttrack,bark,ʉ̟ː,axis,35.80576325817599,-11.36441052331592,-4.146509730936761,-11.670603687210221,-11.12887155058617,-4.294616501132424,-3.958230934948832
fasttrack,bark,ʉ̟ː,axis,38.192814142054395,-11.376375686629157,-4.1452246360229426,-11.663747964991979,-11.152600075176583,-4.287988408098772,-3.9655556972262183
fasttrack,bark,ʉ̟ː,axis,40.5798650259328,-11.388089170201916,-4.143913604767536,-11.656945293323089,-11.172673062221804,-4.275060935194438,-3.9750921091540175
fasttrack,bark,ʉ̟ː,axis,42.96691590981119,-11.399535244050416,-4.14257501614919,-11.652948073354459,-11.192272182820023,-4.268343592033875,-3.982449813481145
fasttrack,bark,ʉ̟ː,axis,45.353966793689594,-11.410698178190877,-4.1412072491465555,-11.650660448357174,-11.211458085034057,-4.264436147272547,-3.990907895262855
fasttrack,bark,ʉ̟ː,axis,47.741017677567996,-11.42156224263952,-4.139808682738285,-11.646041796393828,-11.230273028696873,-4.2615671528646075,-3.997288331784177
fasttrack,bark,ʉ̟ː,axis,50.12806856144639,-11.432111707412567,-4.138377695903027,-11.639705118585965,-11.248697489674194,-4.258630872926579,-4.003644640224312
fasttrack,bark,ʉ̟ː,axis,52.51511944532479,-11.442330842526236,-4.136912667619433,-11.63372281082913,-11.26169888765753,-4.256290300991134,-4.008871214675167
fasttrack,bark,ʉ̟ː,axis,54.902170329203194,-11.452203917996744,-4.135411976866154,-11.635515424447473,-11.277021715587116,-4.252385462239889,-4.013269928835776
fasttrack,bark,ʉ̟ː,axis,57.28922121308159,-11.461715203840317,-4.133874002621839,-11.63853552680627,-11.294330365001805,-4.245883091711748,-4.016140119328114
fasttrack,bark,ʉ̟ː,axis,59.67627209695999,-11.470848970073172,-4.132297123865142,-11.641014012220982,-11.308099929365333,-4.240172820615302,-4.01769825331567
fasttrack,bark,ʉ̟ː,axis,62.06332298083839,-11.47958948671153,-4.130679719574711,-11.644224252034682,-11.324311791905728,-4.239771284988756,-4.020573886194208
fasttrack,bark,ʉ̟ː,axis,64.4503738647168,-11.48792102377161,-4.129020168729196,-11.64186605722682,-11.336782031322985,-4.239010336425959,-4.022041493800341
fasttrack,bark,ʉ̟ː,axis,66.8374247485952,-11.495827851269635,-4.12731685030725,-11.645291216776647,-11.351253518986034,-4.234761849602895,-4.0243558488981845
fasttrack,bark,ʉ̟ː,axis,69.22447563247358,-11.50329423922182,-4.125568143287523,-11.64739045073753,-11.362476940835693,-4.234244379653246,-4.025070447210946
fasttrack,bark,ʉ̟ː,axis,71.61152651635199,-11.510304457644388,-4.123772426648664,-11.651613207249753,-11.373960740964767,-4.230979237737837,-4.0255303582204345
fasttrack,bark,ʉ̟ː,axis,73.99857740023039,-11.516842776553561,-4.121928079369325,-11.65416951368189,-11.385816768607793,-4.22561149468841,-4.0221788940589045
fasttrack,bark,ʉ̟ː,axis,76.38562828410879,-11.522893465965558,-4.120033480428157,-11.65531917891049,-11.398530488377128,-4.224307614609854,-4.018134817465815
fasttrack,bark,ʉ̟ː,axis,78.77267916798719,-11.528440795896595,-4.11808700880381,-11.658750793700136,-11.398354494986267,-4.222901886431591,-4.015377448567106
fasttrack,bark,ʉ̟ː,axis,81.1597300518656,-11.533469036362897,-4.116087043474936,-11.661687706577705,-11.398732179201792,-4.222838704463298,-4.013240421220572
fasttrack,bark,ʉ̟ː,axis,83.546780935744,-11.537962457380681,-4.114031963420183,-11.66443121100666,-11.401572853818765,-4.22254112096773,-4.010171231816419
fasttrack,bark,ʉ̟ː,axis,85.93383181962238,-11.541905328966173,-4.111920147618204,-11.666947597946582,-11.404576831839943,-4.220571572020153,-4.008119526007773
fasttrack,bark,ʉ̟ː,axis,88.32088270350079,-11.545282667600434,-4.10975005135186,-11.669472778546375,-11.404867180107935,-4.219300251829973,-4.0044759296388595
fasttrack,bark,ʉ̟ː,axis,90.70793358737919,-11.548095195353625,-4.107521735341368,-11.673404825443418,-11.405027145034468,-4.219750663132694,-4.001058902942161
fasttrack,bark,ʉ̟ː,axis,93.09498447125759,-11.550358567645631,-4.105236786805416,-11.677888470097532,-11.402940341654642,-4.218224917538348,-3.9966822650570064
fasttrack,bark,ʉ̟ː,axis,95.48203535513599,-11.552089031790231,-4.102896853466532,-11.680072979061373,-11.40229194545665,-4.216485313357907,-3.993142375622476
fasttrack,bark,ʉ̟ː,axis,97.8690862390144,-11.5533028351012,-4.10050358304725,-11.679795117296441,-11.404047454349978,-4.215007991392506,-3.9905600830904753
fasttrack,bark,ʉ̟ː,axis,100.25613712289278,-11.554016224892315,-4.0980586232700995,-11.676354384464336,-11.404749586917372,-4.212832416635582,-3.989837405348446
fasttrack,bark,ʉ̟ː,axis,102.64318800677118,-11.55424544847735,-4.095563621857611,-11.67420654244627,-11.401672020661724,-4.211222512958365,-3.9885594279120595
fasttrack,bark,ʉ̟ː,axis,105.03023889064958,-11.554006753170084,-4.093020226532316,-11.671764951988392,-11.39966703283621,-4.209829737810368,-3.9867862947059103
fasttrack,bark,ʉ̟ː,axis,107.41728977452799,-11.553316386284289,-4.090430085016744,-11.670555088632296,-11.402150592560362,-4.207699169837855,-3.985407930327348
fasttrack,bark,ʉ̟ː,axis,109.80434065840639,-11.552190595133744,-4.087794845033429,-11.673464330435333,-11.404597704239011,-4.205636524552602,-3.982904372847246
fasttrack,bark,ʉ̟ː,axis,112.19139154228479,-11.550645627032225,-4.0851161543049,-11.670437857698387,-11.401971368462078,-4.20326738312907,-3.980540455784805
fasttrack,bark,ʉ̟ː,axis,114.57844242616318,-11.548697729293506,-4.082395660553688,-11.668634294478265,-11.395769682771975,-4.199717522779653,-3.9769068028018024
fasttrack,bark,ʉ̟ː,axis,116.96549331004158,-11.546363149231366,-4.079635011502323,-11.665743954645324,-11.389961286765452,-4.196437058053847,-3.9740606056427517
fasttrack,bark,ʉ̟ː,axis,119.35254419391998,-11.543658134159578,-4.076835854873339,-11.662889116174718,-11.38677093369577,-4.192197740893979,-3.9710636531515107
fasttrack,bark,ʉ̟ː,axis,121.73959507779838,-11.540598931391921,-4.073999838389264,-11.65724821500936,-11.384650181207762,-4.1895118012857555,-3.9701430424612987
fasttrack,bark,ʉ̟ː,axis,124.12664596167679,-11.537201788242168,-4.0711286097726305,-11.653436129348549,-11.380686951937587,-4.188779378242567,-3.9657401189943178
fasttrack,bark,ʉ̟ː,axis,126.51369684555519,-11.533482952024096,-4.068223816745969,-11.651047487097973,-11.376748948701321,-4.185090183301866,-3.961695350239182
fasttrack,bark,ʉ̟ː,axis,128.9007477294336,-11.529458670051483,-4.0652871070318115,-11.646608089145797,-11.372779249669893,-4.1825796505891955,-3.9575772169547205
fasttrack,bark,ʉ̟ː,axis,131.287798613312,-11.525145189638103,-4.062320128352687,-11.64295699746413,-11.366118002562674,-4.178530681859188,-3.9523539831874817
fasttrack,bark,ʉ̟ː,axis,133.6748494971904,-11.520558758097732,-4.0593245284311275,-11.635294319795197,-11.362163408971197,-4.177083543038171,-3.948022670821693
fasttrack,bark,ʉ̟ː,axis,136.0619003810688,-11.515715622744146,-4.056301954989664,-11.629185859474346,-11.358125146763282,-4.173107922567518,-3.943695738229958
fasttrack,bark,ʉ̟ː,axis,138.44895126494717,-11.51063203089112,-4.053254055750827,-11.626267935494205,-11.353490602444229,-4.170280804322208,-3.939836431516107
fasttrack,bark,ʉ̟ː,axis,140.83600214882557,-11.505324229852434,-4.050182478437148,-11.621033572606809,-11.343168306969613,-4.166307122279011,-3.93700507265618
fasttrack,bark,ʉ̟ː,axis,143.22305303270397,-11.499808466941861,-4.047088870771159,-11.61502230965391,-11.336302302646228,-4.16286692962344,-3.932979760878597
fasttrack,bark,ʉ̟ː,axis,145.61010391658237,-11.494100989473178,-4.043974880475388,-11.608768450412272,-11.3357127827962,-4.159073686982609,-3.9326043152435655
fasttrack,bark,ʉ̟ː,axis,147.99715480046078,-11.488218044760162,-4.040842155272368,-11.603107226051838,-11.320040419188476,-4.1565282109143755,-3.9303714553468065
fasttrack,bark,ʉ̟ː,axis,150.38420568433918,-11.482175880116586,-4.037692342884631,-11.599539656680403,-11.309154536767227,-4.154927447407801,-3.9267404692685774
fasttrack,bark,ʉ̟ː,axis,152.77125656821758,-11.475990742856226,-4.034527091034706,-11.595439174164408,-11.296646692230691,-4.151487564653721,-3.922876833104611
fasttrack,bark,ʉ̟ː,axis,155.15830745209598,-11.46967888029286,-4.031348047445124,-11.593223481409987,-11.287393937435079,-4.148573217268859,-3.9186869258483323
fasttrack,bark,ʉ̟ː,axis,157.54535833597438,-11.463256539740266,-4.0281568598384165,-11.590922993679305,-11.276641909180164,-4.145639226791416,-3.91535269357053
fasttrack,bark,ʉ̟ː,axis,159.9324092198528,-11.456739968512217,-4.024955175937116,-11.584625758965252,-11.265615456590268,-4.144008196468888,-3.9124618532601363
fasttrack,bark,ʉ̟ː,axis,162.3194601037312,-11.450145413922488,-4.021744643463751,-11.577179340755055,-11.254955125485074,-4.142794285313953,-3.9072285248168708
fasttrack,bark,ʉ̟ː,axis,164.7065109876096,-11.44348912328486,-4.018526910140853,-11.57303324133834,-11.24614618277888,-4.141571420537352,-3.9011773285363662
fasttrack,bark,ʉ̟ː,axis,167.093561871488,-11.436787343913101,-4.015303623690953,-11.56878204546639,-11.238871191744089,-4.143105903092157,-3.896609924299874
fasttrack,bark,ʉ̟ː,axis,169.48061275536637,-11.430056323120995,-4.012076431836585,-11.56430931074677,-11.226177750246178,-4.1485685547759505,-3.8929876174470377
fasttrack,bark,ʉ̟ː,axis,171.86766363924477,-11.423312308222314,-4.008846982300275,-11.558159149003977,-11.217996124539559,-4.150804445477872,-3.8879527636730233
fasttrack,bark,ʉ̟ː,axis,174.25471452312317,-11.416571546530836,-4.005616922804558,-11.554412728689279,-11.205954300798739,-4.148487791340276,-3.8831319638550723
fasttrack,bark,ʉ̟ː,axis,176.64176540700157,-11.409850285360335,-4.0023879010719625,-11.551119838130719,-11.192684627848845,-4.146389516578411,-3.8781044687528197
fasttrack,bark,ʉ̟ː,axis,179.02881629087997,-11.403164772024587,-3.9991615648250205,-11.547820111536137,-11.178113102598413,-4.144584463162168,-3.873169256473305
fasttrack,bark,ʉ̟ː,axis,181.41586717475838,-11.39653125383737,-3.9959395617862623,-11.545105425395452,-11.165029922150474,-4.143366151120894,-3.8683287604507846
fasttrack,bark,ʉ̟ː,axis,183.80291805863678,-11.389965978112459,-3.9927235396782192,-11.541145892267501,-11.152949427714146,-4.145536571723463,-3.8623992078406495
fasttrack,bark,ʉ̟ː,axis,186.18996894251518,-11.38348519216363,-3.9895151462234226,-11.537788464894955,-11.141096957494407,-4.148213745069604,-3.85750408786842
fasttrack,bark,ʉ̟ː,axis,188.57701982639358,-11.377105143304659,-3.9863160291444037,-11.537874682179888,-11.12932742711156,-4.150840488287405,-3.8504528110062375
fasttrack,bark,ʉ̟ː,axis,190.96407071027198,-11.37084207884932,-3.9831278361636917,-11.535403831573438,-11.111707884766327,-4.153395559928814,-3.845171893483819
fasttrack,bark,ʉ̟ː,axis,193.35112159415038,-11.364712246111392,-3.9799522150038196,-11.53336164640312,-11.09403590431071,-4.154926617020973,-3.839404713822311
fasttrack,bark,ʉ̟ː,axis,195.7381724780288,-11.358731892404652,-3.976790813387317,-11.531374184183246,-11.080199296546432,-4.158259753902762,-3.8324031234061975
fasttrack,bark,ʉ̟ː,axis,198.1252233619072,-11.352917265042871,-3.9736452790367163,-11.529449448976651,-11.067015493315193,-4.159996845277954,-3.826034489465806
fasttrack,bark,ʉ̟ː,axis,200.51227424578556,-11.34728461133983,-3.9705172596745464,-11.52804813212243,-11.05423590064375,-4.159267710783334,-3.8209586392800587
fasttrack,bark,ʉ̟ː,axis,202.89932512966396,-11.341850178609302,-3.9674084030233403,-11.526793465382445,-11.041890034734001,-4.157896048370452,-3.8148852287170145
fasttrack,bark,ʉ̟ː,axis,205.28637601354237,-11.336630214165066,-3.964320356805628,-11.52640525649374,-11.030007411787835,-4.156434157825,-3.8089317666770848
fasttrack,bark,ʉ̟ː,axis,207.67342689742077,-11.331640965320894,-3.9612547687439403,-11.525702800490517,-11.018617548007155,-4.156773829965607,-3.8035130062822
fasttrack,bark,ʉ̟ː,axis,210.06047778129917,-11.326898679390565,-3.958213286560808,-11.52511926045225,-11.007749959593857,-4.157922797924489,-3.798527517128257
fasttrack,bark,ʉ̟ː,axis,212.44752866517757,-11.322419603687853,-3.9551975579787633,-11.524644445449407,-10.996971319892651,-4.158377645237312,-3.7923036771914305
fasttrack,bark,ʉ̟ː,axis,214.83457954905597,-11.318219985526538,-3.952209230720336,-11.523700305369372,-10.985928022236742,-4.155723759097758,-3.7849387030304453
fasttrack,bark,ʉ̟ː,axis,217.22163043293438,-11.31431607222039,-3.9492499525080578,-11.523904083464185,-10.97493302465701,-4.152979534516682,-3.7782337350724933
fasttrack,bark,ʉ̟ː,axis,219.60868131681278,-11.310724111083191,-3.9463213710644585,-11.522103646764432,-10.96516619702019,-4.154015726950673,-3.772208855021389
fasttrack,bark,ʉ̟ː,axis,221.99573220069118,-11.307460349428712,-3.9434251341120703,-11.52277961793885,-10.958589528833121,-4.155564545354134,-3.7672686501709656
fasttrack,bark,ʉ̟ː,axis,224.38278308456958,-11.304541034570732,-3.9405628893734237,-11.523805560666794,-10.952495518188504,-4.1568568455987585,-3.762488845060514
fasttrack,bark,ʉ̟ː,axis,226.76983396844798,-11.301982413823026,-3.9377362845710495,-11.525043683594077,-10.947504741493077,-4.158713090937754,-3.757043601348845
fasttrack,bark,ʉ̟ː,axis,229.15688485232636,-11.299800734499371,-3.9349469674274786,-11.528532309299118,-10.943813596064764,-4.158921515362979,-3.752995443169637
fasttrack,bark,ʉ̟ː,axis,231.54393573620476,-11.298012243913542,-3.932196585665243,-11.530680651264063,-10.940079489216965,-4.158266640885502,-3.7491515973012643
fasttrack,bark,ʉ̟ː,axis,233.93098662008316,-11.296633189379316,-3.9294867870068724,-11.531498402034957,-10.935023806879485,-4.157426328698914,-3.745054182872043
fasttrack,bark,ʉ̟ː,axis,236.31803750396156,-11.29567976990441,-3.9268192143020033,-11.532456091058664,-10.930713859979567,-4.156394632842906,-3.7411502751664822
fasttrack,bark,ʉ̟ː,axis,238.70508838783996,-11.295161525843465,-3.924194838705691,-11.533556115468091,-10.927016752802773,-4.155168186154138,-3.737565877205872
fasttrack,bark,ʉ̟ː,axis,241.09213927171837,-11.29507460296168,-3.9216132801878443,-11.535913996750622,-10.924103898979693,-4.1537488089938455,-3.7342684279779688
fasttrack,bark,ʉ̟ː,axis,243.47919015559677,-11.295413541497291,-3.9190739967601282,-11.538140933700252,-10.921965371252682,-4.152138943519895,-3.7310305898598313
fasttrack,bark,ʉ̟ː,axis,245.86624103947517,-11.296172881688541,-3.9165764464342083,-11.538867189532844,-10.92286121782839,-4.150341031890155,-3.727529173480252
fasttrack,bark,ʉ̟ː,axis,248.25329192335357,-11.297347163773667,-3.914120087221748,-11.540401265022206,-10.924707950956497,-4.148357516262491,-3.7239065406488616
fasttrack,bark,ʉ̟ː,axis,250.64034280723197,-11.298930927990906,-3.911704377134414,-11.542726341314172,-10.927285286694618,-4.146190838794773,-3.7206300365422695
fasttrack,bark,ʉ̟ː,axis,253.02739369111038,-11.300918714578495,-3.9093287741838703,-11.545201890753251,-10.93058348367461,-4.143843441644867,-3.7175269799867148
fasttrack,bark,ʉ̟ː,axis,255.41444457498878,-11.303305063774676,-3.9069927363817825,-11.548947404499229,-10.934592800528343,-4.141317766970642,-3.7146380860828265
fasttrack,bark,ʉ̟ː,axis,257.8014954588672,-11.306084515817687,-3.904695721739815,-11.553686087366055,-10.939303495887684,-4.1386162569299625,-3.7119634754737305
fasttrack,bark,ʉ̟ː,axis,260.18854634274555,-11.309251610945765,-3.9024371882696327,-11.556648436097483,-10.9447058283845,-4.1357413536806975,-3.7097033188254613
fasttrack,bark,ʉ̟ː,axis,262.575597226624,-11.312800889397149,-3.900216593982901,-11.55929765954149,-10.950790056650655,-4.132695499380715,-3.70776491920785
fasttrack,bark,ʉ̟ː,axis,264.96264811050236,-11.316726891410077,-3.8980333968912855,-11.562099937359232,-10.957546439318017,-4.129481136187881,-3.706677396475944
fasttrack,bark,ʉ̟ː,axis,267.3496989943808,-11.321024157222789,-3.89588705500645,-11.565053051371375,-10.963877679679797,-4.126100706260065,-3.7057622825676058
fasttrack,bark,ʉ̟ː,axis,269.73674987825916,-11.325687227073523,-3.8937770263400604,-11.568157850217869,-10.970160143094855,-4.122556651755132,-3.705017042058959
fasttrack,bark,ʉ̟ː,axis,272.1238007621376,-11.330710641200515,-3.891702768903781,-11.571669574542184,-10.976521096113222,-4.11885141483095,-3.704417099542183
fasttrack,bark,ʉ̟ː,axis,274.51085164601596,-11.336088939842007,-3.8896637407092776,-11.576585269688255,-10.983491858444697,-4.114987437645388,-3.703888363967216
fasttrack,bark,ʉ̟ː,axis,276.89790252989434,-11.341816663236235,-3.8876593997682143,-11.58161882984212,-10.991063048407538,-4.111202064152891,-3.703009125510769
fasttrack,bark,ʉ̟ː,axis,279.28495341377277,-11.34788835162144,-3.8856892040922566,-11.586718816238765,-10.999225284320003,-4.107349259754891,-3.702285601892499
fasttrack,bark,ʉ̟ː,axis,281.67200429765114,-11.354298545235858,-3.8837526116930694,-11.591884174493387,-11.007969184500354,-4.103369276400376,-3.701715321448308
fasttrack,bark,ʉ̟ː,axis,284.0590551815296,-11.361041784317731,-3.8818490805823176,-11.597113850221177,-11.017285367266853,-4.099305639720338,-3.7010990031223243
fasttrack,bark,ʉ̟ː,axis,286.44610606540795,-11.368112609105289,-3.8799780687716665,-11.60261603068298,-11.027620656562531,-4.095376317392525,-3.7005989674325916
fasttrack,bark,ʉ̟ː,axis,288.8331569492864,-11.375505559836782,-3.87813903427278,-11.609836418390737,-11.039755214199852,-4.091508956446148,-3.700266985160064
fasttrack,bark,ʉ̟ː,axis,291.22020783316475,-11.38321517675044,-3.876331435097325,-11.617539529697417,-11.052476539551698,-4.087505842380687,-3.7004421006411334
fasttrack,bark,ʉ̟ː,axis,293.6072587170432,-11.391236000084508,-3.8745547292569653,-11.624456530234408,-11.065774515933338,-4.083653990934589,-3.7010625965334163
fasttrack,bark,ʉ̟ː,axis,295.99430960092155,-11.399562570077219,-3.8728083747633657,-11.62861483398056,-11.079639026660036,-4.080192631194466,-3.701888132465494
fasttrack,bark,ʉ̟ː,axis,298.3813604848,-11.40818942696681,-3.8710918296281918,-11.63473296773389,-11.094059955047063,-4.0761237849784315,-3.7028264423040813
fasttrack,bark,ʉ̟ː,axis,300.76841136867836,-11.417111110991527,-3.8694045518631084,-11.641320120251406,-11.109027184409682,-4.0714085885526385,-3.703788415752604
fasttrack,bark,ʉ̟ː,axis,303.1554622525568,-11.426322162389603,-3.8677459994797796,-11.648019937014947,-11.123521292049421,-4.065300168462092,-3.7047414873454625
fasttrack,bark,ʉ̟ː,axis,305.54251313643516,-11.435817121399277,-3.866115630489872,-11.654449494134944,-11.137726669578797,-4.058078472537966,-3.7058054143143337
fasttrack,bark,ʉ̟ː,axis,307.92956402031353,-11.445590528258789,-3.86451290290505,-11.660313631458603,-11.15243478160005,-4.051041647647778,-3.7070043782776727
fasttrack,bark,ʉ̟ː,axis,310.31661490419197,-11.455636923206377,-3.8629372747369777,-11.666107792312523,-11.169484048409727,-4.045280003693298,-3.708235068220723
fasttrack,bark,ʉ̟ː,axis,312.70366578807034,-11.465950846480279,-3.8613882039973215,-11.671389601036166,-11.187838979137045,-4.040032891713555,-3.709257059576576
fasttrack,bark,ʉ̟ː,axis,315.09071667194877,-11.476526838318733,-3.859865148697745,-11.676951266692257,-11.21465687115031,-4.032570839973444,-3.7103994654812387
fasttrack,bark,ʉ̟ː,axis,317.47776755582714,-11.487359438959981,-3.858367566849914,-11.685128826104352,-11.239118291233481,-4.026224606329297,-3.711620898597043
fasttrack,bark,ʉ̟ː,axis,319.8648184397056,-11.498443188642256,-3.8568949164654938,-11.693973583484174,-11.260890967602817,-4.019749040498493,-3.713298121880975
fasttrack,bark,ʉ̟ː,axis,322.25186932358395,-11.509772627603802,-3.8554466555561486,-11.70293656104404,-11.278066302595931,-4.013167278295687,-3.7155648074447396
fasttrack,bark,ʉ̟ː,axis,324.6389202074624,-11.521342296082851,-3.854022242133544,-11.713535894946297,-11.294779062493145,-4.006481679640263,-3.717616728412462
fasttrack,bark,ʉ̟ː,axis,327.02597109134075,-11.533146734317647,-3.852621134209345,-11.726707679333707,-11.311623102334844,-3.9979453847455586,-3.7197433217000753
fasttrack,bark,ʉ̟ː,axis,329.4130219752192,-11.545180482546426,-3.8512427897952155,-11.739367430950537,-11.32583112036681,-3.9885912513975907,-3.719446283728786
fasttrack,bark,ʉ̟ː,axis,331.80007285909755,-11.55743808100743,-3.849886666902822,-11.751651052844098,-11.343869675098402,-3.9825284552912907,-3.721216856526919
fasttrack,bark,ʉ̟ː,axis,334.187123742976,-11.56991406993889,-3.8485522235438285,-11.761259652582504,-11.358390666870063,-3.9755718732746046,-3.7242068205834347
fasttrack,bark,ʉ̟ː,axis,336.57417462685436,-11.582602989579053,-3.8472389177299,-11.77436207825774,-11.372329133746879,-3.96597150304409,-3.7286042467453813
fasttrack,bark,ʉ̟ː,axis,338.96122551073273,-11.595499380166151,-3.845946207472702,-11.784426558764313,-11.386806481209215,-3.9608183703014324,-3.733676940920279
fasttrack,bark,ʉ̟ː,axis,341.34827639461116,-11.608597781938428,-3.8446735507838996,-11.795260242946545,-11.405754937477214,-3.9551910903995147,-3.7373595721298467
fasttrack,bark,ʉ̟ː,axis,343.73532727848954,-11.621892735134118,-3.8434204056751575,-11.80439313299592,-11.42340342055078,-3.9491728880441013,-3.7414560258013734
fasttrack,bark,ʉ̟ː,axis,346.12237816236797,-11.63537877999146,-3.8421862301581404,-11.816149440427107,-11.438722948117631,-3.9441063048882183,-3.7423558907362713
fasttrack,bark,ʉ̟ː,axis,348.50942904624634,-11.649050456748695,-3.840970482244514,-11.828860989881221,-11.45130661583634,-3.9397447180797434,-3.744524380584258
fasttrack,bark,ʉ̟ː,axis,350.89647993012477,-11.66290230564406,-3.8397726199459425,-11.837992611279349,-11.468326925687082,-3.9341531995800927,-3.7451715696797327
fasttrack,bark,ʉ̟ː,axis,353.28353081400314,-11.676928866915791,-3.838592101274091,-11.852164779212368,-11.486101536636133,-3.9292103926251465,-3.745426456918535
fasttrack,bark,ʉ̟ː,axis,355.6705816978816,-11.691124680802133,-3.8374283842406256,-11.862649233972618,-11.505893752439409,-3.9234251913604727,-3.7485666313483965
fasttrack,bark,ʉ̟ː,axis,358.05763258175995,-11.705484287541317,-3.83628092685721,-11.877505973276602,-11.522668113508127,-3.9171092837292067,-3.7491025520287704
fasttrack,bark,ʉ̟ː,axis,360.4446834656384,-11.720002227371584,-3.8351491871355092,-11.901492789156299,-11.539578169668378,-3.9129865282000726,-3.748195800501031
fasttrack,bark,ʉ̟ː,axis,362.83173434951675,-11.734673040531176,-3.8340326230871886,-11.922345579117117,-11.556279272013944,-3.9104990073248653,-3.748068287475776
fasttrack,bark,ʉ̟ː,axis,365.2187852333952,-11.749491267258332,-3.8329306927239135,-11.941793118664947,-11.572423070867734,-3.9091129957537576,-3.7470763882148286
fasttrack,bark,ʉ̟ː,axis,367.60583611727355,-11.764451447791282,-3.8318428540573493,-11.961412110800973,-11.587132577449438,-3.907273251668387,-3.745872387703378
fasttrack,bark,ʉ̟ː,axis,369.9928870011519,-11.779548122368272,-3.8307685650991594,-11.981497371476891,-11.603732428050517,-3.9020239481943175,-3.7452441678464568
fasttrack,bark,ʉ̟ː,axis,372.37993788503036,-11.79477583122754,-3.8297072838610102,-12.001393873471146,-11.618084832014175,-3.8995144118376124,-3.7419851594315268
fasttrack,bark,ʉ̟ː,axis,374.76698876890873,-11.81012911460732,-3.8286584683545657,-12.021631578144536,-11.638318615142817,-3.897583523456828,-3.7360673546783367
fasttrack,bark,ʉ̟ː,axis,377.15403965278716,-11.825602512745856,-3.8276215765914916,-12.042014376643031,-11.652911189263166,-3.9001987809088945,-3.730980191261186
fasttrack,bark,ʉ̟ː,axis,379.54109053666554,-11.841190565881384,-3.826596066583453,-12.058631447585269,-11.666271519470786,-3.9009268353681987,-3.7264782226358353
fasttrack,bark,ʉ̟ː,axis,381.92814142054397,-11.85688781425214,-3.825581396342114,-12.083188874419863,-11.679025895941853,-3.9007648179476293,-3.720349295108092
fasttrack,bark,ʉ̟ː,axis,384.31519230442234,-11.872688798096366,-3.8245770238791406,-12.103967383350462,-11.69956016645629,-3.900236964903359,-3.713594698900426
fasttrack,bark,ʉ̟ː,axis,386.70224318830077,-11.8885880576523,-3.823582407206197,-12.128812739585198,-11.711930654092992,-3.9004186964097447,-3.7042254663638214
fasttrack,bark,ʉ̟ː,axis,389.08929407217914,-11.904580133158175,-3.8225970043349484,-12.153844933205534,-11.723183331887585,-3.902155917395154,-3.694577956259118
fasttrack,bark,ʉ̟ː,axis,391.4763449560576,-11.920659564852238,-3.8216202732770603,-12.17900274751266,-11.735768404124387,-3.907037621493847,-3.684890513818391
fasttrack,bark,ʉ̟ː,axis,393.86339583993595,-11.936820892972724,-3.820651672044197,-12.204418831608315,-11.744614271264952,-3.911935587846065,-3.675165634812642
fasttrack,bark,ʉ̟ː,axis,396.2504467238144,-11.95305865775787,-3.819690658648024,-12.233468994777292,-11.751828962377813,-3.915826745630954,-3.665405815012872
fasttrack,bark,ʉ̟ː,axis,398.63749760769275,-11.969367399445918,-3.818736691100206,-12.263895055518937,-11.762333196826503,-3.919441198922074,-3.6556135501900835
fasttrack,bark,ʉ̟ː,axis,401.0245484915711,-11.9857416582751,-3.8177892274124083,-12.292497573838427,-11.773538549343325,-3.925041208376361,-3.6491438291804212
fasttrack,bark,ʉ̟ː,axis,403.41159937544955,-12.002175974483663,-3.8168477255962956,-12.314549872940049,-11.784454690917713,-3.9321093260435407,-3.64270462745874
fasttrack,bark,ʉ̟ː,axis,405.7986502593279,-12.01866488830984,-3.815911643663533,-12.334055306471594,-11.795241125955203,-3.9382092500984607,-3.631928498188264
fasttrack,bark,ʉ̟ː,axis,408.18570114320636,-12.035202939991871,-3.814980439625786,-12.35361015635307,-11.803953552465694,-3.9423664962271747,-3.6211263105541556
fasttrack,bark,ʉ̟ː,axis,410.57275202708473,-12.051784669767997,-3.8140535714947186,-12.373208931878933,-11.81102722562297,-3.94700377274156,-3.6112750210536757
fasttrack,bark,ʉ̟ː,axis,412.95980291096316,-12.068404617876448,-3.8131304972819957,-12.394479710088097,-11.819192143074456,-3.950637764587242,-3.602901194725254
fasttrack,bark,ʉ̟ː,axis,415.34685379484154,-12.085057324555466,-3.812210674999283,-12.416621844714836,-11.826744411167992,-3.9552814805515975,-3.5955319778891273
fasttrack,bark,ʉ̟ː,axis,417.73390467871997,-12.1017373300433,-3.8112935626582463,-12.442262628892633,-11.837609525674244,-3.96085758658732,-3.5880261247885947
fasttrack,bark,ʉ̟ː,axis,420.12095556259834,-12.118439174578171,-3.810378618270549,-12.471274906977598,-11.848444117147588,-3.9664455684844513,-3.578852345617855
fasttrack,bark,ʉ̟ː,axis,422.50800644647677,-12.135157398398329,-3.8094652998478558,-12.503430083344263,-11.85800629895086,-3.9721072401285613,-3.5661886690035476
fasttrack,bark,ʉ̟ː,axis,424.89505733035514,-12.151886541742016,-3.808553065401834,-12.535607274515579,-11.866495266482419,-3.9780583929530624,-3.5531535457395127
fasttrack,bark,ʉ̟ː,axis,427.2821082142336,-12.16862114484746,-3.807641372944147,-12.567795473089214,-11.874986856111041,-3.984475401511893,-3.540361406896453
fasttrack,bark,øː,axis,0.0,-10.66175378399149,-4.911683315525857,-11.185688107100694,-10.269019640674502,-5.309237897991266,-4.334151338851734
fasttrack,bark,øː,axis,2.3870508838783997,-10.67958537977696,-4.915215548953051,-11.185848336446833,-10.298578683184264,-5.299580355056774,-4.358899599754966
fasttrack,bark,øː,axis,4.774101767756799,-10.697393161197425,-4.918747209003059,-11.183522529816091,-10.330467467321938,-5.289959951311089,-4.383630422188329
fasttrack,bark,øː,axis,7.161152651635199,-10.715153313887875,-4.922277722298694,-11.178742373223653,-10.362049014293767,-5.280150522832662,-4.408326367681951
fasttrack,bark,øː,axis,9.548203535513599,-10.732842023483304,-4.92580651546277,-11.174722076550058,-10.392109170961792,-5.2721925000099095,-4.432969997765964
fasttrack,bark,øː,axis,11.935254419391999,-10.750435475618707,-4.929333015118101,-11.1750344805415,-10.419462084185719,-5.264577784235672,-4.457543873970496
fasttrack,bark,øː,axis,14.322305303270397,-10.767909855929078,-4.9328566478875,-11.175296016794157,-10.4500711668564,-5.258272617588569,-4.482030557825678
fasttrack,bark,øː,axis,16.7093561871488,-10.785241350049406,-4.936376840393781,-11.175568252443215,-10.480169150421641,-5.250725357893939,-4.505244675288352
fasttrack,bark,øː,axis,19.096407071027198,-10.802406143614686,-4.939893019259759,-11.17211548477597,-10.50760160277801,-5.243831731675304,-4.528331171907833
fasttrack,bark,øː,axis,21.483457954905596,-10.819380422259915,-4.943404611108245,-11.168091245673706,-10.534854737713221,-5.239333903170768,-4.550697400676267
fasttrack,bark,øː,axis,23.870508838783998,-10.83614037162008,-4.946911042562054,-11.166789511680072,-10.566634406395215,-5.233486284855852,-4.571111393883209
fasttrack,bark,øː,axis,26.257559722662396,-10.85266217733018,-4.950411740244002,-11.17088356330438,-10.594599688708772,-5.228430354133673,-4.593592029644759
fasttrack,bark,øː,axis,28.644610606540795,-10.868922025025203,-4.953906130776899,-11.17710387729001,-10.622841267116634,-5.222219074465314,-4.6175892540934935
fasttrack,bark,øː,axis,31.031661490419197,-10.884896100340146,-4.957393640783559,-11.181999749536887,-10.648590517642223,-5.2140403044787,-4.64088669275019
fasttrack,bark,øː,axis,33.4187123742976,-10.900560588910002,-4.960873696886798,-11.186150856602493,-10.673939385911215,-5.207006720538713,-4.66330967409088
fasttrack,bark,øː,axis,35.80576325817599,-10.915891676369762,-4.964345725709428,-11.185249626595965,-10.698745111559639,-5.199080342541609,-4.682146637364603
fasttrack,bark,øː,axis,38.192814142054395,-10.93086554835442,-4.967809153874264,-11.185221311333732,-10.717860160323426,-5.194803847573126,-4.698446579794881
fasttrack,bark,øː,axis,40.5798650259328,-10.945458390498972,-4.971263408004118,-11.189688290049412,-10.74151041301861,-5.193237849111198,-4.718325129534338
fasttrack,bark,øː,axis,42.96691590981119,-10.959646388438408,-4.974707914721805,-11.19721703566432,-10.76413043719934,-5.187482916266152,-4.738831961739061
fasttrack,bark,øː,axis,45.353966793689594,-10.973405727807721,-4.978142100650139,-11.197524711945606,-10.78596198499695,-5.1789147230736745,-4.753196837784383
fasttrack,bark,øː,axis,47.741017677567996,-10.986712594241908,-4.981565392411931,-11.200084427949449,-10.804878887256065,-5.1743343705141305,-4.76786237691332
fasttrack,bark,øː,axis,50.12806856144639,-10.999543173375958,-4.984977216629999,-11.201608218241917,-10.81846642182014,-5.170275022343545,-4.78706581173857
fasttrack,bark,øː,axis,52.51511944532479,-11.011873650844866,-4.988376999927152,-11.21431685361195,-10.831200835010021,-5.168703200145615,-4.8025784939149885
fasttrack,bark,øː,axis,54.902170329203194,-11.023680212283624,-4.991764168926207,-11.235162914365093,-10.841091470575094,-5.163112691799766,-4.812594837831107
fasttrack,bark,øː,axis,57.28922121308159,-11.03493904332723,-4.995138150249978,-11.242679711098367,-10.850955317026903,-5.157862962209162,-4.823225337519762
fasttrack,bark,øː,axis,59.67627209695999,-11.04562632961067,-4.998498370521275,-11.244061337565258,-10.862508655196335,-5.153544716809314,-4.830244209653944
fasttrack,bark,øː,axis,62.06332298083839,-11.055718256768941,-5.001844256362914,-11.248351313269307,-10.869640656697067,-5.152920796136703,-4.835900629914679
fasttrack,bark,øː,axis,64.4503738647168,-11.06519101043704,-5.0051752343977105,-11.25440821905997,-10.877698981793348,-5.154685715458428,-4.844903320935214
fasttrack,bark,øː,axis,66.8374247485952,-11.074020776249952,-5.008490731248475,-11.26087036454981,-10.882592695135264,-5.158321131390357,-4.851072168616618
fasttrack,bark,øː,axis,69.22447563247358,-11.082183739842677,-5.011790173538023,-11.269341537885444,-10.88607207033842,-5.160334838447942,-4.858083778071065
fasttrack,bark,øː,axis,71.61152651635199,-11.089656086850205,-5.015072987889168,-11.276801949815168,-10.89127319855287,-5.161314822260914,-4.857694071533937
fasttrack,bark,øː,axis,73.99857740023039,-11.096414002907531,-5.018338600924722,-11.282403231085315,-10.894375639543366,-5.1658439041761035,-4.859692034217104
fasttrack,bark,øː,axis,76.38562828410879,-11.102433673649646,-5.021586439267502,-11.291782615593652,-10.900248613755654,-5.172685828689375,-4.8660956255655945
fasttrack,bark,øː,axis,78.77267916798719,-11.107691284711544,-5.024815929540319,-11.302924684351574,-10.902893496950805,-5.179233025646756,-4.867553913328715
fasttrack,bark,øː,axis,81.1597300518656,-11.112163021728222,-5.028026498365986,-11.30487165866952,-10.904717161344845,-5.18075491046963,-4.866713374430976
fasttrack,bark,øː,axis,83.546780935744,-11.115825070334667,-5.03121757236732,-11.31065196158552,-10.905203945808521,-5.185447967622165,-4.866775198414273
fasttrack,bark,øː,axis,85.93383181962238,-11.118653616165876,-5.034388578167132,-11.316751918105602,-10.904053257746032,-5.18986549501674,-4.868629515974521
fasttrack,bark,øː,axis,88.32088270350079,-11.120625986074916,-5.037538930427665,-11.319866783844649,-10.905363091181576,-5.196083253981137,-4.869705596995079
fasttrack,bark,øː,axis,90.70793358737919,-11.121743518095231,-5.040667792161252,-11.3241708285414,-10.906541489540935,-5.198546966327988,-4.874211612387262
fasttrack,bark,øː,axis,93.09498447125759,-11.122030380817723,-5.043774087103869,-11.32731214541178,-10.908445952328861,-5.203134670602645,-4.878538100342997
fasttrack,bark,øː,axis,95.48203535513599,-11.121511647738602,-5.0468567295076046,-11.329322639338587,-10.908017102525214,-5.206276279891984,-4.881049326818881
fasttrack,bark,øː,axis,97.8690862390144,-11.120212392354075,-5.049914633624547,-11.330234215204609,-10.90629793637001,-5.209380660175822,-4.883566636784858
fasttrack,bark,øː,axis,100.25613712289278,-11.118157688160354,-5.052946713706784,-11.331345909567483,-10.904116166375632,-5.214050516220735,-4.887720332161369
fasttrack,bark,øː,axis,102.64318800677118,-11.115372608653644,-5.055951884006404,-11.33247003075307,-10.902679103963779,-5.219586693476917,-4.892867656217703
fasttrack,bark,øː,axis,105.03023889064958,-11.111882227330154,-5.058929058775498,-11.331449750769865,-10.900581802488725,-5.225823659386114,-4.898065506809121
fasttrack,bark,øː,axis,107.41728977452799,-11.107711617686093,-5.061877152266152,-11.32509295568535,-10.89748400290961,-5.229995006394041,-4.902783354626553
fasttrack,bark,øː,axis,109.80434065840639,-11.102885853217671,-5.064795078730454,-11.316494813966957,-10.894327377481506,-5.233902064276556,-4.907650978507348
fasttrack,bark,øː,axis,112.19139154228479,-11.097430007421094,-5.067681752420495,-11.310922962187668,-10.890303228759091,-5.237164033162037,-4.912275650790395
fasttrack,bark,øː,axis,114.57844242616318,-11.091369153792574,-5.07053608758836,-11.306746072064627,-10.887452117689223,-5.242594638037868,-4.916167602208407
fasttrack,bark,øː,axis,116.96549331004158,-11.084728365828315,-5.07335699848614,-11.30417673243184,-10.883232209433551,-5.245666063581231,-4.920527623894138
fasttrack,bark,øː,axis,119.35254419391998,-11.07753271702453,-5.0761433993659235,-11.297025279661648,-10.87587174313161,-5.248055397947869,-4.921779720525523
fasttrack,bark,øː,axis,121.73959507779838,-11.069807280877425,-5.0788942044797984,-11.289022832594457,-10.865982962466093,-5.251048759634039,-4.9258143512474595
fasttrack,bark,øː,axis,124.12664596167679,-11.06157713088321,-5.081608328079852,-11.277809441565081,-10.857893127153751,-5.254644024538544,-4.931023485651057
fasttrack,bark,øː,axis,126.51369684555519,-11.052867340538093,-5.084284684418175,-11.269271122642127,-10.847140257863593,-5.2578752877312915,-4.93598274356467
fasttrack,bark,øː,axis,128.9007477294336,-11.043702983338282,-5.086922187746853,-11.262970433603034,-10.836208222984514,-5.26030390293557,-4.9394456420870245
fasttrack,bark,øː,axis,131.287798613312,-11.034109132779985,-5.089519752317978,-11.255743573943802,-10.825140352237653,-5.2615460747215534,-4.942086013438137
fasttrack,bark,øː,axis,133.6748494971904,-11.02411086235941,-5.092076292383635,-11.245801138118475,-10.814170983875304,-5.262855017910815,-4.944856991671192
fasttrack,bark,øː,axis,136.0619003810688,-11.013733245572771,-5.094590722195915,-11.230666371913602,-10.803625246511647,-5.264062677454936,-4.947725046889081
fasttrack,bark,øː,axis,138.44895126494717,-11.003001355916272,-5.097061956006905,-11.213284003895335,-10.794074269952285,-5.265724815373887,-4.950635510089251
fasttrack,bark,øː,axis,140.83600214882557,-10.99194026688612,-5.099488908068693,-11.197141124627253,-10.783404525022533,-5.2677640704704425,-4.953656255287871
fasttrack,bark,øː,axis,143.22305303270397,-10.980575051978528,-5.101870492633369,-11.186221746710034,-10.768361383276504,-5.26950679313189,-4.957247731648073
fasttrack,bark,øː,axis,145.61010391658237,-10.968930784689698,-5.104205623953021,-11.175496820031878,-10.757887113772243,-5.271025053682799,-4.962356704372381
fasttrack,bark,øː,axis,147.99715480046078,-10.957032538515849,-5.106493216279737,-11.161499935858957,-10.744537984399958,-5.271915848294407,-4.965989832081069
fasttrack,bark,øː,axis,150.38420568433918,-10.94490538695318,-5.108732183865605,-11.150778275011229,-10.735707396963777,-5.269778277773146,-4.968361435811126
fasttrack,bark,øː,axis,152.77125656821758,-10.9325744034979,-5.110921440962715,-11.139219881440894,-10.723378494568456,-5.268193479314229,-4.9715056628419125
fasttrack,bark,øː,axis,155.15830745209598,-10.920064661646226,-5.113059901823154,-11.127750089631098,-10.70401553070142,-5.268236645827407,-4.9743673730707165
fasttrack,bark,øː,axis,157.54535833597438,-10.907401234894358,-5.115146480699012,-11.113593913091854,-10.690271651854731,-5.268027906098201,-4.97729022894132
fasttrack,bark,øː,axis,159.9324092198528,-10.894609196738509,-5.117180091842376,-11.104595548613586,-10.677547605074324,-5.266783456347561,-4.980658812510368
fasttrack,bark,øː,axis,162.3194601037312,-10.881713620674885,-5.119159649505334,-11.095180561234475,-10.663139678098226,-5.2633346834174715,-4.985066498197142
fasttrack,bark,øː,axis,164.7065109876096,-10.868739580199698,-5.121084067939975,-11.085374888673217,-10.643821512722349,-5.262469987969678,-4.990741178464379
fasttrack,bark,øː,axis,167.093561871488,-10.855712148809152,-5.12295226139839,-11.075539495681548,-10.630300106977675,-5.260922233120772,-4.99590780137234
fasttrack,bark,øː,axis,169.48061275536637,-10.84265639999946,-5.124763144132664,-11.065665005799254,-10.616690036397815,-5.260571327673201,-5.000710055715669
fasttrack,bark,øː,axis,171.86766363924477,-10.829597407266826,-5.126515630394887,-11.05574369081144,-10.600382048841842,-5.259381637381145,-5.005242395545582
fasttrack,bark,øː,axis,174.25471452312317,-10.816560244107462,-5.128208634437146,-11.045796463254854,-10.584044745121902,-5.259887733579045,-5.009009617445008
fasttrack,bark,øː,axis,176.64176540700157,-10.803569984017576,-5.129841070511532,-11.03328343817084,-10.565486598222824,-5.257505047213355,-5.013553751885888
fasttrack,bark,øː,axis,179.02881629087997,-10.790651700493378,-5.131411852870132,-11.027736319065282,-10.545500681060714,-5.255111333804079,-5.017021178944448
fasttrack,bark,øː,axis,181.41586717475838,-10.777830467031071,-5.132919895765033,-11.01553727329753,-10.527806579105896,-5.252829465123059,-5.019469010742335
fasttrack,bark,øː,axis,183.80291805863678,-10.765131357126869,-5.134364113448327,-11.003744135647034,-10.507163782506401,-5.250036997269669,-5.02102441801307
fasttrack,bark,øː,axis,186.18996894251518,-10.752579444276979,-5.135743420172099,-10.99497243683,-10.489559992613776,-5.250090123590044,-5.02173888527617
fasttrack,bark,øː,axis,188.57701982639358,-10.740199801977608,-5.13705673018844,-10.984065921432864,-10.471110349069992,-5.250820729919875,-5.020818853824086
fasttrack,bark,øː,axis,190.96407071027198,-10.728017503724967,-5.138302957749437,-10.973505287180295,-10.450595863752216,-5.251660845409002,-5.0209245664356414
fasttrack,bark,øː,axis,193.35112159415038,-10.716057623015264,-5.139481017107177,-10.970188783160406,-10.428387745937828,-5.25480868149704,-5.02104704450311
fasttrack,bark,øː,axis,195.7381724780288,-10.704345233344707,-5.140589822513752,-10.963309055967999,-10.410226165190561,-5.256172011001692,-5.021170940069908
fasttrack,bark,øː,axis,198.1252233619072,-10.692905408209505,-5.141628288221248,-10.955413159937915,-10.392533244271718,-5.258654123174031,-5.02336776504099
fasttrack,bark,øː,axis,200.51227424578556,-10.681763221105864,-5.142595328481754,-10.951272971898662,-10.372620927068988,-5.260071574377018,-5.027658167768639
fasttrack,bark,øː,axis,202.89932512966396,-10.670943745529996,-5.143489857547359,-10.948443565264682,-10.351477397300641,-5.258985680487216,-5.025962418719367
fasttrack,bark,øː,axis,205.28637601354237,-10.66047205497811,-5.1443107896701505,-10.942543069394864,-10.330461490551137,-5.260420085436837,-5.025803810415544
fasttrack,bark,øː,axis,207.67342689742077,-10.65037322294641,-5.145057039102218,-10.939159520287708,-10.314182140594657,-5.260562738438951,-5.024597518020573
fasttrack,bark,øː,axis,210.06047778129917,-10.64067232293111,-5.14572752009565,-10.939759551955165,-10.298036123925712,-5.262129968417853,-5.024519852865504
fasttrack,bark,øː,axis,212.44752866517757,-10.631394428428415,-5.146321146902533,-10.939204519325747,-10.27986091602191,-5.262849709655572,-5.0250782116313335
fasttrack,bark,øː,axis,214.83457954905597,-10.622564612934532,-5.146836833774957,-10.936701305946524,-10.262444892880875,-5.264697320739039,-5.023807946536307
fasttrack,bark,øː,axis,217.22163043293438,-10.614207949945676,-5.147273494965011,-10.931116790442017,-10.245830723946476,-5.266497120343336,-5.021790585186467
fasttrack,bark,øː,axis,219.60868131681278,-10.606349512958051,-5.1476300447247825,-10.925586100089946,-10.230330065931078,-5.266589289208013,-5.020367841886693
fasttrack,bark,øː,axis,221.99573220069118,-10.599014375467863,-5.14790539730636,-10.923706746283353,-10.21656309660467,-5.268042959293501,-5.019893448651299
fasttrack,bark,øː,axis,224.38278308456958,-10.592227610971328,-5.148098466961833,-10.92124585205767,-10.203691084266119,-5.270418354255982,-5.019447208956958
fasttrack,bark,øː,axis,226.76983396844798,-10.586014292964649,-5.148208167943287,-10.91796279814126,-10.19175489019367,-5.273907556512461,-5.017072243480037
fasttrack,bark,øː,axis,229.15688485232636,-10.580399494944034,-5.148233414502814,-10.914940915383488,-10.180795375665564,-5.277863267405566,-5.013833868259184
fasttrack,bark,øː,axis,231.54393573620476,-10.575408290405697,-5.1481731208925,-10.91219462745251,-10.167834249344988,-5.281089163103639,-5.010937925684911
fasttrack,bark,øː,axis,233.93098662008316,-10.57106575284584,-5.148026201364435,-10.90974000663808,-10.15537831660541,-5.283967071667975,-5.00915471645213
fasttrack,bark,øː,axis,236.31803750396156,-10.567396880746667,-5.147791575042517,-10.907644736579904,-10.146928837792633,-5.286484321743482,-5.006858200351737
fasttrack,bark,øː,axis,238.70508838783996,-10.56441633243211,-5.1474688325957265,-10.905869050764084,-10.14000088847745,-5.287885142429067,-5.003249054681035
fasttrack,bark,øː,axis,241.09213927171837,-10.562117965897134,-5.147058915577455,-10.904410307868282,-10.133439830163079,-5.288606568583435,-5.000503253314736
fasttrack,bark,øː,axis,243.47919015559677,-10.560493145929335,-5.14656292746329,-10.903264495956805,-10.12810616280361,-5.288530877418634,-4.998173563622359
fasttrack,bark,øː,axis,245.86624103947517,-10.55953323731632,-5.145981971728821,-10.902427603093956,-10.124875402180239,-5.2873919528378615,-4.997937652091208
fasttrack,bark,øː,axis,248.25329192335357,-10.559229604845683,-5.1453171518496355,-10.90247157990458,-10.122682257817962,-5.286516981694993,-4.997114675612223
fasttrack,bark,øː,axis,250.64034280723197,-10.559573613305027,-5.144569571301322,-10.90526113638076,-10.121513076871235,-5.286138112529882,-4.993525940518858
fasttrack,bark,øː,axis,253.02739369111038,-10.560556627481951,-5.143740333559471,-10.908411247016915,-10.12135420649452,-5.285540082609175,-4.989805810702804
fasttrack,bark,øː,axis,255.41444457498878,-10.562170012164056,-5.1428305420996665,-10.911997414729077,-10.122191993842275,-5.284725853564705,-4.987031258834217
fasttrack,bark,øː,axis,257.8014954588672,-10.564405132138942,-5.141841300397501,-10.915864081952204,-10.12391338906244,-5.283698387028304,-4.984381467520228
fasttrack,bark,øː,axis,260.18854634274555,-10.56725335219421,-5.14077371192856,-10.920007352859754,-10.12657561547589,-5.282510629508395,-4.982373905110549
fasttrack,bark,øː,axis,262.575597226624,-10.570706037117462,-5.139628880168434,-10.924423331625189,-10.130193025423667,-5.281634692133686,-4.9812593247435695
fasttrack,bark,øː,axis,264.96264811050236,-10.574754551696293,-5.13840790859271,-10.929033916220643,-10.134751973426711,-5.280740375895705,-4.97943219562042
fasttrack,bark,øː,axis,267.3496989943808,-10.57939026071831,-5.137111900676977,-10.931499316371571,-10.141403366016887,-5.279614669509143,-4.9777102011003125
fasttrack,bark,øː,axis,269.73674987825916,-10.584604528971106,-5.135741959896825,-10.934894387722197,-10.14904860978018,-5.278170321374301,-4.976331364799997
fasttrack,bark,øː,axis,272.1238007621376,-10.590388721242284,-5.134299189727838,-10.938767788309274,-10.157665603353687,-5.2758118419659725,-4.975716224892818
fasttrack,bark,øː,axis,274.51085164601596,-10.59673420231945,-5.1327846936456085,-10.942941640167682,-10.163471524598954,-5.272551907600391,-4.97470531828675
fasttrack,bark,øː,axis,276.89790252989434,-10.603632336990195,-5.131199575125723,-10.94744998406571,-10.169250734783628,-5.269734081652438,-4.972312254601275
fasttrack,bark,øː,axis,279.28495341377277,-10.611074490042125,-5.12954493764377,-10.952219245330433,-10.176378027105208,-5.267373358214773,-4.970779439561627
fasttrack,bark,øː,axis,281.67200429765114,-10.619052026262839,-5.127821884675338,-10.957245282416345,-10.187326652038777,-5.2648757022302775,-4.969919315357439
fasttrack,bark,øː,axis,284.0590551815296,-10.627556310439939,-5.126031519696015,-10.962523953777946,-10.199162877814624,-5.262782147504491,-4.9699301534701465
fasttrack,bark,øː,axis,286.44610606540795,-10.63657870736102,-5.124174946181391,-10.968120744160753,-10.211872153599264,-5.260308685854623,-4.969679842405987
fasttrack,bark,øː,axis,288.8331569492864,-10.646110581813687,-5.122253267607053,-10.973273783139158,-10.225439928559222,-5.257588279321964,-4.9695634839498615
fasttrack,bark,øː,axis,291.22020783316475,-10.65614329858554,-5.1202675874485895,-10.981251948379297,-10.239851651861017,-5.254633734773691,-4.969490356429197
fasttrack,bark,øː,axis,293.6072587170432,-10.666668222464178,-5.118219009181588,-10.98911837319573,-10.255092772671171,-5.251449089072141,-4.9672937940491355
fasttrack,bark,øː,axis,295.99430960092155,-10.677676718237201,-5.116108636281638,-10.996570986935811,-10.271148740156198,-5.248038379079654,-4.96373126425698
fasttrack,bark,øː,axis,298.3813604848,-10.68916015069221,-5.113937572224328,-11.004207316343873,-10.288005003482626,-5.244405641658563,-4.962718904713842
fasttrack,bark,øː,axis,300.76841136867836,-10.701109884616804,-5.111706920485247,-11.01202402113504,-10.305023515372282,-5.240554913671212,-4.961489602588169
fasttrack,bark,øː,axis,303.1554622525568,-10.713517284798584,-5.109417784539981,-11.020017761024443,-10.32291458378946,-5.2364902319799365,-4.9602351903615975
fasttrack,bark,øː,axis,305.54251313643516,-10.72637371602515,-5.107071267864121,-11.026757601535062,-10.341594479594926,-5.232226461573062,-4.959020158679129
fasttrack,bark,øː,axis,307.92956402031353,-10.739670543084108,-5.104668473933253,-11.032203660837387,-10.360983146130236,-5.22775862788547,-4.958922957237369
fasttrack,bark,øː,axis,310.31661490419197,-10.753399130763048,-5.102210506222967,-11.040542371496741,-10.381066685930097,-5.223085461526538,-4.957500065258641
fasttrack,bark,øː,axis,312.70366578807034,-10.767550843849579,-5.09969846820885,-11.04878651138322,-10.401831201529223,-5.218756836013365,-4.955708967185891
fasttrack,bark,øː,axis,315.09071667194877,-10.782117047131294,-5.097133463366492,-11.059538483945746,-10.423262795462316,-5.214282026703094,-4.953888026982221
fasttrack,bark,øː,axis,317.47776755582714,-10.797089105395793,-5.0945165951714815,-11.073919782788316,-10.445347570264088,-5.209661174686506,-4.9520516224643885
fasttrack,bark,øː,axis,319.8648184397056,-10.812458383430688,-5.091848967099406,-11.087698383945487,-10.468438585754953,-5.205755923510144,-4.949706421839528
fasttrack,bark,øː,axis,322.25186932358395,-10.828216246023569,-5.089131682625852,-11.103433771896956,-10.492150326804381,-5.202136132750915,-4.9483643427386
fasttrack,bark,øː,axis,324.6389202074624,-10.844354057962036,-5.08636584522641,-11.115903573506436,-10.518398059323024,-5.198399993808168,-4.942489834625538
fasttrack,bark,øː,axis,327.02597109134075,-10.860863184033695,-5.08355255837667,-11.122972603836796,-10.545808864318968,-5.194874921176168,-4.935371527132228
fasttrack,bark,øː,axis,329.4130219752192,-10.87773498902614,-5.080692925552217,-11.135880200406701,-10.5738264942269,-5.191581455545209,-4.930412253985537
fasttrack,bark,øː,axis,331.80007285909755,-10.894960837726979,-5.077788050228642,-11.14970176102897,-10.59224485258561,-5.186657882011765,-4.9269229626122755
fasttrack,bark,øː,axis,334.187123742976,-10.912532094923801,-5.0748390358815305,-11.16390496956953,-10.618576979539158,-5.182384677117976,-4.925825759282078
fasttrack,bark,øː,axis,336.57417462685436,-10.930440125404218,-5.0718469859864745,-11.179633098621427,-10.64914582652678,-5.179842895036306,-4.923391108755216
fasttrack,bark,øː,axis,338.96122551073273,-10.948676293955822,-5.068813004019059,-11.194976366296197,-10.67083545898775,-5.177385674565514,-4.918757811581788
fasttrack,bark,øː,axis,341.34827639461116,-10.967231965366219,-5.065738193454875,-11.209802441633945,-10.68559491347356,-5.172456424398798,-4.914710523020122
fasttrack,bark,øː,axis,343.73532727848954,-10.986098504423005,-5.0626236577695085,-11.22598148406751,-10.70318505969958,-5.170039875727485,-4.912122091573149
fasttrack,bark,øː,axis,346.12237816236797,-11.005267275913782,-5.059470500438549,-11.242623748508016,-10.720050920423413,-5.167513817644087,-4.906702389272499
fasttrack,bark,øː,axis,348.50942904624634,-11.02472964462615,-5.056279824937586,-11.259333571666948,-10.74197499094064,-5.165072534115159,-4.899508909723062
fasttrack,bark,øː,axis,350.89647993012477,-11.044476975347713,-5.053052734742206,-11.27658856656218,-10.764853870384476,-5.1628586073067515,-4.888634924206953
fasttrack,bark,øː,axis,353.28353081400314,-11.064500632866062,-5.049790333327998,-11.295131114624875,-10.791727118650952,-5.160702859896755,-4.878989814894488
fasttrack,bark,øː,axis,355.6705816978816,-11.08479198196881,-5.046493724170552,-11.31078663222283,-10.813344976847988,-5.1564705176742205,-4.873880704970841
fasttrack,bark,øː,axis,358.05763258175995,-11.105342387443544,-5.043164010745453,-11.326305567013952,-10.834471955177834,-5.153872981061837,-4.871427217550107
fasttrack,bark,øː,axis,360.4446834656384,-11.126143214077869,-5.0398022965282925,-11.343677989772875,-10.856322849844894,-5.151012363102831,-4.869436573186479
fasttrack,bark,øː,axis,362.83173434951675,-11.147185826659392,-5.036409684994657,-11.367796044277272,-10.87692063984152,-5.147699263867919,-4.86368301095796
fasttrack,bark,øː,axis,365.2187852333952,-11.168461589975708,-5.032987279620136,-11.390124534717456,-10.902515293851984,-5.147977242347048,-4.857807566697954
fasttrack,bark,øː,axis,367.60583611727355,-11.189961868814413,-5.029536183880317,-11.409616174543638,-10.927433592647535,-5.147006366261084,-4.84961826026882
fasttrack,bark,øː,axis,369.9928870011519,-11.211678027963114,-5.026057501250789,-11.424357108202216,-10.940518224112505,-5.148617062142682,-4.8386544369732905
fasttrack,bark,øː,axis,372.37993788503036,-11.233601432209412,-5.022552335207141,-11.450198550601673,-10.95375954301585,-5.149480607324818,-4.827564077732959
fasttrack,bark,øː,axis,374.76698876890873,-11.2557234463409,-5.01902178922496,-11.47103988571858,-10.970110910282473,-5.150013247040784,-4.816290517935655
fasttrack,bark,øː,axis,377.15403965278716,-11.278035435145181,-5.015466966779834,-11.489614775965372,-10.9916535991075,-5.149531194909155,-4.805981360932751
fasttrack,bark,øː,axis,379.54109053666554,-11.30052876340986,-5.011888971347353,-11.510777054615778,-11.005584848806715,-5.148697799694136,-4.797438880781651
fasttrack,bark,øː,axis,381.92814142054397,-11.323194795922532,-5.008288906403104,-11.537405730118197,-11.018880550140807,-5.147555779747035,-4.788858520945217
fasttrack,bark,øː,axis,384.31519230442234,-11.346024897470802,-5.004667875422676,-11.565806099096347,-11.033800039350787,-5.147397451214608,-4.781069230063762
fasttrack,bark,øː,axis,386.70224318830077,-11.369010432842263,-5.001026981881658,-11.595094068441941,-11.048072024563586,-5.146232718980646,-4.773880481398311
fasttrack,bark,øː,axis,389.08929407217914,-11.39214276682452,-4.997367329255637,-11.624558995412562,-11.062445632648858,-5.147689869123284,-4.764613089325738
fasttrack,bark,øː,axis,391.4763449560576,-11.415413264205174,-4.993690021020202,-11.656489187759915,-11.076857143689764,-5.150318897932074,-4.75433281760959
fasttrack,bark,øː,axis,393.86339583993595,-11.438813289771824,-4.989996160650943,-11.686905926777955,-11.092865070319442,-5.151794939359792,-4.746190686263913
fasttrack,bark,øː,axis,396.2504467238144,-11.46233420831207,-4.986286851623445,-11.714759663458262,-11.110820010555349,-5.153762842736951,-4.738767046718983
fasttrack,bark,øː,axis,398.63749760769275,-11.485967384613513,-4.9825631974133,-11.745202682824425,-11.126492766672875,-5.157675743970206,-4.731327022665248
fasttrack,bark,øː,axis,401.0245484915711,-11.50970418346375,-4.978826301496094,-11.776748528596912,-11.144726752409689,-5.159672875750755,-4.72387187444954
fasttrack,bark,øː,axis,403.41159937544955,-11.53353596965039,-4.975077267347414,-11.808416224683947,-11.163185141086474,-5.163783993280492,-4.716402862418689
fasttrack,bark,øː,axis,405.7986502593279,-11.557454107961025,-4.971317198442852,-11.840581519211282,-11.177185281491598,-5.16881211760508,-4.707335252866347
fasttrack,bark,øː,axis,408.18570114320636,-11.581449963183257,-4.967547198257995,-11.871709049335017,-11.187897375054277,-5.170934355738183,-4.698117105575031
fasttrack,bark,øː,axis,410.57275202708473,-11.60551490010469,-4.96376837026843,-11.907108920768895,-11.197689662336774,-5.172848941985162,-4.687895308368219
fasttrack,bark,øː,axis,412.95980291096316,-11.62964028351292,-4.959981817949747,-11.94523588581676,-11.2134695367572,-5.174768571424836,-4.675295425607252
fasttrack,bark,øː,axis,415.34685379484154,-11.653817478195542,-4.956188644777534,-11.983459509127517,-11.230475124508573,-5.176692523601104,-4.662541970357131
fasttrack,bark,øː,axis,417.73390467871997,-11.678037848940171,-4.952389954227378,-12.022415287532995,-11.247516906695243,-5.178550031324186,-4.649766630550435
fasttrack,bark,øː,axis,420.12095556259834,-11.702292760534391,-4.94858684977487,-12.062338187862384,-11.264774389614782,-5.1801815584580275,-4.636974602307395
fasttrack,bark,øː,axis,422.50800644647677,-11.726573577765812,-4.944780434895596,-12.102333925817897,-11.282583042217261,-5.181814827946124,-4.624170057737093
fasttrack,bark,øː,axis,424.89505733035514,-11.75087166542204,-4.940971813065145,-12.142358617037281,-11.300407154722865,-5.183449259003727,-4.612514008097797
fasttrack,bark,øː,axis,427.2821082142336,-11.775178388290662,-4.9371620877591065,-12.182397784888586,-11.31816055604771,-5.1850842708460805,-4.601711429121015
